ISO-10303-21;
HEADER;
/* Generated by software containing ST-Developer
 * from STEP Tools, Inc. (www.steptools.com) 
 */
/* OPTION: using custom schema-name function */

FILE_DESCRIPTION(
/* description */ (''),
/* implementation_level */ '2;1');

FILE_NAME(
/* name */ '\X2\6321677F7BB14F53\X0\.stp',
/* time_stamp */ '2026-05-02T16:28:34+08:00',
/* author */ (''),
/* organization */ (''),
/* preprocessor_version */ 'ST-DEVELOPER v16.7',
/* originating_system */ 'SIEMENS PLM Software NX 12.0',
/* authorisation */ '');

FILE_SCHEMA (('AUTOMOTIVE_DESIGN { 1 0 10303 214 3 1 1 1 }'));
ENDSEC;

DATA;
#10=SHAPE_REPRESENTATION_RELATIONSHIP('None',
'relationship between \X2\4F53\X0\2-None and \X2\4F53\X0\2-None',#22,#11);
#11=ADVANCED_BREP_SHAPE_REPRESENTATION('\X2\4F53\X0\2-None',(#103,#104,
#105,#106,#107,#108,#109,#110),#10133);
#12=SHAPE_DEFINITION_REPRESENTATION(#13,#22);
#13=PRODUCT_DEFINITION_SHAPE('','',#14);
#14=PRODUCT_DEFINITION(' ','',#16,#15);
#15=PRODUCT_DEFINITION_CONTEXT('part definition',#21,'design');
#16=PRODUCT_DEFINITION_FORMATION_WITH_SPECIFIED_SOURCE(' ',' ',#18,
 .NOT_KNOWN.);
#17=PRODUCT_RELATED_PRODUCT_CATEGORY('part','',(#18));
#18=PRODUCT('\X2\4F53\X0\2','\X2\4F53\X0\2',' ',(#19));
#19=PRODUCT_CONTEXT(' ',#21,'mechanical');
#20=APPLICATION_PROTOCOL_DEFINITION('international standard',
'automotive_design',2010,#21);
#21=APPLICATION_CONTEXT(
'core data for automotive mechanical design processes');
#22=SHAPE_REPRESENTATION('\X2\4F53\X0\2-None',(#5909),#10133);
#23=B_SPLINE_CURVE_WITH_KNOTS('',3,(#9916,#9917,#9918,#9919,#9920,#9921,
#9922,#9923,#9924,#9925),.UNSPECIFIED.,.F.,.F.,(4,3,3,4),(0.,0.39227306856954,
0.77724324597194,1.),.UNSPECIFIED.);
#24=B_SPLINE_CURVE_WITH_KNOTS('',3,(#9929,#9930,#9931,#9932,#9933,#9934,
#9935,#9936,#9937,#9938,#9939,#9940,#9941,#9942,#9943,#9944),
 .UNSPECIFIED.,.F.,.F.,(4,3,3,3,3,4),(0.,0.22765198159688,0.440408078711313,
0.661332972007148,0.870436084315916,1.),.UNSPECIFIED.);
#25=B_SPLINE_CURVE_WITH_KNOTS('',3,(#9948,#9949,#9950,#9951,#9952,#9953,
#9954,#9955,#9956,#9957,#9958,#9959,#9960,#9961,#9962,#9963,#9964,#9965,
#9966),.UNSPECIFIED.,.F.,.F.,(4,3,3,3,3,3,4),(0.,0.200756192411517,0.37907178233573,
0.579143499418148,0.752474107934624,0.943931781425436,1.),.UNSPECIFIED.);
#26=B_SPLINE_CURVE_WITH_KNOTS('',3,(#9973,#9974,#9975,#9976,#9977,#9978,
#9979,#9980,#9981,#9982,#9983,#9984,#9985,#9986,#9987,#9988),
 .UNSPECIFIED.,.F.,.F.,(4,3,3,3,3,4),(0.,0.227651981596872,0.440408078711295,
0.661332972007133,0.870436084315889,1.),.UNSPECIFIED.);
#27=B_SPLINE_CURVE_WITH_KNOTS('',3,(#9989,#9990,#9991,#9992,#9993,#9994,
#9995,#9996,#9997,#9998,#9999,#10000,#10001,#10002,#10003,#10004,#10005,
#10006,#10007,#10008,#10009,#10010),.UNSPECIFIED.,.F.,.F.,(4,3,3,3,3,3,
3,4),(0.,0.13607209918002,0.307004716420937,0.448548305710249,0.591975809515991,
0.749660083459234,0.912085026541932,1.),.UNSPECIFIED.);
#28=B_SPLINE_CURVE_WITH_KNOTS('',3,(#10026,#10027,#10028,#10029,#10030,
#10031,#10032,#10033,#10034,#10035,#10036,#10037,#10038),.UNSPECIFIED.,
 .F.,.F.,(4,3,3,3,4),(0.,0.323679798120671,0.63419161466313,0.92866848757108,
1.),.UNSPECIFIED.);
#29=CONICAL_SURFACE('',#6287,3.,45.);
#30=CONICAL_SURFACE('',#6290,3.,45.0000000000001);
#31=CONICAL_SURFACE('',#6292,12.,45.0000000000001);
#32=CONICAL_SURFACE('',#6294,12.5,45.);
#33=CONICAL_SURFACE('',#6295,3.5,45.);
#34=CONICAL_SURFACE('',#6298,3.5,44.9999999999999);
#35=CONICAL_SURFACE('',#6299,12.5,44.9999999999999);
#36=CONICAL_SURFACE('',#6307,9.00000000000001,45.);
#37=CONICAL_SURFACE('',#6440,1.5,45.0000000000001);
#38=CONICAL_SURFACE('',#6441,1.5,45.0000000000001);
#39=CONICAL_SURFACE('',#6445,1.5,45.0000000000001);
#40=CONICAL_SURFACE('',#6446,1.5,45.0000000000001);
#41=CONICAL_SURFACE('',#6450,1.5,45.0000000000001);
#42=CONICAL_SURFACE('',#6451,1.5,45.0000000000001);
#43=CONICAL_SURFACE('',#6455,1.5,45.0000000000001);
#44=CONICAL_SURFACE('',#6456,1.5,45.0000000000001);
#45=PRESENTATION_LAYER_ASSIGNMENT('1','Layer 1',(#103,#104,#105,#106,#107,
#108,#109,#110));
#46=STYLED_ITEM('',(#54),#103);
#47=STYLED_ITEM('',(#55),#104);
#48=STYLED_ITEM('',(#56),#105);
#49=STYLED_ITEM('',(#57),#106);
#50=STYLED_ITEM('',(#58),#107);
#51=STYLED_ITEM('',(#59),#108);
#52=STYLED_ITEM('',(#60),#109);
#53=STYLED_ITEM('',(#61),#110);
#54=PRESENTATION_STYLE_ASSIGNMENT((#62));
#55=PRESENTATION_STYLE_ASSIGNMENT((#63));
#56=PRESENTATION_STYLE_ASSIGNMENT((#64));
#57=PRESENTATION_STYLE_ASSIGNMENT((#65));
#58=PRESENTATION_STYLE_ASSIGNMENT((#66));
#59=PRESENTATION_STYLE_ASSIGNMENT((#67));
#60=PRESENTATION_STYLE_ASSIGNMENT((#68));
#61=PRESENTATION_STYLE_ASSIGNMENT((#69));
#62=SURFACE_STYLE_USAGE(.BOTH.,#70);
#63=SURFACE_STYLE_USAGE(.BOTH.,#71);
#64=SURFACE_STYLE_USAGE(.BOTH.,#72);
#65=SURFACE_STYLE_USAGE(.BOTH.,#73);
#66=SURFACE_STYLE_USAGE(.BOTH.,#74);
#67=SURFACE_STYLE_USAGE(.BOTH.,#75);
#68=SURFACE_STYLE_USAGE(.BOTH.,#76);
#69=SURFACE_STYLE_USAGE(.BOTH.,#77);
#70=SURFACE_SIDE_STYLE('',(#78));
#71=SURFACE_SIDE_STYLE('',(#79));
#72=SURFACE_SIDE_STYLE('',(#80));
#73=SURFACE_SIDE_STYLE('',(#81));
#74=SURFACE_SIDE_STYLE('',(#82));
#75=SURFACE_SIDE_STYLE('',(#83));
#76=SURFACE_SIDE_STYLE('',(#84));
#77=SURFACE_SIDE_STYLE('',(#85));
#78=SURFACE_STYLE_FILL_AREA(#86);
#79=SURFACE_STYLE_FILL_AREA(#87);
#80=SURFACE_STYLE_FILL_AREA(#88);
#81=SURFACE_STYLE_FILL_AREA(#89);
#82=SURFACE_STYLE_FILL_AREA(#90);
#83=SURFACE_STYLE_FILL_AREA(#91);
#84=SURFACE_STYLE_FILL_AREA(#92);
#85=SURFACE_STYLE_FILL_AREA(#93);
#86=FILL_AREA_STYLE('',(#94));
#87=FILL_AREA_STYLE('',(#95));
#88=FILL_AREA_STYLE('',(#96));
#89=FILL_AREA_STYLE('',(#97));
#90=FILL_AREA_STYLE('',(#98));
#91=FILL_AREA_STYLE('',(#99));
#92=FILL_AREA_STYLE('',(#100));
#93=FILL_AREA_STYLE('',(#101));
#94=FILL_AREA_STYLE_COLOUR('',#102);
#95=FILL_AREA_STYLE_COLOUR('',#102);
#96=FILL_AREA_STYLE_COLOUR('',#102);
#97=FILL_AREA_STYLE_COLOUR('',#102);
#98=FILL_AREA_STYLE_COLOUR('',#102);
#99=FILL_AREA_STYLE_COLOUR('',#102);
#100=FILL_AREA_STYLE_COLOUR('',#102);
#101=FILL_AREA_STYLE_COLOUR('',#102);
#102=COLOUR_RGB('\X2\6A598272\X0\',1.,0.6,0.);
#103=MANIFOLD_SOLID_BREP('',#111);
#104=MANIFOLD_SOLID_BREP('',#112);
#105=MANIFOLD_SOLID_BREP('',#113);
#106=MANIFOLD_SOLID_BREP('',#114);
#107=MANIFOLD_SOLID_BREP('',#115);
#108=MANIFOLD_SOLID_BREP('',#116);
#109=MANIFOLD_SOLID_BREP('',#117);
#110=MANIFOLD_SOLID_BREP('',#118);
#111=CLOSED_SHELL('',(#640,#641,#642,#643,#644,#645,#646,#647,#648,#649,
#650,#651,#652,#653,#654,#655,#656,#657,#658,#659,#660,#661,#662,#663,#664,
#665,#666,#667,#668,#669,#670,#671,#672,#673,#674,#675,#676,#677,#678,#679,
#680,#681,#682,#683,#684,#685,#686,#687,#688,#689,#690,#691,#692,#693,#694,
#695,#696,#697,#698,#699,#700,#701,#702,#703,#704,#705,#706,#707,#708,#709,
#710,#711,#712,#713,#714,#715,#716,#717,#718,#719,#720,#721,#722,#723,#724,
#725,#726,#727,#728,#729,#730,#731,#732,#733,#734,#735,#736,#737,#738,#739,
#740,#741,#742,#743,#744,#745,#746,#747,#748,#749,#750,#751,#752,#753,#754,
#755,#756,#757,#758,#759,#760,#761,#762,#763,#764,#765,#766,#767,#768,#769,
#770,#771,#772,#773,#774,#775,#776,#777,#778,#779,#780,#781,#782,#783,#784,
#785,#786,#787,#788,#789,#790,#791,#792));
#112=CLOSED_SHELL('',(#793,#794,#795,#796,#797,#798,#799,#800,#801,#802,
#803,#804,#805,#806,#807,#808,#809,#810,#811,#812,#813,#814,#815,#816,#817,
#818,#819,#820,#821));
#113=CLOSED_SHELL('',(#822,#823,#824,#825));
#114=CLOSED_SHELL('',(#826,#827,#828,#829,#830,#831,#832,#833,#834,#835,
#836,#837,#838,#839,#840,#841,#842,#843,#844,#845,#846,#847));
#115=CLOSED_SHELL('',(#848,#849,#850,#851,#852,#853,#854,#855,#856,#857,
#858,#859,#860,#861,#862,#863,#864,#865,#866,#867,#868,#869));
#116=CLOSED_SHELL('',(#870,#871,#872,#873,#874,#875,#876,#877,#878,#879,
#880,#881,#882,#883,#884,#885,#886,#887,#888,#889,#890,#891));
#117=CLOSED_SHELL('',(#892,#893,#894,#895,#896,#897,#898,#899,#900,#901,
#902,#903,#904,#905,#906,#907,#908,#909,#910,#911,#912,#913,#914,#915,#916,
#917,#918,#919,#920,#921,#922,#923,#924,#925,#926,#927));
#118=CLOSED_SHELL('',(#928,#929,#930,#931,#932,#933,#934,#935,#936,#937,
#938,#939,#940,#941,#942,#943,#944,#945,#946,#947,#948,#949,#950,#951,#952,
#953,#954,#955,#956,#957,#958,#959,#960,#961,#962,#963,#964,#965,#966,#967,
#968,#969,#970,#971,#972,#973));
#119=SPHERICAL_SURFACE('',#6244,1.);
#120=SPHERICAL_SURFACE('',#6466,1.);
#121=SPHERICAL_SURFACE('',#6472,1.);
#122=SPHERICAL_SURFACE('',#6474,1.);
#123=SPHERICAL_SURFACE('',#6482,1.);
#124=SPHERICAL_SURFACE('',#6545,1.);
#125=SPHERICAL_SURFACE('',#6555,1.);
#126=SPHERICAL_SURFACE('',#6557,1.);
#127=SPHERICAL_SURFACE('',#6563,1.);
#128=TOROIDAL_SURFACE('',#6223,2.,1.);
#129=TOROIDAL_SURFACE('',#6229,2.,1.);
#130=TOROIDAL_SURFACE('',#6567,3.,1.);
#131=TOROIDAL_SURFACE('',#6573,3.,1.);
#132=TOROIDAL_SURFACE('',#6575,3.,1.);
#133=TOROIDAL_SURFACE('',#6580,3.,1.);
#134=CYLINDRICAL_SURFACE('',#5918,4.);
#135=CYLINDRICAL_SURFACE('',#5924,5.);
#136=CYLINDRICAL_SURFACE('',#5950,5.);
#137=CYLINDRICAL_SURFACE('',#6002,1.25);
#138=CYLINDRICAL_SURFACE('',#6003,1.25);
#139=CYLINDRICAL_SURFACE('',#6004,1.25);
#140=CYLINDRICAL_SURFACE('',#6005,1.25);
#141=CYLINDRICAL_SURFACE('',#6006,1.25);
#142=CYLINDRICAL_SURFACE('',#6007,1.25);
#143=CYLINDRICAL_SURFACE('',#6008,1.25);
#144=CYLINDRICAL_SURFACE('',#6009,1.25);
#145=CYLINDRICAL_SURFACE('',#6010,1.25);
#146=CYLINDRICAL_SURFACE('',#6011,1.25);
#147=CYLINDRICAL_SURFACE('',#6012,1.25);
#148=CYLINDRICAL_SURFACE('',#6013,1.25);
#149=CYLINDRICAL_SURFACE('',#6014,1.25);
#150=CYLINDRICAL_SURFACE('',#6015,1.25);
#151=CYLINDRICAL_SURFACE('',#6044,1.5);
#152=CYLINDRICAL_SURFACE('',#6047,1.5);
#153=CYLINDRICAL_SURFACE('',#6050,1.5);
#154=CYLINDRICAL_SURFACE('',#6053,1.5);
#155=CYLINDRICAL_SURFACE('',#6056,1.5);
#156=CYLINDRICAL_SURFACE('',#6059,1.5);
#157=CYLINDRICAL_SURFACE('',#6062,1.5);
#158=CYLINDRICAL_SURFACE('',#6065,1.5);
#159=CYLINDRICAL_SURFACE('',#6122,1.5);
#160=CYLINDRICAL_SURFACE('',#6125,1.5);
#161=CYLINDRICAL_SURFACE('',#6128,1.5);
#162=CYLINDRICAL_SURFACE('',#6131,1.5);
#163=CYLINDRICAL_SURFACE('',#6134,1.5);
#164=CYLINDRICAL_SURFACE('',#6137,1.5);
#165=CYLINDRICAL_SURFACE('',#6140,1.5);
#166=CYLINDRICAL_SURFACE('',#6143,1.5);
#167=CYLINDRICAL_SURFACE('',#6206,1.);
#168=CYLINDRICAL_SURFACE('',#6207,1.);
#169=CYLINDRICAL_SURFACE('',#6208,1.);
#170=CYLINDRICAL_SURFACE('',#6209,1.);
#171=CYLINDRICAL_SURFACE('',#6210,1.);
#172=CYLINDRICAL_SURFACE('',#6211,1.);
#173=CYLINDRICAL_SURFACE('',#6212,1.);
#174=CYLINDRICAL_SURFACE('',#6213,1.);
#175=CYLINDRICAL_SURFACE('',#6214,1.);
#176=CYLINDRICAL_SURFACE('',#6215,1.);
#177=CYLINDRICAL_SURFACE('',#6216,1.);
#178=CYLINDRICAL_SURFACE('',#6217,1.);
#179=CYLINDRICAL_SURFACE('',#6219,1.);
#180=CYLINDRICAL_SURFACE('',#6221,1.);
#181=CYLINDRICAL_SURFACE('',#6225,1.);
#182=CYLINDRICAL_SURFACE('',#6227,1.);
#183=CYLINDRICAL_SURFACE('',#6230,1.);
#184=CYLINDRICAL_SURFACE('',#6231,1.);
#185=CYLINDRICAL_SURFACE('',#6232,1.);
#186=CYLINDRICAL_SURFACE('',#6233,1.);
#187=CYLINDRICAL_SURFACE('',#6234,1.);
#188=CYLINDRICAL_SURFACE('',#6235,1.);
#189=CYLINDRICAL_SURFACE('',#6236,1.);
#190=CYLINDRICAL_SURFACE('',#6237,1.);
#191=CYLINDRICAL_SURFACE('',#6238,1.);
#192=CYLINDRICAL_SURFACE('',#6240,1.);
#193=CYLINDRICAL_SURFACE('',#6242,1.);
#194=CYLINDRICAL_SURFACE('',#6245,1.);
#195=CYLINDRICAL_SURFACE('',#6258,3.5);
#196=CYLINDRICAL_SURFACE('',#6267,12.5);
#197=CYLINDRICAL_SURFACE('',#6271,5.);
#198=CYLINDRICAL_SURFACE('',#6273,1.25);
#199=CYLINDRICAL_SURFACE('',#6276,3.5);
#200=CYLINDRICAL_SURFACE('',#6278,1.25);
#201=CYLINDRICAL_SURFACE('',#6303,9.50000000000001);
#202=CYLINDRICAL_SURFACE('',#6313,3.8);
#203=CYLINDRICAL_SURFACE('',#6336,3.8);
#204=CYLINDRICAL_SURFACE('',#6348,0.3);
#205=CYLINDRICAL_SURFACE('',#6350,0.3);
#206=CYLINDRICAL_SURFACE('',#6352,0.3);
#207=CYLINDRICAL_SURFACE('',#6354,0.3);
#208=CYLINDRICAL_SURFACE('',#6356,0.3);
#209=CYLINDRICAL_SURFACE('',#6357,0.3);
#210=CYLINDRICAL_SURFACE('',#6360,0.2);
#211=CYLINDRICAL_SURFACE('',#6362,0.2);
#212=CYLINDRICAL_SURFACE('',#6364,0.2);
#213=CYLINDRICAL_SURFACE('',#6366,0.2);
#214=CYLINDRICAL_SURFACE('',#6368,0.2);
#215=CYLINDRICAL_SURFACE('',#6369,0.2);
#216=CYLINDRICAL_SURFACE('',#6372,3.8);
#217=CYLINDRICAL_SURFACE('',#6383,4.7);
#218=CYLINDRICAL_SURFACE('',#6388,3.5);
#219=CYLINDRICAL_SURFACE('',#6392,2.61);
#220=CYLINDRICAL_SURFACE('',#6396,0.2);
#221=CYLINDRICAL_SURFACE('',#6398,0.2);
#222=CYLINDRICAL_SURFACE('',#6400,0.2);
#223=CYLINDRICAL_SURFACE('',#6402,0.2);
#224=CYLINDRICAL_SURFACE('',#6404,0.2);
#225=CYLINDRICAL_SURFACE('',#6405,0.2);
#226=CYLINDRICAL_SURFACE('',#6413,5.);
#227=CYLINDRICAL_SURFACE('',#6416,1.25);
#228=CYLINDRICAL_SURFACE('',#6419,1.25);
#229=CYLINDRICAL_SURFACE('',#6422,1.25);
#230=CYLINDRICAL_SURFACE('',#6426,1.25);
#231=CYLINDRICAL_SURFACE('',#6439,1.25);
#232=CYLINDRICAL_SURFACE('',#6444,1.25);
#233=CYLINDRICAL_SURFACE('',#6449,1.25);
#234=CYLINDRICAL_SURFACE('',#6454,1.25);
#235=CYLINDRICAL_SURFACE('',#6458,1.);
#236=CYLINDRICAL_SURFACE('',#6461,1.);
#237=CYLINDRICAL_SURFACE('',#6463,1.);
#238=CYLINDRICAL_SURFACE('',#6468,1.);
#239=CYLINDRICAL_SURFACE('',#6470,1.);
#240=CYLINDRICAL_SURFACE('',#6476,1.);
#241=CYLINDRICAL_SURFACE('',#6478,1.);
#242=CYLINDRICAL_SURFACE('',#6480,1.);
#243=CYLINDRICAL_SURFACE('',#6483,1.);
#244=CYLINDRICAL_SURFACE('',#6495,2.);
#245=CYLINDRICAL_SURFACE('',#6499,1.5);
#246=CYLINDRICAL_SURFACE('',#6502,3.75);
#247=CYLINDRICAL_SURFACE('',#6507,1.5);
#248=CYLINDRICAL_SURFACE('',#6510,1.5);
#249=CYLINDRICAL_SURFACE('',#6513,1.5);
#250=CYLINDRICAL_SURFACE('',#6517,1.5);
#251=CYLINDRICAL_SURFACE('',#6529,2.);
#252=CYLINDRICAL_SURFACE('',#6532,2.);
#253=CYLINDRICAL_SURFACE('',#6536,2.);
#254=CYLINDRICAL_SURFACE('',#6542,1.);
#255=CYLINDRICAL_SURFACE('',#6547,1.);
#256=CYLINDRICAL_SURFACE('',#6549,1.);
#257=CYLINDRICAL_SURFACE('',#6551,1.);
#258=CYLINDRICAL_SURFACE('',#6553,1.);
#259=CYLINDRICAL_SURFACE('',#6559,1.);
#260=CYLINDRICAL_SURFACE('',#6561,1.);
#261=CYLINDRICAL_SURFACE('',#6564,1.);
#262=CYLINDRICAL_SURFACE('',#6569,1.);
#263=CYLINDRICAL_SURFACE('',#6571,1.);
#264=CYLINDRICAL_SURFACE('',#6577,1.);
#265=CYLINDRICAL_SURFACE('',#6579,1.);
#266=CYLINDRICAL_SURFACE('',#6583,2.5);
#267=FACE_BOUND('',#1385,.T.);
#268=FACE_BOUND('',#1386,.T.);
#269=FACE_BOUND('',#1387,.T.);
#270=FACE_BOUND('',#1397,.T.);
#271=FACE_BOUND('',#1398,.T.);
#272=FACE_BOUND('',#1399,.T.);
#273=FACE_BOUND('',#1400,.T.);
#274=FACE_BOUND('',#1401,.T.);
#275=FACE_BOUND('',#1402,.T.);
#276=FACE_BOUND('',#1403,.T.);
#277=FACE_BOUND('',#1404,.T.);
#278=FACE_BOUND('',#1405,.T.);
#279=FACE_BOUND('',#1406,.T.);
#280=FACE_BOUND('',#1407,.T.);
#281=FACE_BOUND('',#1408,.T.);
#282=FACE_BOUND('',#1409,.T.);
#283=FACE_BOUND('',#1410,.T.);
#284=FACE_BOUND('',#1418,.T.);
#285=FACE_BOUND('',#1419,.T.);
#286=FACE_BOUND('',#1420,.T.);
#287=FACE_BOUND('',#1421,.T.);
#288=FACE_BOUND('',#1422,.T.);
#289=FACE_BOUND('',#1423,.T.);
#290=FACE_BOUND('',#1424,.T.);
#291=FACE_BOUND('',#1425,.T.);
#292=FACE_BOUND('',#1426,.T.);
#293=FACE_BOUND('',#1427,.T.);
#294=FACE_BOUND('',#1431,.T.);
#295=FACE_BOUND('',#1432,.T.);
#296=FACE_BOUND('',#1433,.T.);
#297=FACE_BOUND('',#1434,.T.);
#298=FACE_BOUND('',#1435,.T.);
#299=FACE_BOUND('',#1436,.T.);
#300=FACE_BOUND('',#1437,.T.);
#301=FACE_BOUND('',#1438,.T.);
#302=FACE_BOUND('',#1439,.T.);
#303=FACE_BOUND('',#1440,.T.);
#304=FACE_BOUND('',#1457,.T.);
#305=FACE_BOUND('',#1458,.T.);
#306=FACE_BOUND('',#1459,.T.);
#307=FACE_BOUND('',#1460,.T.);
#308=FACE_BOUND('',#1461,.T.);
#309=FACE_BOUND('',#1462,.T.);
#310=FACE_BOUND('',#1463,.T.);
#311=FACE_BOUND('',#1464,.T.);
#312=FACE_BOUND('',#1465,.T.);
#313=FACE_BOUND('',#1466,.T.);
#314=FACE_BOUND('',#1467,.T.);
#315=FACE_BOUND('',#1468,.T.);
#316=FACE_BOUND('',#1469,.T.);
#317=FACE_BOUND('',#1470,.T.);
#318=FACE_BOUND('',#1471,.T.);
#319=FACE_BOUND('',#1472,.T.);
#320=FACE_BOUND('',#1473,.T.);
#321=FACE_BOUND('',#1474,.T.);
#322=FACE_BOUND('',#1475,.T.);
#323=FACE_BOUND('',#1476,.T.);
#324=FACE_BOUND('',#1477,.T.);
#325=FACE_BOUND('',#1478,.T.);
#326=FACE_BOUND('',#1479,.T.);
#327=FACE_BOUND('',#1480,.T.);
#328=FACE_BOUND('',#1481,.T.);
#329=FACE_BOUND('',#1482,.T.);
#330=FACE_BOUND('',#1483,.T.);
#331=FACE_BOUND('',#1484,.T.);
#332=FACE_BOUND('',#1485,.T.);
#333=FACE_BOUND('',#1486,.T.);
#334=FACE_BOUND('',#1487,.T.);
#335=FACE_BOUND('',#1488,.T.);
#336=FACE_BOUND('',#1489,.T.);
#337=FACE_BOUND('',#1490,.T.);
#338=FACE_BOUND('',#1491,.T.);
#339=FACE_BOUND('',#1492,.T.);
#340=FACE_BOUND('',#1493,.T.);
#341=FACE_BOUND('',#1494,.T.);
#342=FACE_BOUND('',#1495,.T.);
#343=FACE_BOUND('',#1496,.T.);
#344=FACE_BOUND('',#1501,.T.);
#345=FACE_BOUND('',#1502,.T.);
#346=FACE_BOUND('',#1503,.T.);
#347=FACE_BOUND('',#1504,.T.);
#348=FACE_BOUND('',#1505,.T.);
#349=FACE_BOUND('',#1506,.T.);
#350=FACE_BOUND('',#1507,.T.);
#351=FACE_BOUND('',#1508,.T.);
#352=FACE_BOUND('',#1509,.T.);
#353=FACE_BOUND('',#1510,.T.);
#354=FACE_BOUND('',#1511,.T.);
#355=FACE_BOUND('',#1512,.T.);
#356=FACE_BOUND('',#1513,.T.);
#357=FACE_BOUND('',#1514,.T.);
#358=FACE_BOUND('',#1515,.T.);
#359=FACE_BOUND('',#1516,.T.);
#360=FACE_BOUND('',#1529,.T.);
#361=FACE_BOUND('',#1530,.T.);
#362=FACE_BOUND('',#1531,.T.);
#363=FACE_BOUND('',#1532,.T.);
#364=FACE_BOUND('',#1533,.T.);
#365=FACE_BOUND('',#1534,.T.);
#366=FACE_BOUND('',#1535,.T.);
#367=FACE_BOUND('',#1536,.T.);
#368=FACE_BOUND('',#1537,.T.);
#369=FACE_BOUND('',#1538,.T.);
#370=FACE_BOUND('',#1539,.T.);
#371=FACE_BOUND('',#1540,.T.);
#372=FACE_BOUND('',#1545,.T.);
#373=FACE_BOUND('',#1546,.T.);
#374=FACE_BOUND('',#1547,.T.);
#375=FACE_BOUND('',#1548,.T.);
#376=FACE_BOUND('',#1549,.T.);
#377=FACE_BOUND('',#1550,.T.);
#378=FACE_BOUND('',#1551,.T.);
#379=FACE_BOUND('',#1552,.T.);
#380=FACE_BOUND('',#1553,.T.);
#381=FACE_BOUND('',#1554,.T.);
#382=FACE_BOUND('',#1555,.T.);
#383=FACE_BOUND('',#1556,.T.);
#384=FACE_BOUND('',#1557,.T.);
#385=FACE_BOUND('',#1558,.T.);
#386=FACE_BOUND('',#1559,.T.);
#387=FACE_BOUND('',#1560,.T.);
#388=FACE_BOUND('',#1573,.T.);
#389=FACE_BOUND('',#1574,.T.);
#390=FACE_BOUND('',#1575,.T.);
#391=FACE_BOUND('',#1576,.T.);
#392=FACE_BOUND('',#1620,.T.);
#393=FACE_BOUND('',#1621,.T.);
#394=FACE_BOUND('',#1622,.T.);
#395=FACE_BOUND('',#1623,.T.);
#396=FACE_BOUND('',#1628,.T.);
#397=FACE_BOUND('',#1629,.T.);
#398=FACE_BOUND('',#1631,.T.);
#399=FACE_BOUND('',#1632,.T.);
#400=FACE_BOUND('',#1633,.T.);
#401=FACE_BOUND('',#1634,.T.);
#402=FACE_BOUND('',#1636,.T.);
#403=FACE_BOUND('',#1637,.T.);
#404=FACE_BOUND('',#1638,.T.);
#405=FACE_BOUND('',#1639,.T.);
#406=FACE_BOUND('',#1640,.T.);
#407=FACE_BOUND('',#1641,.T.);
#408=FACE_BOUND('',#1642,.T.);
#409=FACE_BOUND('',#1643,.T.);
#410=FACE_BOUND('',#1650,.T.);
#411=FACE_BOUND('',#1651,.T.);
#412=FACE_BOUND('',#1660,.T.);
#413=FACE_BOUND('',#1661,.T.);
#414=FACE_BOUND('',#1664,.T.);
#415=FACE_BOUND('',#1665,.T.);
#416=FACE_BOUND('',#1666,.T.);
#417=FACE_BOUND('',#1667,.T.);
#418=FACE_BOUND('',#1668,.T.);
#419=FACE_BOUND('',#1669,.T.);
#420=FACE_BOUND('',#1670,.T.);
#421=FACE_BOUND('',#1671,.T.);
#422=FACE_BOUND('',#1672,.T.);
#423=FACE_BOUND('',#1692,.T.);
#424=FACE_BOUND('',#1693,.T.);
#425=FACE_BOUND('',#1694,.T.);
#426=FACE_BOUND('',#1695,.T.);
#427=FACE_BOUND('',#1716,.T.);
#428=FACE_BOUND('',#1717,.T.);
#429=FACE_BOUND('',#1725,.T.);
#430=FACE_BOUND('',#1726,.T.);
#431=FACE_BOUND('',#1727,.T.);
#432=FACE_BOUND('',#1728,.T.);
#433=FACE_BOUND('',#1729,.T.);
#434=FACE_BOUND('',#1730,.T.);
#435=FACE_BOUND('',#1731,.T.);
#436=FACE_BOUND('',#1732,.T.);
#437=FACE_BOUND('',#1733,.T.);
#438=FACE_BOUND('',#1734,.T.);
#439=FACE_BOUND('',#1735,.T.);
#440=FACE_BOUND('',#1736,.T.);
#441=FACE_BOUND('',#1737,.T.);
#442=FACE_BOUND('',#1738,.T.);
#443=FACE_BOUND('',#1749,.T.);
#444=FACE_BOUND('',#1750,.T.);
#445=FACE_BOUND('',#1751,.T.);
#446=FACE_BOUND('',#1752,.T.);
#447=FACE_BOUND('',#1753,.T.);
#448=FACE_BOUND('',#1754,.T.);
#449=FACE_BOUND('',#1755,.T.);
#450=FACE_BOUND('',#1756,.T.);
#451=FACE_BOUND('',#1758,.T.);
#452=FACE_BOUND('',#1759,.T.);
#453=FACE_BOUND('',#1760,.T.);
#454=FACE_BOUND('',#1761,.T.);
#455=FACE_BOUND('',#1762,.T.);
#456=FACE_BOUND('',#1763,.T.);
#457=FACE_BOUND('',#1764,.T.);
#458=FACE_BOUND('',#1765,.T.);
#459=FACE_BOUND('',#1766,.T.);
#460=FACE_BOUND('',#1767,.T.);
#461=FACE_BOUND('',#1768,.T.);
#462=FACE_BOUND('',#1769,.T.);
#463=FACE_BOUND('',#1770,.T.);
#464=FACE_BOUND('',#1771,.T.);
#465=FACE_BOUND('',#1772,.T.);
#466=FACE_BOUND('',#1773,.T.);
#467=FACE_BOUND('',#1774,.T.);
#468=FACE_BOUND('',#1775,.T.);
#469=FACE_BOUND('',#1776,.T.);
#470=FACE_BOUND('',#1777,.T.);
#471=FACE_BOUND('',#1778,.T.);
#472=FACE_BOUND('',#1779,.T.);
#473=FACE_BOUND('',#1780,.T.);
#474=FACE_BOUND('',#1781,.T.);
#475=FACE_BOUND('',#1782,.T.);
#476=FACE_BOUND('',#1783,.T.);
#477=FACE_BOUND('',#1784,.T.);
#478=FACE_BOUND('',#1785,.T.);
#479=FACE_BOUND('',#1786,.T.);
#480=FACE_BOUND('',#1787,.T.);
#481=FACE_BOUND('',#1788,.T.);
#482=FACE_BOUND('',#1789,.T.);
#483=FACE_BOUND('',#1790,.T.);
#484=FACE_BOUND('',#1791,.T.);
#485=FACE_BOUND('',#1792,.T.);
#486=FACE_BOUND('',#1793,.T.);
#487=FACE_BOUND('',#1794,.T.);
#488=FACE_BOUND('',#1795,.T.);
#489=FACE_BOUND('',#1796,.T.);
#490=FACE_BOUND('',#1797,.T.);
#491=FACE_BOUND('',#1798,.T.);
#492=FACE_BOUND('',#1799,.T.);
#493=FACE_BOUND('',#1800,.T.);
#494=FACE_BOUND('',#1801,.T.);
#495=FACE_BOUND('',#1802,.T.);
#496=FACE_BOUND('',#1803,.T.);
#497=FACE_BOUND('',#1822,.T.);
#498=FACE_BOUND('',#1823,.T.);
#499=FACE_BOUND('',#1824,.T.);
#500=FACE_BOUND('',#1825,.T.);
#501=FACE_BOUND('',#1829,.T.);
#502=FACE_BOUND('',#1830,.T.);
#503=FACE_BOUND('',#1831,.T.);
#504=FACE_BOUND('',#1832,.T.);
#505=FACE_BOUND('',#1833,.T.);
#506=FACE_BOUND('',#1834,.T.);
#507=FACE_BOUND('',#1836,.T.);
#508=FACE_BOUND('',#1837,.T.);
#509=FACE_BOUND('',#1839,.T.);
#510=FACE_BOUND('',#1840,.T.);
#511=FACE_BOUND('',#1841,.T.);
#512=FACE_BOUND('',#1842,.T.);
#513=FACE_BOUND('',#1843,.T.);
#514=FACE_BOUND('',#1844,.T.);
#515=FACE_BOUND('',#1845,.T.);
#516=FACE_BOUND('',#1850,.T.);
#517=FACE_BOUND('',#1851,.T.);
#518=FACE_BOUND('',#1852,.T.);
#519=FACE_BOUND('',#1853,.T.);
#520=FACE_BOUND('',#1875,.T.);
#521=FACE_BOUND('',#1876,.T.);
#522=FACE_BOUND('',#1877,.T.);
#523=FACE_BOUND('',#1878,.T.);
#524=ELLIPSE('',#5912,1.73205080756888,1.);
#525=ELLIPSE('',#5951,1.73205080756887,1.);
#526=ELLIPSE('',#5976,1.4142135623731,1.);
#527=ELLIPSE('',#5977,2.,1.);
#528=ELLIPSE('',#5979,1.41421356237309,1.);
#529=ELLIPSE('',#5980,1.4142135623731,1.);
#530=ELLIPSE('',#5986,1.4142135623731,1.);
#531=ELLIPSE('',#5988,1.4142135623731,1.);
#532=ELLIPSE('',#5990,2.,1.);
#533=ELLIPSE('',#5991,1.41421356237309,1.);
#534=ELLIPSE('',#5995,1.4142135623731,1.);
#535=ELLIPSE('',#5996,1.41421356237309,1.);
#536=ELLIPSE('',#6042,2.12132034355965,1.5);
#537=ELLIPSE('',#6043,2.12132034355965,1.5);
#538=ELLIPSE('',#6045,2.12132034355965,1.5);
#539=ELLIPSE('',#6046,2.12132034355965,1.5);
#540=ELLIPSE('',#6048,2.12132034355965,1.5);
#541=ELLIPSE('',#6049,2.12132034355964,1.5);
#542=ELLIPSE('',#6051,2.12132034355965,1.5);
#543=ELLIPSE('',#6052,2.12132034355965,1.5);
#544=ELLIPSE('',#6054,2.12132034355964,1.5);
#545=ELLIPSE('',#6055,2.12132034355964,1.5);
#546=ELLIPSE('',#6057,2.12132034355964,1.5);
#547=ELLIPSE('',#6058,2.12132034355965,1.5);
#548=ELLIPSE('',#6060,2.12132034355964,1.5);
#549=ELLIPSE('',#6061,2.12132034355964,1.5);
#550=ELLIPSE('',#6063,2.12132034355964,1.5);
#551=ELLIPSE('',#6064,2.12132034355964,1.5);
#552=ELLIPSE('',#6066,1.4142135623731,1.);
#553=ELLIPSE('',#6067,1.4142135623731,1.);
#554=ELLIPSE('',#6069,1.4142135623731,1.);
#555=ELLIPSE('',#6070,1.4142135623731,1.);
#556=ELLIPSE('',#6072,1.4142135623731,1.);
#557=ELLIPSE('',#6073,1.4142135623731,1.);
#558=ELLIPSE('',#6075,1.4142135623731,1.);
#559=ELLIPSE('',#6076,1.4142135623731,1.);
#560=ELLIPSE('',#6078,1.4142135623731,1.);
#561=ELLIPSE('',#6080,1.4142135623731,1.);
#562=ELLIPSE('',#6082,1.4142135623731,1.);
#563=ELLIPSE('',#6084,1.4142135623731,1.);
#564=ELLIPSE('',#6086,1.4142135623731,1.);
#565=ELLIPSE('',#6088,1.4142135623731,1.);
#566=ELLIPSE('',#6090,1.4142135623731,1.);
#567=ELLIPSE('',#6092,1.4142135623731,1.);
#568=ELLIPSE('',#6120,2.12132034355964,1.5);
#569=ELLIPSE('',#6121,2.12132034355964,1.5);
#570=ELLIPSE('',#6123,2.12132034355964,1.5);
#571=ELLIPSE('',#6124,2.12132034355964,1.5);
#572=ELLIPSE('',#6126,2.12132034355965,1.5);
#573=ELLIPSE('',#6127,2.12132034355964,1.5);
#574=ELLIPSE('',#6129,2.12132034355964,1.5);
#575=ELLIPSE('',#6130,2.12132034355964,1.5);
#576=ELLIPSE('',#6132,2.12132034355965,1.5);
#577=ELLIPSE('',#6133,2.12132034355965,1.5);
#578=ELLIPSE('',#6135,2.12132034355964,1.5);
#579=ELLIPSE('',#6136,2.12132034355965,1.5);
#580=ELLIPSE('',#6138,2.12132034355965,1.5);
#581=ELLIPSE('',#6139,2.12132034355965,1.5);
#582=ELLIPSE('',#6141,2.12132034355965,1.5);
#583=ELLIPSE('',#6142,2.12132034355965,1.5);
#584=ELLIPSE('',#6144,1.4142135623731,1.);
#585=ELLIPSE('',#6145,1.4142135623731,1.);
#586=ELLIPSE('',#6147,1.4142135623731,1.);
#587=ELLIPSE('',#6148,1.4142135623731,1.);
#588=ELLIPSE('',#6150,1.4142135623731,1.);
#589=ELLIPSE('',#6151,1.4142135623731,1.);
#590=ELLIPSE('',#6153,1.4142135623731,1.);
#591=ELLIPSE('',#6154,1.4142135623731,1.);
#592=ELLIPSE('',#6156,1.4142135623731,1.);
#593=ELLIPSE('',#6158,1.4142135623731,1.);
#594=ELLIPSE('',#6160,1.4142135623731,1.);
#595=ELLIPSE('',#6162,1.4142135623731,1.);
#596=ELLIPSE('',#6164,1.4142135623731,1.);
#597=ELLIPSE('',#6166,1.4142135623731,1.);
#598=ELLIPSE('',#6168,1.4142135623731,1.);
#599=ELLIPSE('',#6170,1.4142135623731,1.);
#600=ELLIPSE('',#6182,1.41421356237309,1.);
#601=ELLIPSE('',#6183,1.41421356237309,1.);
#602=ELLIPSE('',#6185,1.4142135623731,1.);
#603=ELLIPSE('',#6186,1.4142135623731,1.);
#604=ELLIPSE('',#6188,1.41421356237309,1.);
#605=ELLIPSE('',#6189,1.41421356237309,1.);
#606=ELLIPSE('',#6191,1.41421356237309,1.);
#607=ELLIPSE('',#6192,1.41421356237309,1.);
#608=ELLIPSE('',#6194,1.41421356237308,1.);
#609=ELLIPSE('',#6195,1.41421356237308,1.);
#610=ELLIPSE('',#6197,1.4142135623731,1.);
#611=ELLIPSE('',#6198,1.4142135623731,1.);
#612=ELLIPSE('',#6200,1.41421356237309,1.);
#613=ELLIPSE('',#6201,1.41421356237309,1.);
#614=ELLIPSE('',#6203,1.4142135623731,1.);
#615=ELLIPSE('',#6204,1.4142135623731,1.);
#616=ELLIPSE('',#6262,17.6776695296638,12.5);
#617=ELLIPSE('',#6263,17.6776695296636,12.5);
#618=ELLIPSE('',#6265,17.6776695296637,12.5);
#619=ELLIPSE('',#6266,17.6776695296637,12.5);
#620=ELLIPSE('',#6346,0.346410161513776,0.3);
#621=ELLIPSE('',#6347,0.346410161513775,0.3);
#622=ELLIPSE('',#6349,0.346410161513775,0.3);
#623=ELLIPSE('',#6351,0.346410161513776,0.3);
#624=ELLIPSE('',#6353,0.346410161513775,0.3);
#625=ELLIPSE('',#6355,0.346410161513776,0.3);
#626=ELLIPSE('',#6358,0.23094010767585,0.2);
#627=ELLIPSE('',#6359,0.23094010767585,0.2);
#628=ELLIPSE('',#6361,0.23094010767585,0.2);
#629=ELLIPSE('',#6363,0.23094010767585,0.2);
#630=ELLIPSE('',#6365,0.230940107675851,0.2);
#631=ELLIPSE('',#6367,0.23094010767585,0.2);
#632=ELLIPSE('',#6394,0.23094010767585,0.2);
#633=ELLIPSE('',#6395,0.23094010767585,0.2);
#634=ELLIPSE('',#6397,0.23094010767585,0.2);
#635=ELLIPSE('',#6399,0.230940107675851,0.2);
#636=ELLIPSE('',#6401,0.23094010767585,0.2);
#637=ELLIPSE('',#6403,0.23094010767585,0.2);
#638=ELLIPSE('',#6475,1.4142135623731,1.);
#639=ELLIPSE('',#6479,1.41421356237309,1.);
#640=ADVANCED_FACE('',(#1144),#974,.F.);
#641=ADVANCED_FACE('',(#1145),#975,.T.);
#642=ADVANCED_FACE('',(#267,#268,#269),#134,.F.);
#643=ADVANCED_FACE('',(#1146),#976,.T.);
#644=ADVANCED_FACE('',(#1147),#977,.F.);
#645=ADVANCED_FACE('',(#1148),#135,.T.);
#646=ADVANCED_FACE('',(#1149),#978,.F.);
#647=ADVANCED_FACE('',(#1150),#979,.F.);
#648=ADVANCED_FACE('',(#1151),#980,.F.);
#649=ADVANCED_FACE('',(#1152),#981,.F.);
#650=ADVANCED_FACE('',(#1153),#982,.T.);
#651=ADVANCED_FACE('',(#1154),#983,.T.);
#652=ADVANCED_FACE('',(#270,#271,#272,#273,#274,#275,#276),#984,.T.);
#653=ADVANCED_FACE('',(#277,#278,#279,#280,#281,#282,#283),#985,.T.);
#654=ADVANCED_FACE('',(#1155),#986,.T.);
#655=ADVANCED_FACE('',(#1156),#987,.T.);
#656=ADVANCED_FACE('',(#1157),#988,.T.);
#657=ADVANCED_FACE('',(#1158),#136,.T.);
#658=ADVANCED_FACE('',(#1159),#989,.T.);
#659=ADVANCED_FACE('',(#1160),#990,.T.);
#660=ADVANCED_FACE('',(#1161),#991,.T.);
#661=ADVANCED_FACE('',(#284,#285,#286,#287,#288,#289,#290,#291,#292,#293),
#992,.T.);
#662=ADVANCED_FACE('',(#1162),#993,.F.);
#663=ADVANCED_FACE('',(#1163),#994,.F.);
#664=ADVANCED_FACE('',(#1164),#995,.F.);
#665=ADVANCED_FACE('',(#294,#295,#296,#297,#298,#299,#300,#301,#302,#303),
#996,.F.);
#666=ADVANCED_FACE('',(#1165),#997,.T.);
#667=ADVANCED_FACE('',(#1166),#998,.T.);
#668=ADVANCED_FACE('',(#1167),#999,.T.);
#669=ADVANCED_FACE('',(#1168),#1000,.T.);
#670=ADVANCED_FACE('',(#1169),#1001,.F.);
#671=ADVANCED_FACE('',(#1170),#1002,.F.);
#672=ADVANCED_FACE('',(#1171),#1003,.F.);
#673=ADVANCED_FACE('',(#1172),#1004,.F.);
#674=ADVANCED_FACE('',(#1173),#1005,.T.);
#675=ADVANCED_FACE('',(#1174),#1006,.T.);
#676=ADVANCED_FACE('',(#1175),#1007,.T.);
#677=ADVANCED_FACE('',(#1176),#1008,.F.);
#678=ADVANCED_FACE('',(#1177),#1009,.T.);
#679=ADVANCED_FACE('',(#1178),#1010,.F.);
#680=ADVANCED_FACE('',(#1179),#1011,.F.);
#681=ADVANCED_FACE('',(#1180),#1012,.F.);
#682=ADVANCED_FACE('',(#304,#305),#137,.F.);
#683=ADVANCED_FACE('',(#306,#307),#138,.F.);
#684=ADVANCED_FACE('',(#308,#309),#139,.F.);
#685=ADVANCED_FACE('',(#310,#311),#140,.F.);
#686=ADVANCED_FACE('',(#312,#313),#141,.F.);
#687=ADVANCED_FACE('',(#314,#315),#142,.F.);
#688=ADVANCED_FACE('',(#316,#317),#143,.F.);
#689=ADVANCED_FACE('',(#318,#319),#144,.F.);
#690=ADVANCED_FACE('',(#320,#321),#145,.F.);
#691=ADVANCED_FACE('',(#322,#323),#146,.F.);
#692=ADVANCED_FACE('',(#324,#325),#147,.F.);
#693=ADVANCED_FACE('',(#326,#327),#148,.F.);
#694=ADVANCED_FACE('',(#328,#329),#149,.F.);
#695=ADVANCED_FACE('',(#330,#331),#150,.F.);
#696=ADVANCED_FACE('',(#332,#333),#1013,.T.);
#697=ADVANCED_FACE('',(#334,#335,#336,#337,#338,#339,#340,#341,#342,#343),
#1014,.F.);
#698=ADVANCED_FACE('',(#1181),#1015,.T.);
#699=ADVANCED_FACE('',(#1182),#1016,.T.);
#700=ADVANCED_FACE('',(#1183),#1017,.T.);
#701=ADVANCED_FACE('',(#1184),#1018,.T.);
#702=ADVANCED_FACE('',(#344,#345),#151,.F.);
#703=ADVANCED_FACE('',(#346,#347),#152,.F.);
#704=ADVANCED_FACE('',(#348,#349),#153,.F.);
#705=ADVANCED_FACE('',(#350,#351),#154,.F.);
#706=ADVANCED_FACE('',(#352,#353),#155,.F.);
#707=ADVANCED_FACE('',(#354,#355),#156,.F.);
#708=ADVANCED_FACE('',(#356,#357),#157,.F.);
#709=ADVANCED_FACE('',(#358,#359),#158,.F.);
#710=ADVANCED_FACE('',(#1185),#1019,.T.);
#711=ADVANCED_FACE('',(#1186),#1020,.T.);
#712=ADVANCED_FACE('',(#1187),#1021,.T.);
#713=ADVANCED_FACE('',(#1188),#1022,.T.);
#714=ADVANCED_FACE('',(#1189),#1023,.F.);
#715=ADVANCED_FACE('',(#1190),#1024,.F.);
#716=ADVANCED_FACE('',(#1191),#1025,.F.);
#717=ADVANCED_FACE('',(#1192),#1026,.F.);
#718=ADVANCED_FACE('',(#1193),#1027,.F.);
#719=ADVANCED_FACE('',(#1194),#1028,.F.);
#720=ADVANCED_FACE('',(#1195),#1029,.T.);
#721=ADVANCED_FACE('',(#1196),#1030,.T.);
#722=ADVANCED_FACE('',(#360,#361,#362,#363,#364,#365,#366,#367,#368,#369),
#1031,.F.);
#723=ADVANCED_FACE('',(#370,#371),#1032,.T.);
#724=ADVANCED_FACE('',(#1197),#1033,.F.);
#725=ADVANCED_FACE('',(#1198),#1034,.F.);
#726=ADVANCED_FACE('',(#1199),#1035,.F.);
#727=ADVANCED_FACE('',(#1200),#1036,.F.);
#728=ADVANCED_FACE('',(#372,#373),#159,.F.);
#729=ADVANCED_FACE('',(#374,#375),#160,.F.);
#730=ADVANCED_FACE('',(#376,#377),#161,.F.);
#731=ADVANCED_FACE('',(#378,#379),#162,.F.);
#732=ADVANCED_FACE('',(#380,#381),#163,.F.);
#733=ADVANCED_FACE('',(#382,#383),#164,.F.);
#734=ADVANCED_FACE('',(#384,#385),#165,.F.);
#735=ADVANCED_FACE('',(#386,#387),#166,.F.);
#736=ADVANCED_FACE('',(#1201),#1037,.F.);
#737=ADVANCED_FACE('',(#1202),#1038,.F.);
#738=ADVANCED_FACE('',(#1203),#1039,.F.);
#739=ADVANCED_FACE('',(#1204),#1040,.F.);
#740=ADVANCED_FACE('',(#1205),#1041,.F.);
#741=ADVANCED_FACE('',(#1206),#1042,.F.);
#742=ADVANCED_FACE('',(#1207),#1043,.F.);
#743=ADVANCED_FACE('',(#1208),#1044,.F.);
#744=ADVANCED_FACE('',(#1209),#1045,.F.);
#745=ADVANCED_FACE('',(#1210),#1046,.F.);
#746=ADVANCED_FACE('',(#1211),#1047,.T.);
#747=ADVANCED_FACE('',(#1212),#1048,.T.);
#748=ADVANCED_FACE('',(#388,#389),#1049,.F.);
#749=ADVANCED_FACE('',(#390,#391),#1050,.T.);
#750=ADVANCED_FACE('',(#1213),#1051,.F.);
#751=ADVANCED_FACE('',(#1214),#1052,.F.);
#752=ADVANCED_FACE('',(#1215),#1053,.F.);
#753=ADVANCED_FACE('',(#1216),#1054,.F.);
#754=ADVANCED_FACE('',(#1217),#1055,.F.);
#755=ADVANCED_FACE('',(#1218),#1056,.F.);
#756=ADVANCED_FACE('',(#1219),#1057,.F.);
#757=ADVANCED_FACE('',(#1220),#1058,.F.);
#758=ADVANCED_FACE('',(#1221),#1059,.F.);
#759=ADVANCED_FACE('',(#1222),#1060,.F.);
#760=ADVANCED_FACE('',(#1223),#1061,.T.);
#761=ADVANCED_FACE('',(#1224),#1062,.F.);
#762=ADVANCED_FACE('',(#1225),#167,.F.);
#763=ADVANCED_FACE('',(#1226),#168,.T.);
#764=ADVANCED_FACE('',(#1227),#169,.F.);
#765=ADVANCED_FACE('',(#1228),#170,.T.);
#766=ADVANCED_FACE('',(#1229),#171,.T.);
#767=ADVANCED_FACE('',(#1230),#172,.T.);
#768=ADVANCED_FACE('',(#1231),#173,.T.);
#769=ADVANCED_FACE('',(#1232),#174,.T.);
#770=ADVANCED_FACE('',(#1233),#175,.T.);
#771=ADVANCED_FACE('',(#1234),#176,.T.);
#772=ADVANCED_FACE('',(#1235),#177,.T.);
#773=ADVANCED_FACE('',(#1236),#178,.T.);
#774=ADVANCED_FACE('',(#1237),#179,.T.);
#775=ADVANCED_FACE('',(#1238),#180,.T.);
#776=ADVANCED_FACE('',(#1239),#128,.T.);
#777=ADVANCED_FACE('',(#1240),#181,.F.);
#778=ADVANCED_FACE('',(#1241),#182,.T.);
#779=ADVANCED_FACE('',(#1242),#129,.T.);
#780=ADVANCED_FACE('',(#1243),#183,.T.);
#781=ADVANCED_FACE('',(#1244),#184,.T.);
#782=ADVANCED_FACE('',(#1245),#185,.T.);
#783=ADVANCED_FACE('',(#1246),#186,.T.);
#784=ADVANCED_FACE('',(#1247),#187,.T.);
#785=ADVANCED_FACE('',(#1248),#188,.T.);
#786=ADVANCED_FACE('',(#1249),#189,.T.);
#787=ADVANCED_FACE('',(#1250),#190,.T.);
#788=ADVANCED_FACE('',(#1251),#191,.T.);
#789=ADVANCED_FACE('',(#1252),#192,.T.);
#790=ADVANCED_FACE('',(#1253),#193,.T.);
#791=ADVANCED_FACE('',(#1254),#119,.T.);
#792=ADVANCED_FACE('',(#1255),#194,.T.);
#793=ADVANCED_FACE('',(#392,#393),#1063,.T.);
#794=ADVANCED_FACE('',(#394,#395),#1064,.T.);
#795=ADVANCED_FACE('',(#1256),#1065,.F.);
#796=ADVANCED_FACE('',(#1257),#1066,.F.);
#797=ADVANCED_FACE('',(#1258),#195,.T.);
#798=ADVANCED_FACE('',(#1259),#1067,.F.);
#799=ADVANCED_FACE('',(#396,#397),#196,.T.);
#800=ADVANCED_FACE('',(#1260),#1068,.F.);
#801=ADVANCED_FACE('',(#398,#399),#197,.F.);
#802=ADVANCED_FACE('',(#400,#401),#198,.F.);
#803=ADVANCED_FACE('',(#1261),#199,.T.);
#804=ADVANCED_FACE('',(#402,#403),#200,.F.);
#805=ADVANCED_FACE('',(#404,#405,#406,#407),#1069,.F.);
#806=ADVANCED_FACE('',(#408,#409),#1070,.T.);
#807=ADVANCED_FACE('',(#1262),#1071,.T.);
#808=ADVANCED_FACE('',(#1263),#29,.T.);
#809=ADVANCED_FACE('',(#1264),#1072,.T.);
#810=ADVANCED_FACE('',(#1265),#1073,.T.);
#811=ADVANCED_FACE('',(#1266),#30,.T.);
#812=ADVANCED_FACE('',(#1267),#1074,.T.);
#813=ADVANCED_FACE('',(#410,#411),#31,.T.);
#814=ADVANCED_FACE('',(#1268),#1075,.F.);
#815=ADVANCED_FACE('',(#1269),#32,.T.);
#816=ADVANCED_FACE('',(#1270),#33,.T.);
#817=ADVANCED_FACE('',(#1271),#1076,.F.);
#818=ADVANCED_FACE('',(#1272),#1077,.F.);
#819=ADVANCED_FACE('',(#1273),#34,.T.);
#820=ADVANCED_FACE('',(#1274),#35,.T.);
#821=ADVANCED_FACE('',(#1275),#1078,.F.);
#822=ADVANCED_FACE('',(#412,#413),#201,.T.);
#823=ADVANCED_FACE('',(#1276),#1079,.T.);
#824=ADVANCED_FACE('',(#1277),#1080,.F.);
#825=ADVANCED_FACE('',(#414,#415),#36,.T.);
#826=ADVANCED_FACE('',(#416,#417),#1081,.F.);
#827=ADVANCED_FACE('',(#418,#419,#420),#202,.T.);
#828=ADVANCED_FACE('',(#421,#422),#1082,.T.);
#829=ADVANCED_FACE('',(#1278),#1083,.F.);
#830=ADVANCED_FACE('',(#1279),#1084,.F.);
#831=ADVANCED_FACE('',(#1280),#1085,.F.);
#832=ADVANCED_FACE('',(#1281),#1086,.T.);
#833=ADVANCED_FACE('',(#1282),#1087,.F.);
#834=ADVANCED_FACE('',(#1283),#1088,.T.);
#835=ADVANCED_FACE('',(#1284),#1089,.T.);
#836=ADVANCED_FACE('',(#1285),#1090,.T.);
#837=ADVANCED_FACE('',(#1286),#1091,.T.);
#838=ADVANCED_FACE('',(#1287),#1092,.T.);
#839=ADVANCED_FACE('',(#1288),#1093,.T.);
#840=ADVANCED_FACE('',(#1289),#1094,.T.);
#841=ADVANCED_FACE('',(#1290),#1095,.F.);
#842=ADVANCED_FACE('',(#1291),#1096,.F.);
#843=ADVANCED_FACE('',(#1292),#1097,.F.);
#844=ADVANCED_FACE('',(#1293),#1098,.F.);
#845=ADVANCED_FACE('',(#1294),#1099,.F.);
#846=ADVANCED_FACE('',(#1295),#1100,.F.);
#847=ADVANCED_FACE('',(#1296),#1101,.T.);
#848=ADVANCED_FACE('',(#423,#424),#203,.T.);
#849=ADVANCED_FACE('',(#425,#426),#1102,.F.);
#850=ADVANCED_FACE('',(#1297),#1103,.T.);
#851=ADVANCED_FACE('',(#1298),#1104,.F.);
#852=ADVANCED_FACE('',(#1299),#1105,.F.);
#853=ADVANCED_FACE('',(#1300),#1106,.F.);
#854=ADVANCED_FACE('',(#1301),#1107,.F.);
#855=ADVANCED_FACE('',(#1302),#1108,.F.);
#856=ADVANCED_FACE('',(#1303),#1109,.F.);
#857=ADVANCED_FACE('',(#1304),#1110,.F.);
#858=ADVANCED_FACE('',(#1305),#204,.F.);
#859=ADVANCED_FACE('',(#1306),#205,.F.);
#860=ADVANCED_FACE('',(#1307),#206,.F.);
#861=ADVANCED_FACE('',(#1308),#207,.F.);
#862=ADVANCED_FACE('',(#1309),#208,.F.);
#863=ADVANCED_FACE('',(#1310),#209,.F.);
#864=ADVANCED_FACE('',(#1311),#210,.T.);
#865=ADVANCED_FACE('',(#1312),#211,.T.);
#866=ADVANCED_FACE('',(#1313),#212,.T.);
#867=ADVANCED_FACE('',(#1314),#213,.T.);
#868=ADVANCED_FACE('',(#1315),#214,.T.);
#869=ADVANCED_FACE('',(#1316),#215,.T.);
#870=ADVANCED_FACE('',(#427,#428),#216,.T.);
#871=ADVANCED_FACE('',(#1317),#1111,.F.);
#872=ADVANCED_FACE('',(#1318),#1112,.F.);
#873=ADVANCED_FACE('',(#1319),#1113,.F.);
#874=ADVANCED_FACE('',(#1320),#1114,.F.);
#875=ADVANCED_FACE('',(#1321),#1115,.F.);
#876=ADVANCED_FACE('',(#1322),#1116,.F.);
#877=ADVANCED_FACE('',(#1323),#1117,.F.);
#878=ADVANCED_FACE('',(#429,#430),#1118,.T.);
#879=ADVANCED_FACE('',(#431,#432),#217,.T.);
#880=ADVANCED_FACE('',(#433,#434),#1119,.T.);
#881=ADVANCED_FACE('',(#435,#436),#1120,.F.);
#882=ADVANCED_FACE('',(#437,#438),#218,.T.);
#883=ADVANCED_FACE('',(#439,#440),#1121,.T.);
#884=ADVANCED_FACE('',(#441,#442),#219,.F.);
#885=ADVANCED_FACE('',(#1324),#1122,.T.);
#886=ADVANCED_FACE('',(#1325),#220,.T.);
#887=ADVANCED_FACE('',(#1326),#221,.T.);
#888=ADVANCED_FACE('',(#1327),#222,.T.);
#889=ADVANCED_FACE('',(#1328),#223,.T.);
#890=ADVANCED_FACE('',(#1329),#224,.T.);
#891=ADVANCED_FACE('',(#1330),#225,.T.);
#892=ADVANCED_FACE('',(#1331),#1123,.T.);
#893=ADVANCED_FACE('',(#1332),#1124,.T.);
#894=ADVANCED_FACE('',(#1333),#1125,.T.);
#895=ADVANCED_FACE('',(#443,#444),#226,.F.);
#896=ADVANCED_FACE('',(#445,#446),#227,.F.);
#897=ADVANCED_FACE('',(#447,#448),#228,.F.);
#898=ADVANCED_FACE('',(#449,#450),#229,.F.);
#899=ADVANCED_FACE('',(#1334),#1126,.T.);
#900=ADVANCED_FACE('',(#451,#452),#230,.F.);
#901=ADVANCED_FACE('',(#453,#454,#455,#456,#457,#458,#459,#460,#461,#462),
#1127,.T.);
#902=ADVANCED_FACE('',(#463,#464,#465,#466,#467,#468,#469,#470,#471,#472),
#1128,.F.);
#903=ADVANCED_FACE('',(#473,#474),#231,.F.);
#904=ADVANCED_FACE('',(#475,#476),#37,.F.);
#905=ADVANCED_FACE('',(#477,#478),#38,.F.);
#906=ADVANCED_FACE('',(#479,#480),#232,.F.);
#907=ADVANCED_FACE('',(#481,#482),#39,.F.);
#908=ADVANCED_FACE('',(#483,#484),#40,.F.);
#909=ADVANCED_FACE('',(#485,#486),#233,.F.);
#910=ADVANCED_FACE('',(#487,#488),#41,.F.);
#911=ADVANCED_FACE('',(#489,#490),#42,.F.);
#912=ADVANCED_FACE('',(#491,#492),#234,.F.);
#913=ADVANCED_FACE('',(#493,#494),#43,.F.);
#914=ADVANCED_FACE('',(#495,#496),#44,.F.);
#915=ADVANCED_FACE('',(#1335),#235,.T.);
#916=ADVANCED_FACE('',(#1336),#236,.T.);
#917=ADVANCED_FACE('',(#1337),#237,.T.);
#918=ADVANCED_FACE('',(#1338),#120,.T.);
#919=ADVANCED_FACE('',(#1339),#238,.T.);
#920=ADVANCED_FACE('',(#1340),#239,.T.);
#921=ADVANCED_FACE('',(#1341),#121,.T.);
#922=ADVANCED_FACE('',(#1342),#122,.T.);
#923=ADVANCED_FACE('',(#1343),#240,.T.);
#924=ADVANCED_FACE('',(#1344),#241,.T.);
#925=ADVANCED_FACE('',(#1345),#242,.T.);
#926=ADVANCED_FACE('',(#1346),#123,.T.);
#927=ADVANCED_FACE('',(#1347),#243,.T.);
#928=ADVANCED_FACE('',(#1348),#1129,.T.);
#929=ADVANCED_FACE('',(#1349),#1130,.F.);
#930=ADVANCED_FACE('',(#1350),#1131,.F.);
#931=ADVANCED_FACE('',(#1351),#244,.F.);
#932=ADVANCED_FACE('',(#1352),#1132,.F.);
#933=ADVANCED_FACE('',(#497,#498),#245,.F.);
#934=ADVANCED_FACE('',(#499,#500),#246,.F.);
#935=ADVANCED_FACE('',(#1353),#1133,.T.);
#936=ADVANCED_FACE('',(#1354),#1134,.T.);
#937=ADVANCED_FACE('',(#1355),#1135,.T.);
#938=ADVANCED_FACE('',(#501,#502),#247,.F.);
#939=ADVANCED_FACE('',(#503,#504),#248,.F.);
#940=ADVANCED_FACE('',(#505,#506),#249,.F.);
#941=ADVANCED_FACE('',(#1356),#1136,.T.);
#942=ADVANCED_FACE('',(#507,#508),#250,.F.);
#943=ADVANCED_FACE('',(#1357),#1137,.T.);
#944=ADVANCED_FACE('',(#509,#510,#511,#512,#513,#514,#515),#1138,.F.);
#945=ADVANCED_FACE('',(#1358),#251,.F.);
#946=ADVANCED_FACE('',(#1359),#252,.F.);
#947=ADVANCED_FACE('',(#1360),#1139,.F.);
#948=ADVANCED_FACE('',(#1361),#253,.F.);
#949=ADVANCED_FACE('',(#516,#517),#1140,.T.);
#950=ADVANCED_FACE('',(#518,#519),#1141,.T.);
#951=ADVANCED_FACE('',(#1362),#1142,.F.);
#952=ADVANCED_FACE('',(#1363),#254,.T.);
#953=ADVANCED_FACE('',(#1364),#124,.T.);
#954=ADVANCED_FACE('',(#1365),#255,.T.);
#955=ADVANCED_FACE('',(#1366),#256,.T.);
#956=ADVANCED_FACE('',(#1367),#257,.T.);
#957=ADVANCED_FACE('',(#1368),#258,.T.);
#958=ADVANCED_FACE('',(#1369),#125,.T.);
#959=ADVANCED_FACE('',(#1370),#126,.T.);
#960=ADVANCED_FACE('',(#1371),#259,.T.);
#961=ADVANCED_FACE('',(#1372),#260,.T.);
#962=ADVANCED_FACE('',(#1373),#127,.T.);
#963=ADVANCED_FACE('',(#1374),#261,.T.);
#964=ADVANCED_FACE('',(#1375),#130,.T.);
#965=ADVANCED_FACE('',(#1376),#262,.T.);
#966=ADVANCED_FACE('',(#1377),#263,.T.);
#967=ADVANCED_FACE('',(#1378),#131,.T.);
#968=ADVANCED_FACE('',(#1379),#132,.T.);
#969=ADVANCED_FACE('',(#1380),#264,.T.);
#970=ADVANCED_FACE('',(#1381),#265,.T.);
#971=ADVANCED_FACE('',(#1382),#133,.T.);
#972=ADVANCED_FACE('',(#520,#521),#1143,.F.);
#973=ADVANCED_FACE('',(#522,#523),#266,.F.);
#974=PLANE('',#5911);
#975=PLANE('',#5913);
#976=PLANE('',#5920);
#977=PLANE('',#5921);
#978=PLANE('',#5925);
#979=PLANE('',#5926);
#980=PLANE('',#5927);
#981=PLANE('',#5928);
#982=PLANE('',#5929);
#983=PLANE('',#5930);
#984=PLANE('',#5938);
#985=PLANE('',#5946);
#986=PLANE('',#5947);
#987=PLANE('',#5948);
#988=PLANE('',#5949);
#989=PLANE('',#5952);
#990=PLANE('',#5953);
#991=PLANE('',#5954);
#992=PLANE('',#5963);
#993=PLANE('',#5964);
#994=PLANE('',#5965);
#995=PLANE('',#5966);
#996=PLANE('',#5975);
#997=PLANE('',#5978);
#998=PLANE('',#5981);
#999=PLANE('',#5982);
#1000=PLANE('',#5983);
#1001=PLANE('',#5984);
#1002=PLANE('',#5985);
#1003=PLANE('',#5987);
#1004=PLANE('',#5989);
#1005=PLANE('',#5992);
#1006=PLANE('',#5993);
#1007=PLANE('',#5994);
#1008=PLANE('',#5997);
#1009=PLANE('',#5998);
#1010=PLANE('',#5999);
#1011=PLANE('',#6000);
#1012=PLANE('',#6001);
#1013=PLANE('',#6028);
#1014=PLANE('',#6037);
#1015=PLANE('',#6038);
#1016=PLANE('',#6039);
#1017=PLANE('',#6040);
#1018=PLANE('',#6041);
#1019=PLANE('',#6068);
#1020=PLANE('',#6071);
#1021=PLANE('',#6074);
#1022=PLANE('',#6077);
#1023=PLANE('',#6079);
#1024=PLANE('',#6081);
#1025=PLANE('',#6083);
#1026=PLANE('',#6085);
#1027=PLANE('',#6087);
#1028=PLANE('',#6089);
#1029=PLANE('',#6091);
#1030=PLANE('',#6093);
#1031=PLANE('',#6102);
#1032=PLANE('',#6115);
#1033=PLANE('',#6116);
#1034=PLANE('',#6117);
#1035=PLANE('',#6118);
#1036=PLANE('',#6119);
#1037=PLANE('',#6146);
#1038=PLANE('',#6149);
#1039=PLANE('',#6152);
#1040=PLANE('',#6155);
#1041=PLANE('',#6157);
#1042=PLANE('',#6159);
#1043=PLANE('',#6161);
#1044=PLANE('',#6163);
#1045=PLANE('',#6165);
#1046=PLANE('',#6167);
#1047=PLANE('',#6169);
#1048=PLANE('',#6171);
#1049=PLANE('',#6172);
#1050=PLANE('',#6177);
#1051=PLANE('',#6178);
#1052=PLANE('',#6179);
#1053=PLANE('',#6180);
#1054=PLANE('',#6181);
#1055=PLANE('',#6184);
#1056=PLANE('',#6187);
#1057=PLANE('',#6190);
#1058=PLANE('',#6193);
#1059=PLANE('',#6196);
#1060=PLANE('',#6199);
#1061=PLANE('',#6202);
#1062=PLANE('',#6205);
#1063=PLANE('',#6249);
#1064=PLANE('',#6253);
#1065=PLANE('',#6254);
#1066=PLANE('',#6255);
#1067=PLANE('',#6259);
#1068=PLANE('',#6268);
#1069=PLANE('',#6283);
#1070=PLANE('',#6285);
#1071=PLANE('',#6286);
#1072=PLANE('',#6288);
#1073=PLANE('',#6289);
#1074=PLANE('',#6291);
#1075=PLANE('',#6293);
#1076=PLANE('',#6296);
#1077=PLANE('',#6297);
#1078=PLANE('',#6300);
#1079=PLANE('',#6305);
#1080=PLANE('',#6306);
#1081=PLANE('',#6309);
#1082=PLANE('',#6314);
#1083=PLANE('',#6315);
#1084=PLANE('',#6316);
#1085=PLANE('',#6317);
#1086=PLANE('',#6318);
#1087=PLANE('',#6319);
#1088=PLANE('',#6320);
#1089=PLANE('',#6321);
#1090=PLANE('',#6322);
#1091=PLANE('',#6323);
#1092=PLANE('',#6324);
#1093=PLANE('',#6325);
#1094=PLANE('',#6326);
#1095=PLANE('',#6327);
#1096=PLANE('',#6328);
#1097=PLANE('',#6329);
#1098=PLANE('',#6330);
#1099=PLANE('',#6331);
#1100=PLANE('',#6332);
#1101=PLANE('',#6333);
#1102=PLANE('',#6337);
#1103=PLANE('',#6338);
#1104=PLANE('',#6339);
#1105=PLANE('',#6340);
#1106=PLANE('',#6341);
#1107=PLANE('',#6342);
#1108=PLANE('',#6343);
#1109=PLANE('',#6344);
#1110=PLANE('',#6345);
#1111=PLANE('',#6373);
#1112=PLANE('',#6374);
#1113=PLANE('',#6375);
#1114=PLANE('',#6376);
#1115=PLANE('',#6377);
#1116=PLANE('',#6378);
#1117=PLANE('',#6379);
#1118=PLANE('',#6380);
#1119=PLANE('',#6385);
#1120=PLANE('',#6386);
#1121=PLANE('',#6390);
#1122=PLANE('',#6393);
#1123=PLANE('',#6406);
#1124=PLANE('',#6409);
#1125=PLANE('',#6410);
#1126=PLANE('',#6423);
#1127=PLANE('',#6431);
#1128=PLANE('',#6436);
#1129=PLANE('',#6490);
#1130=PLANE('',#6491);
#1131=PLANE('',#6492);
#1132=PLANE('',#6496);
#1133=PLANE('',#6503);
#1134=PLANE('',#6504);
#1135=PLANE('',#6505);
#1136=PLANE('',#6514);
#1137=PLANE('',#6521);
#1138=PLANE('',#6526);
#1139=PLANE('',#6533);
#1140=PLANE('',#6537);
#1141=PLANE('',#6539);
#1142=PLANE('',#6540);
#1143=PLANE('',#6582);
#1144=FACE_OUTER_BOUND('',#1383,.T.);
#1145=FACE_OUTER_BOUND('',#1384,.T.);
#1146=FACE_OUTER_BOUND('',#1388,.T.);
#1147=FACE_OUTER_BOUND('',#1389,.T.);
#1148=FACE_OUTER_BOUND('',#1390,.T.);
#1149=FACE_OUTER_BOUND('',#1391,.T.);
#1150=FACE_OUTER_BOUND('',#1392,.T.);
#1151=FACE_OUTER_BOUND('',#1393,.T.);
#1152=FACE_OUTER_BOUND('',#1394,.T.);
#1153=FACE_OUTER_BOUND('',#1395,.T.);
#1154=FACE_OUTER_BOUND('',#1396,.T.);
#1155=FACE_OUTER_BOUND('',#1411,.T.);
#1156=FACE_OUTER_BOUND('',#1412,.T.);
#1157=FACE_OUTER_BOUND('',#1413,.T.);
#1158=FACE_OUTER_BOUND('',#1414,.T.);
#1159=FACE_OUTER_BOUND('',#1415,.T.);
#1160=FACE_OUTER_BOUND('',#1416,.T.);
#1161=FACE_OUTER_BOUND('',#1417,.T.);
#1162=FACE_OUTER_BOUND('',#1428,.T.);
#1163=FACE_OUTER_BOUND('',#1429,.T.);
#1164=FACE_OUTER_BOUND('',#1430,.T.);
#1165=FACE_OUTER_BOUND('',#1441,.T.);
#1166=FACE_OUTER_BOUND('',#1442,.T.);
#1167=FACE_OUTER_BOUND('',#1443,.T.);
#1168=FACE_OUTER_BOUND('',#1444,.T.);
#1169=FACE_OUTER_BOUND('',#1445,.T.);
#1170=FACE_OUTER_BOUND('',#1446,.T.);
#1171=FACE_OUTER_BOUND('',#1447,.T.);
#1172=FACE_OUTER_BOUND('',#1448,.T.);
#1173=FACE_OUTER_BOUND('',#1449,.T.);
#1174=FACE_OUTER_BOUND('',#1450,.T.);
#1175=FACE_OUTER_BOUND('',#1451,.T.);
#1176=FACE_OUTER_BOUND('',#1452,.T.);
#1177=FACE_OUTER_BOUND('',#1453,.T.);
#1178=FACE_OUTER_BOUND('',#1454,.T.);
#1179=FACE_OUTER_BOUND('',#1455,.T.);
#1180=FACE_OUTER_BOUND('',#1456,.T.);
#1181=FACE_OUTER_BOUND('',#1497,.T.);
#1182=FACE_OUTER_BOUND('',#1498,.T.);
#1183=FACE_OUTER_BOUND('',#1499,.T.);
#1184=FACE_OUTER_BOUND('',#1500,.T.);
#1185=FACE_OUTER_BOUND('',#1517,.T.);
#1186=FACE_OUTER_BOUND('',#1518,.T.);
#1187=FACE_OUTER_BOUND('',#1519,.T.);
#1188=FACE_OUTER_BOUND('',#1520,.T.);
#1189=FACE_OUTER_BOUND('',#1521,.T.);
#1190=FACE_OUTER_BOUND('',#1522,.T.);
#1191=FACE_OUTER_BOUND('',#1523,.T.);
#1192=FACE_OUTER_BOUND('',#1524,.T.);
#1193=FACE_OUTER_BOUND('',#1525,.T.);
#1194=FACE_OUTER_BOUND('',#1526,.T.);
#1195=FACE_OUTER_BOUND('',#1527,.T.);
#1196=FACE_OUTER_BOUND('',#1528,.T.);
#1197=FACE_OUTER_BOUND('',#1541,.T.);
#1198=FACE_OUTER_BOUND('',#1542,.T.);
#1199=FACE_OUTER_BOUND('',#1543,.T.);
#1200=FACE_OUTER_BOUND('',#1544,.T.);
#1201=FACE_OUTER_BOUND('',#1561,.T.);
#1202=FACE_OUTER_BOUND('',#1562,.T.);
#1203=FACE_OUTER_BOUND('',#1563,.T.);
#1204=FACE_OUTER_BOUND('',#1564,.T.);
#1205=FACE_OUTER_BOUND('',#1565,.T.);
#1206=FACE_OUTER_BOUND('',#1566,.T.);
#1207=FACE_OUTER_BOUND('',#1567,.T.);
#1208=FACE_OUTER_BOUND('',#1568,.T.);
#1209=FACE_OUTER_BOUND('',#1569,.T.);
#1210=FACE_OUTER_BOUND('',#1570,.T.);
#1211=FACE_OUTER_BOUND('',#1571,.T.);
#1212=FACE_OUTER_BOUND('',#1572,.T.);
#1213=FACE_OUTER_BOUND('',#1577,.T.);
#1214=FACE_OUTER_BOUND('',#1578,.T.);
#1215=FACE_OUTER_BOUND('',#1579,.T.);
#1216=FACE_OUTER_BOUND('',#1580,.T.);
#1217=FACE_OUTER_BOUND('',#1581,.T.);
#1218=FACE_OUTER_BOUND('',#1582,.T.);
#1219=FACE_OUTER_BOUND('',#1583,.T.);
#1220=FACE_OUTER_BOUND('',#1584,.T.);
#1221=FACE_OUTER_BOUND('',#1585,.T.);
#1222=FACE_OUTER_BOUND('',#1586,.T.);
#1223=FACE_OUTER_BOUND('',#1587,.T.);
#1224=FACE_OUTER_BOUND('',#1588,.T.);
#1225=FACE_OUTER_BOUND('',#1589,.T.);
#1226=FACE_OUTER_BOUND('',#1590,.T.);
#1227=FACE_OUTER_BOUND('',#1591,.T.);
#1228=FACE_OUTER_BOUND('',#1592,.T.);
#1229=FACE_OUTER_BOUND('',#1593,.T.);
#1230=FACE_OUTER_BOUND('',#1594,.T.);
#1231=FACE_OUTER_BOUND('',#1595,.T.);
#1232=FACE_OUTER_BOUND('',#1596,.T.);
#1233=FACE_OUTER_BOUND('',#1597,.T.);
#1234=FACE_OUTER_BOUND('',#1598,.T.);
#1235=FACE_OUTER_BOUND('',#1599,.T.);
#1236=FACE_OUTER_BOUND('',#1600,.T.);
#1237=FACE_OUTER_BOUND('',#1601,.T.);
#1238=FACE_OUTER_BOUND('',#1602,.T.);
#1239=FACE_OUTER_BOUND('',#1603,.T.);
#1240=FACE_OUTER_BOUND('',#1604,.T.);
#1241=FACE_OUTER_BOUND('',#1605,.T.);
#1242=FACE_OUTER_BOUND('',#1606,.T.);
#1243=FACE_OUTER_BOUND('',#1607,.T.);
#1244=FACE_OUTER_BOUND('',#1608,.T.);
#1245=FACE_OUTER_BOUND('',#1609,.T.);
#1246=FACE_OUTER_BOUND('',#1610,.T.);
#1247=FACE_OUTER_BOUND('',#1611,.T.);
#1248=FACE_OUTER_BOUND('',#1612,.T.);
#1249=FACE_OUTER_BOUND('',#1613,.T.);
#1250=FACE_OUTER_BOUND('',#1614,.T.);
#1251=FACE_OUTER_BOUND('',#1615,.T.);
#1252=FACE_OUTER_BOUND('',#1616,.T.);
#1253=FACE_OUTER_BOUND('',#1617,.T.);
#1254=FACE_OUTER_BOUND('',#1618,.T.);
#1255=FACE_OUTER_BOUND('',#1619,.T.);
#1256=FACE_OUTER_BOUND('',#1624,.T.);
#1257=FACE_OUTER_BOUND('',#1625,.T.);
#1258=FACE_OUTER_BOUND('',#1626,.T.);
#1259=FACE_OUTER_BOUND('',#1627,.T.);
#1260=FACE_OUTER_BOUND('',#1630,.T.);
#1261=FACE_OUTER_BOUND('',#1635,.T.);
#1262=FACE_OUTER_BOUND('',#1644,.T.);
#1263=FACE_OUTER_BOUND('',#1645,.T.);
#1264=FACE_OUTER_BOUND('',#1646,.T.);
#1265=FACE_OUTER_BOUND('',#1647,.T.);
#1266=FACE_OUTER_BOUND('',#1648,.T.);
#1267=FACE_OUTER_BOUND('',#1649,.T.);
#1268=FACE_OUTER_BOUND('',#1652,.T.);
#1269=FACE_OUTER_BOUND('',#1653,.T.);
#1270=FACE_OUTER_BOUND('',#1654,.T.);
#1271=FACE_OUTER_BOUND('',#1655,.T.);
#1272=FACE_OUTER_BOUND('',#1656,.T.);
#1273=FACE_OUTER_BOUND('',#1657,.T.);
#1274=FACE_OUTER_BOUND('',#1658,.T.);
#1275=FACE_OUTER_BOUND('',#1659,.T.);
#1276=FACE_OUTER_BOUND('',#1662,.T.);
#1277=FACE_OUTER_BOUND('',#1663,.T.);
#1278=FACE_OUTER_BOUND('',#1673,.T.);
#1279=FACE_OUTER_BOUND('',#1674,.T.);
#1280=FACE_OUTER_BOUND('',#1675,.T.);
#1281=FACE_OUTER_BOUND('',#1676,.T.);
#1282=FACE_OUTER_BOUND('',#1677,.T.);
#1283=FACE_OUTER_BOUND('',#1678,.T.);
#1284=FACE_OUTER_BOUND('',#1679,.T.);
#1285=FACE_OUTER_BOUND('',#1680,.T.);
#1286=FACE_OUTER_BOUND('',#1681,.T.);
#1287=FACE_OUTER_BOUND('',#1682,.T.);
#1288=FACE_OUTER_BOUND('',#1683,.T.);
#1289=FACE_OUTER_BOUND('',#1684,.T.);
#1290=FACE_OUTER_BOUND('',#1685,.T.);
#1291=FACE_OUTER_BOUND('',#1686,.T.);
#1292=FACE_OUTER_BOUND('',#1687,.T.);
#1293=FACE_OUTER_BOUND('',#1688,.T.);
#1294=FACE_OUTER_BOUND('',#1689,.T.);
#1295=FACE_OUTER_BOUND('',#1690,.T.);
#1296=FACE_OUTER_BOUND('',#1691,.T.);
#1297=FACE_OUTER_BOUND('',#1696,.T.);
#1298=FACE_OUTER_BOUND('',#1697,.T.);
#1299=FACE_OUTER_BOUND('',#1698,.T.);
#1300=FACE_OUTER_BOUND('',#1699,.T.);
#1301=FACE_OUTER_BOUND('',#1700,.T.);
#1302=FACE_OUTER_BOUND('',#1701,.T.);
#1303=FACE_OUTER_BOUND('',#1702,.T.);
#1304=FACE_OUTER_BOUND('',#1703,.T.);
#1305=FACE_OUTER_BOUND('',#1704,.T.);
#1306=FACE_OUTER_BOUND('',#1705,.T.);
#1307=FACE_OUTER_BOUND('',#1706,.T.);
#1308=FACE_OUTER_BOUND('',#1707,.T.);
#1309=FACE_OUTER_BOUND('',#1708,.T.);
#1310=FACE_OUTER_BOUND('',#1709,.T.);
#1311=FACE_OUTER_BOUND('',#1710,.T.);
#1312=FACE_OUTER_BOUND('',#1711,.T.);
#1313=FACE_OUTER_BOUND('',#1712,.T.);
#1314=FACE_OUTER_BOUND('',#1713,.T.);
#1315=FACE_OUTER_BOUND('',#1714,.T.);
#1316=FACE_OUTER_BOUND('',#1715,.T.);
#1317=FACE_OUTER_BOUND('',#1718,.T.);
#1318=FACE_OUTER_BOUND('',#1719,.T.);
#1319=FACE_OUTER_BOUND('',#1720,.T.);
#1320=FACE_OUTER_BOUND('',#1721,.T.);
#1321=FACE_OUTER_BOUND('',#1722,.T.);
#1322=FACE_OUTER_BOUND('',#1723,.T.);
#1323=FACE_OUTER_BOUND('',#1724,.T.);
#1324=FACE_OUTER_BOUND('',#1739,.T.);
#1325=FACE_OUTER_BOUND('',#1740,.T.);
#1326=FACE_OUTER_BOUND('',#1741,.T.);
#1327=FACE_OUTER_BOUND('',#1742,.T.);
#1328=FACE_OUTER_BOUND('',#1743,.T.);
#1329=FACE_OUTER_BOUND('',#1744,.T.);
#1330=FACE_OUTER_BOUND('',#1745,.T.);
#1331=FACE_OUTER_BOUND('',#1746,.T.);
#1332=FACE_OUTER_BOUND('',#1747,.T.);
#1333=FACE_OUTER_BOUND('',#1748,.T.);
#1334=FACE_OUTER_BOUND('',#1757,.T.);
#1335=FACE_OUTER_BOUND('',#1804,.T.);
#1336=FACE_OUTER_BOUND('',#1805,.T.);
#1337=FACE_OUTER_BOUND('',#1806,.T.);
#1338=FACE_OUTER_BOUND('',#1807,.T.);
#1339=FACE_OUTER_BOUND('',#1808,.T.);
#1340=FACE_OUTER_BOUND('',#1809,.T.);
#1341=FACE_OUTER_BOUND('',#1810,.T.);
#1342=FACE_OUTER_BOUND('',#1811,.T.);
#1343=FACE_OUTER_BOUND('',#1812,.T.);
#1344=FACE_OUTER_BOUND('',#1813,.T.);
#1345=FACE_OUTER_BOUND('',#1814,.T.);
#1346=FACE_OUTER_BOUND('',#1815,.T.);
#1347=FACE_OUTER_BOUND('',#1816,.T.);
#1348=FACE_OUTER_BOUND('',#1817,.T.);
#1349=FACE_OUTER_BOUND('',#1818,.T.);
#1350=FACE_OUTER_BOUND('',#1819,.T.);
#1351=FACE_OUTER_BOUND('',#1820,.T.);
#1352=FACE_OUTER_BOUND('',#1821,.T.);
#1353=FACE_OUTER_BOUND('',#1826,.T.);
#1354=FACE_OUTER_BOUND('',#1827,.T.);
#1355=FACE_OUTER_BOUND('',#1828,.T.);
#1356=FACE_OUTER_BOUND('',#1835,.T.);
#1357=FACE_OUTER_BOUND('',#1838,.T.);
#1358=FACE_OUTER_BOUND('',#1846,.T.);
#1359=FACE_OUTER_BOUND('',#1847,.T.);
#1360=FACE_OUTER_BOUND('',#1848,.T.);
#1361=FACE_OUTER_BOUND('',#1849,.T.);
#1362=FACE_OUTER_BOUND('',#1854,.T.);
#1363=FACE_OUTER_BOUND('',#1855,.T.);
#1364=FACE_OUTER_BOUND('',#1856,.T.);
#1365=FACE_OUTER_BOUND('',#1857,.T.);
#1366=FACE_OUTER_BOUND('',#1858,.T.);
#1367=FACE_OUTER_BOUND('',#1859,.T.);
#1368=FACE_OUTER_BOUND('',#1860,.T.);
#1369=FACE_OUTER_BOUND('',#1861,.T.);
#1370=FACE_OUTER_BOUND('',#1862,.T.);
#1371=FACE_OUTER_BOUND('',#1863,.T.);
#1372=FACE_OUTER_BOUND('',#1864,.T.);
#1373=FACE_OUTER_BOUND('',#1865,.T.);
#1374=FACE_OUTER_BOUND('',#1866,.T.);
#1375=FACE_OUTER_BOUND('',#1867,.T.);
#1376=FACE_OUTER_BOUND('',#1868,.T.);
#1377=FACE_OUTER_BOUND('',#1869,.T.);
#1378=FACE_OUTER_BOUND('',#1870,.T.);
#1379=FACE_OUTER_BOUND('',#1871,.T.);
#1380=FACE_OUTER_BOUND('',#1872,.T.);
#1381=FACE_OUTER_BOUND('',#1873,.T.);
#1382=FACE_OUTER_BOUND('',#1874,.T.);
#1383=EDGE_LOOP('',(#2103,#2104,#2105,#2106,#2107,#2108,#2109,#2110,#2111,
#2112,#2113,#2114,#2115,#2116,#2117));
#1384=EDGE_LOOP('',(#2118,#2119,#2120,#2121,#2122,#2123,#2124,#2125,#2126,
#2127,#2128,#2129,#2130));
#1385=EDGE_LOOP('',(#2131,#2132,#2133,#2134));
#1386=EDGE_LOOP('',(#2135));
#1387=EDGE_LOOP('',(#2136));
#1388=EDGE_LOOP('',(#2137,#2138,#2139,#2140,#2141,#2142,#2143,#2144,#2145,
#2146,#2147,#2148,#2149,#2150,#2151));
#1389=EDGE_LOOP('',(#2152,#2153,#2154,#2155,#2156,#2157));
#1390=EDGE_LOOP('',(#2158,#2159,#2160,#2161));
#1391=EDGE_LOOP('',(#2162,#2163,#2164,#2165));
#1392=EDGE_LOOP('',(#2166,#2167,#2168,#2169,#2170));
#1393=EDGE_LOOP('',(#2171,#2172,#2173,#2174,#2175,#2176,#2177));
#1394=EDGE_LOOP('',(#2178,#2179,#2180,#2181,#2182,#2183));
#1395=EDGE_LOOP('',(#2184,#2185,#2186,#2187));
#1396=EDGE_LOOP('',(#2188,#2189,#2190,#2191));
#1397=EDGE_LOOP('',(#2192));
#1398=EDGE_LOOP('',(#2193));
#1399=EDGE_LOOP('',(#2194));
#1400=EDGE_LOOP('',(#2195));
#1401=EDGE_LOOP('',(#2196));
#1402=EDGE_LOOP('',(#2197));
#1403=EDGE_LOOP('',(#2198,#2199,#2200,#2201,#2202,#2203,#2204,#2205,#2206,
#2207,#2208));
#1404=EDGE_LOOP('',(#2209));
#1405=EDGE_LOOP('',(#2210));
#1406=EDGE_LOOP('',(#2211));
#1407=EDGE_LOOP('',(#2212));
#1408=EDGE_LOOP('',(#2213));
#1409=EDGE_LOOP('',(#2214));
#1410=EDGE_LOOP('',(#2215,#2216,#2217,#2218,#2219,#2220,#2221,#2222,#2223,
#2224,#2225));
#1411=EDGE_LOOP('',(#2226,#2227,#2228,#2229));
#1412=EDGE_LOOP('',(#2230,#2231,#2232,#2233));
#1413=EDGE_LOOP('',(#2234,#2235,#2236,#2237));
#1414=EDGE_LOOP('',(#2238,#2239,#2240,#2241));
#1415=EDGE_LOOP('',(#2242,#2243,#2244,#2245,#2246));
#1416=EDGE_LOOP('',(#2247,#2248,#2249,#2250));
#1417=EDGE_LOOP('',(#2251,#2252,#2253,#2254));
#1418=EDGE_LOOP('',(#2255));
#1419=EDGE_LOOP('',(#2256));
#1420=EDGE_LOOP('',(#2257));
#1421=EDGE_LOOP('',(#2258));
#1422=EDGE_LOOP('',(#2259));
#1423=EDGE_LOOP('',(#2260));
#1424=EDGE_LOOP('',(#2261));
#1425=EDGE_LOOP('',(#2262));
#1426=EDGE_LOOP('',(#2263,#2264,#2265,#2266));
#1427=EDGE_LOOP('',(#2267));
#1428=EDGE_LOOP('',(#2268,#2269,#2270,#2271));
#1429=EDGE_LOOP('',(#2272,#2273,#2274,#2275));
#1430=EDGE_LOOP('',(#2276,#2277,#2278,#2279));
#1431=EDGE_LOOP('',(#2280));
#1432=EDGE_LOOP('',(#2281));
#1433=EDGE_LOOP('',(#2282));
#1434=EDGE_LOOP('',(#2283));
#1435=EDGE_LOOP('',(#2284));
#1436=EDGE_LOOP('',(#2285));
#1437=EDGE_LOOP('',(#2286));
#1438=EDGE_LOOP('',(#2287));
#1439=EDGE_LOOP('',(#2288,#2289,#2290,#2291));
#1440=EDGE_LOOP('',(#2292));
#1441=EDGE_LOOP('',(#2293,#2294,#2295,#2296,#2297,#2298,#2299));
#1442=EDGE_LOOP('',(#2300,#2301,#2302,#2303,#2304,#2305));
#1443=EDGE_LOOP('',(#2306,#2307,#2308,#2309));
#1444=EDGE_LOOP('',(#2310,#2311,#2312,#2313));
#1445=EDGE_LOOP('',(#2314,#2315,#2316,#2317));
#1446=EDGE_LOOP('',(#2318,#2319,#2320,#2321));
#1447=EDGE_LOOP('',(#2322,#2323,#2324,#2325,#2326));
#1448=EDGE_LOOP('',(#2327,#2328,#2329,#2330,#2331));
#1449=EDGE_LOOP('',(#2332,#2333,#2334,#2335,#2336,#2337,#2338));
#1450=EDGE_LOOP('',(#2339,#2340,#2341,#2342));
#1451=EDGE_LOOP('',(#2343,#2344,#2345,#2346));
#1452=EDGE_LOOP('',(#2347,#2348,#2349,#2350,#2351,#2352));
#1453=EDGE_LOOP('',(#2353,#2354,#2355,#2356));
#1454=EDGE_LOOP('',(#2357,#2358,#2359,#2360));
#1455=EDGE_LOOP('',(#2361,#2362,#2363,#2364));
#1456=EDGE_LOOP('',(#2365,#2366,#2367,#2368));
#1457=EDGE_LOOP('',(#2369));
#1458=EDGE_LOOP('',(#2370));
#1459=EDGE_LOOP('',(#2371));
#1460=EDGE_LOOP('',(#2372));
#1461=EDGE_LOOP('',(#2373));
#1462=EDGE_LOOP('',(#2374));
#1463=EDGE_LOOP('',(#2375));
#1464=EDGE_LOOP('',(#2376));
#1465=EDGE_LOOP('',(#2377));
#1466=EDGE_LOOP('',(#2378));
#1467=EDGE_LOOP('',(#2379));
#1468=EDGE_LOOP('',(#2380));
#1469=EDGE_LOOP('',(#2381));
#1470=EDGE_LOOP('',(#2382));
#1471=EDGE_LOOP('',(#2383));
#1472=EDGE_LOOP('',(#2384));
#1473=EDGE_LOOP('',(#2385));
#1474=EDGE_LOOP('',(#2386));
#1475=EDGE_LOOP('',(#2387));
#1476=EDGE_LOOP('',(#2388));
#1477=EDGE_LOOP('',(#2389));
#1478=EDGE_LOOP('',(#2390));
#1479=EDGE_LOOP('',(#2391));
#1480=EDGE_LOOP('',(#2392));
#1481=EDGE_LOOP('',(#2393));
#1482=EDGE_LOOP('',(#2394));
#1483=EDGE_LOOP('',(#2395));
#1484=EDGE_LOOP('',(#2396));
#1485=EDGE_LOOP('',(#2397,#2398,#2399,#2400,#2401,#2402,#2403,#2404,#2405,
#2406,#2407,#2408,#2409,#2410,#2411,#2412));
#1486=EDGE_LOOP('',(#2413,#2414,#2415,#2416,#2417,#2418,#2419,#2420));
#1487=EDGE_LOOP('',(#2421,#2422,#2423,#2424));
#1488=EDGE_LOOP('',(#2425));
#1489=EDGE_LOOP('',(#2426));
#1490=EDGE_LOOP('',(#2427));
#1491=EDGE_LOOP('',(#2428));
#1492=EDGE_LOOP('',(#2429));
#1493=EDGE_LOOP('',(#2430));
#1494=EDGE_LOOP('',(#2431));
#1495=EDGE_LOOP('',(#2432));
#1496=EDGE_LOOP('',(#2433,#2434,#2435,#2436));
#1497=EDGE_LOOP('',(#2437,#2438,#2439,#2440));
#1498=EDGE_LOOP('',(#2441,#2442,#2443,#2444));
#1499=EDGE_LOOP('',(#2445,#2446,#2447,#2448));
#1500=EDGE_LOOP('',(#2449,#2450,#2451,#2452));
#1501=EDGE_LOOP('',(#2453,#2454,#2455));
#1502=EDGE_LOOP('',(#2456));
#1503=EDGE_LOOP('',(#2457,#2458,#2459));
#1504=EDGE_LOOP('',(#2460));
#1505=EDGE_LOOP('',(#2461,#2462,#2463));
#1506=EDGE_LOOP('',(#2464));
#1507=EDGE_LOOP('',(#2465,#2466,#2467));
#1508=EDGE_LOOP('',(#2468));
#1509=EDGE_LOOP('',(#2469,#2470,#2471));
#1510=EDGE_LOOP('',(#2472));
#1511=EDGE_LOOP('',(#2473,#2474,#2475));
#1512=EDGE_LOOP('',(#2476));
#1513=EDGE_LOOP('',(#2477,#2478,#2479));
#1514=EDGE_LOOP('',(#2480));
#1515=EDGE_LOOP('',(#2481,#2482,#2483));
#1516=EDGE_LOOP('',(#2484));
#1517=EDGE_LOOP('',(#2485,#2486,#2487,#2488,#2489,#2490));
#1518=EDGE_LOOP('',(#2491,#2492,#2493,#2494,#2495,#2496));
#1519=EDGE_LOOP('',(#2497,#2498,#2499,#2500,#2501,#2502));
#1520=EDGE_LOOP('',(#2503,#2504,#2505,#2506,#2507,#2508));
#1521=EDGE_LOOP('',(#2509,#2510,#2511,#2512,#2513,#2514));
#1522=EDGE_LOOP('',(#2515,#2516,#2517,#2518,#2519,#2520));
#1523=EDGE_LOOP('',(#2521,#2522,#2523,#2524,#2525,#2526));
#1524=EDGE_LOOP('',(#2527,#2528,#2529,#2530,#2531,#2532));
#1525=EDGE_LOOP('',(#2533,#2534,#2535,#2536,#2537,#2538));
#1526=EDGE_LOOP('',(#2539,#2540,#2541,#2542,#2543,#2544));
#1527=EDGE_LOOP('',(#2545,#2546,#2547,#2548,#2549,#2550));
#1528=EDGE_LOOP('',(#2551,#2552,#2553,#2554,#2555,#2556));
#1529=EDGE_LOOP('',(#2557,#2558,#2559,#2560));
#1530=EDGE_LOOP('',(#2561));
#1531=EDGE_LOOP('',(#2562));
#1532=EDGE_LOOP('',(#2563));
#1533=EDGE_LOOP('',(#2564));
#1534=EDGE_LOOP('',(#2565));
#1535=EDGE_LOOP('',(#2566));
#1536=EDGE_LOOP('',(#2567));
#1537=EDGE_LOOP('',(#2568));
#1538=EDGE_LOOP('',(#2569,#2570,#2571,#2572));
#1539=EDGE_LOOP('',(#2573,#2574,#2575,#2576,#2577,#2578,#2579,#2580,#2581,
#2582,#2583,#2584,#2585,#2586,#2587,#2588));
#1540=EDGE_LOOP('',(#2589,#2590,#2591,#2592,#2593,#2594,#2595,#2596));
#1541=EDGE_LOOP('',(#2597,#2598,#2599,#2600));
#1542=EDGE_LOOP('',(#2601,#2602,#2603,#2604));
#1543=EDGE_LOOP('',(#2605,#2606,#2607,#2608));
#1544=EDGE_LOOP('',(#2609,#2610,#2611,#2612));
#1545=EDGE_LOOP('',(#2613,#2614,#2615));
#1546=EDGE_LOOP('',(#2616));
#1547=EDGE_LOOP('',(#2617,#2618,#2619));
#1548=EDGE_LOOP('',(#2620));
#1549=EDGE_LOOP('',(#2621,#2622,#2623));
#1550=EDGE_LOOP('',(#2624));
#1551=EDGE_LOOP('',(#2625,#2626,#2627));
#1552=EDGE_LOOP('',(#2628));
#1553=EDGE_LOOP('',(#2629,#2630,#2631));
#1554=EDGE_LOOP('',(#2632));
#1555=EDGE_LOOP('',(#2633,#2634,#2635));
#1556=EDGE_LOOP('',(#2636));
#1557=EDGE_LOOP('',(#2637,#2638,#2639));
#1558=EDGE_LOOP('',(#2640));
#1559=EDGE_LOOP('',(#2641,#2642,#2643));
#1560=EDGE_LOOP('',(#2644));
#1561=EDGE_LOOP('',(#2645,#2646,#2647,#2648,#2649,#2650));
#1562=EDGE_LOOP('',(#2651,#2652,#2653,#2654,#2655,#2656));
#1563=EDGE_LOOP('',(#2657,#2658,#2659,#2660,#2661,#2662));
#1564=EDGE_LOOP('',(#2663,#2664,#2665,#2666,#2667,#2668));
#1565=EDGE_LOOP('',(#2669,#2670,#2671,#2672,#2673,#2674));
#1566=EDGE_LOOP('',(#2675,#2676,#2677,#2678,#2679,#2680));
#1567=EDGE_LOOP('',(#2681,#2682,#2683,#2684,#2685,#2686));
#1568=EDGE_LOOP('',(#2687,#2688,#2689,#2690,#2691,#2692));
#1569=EDGE_LOOP('',(#2693,#2694,#2695,#2696,#2697,#2698));
#1570=EDGE_LOOP('',(#2699,#2700,#2701,#2702,#2703,#2704));
#1571=EDGE_LOOP('',(#2705,#2706,#2707,#2708,#2709,#2710));
#1572=EDGE_LOOP('',(#2711,#2712,#2713,#2714,#2715,#2716));
#1573=EDGE_LOOP('',(#2717,#2718,#2719,#2720));
#1574=EDGE_LOOP('',(#2721,#2722,#2723,#2724));
#1575=EDGE_LOOP('',(#2725,#2726,#2727,#2728));
#1576=EDGE_LOOP('',(#2729,#2730,#2731,#2732,#2733,#2734,#2735,#2736));
#1577=EDGE_LOOP('',(#2737,#2738,#2739,#2740));
#1578=EDGE_LOOP('',(#2741,#2742,#2743,#2744));
#1579=EDGE_LOOP('',(#2745,#2746,#2747,#2748));
#1580=EDGE_LOOP('',(#2749,#2750,#2751,#2752));
#1581=EDGE_LOOP('',(#2753,#2754,#2755,#2756,#2757,#2758));
#1582=EDGE_LOOP('',(#2759,#2760,#2761,#2762,#2763,#2764));
#1583=EDGE_LOOP('',(#2765,#2766,#2767,#2768,#2769,#2770));
#1584=EDGE_LOOP('',(#2771,#2772,#2773,#2774,#2775,#2776));
#1585=EDGE_LOOP('',(#2777,#2778,#2779,#2780,#2781,#2782));
#1586=EDGE_LOOP('',(#2783,#2784,#2785,#2786,#2787,#2788));
#1587=EDGE_LOOP('',(#2789,#2790,#2791,#2792,#2793,#2794));
#1588=EDGE_LOOP('',(#2795,#2796,#2797,#2798,#2799,#2800));
#1589=EDGE_LOOP('',(#2801,#2802,#2803,#2804));
#1590=EDGE_LOOP('',(#2805,#2806,#2807,#2808,#2809));
#1591=EDGE_LOOP('',(#2810,#2811,#2812,#2813));
#1592=EDGE_LOOP('',(#2814,#2815,#2816,#2817,#2818));
#1593=EDGE_LOOP('',(#2819,#2820,#2821,#2822,#2823));
#1594=EDGE_LOOP('',(#2824,#2825,#2826,#2827,#2828));
#1595=EDGE_LOOP('',(#2829,#2830,#2831,#2832,#2833));
#1596=EDGE_LOOP('',(#2834,#2835,#2836,#2837,#2838));
#1597=EDGE_LOOP('',(#2839,#2840,#2841,#2842,#2843));
#1598=EDGE_LOOP('',(#2844,#2845,#2846,#2847,#2848));
#1599=EDGE_LOOP('',(#2849,#2850,#2851,#2852,#2853,#2854));
#1600=EDGE_LOOP('',(#2855,#2856,#2857,#2858,#2859,#2860));
#1601=EDGE_LOOP('',(#2861,#2862,#2863,#2864,#2865));
#1602=EDGE_LOOP('',(#2866,#2867,#2868,#2869,#2870));
#1603=EDGE_LOOP('',(#2871,#2872,#2873,#2874));
#1604=EDGE_LOOP('',(#2875,#2876,#2877,#2878));
#1605=EDGE_LOOP('',(#2879,#2880,#2881,#2882,#2883));
#1606=EDGE_LOOP('',(#2884,#2885,#2886,#2887));
#1607=EDGE_LOOP('',(#2888,#2889,#2890,#2891,#2892));
#1608=EDGE_LOOP('',(#2893,#2894,#2895,#2896,#2897));
#1609=EDGE_LOOP('',(#2898,#2899,#2900,#2901,#2902));
#1610=EDGE_LOOP('',(#2903,#2904,#2905,#2906,#2907));
#1611=EDGE_LOOP('',(#2908,#2909,#2910,#2911,#2912));
#1612=EDGE_LOOP('',(#2913,#2914,#2915,#2916,#2917));
#1613=EDGE_LOOP('',(#2918,#2919,#2920,#2921,#2922));
#1614=EDGE_LOOP('',(#2923,#2924,#2925,#2926,#2927));
#1615=EDGE_LOOP('',(#2928,#2929,#2930,#2931,#2932));
#1616=EDGE_LOOP('',(#2933,#2934,#2935,#2936));
#1617=EDGE_LOOP('',(#2937,#2938,#2939,#2940));
#1618=EDGE_LOOP('',(#2941,#2942,#2943));
#1619=EDGE_LOOP('',(#2944,#2945,#2946,#2947,#2948));
#1620=EDGE_LOOP('',(#2949));
#1621=EDGE_LOOP('',(#2950,#2951,#2952,#2953));
#1622=EDGE_LOOP('',(#2954));
#1623=EDGE_LOOP('',(#2955,#2956,#2957,#2958));
#1624=EDGE_LOOP('',(#2959,#2960,#2961,#2962));
#1625=EDGE_LOOP('',(#2963,#2964,#2965,#2966));
#1626=EDGE_LOOP('',(#2967,#2968,#2969,#2970));
#1627=EDGE_LOOP('',(#2971,#2972,#2973,#2974));
#1628=EDGE_LOOP('',(#2975));
#1629=EDGE_LOOP('',(#2976,#2977,#2978,#2979,#2980,#2981,#2982,#2983,#2984,
#2985,#2986,#2987));
#1630=EDGE_LOOP('',(#2988,#2989,#2990,#2991));
#1631=EDGE_LOOP('',(#2992));
#1632=EDGE_LOOP('',(#2993));
#1633=EDGE_LOOP('',(#2994));
#1634=EDGE_LOOP('',(#2995));
#1635=EDGE_LOOP('',(#2996,#2997,#2998,#2999));
#1636=EDGE_LOOP('',(#3000));
#1637=EDGE_LOOP('',(#3001));
#1638=EDGE_LOOP('',(#3002,#3003,#3004,#3005,#3006,#3007,#3008,#3009));
#1639=EDGE_LOOP('',(#3010));
#1640=EDGE_LOOP('',(#3011));
#1641=EDGE_LOOP('',(#3012));
#1642=EDGE_LOOP('',(#3013));
#1643=EDGE_LOOP('',(#3014));
#1644=EDGE_LOOP('',(#3015,#3016,#3017,#3018));
#1645=EDGE_LOOP('',(#3019,#3020,#3021,#3022));
#1646=EDGE_LOOP('',(#3023,#3024,#3025,#3026));
#1647=EDGE_LOOP('',(#3027,#3028,#3029,#3030));
#1648=EDGE_LOOP('',(#3031,#3032,#3033,#3034));
#1649=EDGE_LOOP('',(#3035,#3036,#3037,#3038));
#1650=EDGE_LOOP('',(#3039));
#1651=EDGE_LOOP('',(#3040));
#1652=EDGE_LOOP('',(#3041,#3042,#3043,#3044));
#1653=EDGE_LOOP('',(#3045,#3046,#3047,#3048));
#1654=EDGE_LOOP('',(#3049,#3050,#3051,#3052));
#1655=EDGE_LOOP('',(#3053,#3054,#3055,#3056));
#1656=EDGE_LOOP('',(#3057,#3058,#3059,#3060));
#1657=EDGE_LOOP('',(#3061,#3062,#3063,#3064));
#1658=EDGE_LOOP('',(#3065,#3066,#3067,#3068));
#1659=EDGE_LOOP('',(#3069,#3070,#3071,#3072));
#1660=EDGE_LOOP('',(#3073));
#1661=EDGE_LOOP('',(#3074));
#1662=EDGE_LOOP('',(#3075));
#1663=EDGE_LOOP('',(#3076));
#1664=EDGE_LOOP('',(#3077));
#1665=EDGE_LOOP('',(#3078));
#1666=EDGE_LOOP('',(#3079));
#1667=EDGE_LOOP('',(#3080,#3081,#3082,#3083,#3084,#3085));
#1668=EDGE_LOOP('',(#3086,#3087,#3088,#3089));
#1669=EDGE_LOOP('',(#3090));
#1670=EDGE_LOOP('',(#3091));
#1671=EDGE_LOOP('',(#3092,#3093,#3094,#3095,#3096,#3097));
#1672=EDGE_LOOP('',(#3098));
#1673=EDGE_LOOP('',(#3099,#3100,#3101,#3102));
#1674=EDGE_LOOP('',(#3103,#3104,#3105,#3106));
#1675=EDGE_LOOP('',(#3107,#3108,#3109,#3110));
#1676=EDGE_LOOP('',(#3111,#3112,#3113,#3114));
#1677=EDGE_LOOP('',(#3115,#3116,#3117,#3118));
#1678=EDGE_LOOP('',(#3119,#3120,#3121,#3122));
#1679=EDGE_LOOP('',(#3123,#3124,#3125,#3126));
#1680=EDGE_LOOP('',(#3127,#3128,#3129,#3130));
#1681=EDGE_LOOP('',(#3131,#3132,#3133,#3134));
#1682=EDGE_LOOP('',(#3135,#3136,#3137,#3138));
#1683=EDGE_LOOP('',(#3139,#3140,#3141,#3142));
#1684=EDGE_LOOP('',(#3143,#3144,#3145,#3146,#3147,#3148));
#1685=EDGE_LOOP('',(#3149,#3150,#3151,#3152));
#1686=EDGE_LOOP('',(#3153,#3154,#3155,#3156));
#1687=EDGE_LOOP('',(#3157,#3158,#3159,#3160));
#1688=EDGE_LOOP('',(#3161,#3162,#3163,#3164));
#1689=EDGE_LOOP('',(#3165,#3166,#3167,#3168));
#1690=EDGE_LOOP('',(#3169,#3170,#3171,#3172));
#1691=EDGE_LOOP('',(#3173,#3174,#3175,#3176,#3177,#3178));
#1692=EDGE_LOOP('',(#3179));
#1693=EDGE_LOOP('',(#3180));
#1694=EDGE_LOOP('',(#3181,#3182,#3183,#3184,#3185,#3186));
#1695=EDGE_LOOP('',(#3187));
#1696=EDGE_LOOP('',(#3188));
#1697=EDGE_LOOP('',(#3189,#3190,#3191,#3192));
#1698=EDGE_LOOP('',(#3193,#3194,#3195,#3196));
#1699=EDGE_LOOP('',(#3197,#3198,#3199,#3200));
#1700=EDGE_LOOP('',(#3201,#3202,#3203,#3204));
#1701=EDGE_LOOP('',(#3205,#3206,#3207,#3208));
#1702=EDGE_LOOP('',(#3209,#3210,#3211,#3212));
#1703=EDGE_LOOP('',(#3213,#3214,#3215,#3216,#3217,#3218));
#1704=EDGE_LOOP('',(#3219,#3220,#3221,#3222));
#1705=EDGE_LOOP('',(#3223,#3224,#3225,#3226));
#1706=EDGE_LOOP('',(#3227,#3228,#3229,#3230));
#1707=EDGE_LOOP('',(#3231,#3232,#3233,#3234));
#1708=EDGE_LOOP('',(#3235,#3236,#3237,#3238));
#1709=EDGE_LOOP('',(#3239,#3240,#3241,#3242));
#1710=EDGE_LOOP('',(#3243,#3244,#3245,#3246));
#1711=EDGE_LOOP('',(#3247,#3248,#3249,#3250));
#1712=EDGE_LOOP('',(#3251,#3252,#3253,#3254));
#1713=EDGE_LOOP('',(#3255,#3256,#3257,#3258));
#1714=EDGE_LOOP('',(#3259,#3260,#3261,#3262));
#1715=EDGE_LOOP('',(#3263,#3264,#3265,#3266));
#1716=EDGE_LOOP('',(#3267));
#1717=EDGE_LOOP('',(#3268));
#1718=EDGE_LOOP('',(#3269,#3270,#3271,#3272));
#1719=EDGE_LOOP('',(#3273,#3274,#3275,#3276));
#1720=EDGE_LOOP('',(#3277,#3278,#3279,#3280));
#1721=EDGE_LOOP('',(#3281,#3282,#3283,#3284));
#1722=EDGE_LOOP('',(#3285,#3286,#3287,#3288));
#1723=EDGE_LOOP('',(#3289,#3290,#3291,#3292));
#1724=EDGE_LOOP('',(#3293,#3294,#3295,#3296,#3297,#3298));
#1725=EDGE_LOOP('',(#3299));
#1726=EDGE_LOOP('',(#3300,#3301,#3302,#3303,#3304,#3305));
#1727=EDGE_LOOP('',(#3306));
#1728=EDGE_LOOP('',(#3307));
#1729=EDGE_LOOP('',(#3308));
#1730=EDGE_LOOP('',(#3309));
#1731=EDGE_LOOP('',(#3310));
#1732=EDGE_LOOP('',(#3311));
#1733=EDGE_LOOP('',(#3312));
#1734=EDGE_LOOP('',(#3313));
#1735=EDGE_LOOP('',(#3314));
#1736=EDGE_LOOP('',(#3315));
#1737=EDGE_LOOP('',(#3316));
#1738=EDGE_LOOP('',(#3317));
#1739=EDGE_LOOP('',(#3318));
#1740=EDGE_LOOP('',(#3319,#3320,#3321,#3322));
#1741=EDGE_LOOP('',(#3323,#3324,#3325,#3326));
#1742=EDGE_LOOP('',(#3327,#3328,#3329,#3330));
#1743=EDGE_LOOP('',(#3331,#3332,#3333,#3334));
#1744=EDGE_LOOP('',(#3335,#3336,#3337,#3338));
#1745=EDGE_LOOP('',(#3339,#3340,#3341,#3342));
#1746=EDGE_LOOP('',(#3343,#3344,#3345,#3346));
#1747=EDGE_LOOP('',(#3347,#3348,#3349,#3350,#3351,#3352));
#1748=EDGE_LOOP('',(#3353,#3354,#3355,#3356));
#1749=EDGE_LOOP('',(#3357));
#1750=EDGE_LOOP('',(#3358));
#1751=EDGE_LOOP('',(#3359));
#1752=EDGE_LOOP('',(#3360));
#1753=EDGE_LOOP('',(#3361));
#1754=EDGE_LOOP('',(#3362));
#1755=EDGE_LOOP('',(#3363));
#1756=EDGE_LOOP('',(#3364));
#1757=EDGE_LOOP('',(#3365,#3366,#3367,#3368));
#1758=EDGE_LOOP('',(#3369));
#1759=EDGE_LOOP('',(#3370));
#1760=EDGE_LOOP('',(#3371));
#1761=EDGE_LOOP('',(#3372));
#1762=EDGE_LOOP('',(#3373));
#1763=EDGE_LOOP('',(#3374));
#1764=EDGE_LOOP('',(#3375,#3376,#3377,#3378));
#1765=EDGE_LOOP('',(#3379));
#1766=EDGE_LOOP('',(#3380));
#1767=EDGE_LOOP('',(#3381));
#1768=EDGE_LOOP('',(#3382));
#1769=EDGE_LOOP('',(#3383));
#1770=EDGE_LOOP('',(#3384));
#1771=EDGE_LOOP('',(#3385));
#1772=EDGE_LOOP('',(#3386));
#1773=EDGE_LOOP('',(#3387));
#1774=EDGE_LOOP('',(#3388,#3389,#3390,#3391));
#1775=EDGE_LOOP('',(#3392));
#1776=EDGE_LOOP('',(#3393));
#1777=EDGE_LOOP('',(#3394));
#1778=EDGE_LOOP('',(#3395));
#1779=EDGE_LOOP('',(#3396));
#1780=EDGE_LOOP('',(#3397));
#1781=EDGE_LOOP('',(#3398));
#1782=EDGE_LOOP('',(#3399));
#1783=EDGE_LOOP('',(#3400));
#1784=EDGE_LOOP('',(#3401));
#1785=EDGE_LOOP('',(#3402));
#1786=EDGE_LOOP('',(#3403));
#1787=EDGE_LOOP('',(#3404));
#1788=EDGE_LOOP('',(#3405));
#1789=EDGE_LOOP('',(#3406));
#1790=EDGE_LOOP('',(#3407));
#1791=EDGE_LOOP('',(#3408));
#1792=EDGE_LOOP('',(#3409));
#1793=EDGE_LOOP('',(#3410));
#1794=EDGE_LOOP('',(#3411));
#1795=EDGE_LOOP('',(#3412));
#1796=EDGE_LOOP('',(#3413));
#1797=EDGE_LOOP('',(#3414));
#1798=EDGE_LOOP('',(#3415));
#1799=EDGE_LOOP('',(#3416));
#1800=EDGE_LOOP('',(#3417));
#1801=EDGE_LOOP('',(#3418));
#1802=EDGE_LOOP('',(#3419));
#1803=EDGE_LOOP('',(#3420));
#1804=EDGE_LOOP('',(#3421,#3422,#3423,#3424));
#1805=EDGE_LOOP('',(#3425,#3426,#3427,#3428));
#1806=EDGE_LOOP('',(#3429,#3430,#3431,#3432));
#1807=EDGE_LOOP('',(#3433,#3434,#3435));
#1808=EDGE_LOOP('',(#3436,#3437,#3438,#3439));
#1809=EDGE_LOOP('',(#3440,#3441,#3442,#3443));
#1810=EDGE_LOOP('',(#3444,#3445,#3446));
#1811=EDGE_LOOP('',(#3447,#3448,#3449));
#1812=EDGE_LOOP('',(#3450,#3451,#3452,#3453));
#1813=EDGE_LOOP('',(#3454,#3455,#3456,#3457));
#1814=EDGE_LOOP('',(#3458,#3459,#3460,#3461));
#1815=EDGE_LOOP('',(#3462,#3463,#3464));
#1816=EDGE_LOOP('',(#3465,#3466,#3467,#3468));
#1817=EDGE_LOOP('',(#3469,#3470,#3471,#3472,#3473,#3474,#3475,#3476,#3477,
#3478,#3479,#3480));
#1818=EDGE_LOOP('',(#3481,#3482,#3483,#3484,#3485,#3486));
#1819=EDGE_LOOP('',(#3487,#3488,#3489,#3490));
#1820=EDGE_LOOP('',(#3491,#3492,#3493,#3494));
#1821=EDGE_LOOP('',(#3495,#3496,#3497,#3498,#3499,#3500));
#1822=EDGE_LOOP('',(#3501));
#1823=EDGE_LOOP('',(#3502));
#1824=EDGE_LOOP('',(#3503));
#1825=EDGE_LOOP('',(#3504));
#1826=EDGE_LOOP('',(#3505,#3506,#3507,#3508));
#1827=EDGE_LOOP('',(#3509,#3510,#3511,#3512));
#1828=EDGE_LOOP('',(#3513,#3514,#3515,#3516));
#1829=EDGE_LOOP('',(#3517,#3518));
#1830=EDGE_LOOP('',(#3519));
#1831=EDGE_LOOP('',(#3520,#3521,#3522,#3523));
#1832=EDGE_LOOP('',(#3524));
#1833=EDGE_LOOP('',(#3525,#3526,#3527,#3528));
#1834=EDGE_LOOP('',(#3529));
#1835=EDGE_LOOP('',(#3530,#3531,#3532,#3533));
#1836=EDGE_LOOP('',(#3534,#3535));
#1837=EDGE_LOOP('',(#3536));
#1838=EDGE_LOOP('',(#3537,#3538,#3539,#3540,#3541,#3542,#3543,#3544,#3545,
#3546,#3547,#3548));
#1839=EDGE_LOOP('',(#3549,#3550,#3551,#3552,#3553,#3554,#3555,#3556));
#1840=EDGE_LOOP('',(#3557));
#1841=EDGE_LOOP('',(#3558));
#1842=EDGE_LOOP('',(#3559));
#1843=EDGE_LOOP('',(#3560));
#1844=EDGE_LOOP('',(#3561));
#1845=EDGE_LOOP('',(#3562));
#1846=EDGE_LOOP('',(#3563,#3564,#3565,#3566));
#1847=EDGE_LOOP('',(#3567,#3568,#3569,#3570));
#1848=EDGE_LOOP('',(#3571,#3572,#3573,#3574));
#1849=EDGE_LOOP('',(#3575,#3576,#3577,#3578));
#1850=EDGE_LOOP('',(#3579,#3580,#3581,#3582,#3583,#3584));
#1851=EDGE_LOOP('',(#3585));
#1852=EDGE_LOOP('',(#3586));
#1853=EDGE_LOOP('',(#3587,#3588,#3589,#3590,#3591,#3592));
#1854=EDGE_LOOP('',(#3593,#3594,#3595,#3596));
#1855=EDGE_LOOP('',(#3597,#3598,#3599,#3600));
#1856=EDGE_LOOP('',(#3601,#3602,#3603));
#1857=EDGE_LOOP('',(#3604,#3605,#3606,#3607));
#1858=EDGE_LOOP('',(#3608,#3609,#3610,#3611));
#1859=EDGE_LOOP('',(#3612,#3613,#3614,#3615,#3616,#3617));
#1860=EDGE_LOOP('',(#3618,#3619,#3620,#3621));
#1861=EDGE_LOOP('',(#3622,#3623,#3624));
#1862=EDGE_LOOP('',(#3625,#3626,#3627));
#1863=EDGE_LOOP('',(#3628,#3629,#3630,#3631,#3632,#3633));
#1864=EDGE_LOOP('',(#3634,#3635,#3636,#3637));
#1865=EDGE_LOOP('',(#3638,#3639,#3640));
#1866=EDGE_LOOP('',(#3641,#3642,#3643,#3644));
#1867=EDGE_LOOP('',(#3645,#3646,#3647,#3648,#3649,#3650));
#1868=EDGE_LOOP('',(#3651,#3652,#3653,#3654));
#1869=EDGE_LOOP('',(#3655,#3656,#3657,#3658,#3659,#3660));
#1870=EDGE_LOOP('',(#3661,#3662,#3663,#3664));
#1871=EDGE_LOOP('',(#3665,#3666,#3667,#3668,#3669,#3670));
#1872=EDGE_LOOP('',(#3671,#3672,#3673,#3674,#3675,#3676));
#1873=EDGE_LOOP('',(#3677,#3678,#3679,#3680));
#1874=EDGE_LOOP('',(#3681,#3682,#3683,#3684));
#1875=EDGE_LOOP('',(#3685));
#1876=EDGE_LOOP('',(#3686));
#1877=EDGE_LOOP('',(#3687));
#1878=EDGE_LOOP('',(#3688));
#1879=CIRCLE('',#5910,2.);
#1880=CIRCLE('',#5914,4.);
#1881=CIRCLE('',#5915,4.);
#1882=CIRCLE('',#5916,4.);
#1883=CIRCLE('',#5917,4.);
#1884=CIRCLE('',#5919,2.);
#1885=CIRCLE('',#5922,5.);
#1886=CIRCLE('',#5923,5.);
#1887=CIRCLE('',#5931,1.25);
#1888=CIRCLE('',#5932,1.25);
#1889=CIRCLE('',#5933,1.25);
#1890=CIRCLE('',#5934,1.25);
#1891=CIRCLE('',#5935,1.25);
#1892=CIRCLE('',#5936,1.25);
#1893=CIRCLE('',#5937,5.);
#1894=CIRCLE('',#5939,1.25);
#1895=CIRCLE('',#5940,1.25);
#1896=CIRCLE('',#5941,1.25);
#1897=CIRCLE('',#5942,1.25);
#1898=CIRCLE('',#5943,1.25);
#1899=CIRCLE('',#5944,1.25);
#1900=CIRCLE('',#5945,5.);
#1901=CIRCLE('',#5955,1.25);
#1902=CIRCLE('',#5956,1.25);
#1903=CIRCLE('',#5957,1.25);
#1904=CIRCLE('',#5958,1.25);
#1905=CIRCLE('',#5959,1.25);
#1906=CIRCLE('',#5960,1.25);
#1907=CIRCLE('',#5961,1.25);
#1908=CIRCLE('',#5962,1.25);
#1909=CIRCLE('',#5967,1.25);
#1910=CIRCLE('',#5968,1.25);
#1911=CIRCLE('',#5969,1.25);
#1912=CIRCLE('',#5970,1.25);
#1913=CIRCLE('',#5971,1.25);
#1914=CIRCLE('',#5972,1.25);
#1915=CIRCLE('',#5973,1.25);
#1916=CIRCLE('',#5974,1.25);
#1917=CIRCLE('',#6016,1.5);
#1918=CIRCLE('',#6017,1.5);
#1919=CIRCLE('',#6018,1.5);
#1920=CIRCLE('',#6019,1.5);
#1921=CIRCLE('',#6020,1.5);
#1922=CIRCLE('',#6021,1.5);
#1923=CIRCLE('',#6022,1.5);
#1924=CIRCLE('',#6023,1.5);
#1925=CIRCLE('',#6024,1.);
#1926=CIRCLE('',#6025,1.);
#1927=CIRCLE('',#6026,1.);
#1928=CIRCLE('',#6027,1.);
#1929=CIRCLE('',#6029,1.5);
#1930=CIRCLE('',#6030,1.5);
#1931=CIRCLE('',#6031,1.5);
#1932=CIRCLE('',#6032,1.5);
#1933=CIRCLE('',#6033,1.5);
#1934=CIRCLE('',#6034,1.5);
#1935=CIRCLE('',#6035,1.5);
#1936=CIRCLE('',#6036,1.5);
#1937=CIRCLE('',#6094,1.5);
#1938=CIRCLE('',#6095,1.5);
#1939=CIRCLE('',#6096,1.5);
#1940=CIRCLE('',#6097,1.5);
#1941=CIRCLE('',#6098,1.5);
#1942=CIRCLE('',#6099,1.5);
#1943=CIRCLE('',#6100,1.5);
#1944=CIRCLE('',#6101,1.5);
#1945=CIRCLE('',#6103,1.5);
#1946=CIRCLE('',#6104,1.5);
#1947=CIRCLE('',#6105,1.5);
#1948=CIRCLE('',#6106,1.5);
#1949=CIRCLE('',#6107,1.5);
#1950=CIRCLE('',#6108,1.5);
#1951=CIRCLE('',#6109,1.5);
#1952=CIRCLE('',#6110,1.5);
#1953=CIRCLE('',#6111,1.);
#1954=CIRCLE('',#6112,1.);
#1955=CIRCLE('',#6113,1.);
#1956=CIRCLE('',#6114,1.);
#1957=CIRCLE('',#6173,1.);
#1958=CIRCLE('',#6174,1.);
#1959=CIRCLE('',#6175,1.);
#1960=CIRCLE('',#6176,1.);
#1961=CIRCLE('',#6218,1.);
#1962=CIRCLE('',#6220,1.);
#1963=CIRCLE('',#6222,1.);
#1964=CIRCLE('',#6224,1.);
#1965=CIRCLE('',#6226,1.);
#1966=CIRCLE('',#6228,1.);
#1967=CIRCLE('',#6239,1.);
#1968=CIRCLE('',#6241,1.);
#1969=CIRCLE('',#6243,1.);
#1970=CIRCLE('',#6246,1.25);
#1971=CIRCLE('',#6247,3.);
#1972=CIRCLE('',#6248,12.5);
#1973=CIRCLE('',#6250,1.25);
#1974=CIRCLE('',#6251,3.);
#1975=CIRCLE('',#6252,12.5);
#1976=CIRCLE('',#6256,3.5);
#1977=CIRCLE('',#6257,3.5);
#1978=CIRCLE('',#6260,12.5);
#1979=CIRCLE('',#6261,12.5);
#1980=CIRCLE('',#6264,12.5);
#1981=CIRCLE('',#6269,5.);
#1982=CIRCLE('',#6270,5.);
#1983=CIRCLE('',#6272,1.25);
#1984=CIRCLE('',#6274,3.5);
#1985=CIRCLE('',#6275,3.5);
#1986=CIRCLE('',#6277,1.25);
#1987=CIRCLE('',#6279,12.);
#1988=CIRCLE('',#6280,3.);
#1989=CIRCLE('',#6281,12.);
#1990=CIRCLE('',#6282,3.);
#1991=CIRCLE('',#6284,12.);
#1992=CIRCLE('',#6301,9.50000000000001);
#1993=CIRCLE('',#6302,9.50000000000001);
#1994=CIRCLE('',#6304,9.00000000000001);
#1995=CIRCLE('',#6308,3.8);
#1996=CIRCLE('',#6310,3.8);
#1997=CIRCLE('',#6311,3.8);
#1998=CIRCLE('',#6312,3.8);
#1999=CIRCLE('',#6334,3.8);
#2000=CIRCLE('',#6335,3.8);
#2001=CIRCLE('',#6370,3.8);
#2002=CIRCLE('',#6371,3.8);
#2003=CIRCLE('',#6381,4.7);
#2004=CIRCLE('',#6382,4.7);
#2005=CIRCLE('',#6384,3.5);
#2006=CIRCLE('',#6387,3.5);
#2007=CIRCLE('',#6389,2.61);
#2008=CIRCLE('',#6391,2.61);
#2009=CIRCLE('',#6407,1.);
#2010=CIRCLE('',#6408,1.);
#2011=CIRCLE('',#6411,5.);
#2012=CIRCLE('',#6412,5.);
#2013=CIRCLE('',#6414,1.25);
#2014=CIRCLE('',#6415,1.25);
#2015=CIRCLE('',#6417,1.25);
#2016=CIRCLE('',#6418,1.25);
#2017=CIRCLE('',#6420,1.25);
#2018=CIRCLE('',#6421,1.25);
#2019=CIRCLE('',#6424,1.25);
#2020=CIRCLE('',#6425,1.25);
#2021=CIRCLE('',#6427,1.5);
#2022=CIRCLE('',#6428,1.5);
#2023=CIRCLE('',#6429,1.5);
#2024=CIRCLE('',#6430,1.5);
#2025=CIRCLE('',#6432,1.5);
#2026=CIRCLE('',#6433,1.5);
#2027=CIRCLE('',#6434,1.5);
#2028=CIRCLE('',#6435,1.5);
#2029=CIRCLE('',#6437,1.25);
#2030=CIRCLE('',#6438,1.25);
#2031=CIRCLE('',#6442,1.25);
#2032=CIRCLE('',#6443,1.25);
#2033=CIRCLE('',#6447,1.25);
#2034=CIRCLE('',#6448,1.25);
#2035=CIRCLE('',#6452,1.25);
#2036=CIRCLE('',#6453,1.25);
#2037=CIRCLE('',#6457,1.);
#2038=CIRCLE('',#6459,1.);
#2039=CIRCLE('',#6460,1.);
#2040=CIRCLE('',#6462,1.);
#2041=CIRCLE('',#6464,1.);
#2042=CIRCLE('',#6465,1.);
#2043=CIRCLE('',#6467,1.);
#2044=CIRCLE('',#6469,1.);
#2045=CIRCLE('',#6471,1.);
#2046=CIRCLE('',#6473,1.);
#2047=CIRCLE('',#6477,1.);
#2048=CIRCLE('',#6481,1.);
#2049=CIRCLE('',#6484,1.5);
#2050=CIRCLE('',#6485,3.);
#2051=CIRCLE('',#6486,3.);
#2052=CIRCLE('',#6487,1.5);
#2053=CIRCLE('',#6488,3.);
#2054=CIRCLE('',#6489,1.5);
#2055=CIRCLE('',#6493,2.);
#2056=CIRCLE('',#6494,2.);
#2057=CIRCLE('',#6497,1.5);
#2058=CIRCLE('',#6498,1.5);
#2059=CIRCLE('',#6500,3.75);
#2060=CIRCLE('',#6501,3.75);
#2061=CIRCLE('',#6506,1.5);
#2062=CIRCLE('',#6508,1.5);
#2063=CIRCLE('',#6509,1.5);
#2064=CIRCLE('',#6511,1.5);
#2065=CIRCLE('',#6512,1.5);
#2066=CIRCLE('',#6515,1.5);
#2067=CIRCLE('',#6516,1.5);
#2068=CIRCLE('',#6518,3.);
#2069=CIRCLE('',#6519,3.);
#2070=CIRCLE('',#6520,3.);
#2071=CIRCLE('',#6522,1.);
#2072=CIRCLE('',#6523,1.);
#2073=CIRCLE('',#6524,1.);
#2074=CIRCLE('',#6525,1.);
#2075=CIRCLE('',#6527,2.);
#2076=CIRCLE('',#6528,2.);
#2077=CIRCLE('',#6530,2.);
#2078=CIRCLE('',#6531,2.);
#2079=CIRCLE('',#6534,2.);
#2080=CIRCLE('',#6535,2.);
#2081=CIRCLE('',#6538,2.5);
#2082=CIRCLE('',#6541,1.);
#2083=CIRCLE('',#6543,1.);
#2084=CIRCLE('',#6544,1.);
#2085=CIRCLE('',#6546,1.);
#2086=CIRCLE('',#6548,1.);
#2087=CIRCLE('',#6550,1.);
#2088=CIRCLE('',#6552,1.);
#2089=CIRCLE('',#6554,1.);
#2090=CIRCLE('',#6556,1.);
#2091=CIRCLE('',#6558,1.);
#2092=CIRCLE('',#6560,1.);
#2093=CIRCLE('',#6562,1.);
#2094=CIRCLE('',#6565,1.);
#2095=CIRCLE('',#6566,1.);
#2096=CIRCLE('',#6568,1.);
#2097=CIRCLE('',#6570,1.);
#2098=CIRCLE('',#6572,1.);
#2099=CIRCLE('',#6574,1.);
#2100=CIRCLE('',#6576,1.);
#2101=CIRCLE('',#6578,1.);
#2102=CIRCLE('',#6581,2.5);
#2103=ORIENTED_EDGE('',*,*,#4222,.T.);
#2104=ORIENTED_EDGE('',*,*,#4223,.T.);
#2105=ORIENTED_EDGE('',*,*,#4224,.T.);
#2106=ORIENTED_EDGE('',*,*,#4225,.T.);
#2107=ORIENTED_EDGE('',*,*,#4226,.F.);
#2108=ORIENTED_EDGE('',*,*,#4227,.T.);
#2109=ORIENTED_EDGE('',*,*,#4228,.T.);
#2110=ORIENTED_EDGE('',*,*,#4229,.T.);
#2111=ORIENTED_EDGE('',*,*,#4230,.T.);
#2112=ORIENTED_EDGE('',*,*,#4231,.F.);
#2113=ORIENTED_EDGE('',*,*,#4232,.F.);
#2114=ORIENTED_EDGE('',*,*,#4233,.T.);
#2115=ORIENTED_EDGE('',*,*,#4234,.T.);
#2116=ORIENTED_EDGE('',*,*,#4235,.T.);
#2117=ORIENTED_EDGE('',*,*,#4236,.T.);
#2118=ORIENTED_EDGE('',*,*,#4237,.T.);
#2119=ORIENTED_EDGE('',*,*,#4238,.T.);
#2120=ORIENTED_EDGE('',*,*,#4239,.T.);
#2121=ORIENTED_EDGE('',*,*,#4240,.F.);
#2122=ORIENTED_EDGE('',*,*,#4241,.T.);
#2123=ORIENTED_EDGE('',*,*,#4242,.T.);
#2124=ORIENTED_EDGE('',*,*,#4243,.T.);
#2125=ORIENTED_EDGE('',*,*,#4244,.F.);
#2126=ORIENTED_EDGE('',*,*,#4245,.T.);
#2127=ORIENTED_EDGE('',*,*,#4246,.T.);
#2128=ORIENTED_EDGE('',*,*,#4247,.T.);
#2129=ORIENTED_EDGE('',*,*,#4248,.T.);
#2130=ORIENTED_EDGE('',*,*,#4249,.T.);
#2131=ORIENTED_EDGE('',*,*,#4250,.T.);
#2132=ORIENTED_EDGE('',*,*,#4251,.T.);
#2133=ORIENTED_EDGE('',*,*,#4252,.T.);
#2134=ORIENTED_EDGE('',*,*,#4253,.T.);
#2135=ORIENTED_EDGE('',*,*,#4254,.T.);
#2136=ORIENTED_EDGE('',*,*,#4255,.F.);
#2137=ORIENTED_EDGE('',*,*,#4256,.T.);
#2138=ORIENTED_EDGE('',*,*,#4257,.T.);
#2139=ORIENTED_EDGE('',*,*,#4258,.T.);
#2140=ORIENTED_EDGE('',*,*,#4259,.T.);
#2141=ORIENTED_EDGE('',*,*,#4260,.T.);
#2142=ORIENTED_EDGE('',*,*,#4261,.T.);
#2143=ORIENTED_EDGE('',*,*,#4262,.T.);
#2144=ORIENTED_EDGE('',*,*,#4263,.F.);
#2145=ORIENTED_EDGE('',*,*,#4264,.F.);
#2146=ORIENTED_EDGE('',*,*,#4265,.T.);
#2147=ORIENTED_EDGE('',*,*,#4266,.T.);
#2148=ORIENTED_EDGE('',*,*,#4267,.T.);
#2149=ORIENTED_EDGE('',*,*,#4268,.T.);
#2150=ORIENTED_EDGE('',*,*,#4269,.F.);
#2151=ORIENTED_EDGE('',*,*,#4270,.T.);
#2152=ORIENTED_EDGE('',*,*,#4271,.T.);
#2153=ORIENTED_EDGE('',*,*,#4272,.T.);
#2154=ORIENTED_EDGE('',*,*,#4273,.T.);
#2155=ORIENTED_EDGE('',*,*,#4274,.T.);
#2156=ORIENTED_EDGE('',*,*,#4275,.T.);
#2157=ORIENTED_EDGE('',*,*,#4276,.T.);
#2158=ORIENTED_EDGE('',*,*,#4250,.F.);
#2159=ORIENTED_EDGE('',*,*,#4277,.F.);
#2160=ORIENTED_EDGE('',*,*,#4278,.F.);
#2161=ORIENTED_EDGE('',*,*,#4279,.F.);
#2162=ORIENTED_EDGE('',*,*,#4280,.T.);
#2163=ORIENTED_EDGE('',*,*,#4281,.T.);
#2164=ORIENTED_EDGE('',*,*,#4282,.T.);
#2165=ORIENTED_EDGE('',*,*,#4283,.T.);
#2166=ORIENTED_EDGE('',*,*,#4284,.T.);
#2167=ORIENTED_EDGE('',*,*,#4285,.T.);
#2168=ORIENTED_EDGE('',*,*,#4286,.T.);
#2169=ORIENTED_EDGE('',*,*,#4287,.T.);
#2170=ORIENTED_EDGE('',*,*,#4288,.T.);
#2171=ORIENTED_EDGE('',*,*,#4289,.T.);
#2172=ORIENTED_EDGE('',*,*,#4290,.T.);
#2173=ORIENTED_EDGE('',*,*,#4291,.T.);
#2174=ORIENTED_EDGE('',*,*,#4292,.T.);
#2175=ORIENTED_EDGE('',*,*,#4293,.T.);
#2176=ORIENTED_EDGE('',*,*,#4294,.T.);
#2177=ORIENTED_EDGE('',*,*,#4295,.T.);
#2178=ORIENTED_EDGE('',*,*,#4296,.T.);
#2179=ORIENTED_EDGE('',*,*,#4297,.T.);
#2180=ORIENTED_EDGE('',*,*,#4298,.F.);
#2181=ORIENTED_EDGE('',*,*,#4299,.F.);
#2182=ORIENTED_EDGE('',*,*,#4300,.T.);
#2183=ORIENTED_EDGE('',*,*,#4301,.T.);
#2184=ORIENTED_EDGE('',*,*,#4302,.T.);
#2185=ORIENTED_EDGE('',*,*,#4303,.F.);
#2186=ORIENTED_EDGE('',*,*,#4304,.F.);
#2187=ORIENTED_EDGE('',*,*,#4305,.T.);
#2188=ORIENTED_EDGE('',*,*,#4306,.T.);
#2189=ORIENTED_EDGE('',*,*,#4307,.T.);
#2190=ORIENTED_EDGE('',*,*,#4308,.F.);
#2191=ORIENTED_EDGE('',*,*,#4309,.F.);
#2192=ORIENTED_EDGE('',*,*,#4310,.F.);
#2193=ORIENTED_EDGE('',*,*,#4311,.F.);
#2194=ORIENTED_EDGE('',*,*,#4312,.F.);
#2195=ORIENTED_EDGE('',*,*,#4313,.F.);
#2196=ORIENTED_EDGE('',*,*,#4314,.F.);
#2197=ORIENTED_EDGE('',*,*,#4315,.F.);
#2198=ORIENTED_EDGE('',*,*,#4253,.F.);
#2199=ORIENTED_EDGE('',*,*,#4316,.T.);
#2200=ORIENTED_EDGE('',*,*,#4306,.F.);
#2201=ORIENTED_EDGE('',*,*,#4317,.F.);
#2202=ORIENTED_EDGE('',*,*,#4303,.T.);
#2203=ORIENTED_EDGE('',*,*,#4318,.T.);
#2204=ORIENTED_EDGE('',*,*,#4319,.T.);
#2205=ORIENTED_EDGE('',*,*,#4320,.F.);
#2206=ORIENTED_EDGE('',*,*,#4321,.F.);
#2207=ORIENTED_EDGE('',*,*,#4322,.T.);
#2208=ORIENTED_EDGE('',*,*,#4277,.T.);
#2209=ORIENTED_EDGE('',*,*,#4323,.F.);
#2210=ORIENTED_EDGE('',*,*,#4324,.F.);
#2211=ORIENTED_EDGE('',*,*,#4325,.F.);
#2212=ORIENTED_EDGE('',*,*,#4326,.F.);
#2213=ORIENTED_EDGE('',*,*,#4327,.F.);
#2214=ORIENTED_EDGE('',*,*,#4328,.F.);
#2215=ORIENTED_EDGE('',*,*,#4251,.F.);
#2216=ORIENTED_EDGE('',*,*,#4279,.T.);
#2217=ORIENTED_EDGE('',*,*,#4329,.F.);
#2218=ORIENTED_EDGE('',*,*,#4330,.F.);
#2219=ORIENTED_EDGE('',*,*,#4331,.T.);
#2220=ORIENTED_EDGE('',*,*,#4332,.T.);
#2221=ORIENTED_EDGE('',*,*,#4333,.F.);
#2222=ORIENTED_EDGE('',*,*,#4305,.F.);
#2223=ORIENTED_EDGE('',*,*,#4334,.F.);
#2224=ORIENTED_EDGE('',*,*,#4308,.T.);
#2225=ORIENTED_EDGE('',*,*,#4335,.T.);
#2226=ORIENTED_EDGE('',*,*,#4333,.T.);
#2227=ORIENTED_EDGE('',*,*,#4336,.T.);
#2228=ORIENTED_EDGE('',*,*,#4318,.F.);
#2229=ORIENTED_EDGE('',*,*,#4302,.F.);
#2230=ORIENTED_EDGE('',*,*,#4329,.T.);
#2231=ORIENTED_EDGE('',*,*,#4278,.T.);
#2232=ORIENTED_EDGE('',*,*,#4322,.F.);
#2233=ORIENTED_EDGE('',*,*,#4337,.F.);
#2234=ORIENTED_EDGE('',*,*,#4331,.F.);
#2235=ORIENTED_EDGE('',*,*,#4338,.F.);
#2236=ORIENTED_EDGE('',*,*,#4320,.T.);
#2237=ORIENTED_EDGE('',*,*,#4339,.T.);
#2238=ORIENTED_EDGE('',*,*,#4252,.F.);
#2239=ORIENTED_EDGE('',*,*,#4335,.F.);
#2240=ORIENTED_EDGE('',*,*,#4307,.F.);
#2241=ORIENTED_EDGE('',*,*,#4316,.F.);
#2242=ORIENTED_EDGE('',*,*,#4340,.T.);
#2243=ORIENTED_EDGE('',*,*,#4341,.T.);
#2244=ORIENTED_EDGE('',*,*,#4237,.F.);
#2245=ORIENTED_EDGE('',*,*,#4342,.T.);
#2246=ORIENTED_EDGE('',*,*,#4343,.T.);
#2247=ORIENTED_EDGE('',*,*,#4343,.F.);
#2248=ORIENTED_EDGE('',*,*,#4344,.T.);
#2249=ORIENTED_EDGE('',*,*,#4345,.T.);
#2250=ORIENTED_EDGE('',*,*,#4346,.T.);
#2251=ORIENTED_EDGE('',*,*,#4345,.F.);
#2252=ORIENTED_EDGE('',*,*,#4347,.T.);
#2253=ORIENTED_EDGE('',*,*,#4240,.T.);
#2254=ORIENTED_EDGE('',*,*,#4348,.T.);
#2255=ORIENTED_EDGE('',*,*,#4349,.T.);
#2256=ORIENTED_EDGE('',*,*,#4350,.T.);
#2257=ORIENTED_EDGE('',*,*,#4351,.T.);
#2258=ORIENTED_EDGE('',*,*,#4352,.T.);
#2259=ORIENTED_EDGE('',*,*,#4353,.T.);
#2260=ORIENTED_EDGE('',*,*,#4354,.T.);
#2261=ORIENTED_EDGE('',*,*,#4355,.T.);
#2262=ORIENTED_EDGE('',*,*,#4356,.T.);
#2263=ORIENTED_EDGE('',*,*,#4357,.T.);
#2264=ORIENTED_EDGE('',*,*,#4358,.T.);
#2265=ORIENTED_EDGE('',*,*,#4359,.T.);
#2266=ORIENTED_EDGE('',*,*,#4360,.T.);
#2267=ORIENTED_EDGE('',*,*,#4254,.F.);
#2268=ORIENTED_EDGE('',*,*,#4244,.T.);
#2269=ORIENTED_EDGE('',*,*,#4361,.T.);
#2270=ORIENTED_EDGE('',*,*,#4362,.F.);
#2271=ORIENTED_EDGE('',*,*,#4363,.T.);
#2272=ORIENTED_EDGE('',*,*,#4362,.T.);
#2273=ORIENTED_EDGE('',*,*,#4364,.T.);
#2274=ORIENTED_EDGE('',*,*,#4365,.F.);
#2275=ORIENTED_EDGE('',*,*,#4366,.T.);
#2276=ORIENTED_EDGE('',*,*,#4365,.T.);
#2277=ORIENTED_EDGE('',*,*,#4367,.T.);
#2278=ORIENTED_EDGE('',*,*,#4246,.F.);
#2279=ORIENTED_EDGE('',*,*,#4368,.T.);
#2280=ORIENTED_EDGE('',*,*,#4369,.T.);
#2281=ORIENTED_EDGE('',*,*,#4370,.T.);
#2282=ORIENTED_EDGE('',*,*,#4371,.T.);
#2283=ORIENTED_EDGE('',*,*,#4372,.T.);
#2284=ORIENTED_EDGE('',*,*,#4373,.T.);
#2285=ORIENTED_EDGE('',*,*,#4374,.T.);
#2286=ORIENTED_EDGE('',*,*,#4375,.T.);
#2287=ORIENTED_EDGE('',*,*,#4376,.T.);
#2288=ORIENTED_EDGE('',*,*,#4377,.T.);
#2289=ORIENTED_EDGE('',*,*,#4378,.T.);
#2290=ORIENTED_EDGE('',*,*,#4379,.T.);
#2291=ORIENTED_EDGE('',*,*,#4380,.T.);
#2292=ORIENTED_EDGE('',*,*,#4255,.T.);
#2293=ORIENTED_EDGE('',*,*,#4273,.F.);
#2294=ORIENTED_EDGE('',*,*,#4381,.T.);
#2295=ORIENTED_EDGE('',*,*,#4241,.F.);
#2296=ORIENTED_EDGE('',*,*,#4347,.F.);
#2297=ORIENTED_EDGE('',*,*,#4382,.F.);
#2298=ORIENTED_EDGE('',*,*,#4258,.F.);
#2299=ORIENTED_EDGE('',*,*,#4383,.T.);
#2300=ORIENTED_EDGE('',*,*,#4249,.F.);
#2301=ORIENTED_EDGE('',*,*,#4384,.T.);
#2302=ORIENTED_EDGE('',*,*,#4294,.F.);
#2303=ORIENTED_EDGE('',*,*,#4385,.T.);
#2304=ORIENTED_EDGE('',*,*,#4261,.F.);
#2305=ORIENTED_EDGE('',*,*,#4386,.F.);
#2306=ORIENTED_EDGE('',*,*,#4382,.T.);
#2307=ORIENTED_EDGE('',*,*,#4344,.F.);
#2308=ORIENTED_EDGE('',*,*,#4387,.F.);
#2309=ORIENTED_EDGE('',*,*,#4259,.F.);
#2310=ORIENTED_EDGE('',*,*,#4386,.T.);
#2311=ORIENTED_EDGE('',*,*,#4260,.F.);
#2312=ORIENTED_EDGE('',*,*,#4387,.T.);
#2313=ORIENTED_EDGE('',*,*,#4342,.F.);
#2314=ORIENTED_EDGE('',*,*,#4239,.F.);
#2315=ORIENTED_EDGE('',*,*,#4388,.T.);
#2316=ORIENTED_EDGE('',*,*,#4389,.T.);
#2317=ORIENTED_EDGE('',*,*,#4390,.F.);
#2318=ORIENTED_EDGE('',*,*,#4391,.T.);
#2319=ORIENTED_EDGE('',*,*,#4392,.T.);
#2320=ORIENTED_EDGE('',*,*,#4340,.F.);
#2321=ORIENTED_EDGE('',*,*,#4393,.F.);
#2322=ORIENTED_EDGE('',*,*,#4390,.T.);
#2323=ORIENTED_EDGE('',*,*,#4394,.T.);
#2324=ORIENTED_EDGE('',*,*,#4360,.F.);
#2325=ORIENTED_EDGE('',*,*,#4395,.F.);
#2326=ORIENTED_EDGE('',*,*,#4348,.F.);
#2327=ORIENTED_EDGE('',*,*,#4359,.F.);
#2328=ORIENTED_EDGE('',*,*,#4396,.T.);
#2329=ORIENTED_EDGE('',*,*,#4393,.T.);
#2330=ORIENTED_EDGE('',*,*,#4346,.F.);
#2331=ORIENTED_EDGE('',*,*,#4395,.T.);
#2332=ORIENTED_EDGE('',*,*,#4271,.F.);
#2333=ORIENTED_EDGE('',*,*,#4397,.T.);
#2334=ORIENTED_EDGE('',*,*,#4222,.F.);
#2335=ORIENTED_EDGE('',*,*,#4398,.F.);
#2336=ORIENTED_EDGE('',*,*,#4361,.F.);
#2337=ORIENTED_EDGE('',*,*,#4243,.F.);
#2338=ORIENTED_EDGE('',*,*,#4399,.T.);
#2339=ORIENTED_EDGE('',*,*,#4398,.T.);
#2340=ORIENTED_EDGE('',*,*,#4236,.F.);
#2341=ORIENTED_EDGE('',*,*,#4400,.F.);
#2342=ORIENTED_EDGE('',*,*,#4364,.F.);
#2343=ORIENTED_EDGE('',*,*,#4400,.T.);
#2344=ORIENTED_EDGE('',*,*,#4235,.F.);
#2345=ORIENTED_EDGE('',*,*,#4401,.F.);
#2346=ORIENTED_EDGE('',*,*,#4367,.F.);
#2347=ORIENTED_EDGE('',*,*,#4401,.T.);
#2348=ORIENTED_EDGE('',*,*,#4234,.F.);
#2349=ORIENTED_EDGE('',*,*,#4402,.T.);
#2350=ORIENTED_EDGE('',*,*,#4289,.F.);
#2351=ORIENTED_EDGE('',*,*,#4403,.T.);
#2352=ORIENTED_EDGE('',*,*,#4247,.F.);
#2353=ORIENTED_EDGE('',*,*,#4404,.F.);
#2354=ORIENTED_EDGE('',*,*,#4245,.F.);
#2355=ORIENTED_EDGE('',*,*,#4405,.F.);
#2356=ORIENTED_EDGE('',*,*,#4380,.F.);
#2357=ORIENTED_EDGE('',*,*,#4405,.T.);
#2358=ORIENTED_EDGE('',*,*,#4363,.F.);
#2359=ORIENTED_EDGE('',*,*,#4406,.F.);
#2360=ORIENTED_EDGE('',*,*,#4377,.F.);
#2361=ORIENTED_EDGE('',*,*,#4404,.T.);
#2362=ORIENTED_EDGE('',*,*,#4379,.F.);
#2363=ORIENTED_EDGE('',*,*,#4407,.F.);
#2364=ORIENTED_EDGE('',*,*,#4368,.F.);
#2365=ORIENTED_EDGE('',*,*,#4406,.T.);
#2366=ORIENTED_EDGE('',*,*,#4366,.F.);
#2367=ORIENTED_EDGE('',*,*,#4407,.T.);
#2368=ORIENTED_EDGE('',*,*,#4378,.F.);
#2369=ORIENTED_EDGE('',*,*,#4328,.T.);
#2370=ORIENTED_EDGE('',*,*,#4376,.F.);
#2371=ORIENTED_EDGE('',*,*,#4315,.T.);
#2372=ORIENTED_EDGE('',*,*,#4356,.F.);
#2373=ORIENTED_EDGE('',*,*,#4327,.T.);
#2374=ORIENTED_EDGE('',*,*,#4375,.F.);
#2375=ORIENTED_EDGE('',*,*,#4314,.T.);
#2376=ORIENTED_EDGE('',*,*,#4355,.F.);
#2377=ORIENTED_EDGE('',*,*,#4326,.T.);
#2378=ORIENTED_EDGE('',*,*,#4374,.F.);
#2379=ORIENTED_EDGE('',*,*,#4313,.T.);
#2380=ORIENTED_EDGE('',*,*,#4354,.F.);
#2381=ORIENTED_EDGE('',*,*,#4325,.T.);
#2382=ORIENTED_EDGE('',*,*,#4373,.F.);
#2383=ORIENTED_EDGE('',*,*,#4312,.T.);
#2384=ORIENTED_EDGE('',*,*,#4353,.F.);
#2385=ORIENTED_EDGE('',*,*,#4324,.T.);
#2386=ORIENTED_EDGE('',*,*,#4372,.F.);
#2387=ORIENTED_EDGE('',*,*,#4311,.T.);
#2388=ORIENTED_EDGE('',*,*,#4352,.F.);
#2389=ORIENTED_EDGE('',*,*,#4323,.T.);
#2390=ORIENTED_EDGE('',*,*,#4371,.F.);
#2391=ORIENTED_EDGE('',*,*,#4310,.T.);
#2392=ORIENTED_EDGE('',*,*,#4351,.F.);
#2393=ORIENTED_EDGE('',*,*,#4350,.F.);
#2394=ORIENTED_EDGE('',*,*,#4370,.F.);
#2395=ORIENTED_EDGE('',*,*,#4349,.F.);
#2396=ORIENTED_EDGE('',*,*,#4369,.F.);
#2397=ORIENTED_EDGE('',*,*,#4408,.F.);
#2398=ORIENTED_EDGE('',*,*,#4409,.T.);
#2399=ORIENTED_EDGE('',*,*,#4410,.F.);
#2400=ORIENTED_EDGE('',*,*,#4411,.T.);
#2401=ORIENTED_EDGE('',*,*,#4412,.F.);
#2402=ORIENTED_EDGE('',*,*,#4413,.T.);
#2403=ORIENTED_EDGE('',*,*,#4414,.F.);
#2404=ORIENTED_EDGE('',*,*,#4415,.T.);
#2405=ORIENTED_EDGE('',*,*,#4416,.F.);
#2406=ORIENTED_EDGE('',*,*,#4417,.T.);
#2407=ORIENTED_EDGE('',*,*,#4418,.F.);
#2408=ORIENTED_EDGE('',*,*,#4419,.T.);
#2409=ORIENTED_EDGE('',*,*,#4420,.F.);
#2410=ORIENTED_EDGE('',*,*,#4421,.T.);
#2411=ORIENTED_EDGE('',*,*,#4422,.F.);
#2412=ORIENTED_EDGE('',*,*,#4423,.T.);
#2413=ORIENTED_EDGE('',*,*,#4424,.F.);
#2414=ORIENTED_EDGE('',*,*,#4425,.T.);
#2415=ORIENTED_EDGE('',*,*,#4426,.F.);
#2416=ORIENTED_EDGE('',*,*,#4427,.T.);
#2417=ORIENTED_EDGE('',*,*,#4428,.F.);
#2418=ORIENTED_EDGE('',*,*,#4429,.T.);
#2419=ORIENTED_EDGE('',*,*,#4430,.F.);
#2420=ORIENTED_EDGE('',*,*,#4431,.T.);
#2421=ORIENTED_EDGE('',*,*,#4432,.T.);
#2422=ORIENTED_EDGE('',*,*,#4433,.T.);
#2423=ORIENTED_EDGE('',*,*,#4434,.T.);
#2424=ORIENTED_EDGE('',*,*,#4435,.T.);
#2425=ORIENTED_EDGE('',*,*,#4436,.T.);
#2426=ORIENTED_EDGE('',*,*,#4437,.T.);
#2427=ORIENTED_EDGE('',*,*,#4438,.T.);
#2428=ORIENTED_EDGE('',*,*,#4439,.T.);
#2429=ORIENTED_EDGE('',*,*,#4440,.T.);
#2430=ORIENTED_EDGE('',*,*,#4441,.T.);
#2431=ORIENTED_EDGE('',*,*,#4442,.T.);
#2432=ORIENTED_EDGE('',*,*,#4443,.T.);
#2433=ORIENTED_EDGE('',*,*,#4339,.F.);
#2434=ORIENTED_EDGE('',*,*,#4319,.F.);
#2435=ORIENTED_EDGE('',*,*,#4336,.F.);
#2436=ORIENTED_EDGE('',*,*,#4332,.F.);
#2437=ORIENTED_EDGE('',*,*,#4426,.T.);
#2438=ORIENTED_EDGE('',*,*,#4444,.T.);
#2439=ORIENTED_EDGE('',*,*,#4445,.T.);
#2440=ORIENTED_EDGE('',*,*,#4446,.T.);
#2441=ORIENTED_EDGE('',*,*,#4447,.T.);
#2442=ORIENTED_EDGE('',*,*,#4448,.T.);
#2443=ORIENTED_EDGE('',*,*,#4424,.T.);
#2444=ORIENTED_EDGE('',*,*,#4449,.T.);
#2445=ORIENTED_EDGE('',*,*,#4450,.T.);
#2446=ORIENTED_EDGE('',*,*,#4451,.T.);
#2447=ORIENTED_EDGE('',*,*,#4430,.T.);
#2448=ORIENTED_EDGE('',*,*,#4452,.T.);
#2449=ORIENTED_EDGE('',*,*,#4453,.T.);
#2450=ORIENTED_EDGE('',*,*,#4454,.T.);
#2451=ORIENTED_EDGE('',*,*,#4428,.T.);
#2452=ORIENTED_EDGE('',*,*,#4455,.T.);
#2453=ORIENTED_EDGE('',*,*,#4456,.T.);
#2454=ORIENTED_EDGE('',*,*,#4457,.T.);
#2455=ORIENTED_EDGE('',*,*,#4410,.T.);
#2456=ORIENTED_EDGE('',*,*,#4443,.F.);
#2457=ORIENTED_EDGE('',*,*,#4458,.T.);
#2458=ORIENTED_EDGE('',*,*,#4459,.T.);
#2459=ORIENTED_EDGE('',*,*,#4412,.T.);
#2460=ORIENTED_EDGE('',*,*,#4442,.F.);
#2461=ORIENTED_EDGE('',*,*,#4414,.T.);
#2462=ORIENTED_EDGE('',*,*,#4460,.T.);
#2463=ORIENTED_EDGE('',*,*,#4461,.T.);
#2464=ORIENTED_EDGE('',*,*,#4441,.F.);
#2465=ORIENTED_EDGE('',*,*,#4408,.T.);
#2466=ORIENTED_EDGE('',*,*,#4462,.T.);
#2467=ORIENTED_EDGE('',*,*,#4463,.T.);
#2468=ORIENTED_EDGE('',*,*,#4440,.F.);
#2469=ORIENTED_EDGE('',*,*,#4416,.T.);
#2470=ORIENTED_EDGE('',*,*,#4464,.T.);
#2471=ORIENTED_EDGE('',*,*,#4465,.T.);
#2472=ORIENTED_EDGE('',*,*,#4439,.F.);
#2473=ORIENTED_EDGE('',*,*,#4422,.T.);
#2474=ORIENTED_EDGE('',*,*,#4466,.T.);
#2475=ORIENTED_EDGE('',*,*,#4467,.T.);
#2476=ORIENTED_EDGE('',*,*,#4438,.F.);
#2477=ORIENTED_EDGE('',*,*,#4420,.T.);
#2478=ORIENTED_EDGE('',*,*,#4468,.T.);
#2479=ORIENTED_EDGE('',*,*,#4469,.T.);
#2480=ORIENTED_EDGE('',*,*,#4437,.F.);
#2481=ORIENTED_EDGE('',*,*,#4418,.T.);
#2482=ORIENTED_EDGE('',*,*,#4470,.T.);
#2483=ORIENTED_EDGE('',*,*,#4471,.T.);
#2484=ORIENTED_EDGE('',*,*,#4436,.F.);
#2485=ORIENTED_EDGE('',*,*,#4472,.F.);
#2486=ORIENTED_EDGE('',*,*,#4473,.T.);
#2487=ORIENTED_EDGE('',*,*,#4450,.F.);
#2488=ORIENTED_EDGE('',*,*,#4474,.T.);
#2489=ORIENTED_EDGE('',*,*,#4475,.F.);
#2490=ORIENTED_EDGE('',*,*,#4435,.F.);
#2491=ORIENTED_EDGE('',*,*,#4475,.T.);
#2492=ORIENTED_EDGE('',*,*,#4476,.T.);
#2493=ORIENTED_EDGE('',*,*,#4453,.F.);
#2494=ORIENTED_EDGE('',*,*,#4477,.T.);
#2495=ORIENTED_EDGE('',*,*,#4478,.F.);
#2496=ORIENTED_EDGE('',*,*,#4432,.F.);
#2497=ORIENTED_EDGE('',*,*,#4479,.F.);
#2498=ORIENTED_EDGE('',*,*,#4480,.T.);
#2499=ORIENTED_EDGE('',*,*,#4447,.F.);
#2500=ORIENTED_EDGE('',*,*,#4481,.T.);
#2501=ORIENTED_EDGE('',*,*,#4472,.T.);
#2502=ORIENTED_EDGE('',*,*,#4434,.F.);
#2503=ORIENTED_EDGE('',*,*,#4445,.F.);
#2504=ORIENTED_EDGE('',*,*,#4482,.T.);
#2505=ORIENTED_EDGE('',*,*,#4479,.T.);
#2506=ORIENTED_EDGE('',*,*,#4433,.F.);
#2507=ORIENTED_EDGE('',*,*,#4478,.T.);
#2508=ORIENTED_EDGE('',*,*,#4483,.T.);
#2509=ORIENTED_EDGE('',*,*,#4417,.F.);
#2510=ORIENTED_EDGE('',*,*,#4465,.F.);
#2511=ORIENTED_EDGE('',*,*,#4228,.F.);
#2512=ORIENTED_EDGE('',*,*,#4484,.T.);
#2513=ORIENTED_EDGE('',*,*,#4485,.F.);
#2514=ORIENTED_EDGE('',*,*,#4470,.F.);
#2515=ORIENTED_EDGE('',*,*,#4415,.F.);
#2516=ORIENTED_EDGE('',*,*,#4461,.F.);
#2517=ORIENTED_EDGE('',*,*,#4486,.F.);
#2518=ORIENTED_EDGE('',*,*,#4487,.T.);
#2519=ORIENTED_EDGE('',*,*,#4229,.F.);
#2520=ORIENTED_EDGE('',*,*,#4464,.F.);
#2521=ORIENTED_EDGE('',*,*,#4485,.T.);
#2522=ORIENTED_EDGE('',*,*,#4488,.T.);
#2523=ORIENTED_EDGE('',*,*,#4284,.F.);
#2524=ORIENTED_EDGE('',*,*,#4468,.F.);
#2525=ORIENTED_EDGE('',*,*,#4419,.F.);
#2526=ORIENTED_EDGE('',*,*,#4471,.F.);
#2527=ORIENTED_EDGE('',*,*,#4413,.F.);
#2528=ORIENTED_EDGE('',*,*,#4459,.F.);
#2529=ORIENTED_EDGE('',*,*,#4301,.F.);
#2530=ORIENTED_EDGE('',*,*,#4489,.T.);
#2531=ORIENTED_EDGE('',*,*,#4486,.T.);
#2532=ORIENTED_EDGE('',*,*,#4460,.F.);
#2533=ORIENTED_EDGE('',*,*,#4469,.F.);
#2534=ORIENTED_EDGE('',*,*,#4288,.F.);
#2535=ORIENTED_EDGE('',*,*,#4490,.T.);
#2536=ORIENTED_EDGE('',*,*,#4491,.F.);
#2537=ORIENTED_EDGE('',*,*,#4466,.F.);
#2538=ORIENTED_EDGE('',*,*,#4421,.F.);
#2539=ORIENTED_EDGE('',*,*,#4411,.F.);
#2540=ORIENTED_EDGE('',*,*,#4457,.F.);
#2541=ORIENTED_EDGE('',*,*,#4492,.F.);
#2542=ORIENTED_EDGE('',*,*,#4493,.T.);
#2543=ORIENTED_EDGE('',*,*,#4296,.F.);
#2544=ORIENTED_EDGE('',*,*,#4458,.F.);
#2545=ORIENTED_EDGE('',*,*,#4491,.T.);
#2546=ORIENTED_EDGE('',*,*,#4494,.T.);
#2547=ORIENTED_EDGE('',*,*,#4267,.F.);
#2548=ORIENTED_EDGE('',*,*,#4462,.F.);
#2549=ORIENTED_EDGE('',*,*,#4423,.F.);
#2550=ORIENTED_EDGE('',*,*,#4467,.F.);
#2551=ORIENTED_EDGE('',*,*,#4456,.F.);
#2552=ORIENTED_EDGE('',*,*,#4409,.F.);
#2553=ORIENTED_EDGE('',*,*,#4463,.F.);
#2554=ORIENTED_EDGE('',*,*,#4266,.F.);
#2555=ORIENTED_EDGE('',*,*,#4495,.T.);
#2556=ORIENTED_EDGE('',*,*,#4492,.T.);
#2557=ORIENTED_EDGE('',*,*,#4496,.F.);
#2558=ORIENTED_EDGE('',*,*,#4497,.F.);
#2559=ORIENTED_EDGE('',*,*,#4498,.F.);
#2560=ORIENTED_EDGE('',*,*,#4499,.F.);
#2561=ORIENTED_EDGE('',*,*,#4500,.F.);
#2562=ORIENTED_EDGE('',*,*,#4501,.F.);
#2563=ORIENTED_EDGE('',*,*,#4502,.F.);
#2564=ORIENTED_EDGE('',*,*,#4503,.F.);
#2565=ORIENTED_EDGE('',*,*,#4504,.F.);
#2566=ORIENTED_EDGE('',*,*,#4505,.F.);
#2567=ORIENTED_EDGE('',*,*,#4506,.F.);
#2568=ORIENTED_EDGE('',*,*,#4507,.F.);
#2569=ORIENTED_EDGE('',*,*,#4337,.T.);
#2570=ORIENTED_EDGE('',*,*,#4321,.T.);
#2571=ORIENTED_EDGE('',*,*,#4338,.T.);
#2572=ORIENTED_EDGE('',*,*,#4330,.T.);
#2573=ORIENTED_EDGE('',*,*,#4508,.T.);
#2574=ORIENTED_EDGE('',*,*,#4509,.F.);
#2575=ORIENTED_EDGE('',*,*,#4510,.T.);
#2576=ORIENTED_EDGE('',*,*,#4511,.F.);
#2577=ORIENTED_EDGE('',*,*,#4512,.T.);
#2578=ORIENTED_EDGE('',*,*,#4513,.F.);
#2579=ORIENTED_EDGE('',*,*,#4514,.T.);
#2580=ORIENTED_EDGE('',*,*,#4515,.F.);
#2581=ORIENTED_EDGE('',*,*,#4516,.T.);
#2582=ORIENTED_EDGE('',*,*,#4517,.F.);
#2583=ORIENTED_EDGE('',*,*,#4518,.T.);
#2584=ORIENTED_EDGE('',*,*,#4519,.F.);
#2585=ORIENTED_EDGE('',*,*,#4520,.T.);
#2586=ORIENTED_EDGE('',*,*,#4521,.F.);
#2587=ORIENTED_EDGE('',*,*,#4522,.T.);
#2588=ORIENTED_EDGE('',*,*,#4523,.F.);
#2589=ORIENTED_EDGE('',*,*,#4524,.T.);
#2590=ORIENTED_EDGE('',*,*,#4525,.T.);
#2591=ORIENTED_EDGE('',*,*,#4526,.T.);
#2592=ORIENTED_EDGE('',*,*,#4527,.T.);
#2593=ORIENTED_EDGE('',*,*,#4528,.T.);
#2594=ORIENTED_EDGE('',*,*,#4529,.T.);
#2595=ORIENTED_EDGE('',*,*,#4530,.T.);
#2596=ORIENTED_EDGE('',*,*,#4531,.T.);
#2597=ORIENTED_EDGE('',*,*,#4526,.F.);
#2598=ORIENTED_EDGE('',*,*,#4532,.T.);
#2599=ORIENTED_EDGE('',*,*,#4533,.F.);
#2600=ORIENTED_EDGE('',*,*,#4534,.T.);
#2601=ORIENTED_EDGE('',*,*,#4528,.F.);
#2602=ORIENTED_EDGE('',*,*,#4535,.T.);
#2603=ORIENTED_EDGE('',*,*,#4536,.F.);
#2604=ORIENTED_EDGE('',*,*,#4537,.T.);
#2605=ORIENTED_EDGE('',*,*,#4538,.F.);
#2606=ORIENTED_EDGE('',*,*,#4539,.T.);
#2607=ORIENTED_EDGE('',*,*,#4530,.F.);
#2608=ORIENTED_EDGE('',*,*,#4540,.T.);
#2609=ORIENTED_EDGE('',*,*,#4541,.F.);
#2610=ORIENTED_EDGE('',*,*,#4542,.T.);
#2611=ORIENTED_EDGE('',*,*,#4524,.F.);
#2612=ORIENTED_EDGE('',*,*,#4543,.T.);
#2613=ORIENTED_EDGE('',*,*,#4508,.F.);
#2614=ORIENTED_EDGE('',*,*,#4544,.F.);
#2615=ORIENTED_EDGE('',*,*,#4545,.F.);
#2616=ORIENTED_EDGE('',*,*,#4507,.T.);
#2617=ORIENTED_EDGE('',*,*,#4522,.F.);
#2618=ORIENTED_EDGE('',*,*,#4546,.F.);
#2619=ORIENTED_EDGE('',*,*,#4547,.F.);
#2620=ORIENTED_EDGE('',*,*,#4506,.T.);
#2621=ORIENTED_EDGE('',*,*,#4548,.F.);
#2622=ORIENTED_EDGE('',*,*,#4549,.F.);
#2623=ORIENTED_EDGE('',*,*,#4520,.F.);
#2624=ORIENTED_EDGE('',*,*,#4505,.T.);
#2625=ORIENTED_EDGE('',*,*,#4550,.F.);
#2626=ORIENTED_EDGE('',*,*,#4551,.F.);
#2627=ORIENTED_EDGE('',*,*,#4510,.F.);
#2628=ORIENTED_EDGE('',*,*,#4504,.T.);
#2629=ORIENTED_EDGE('',*,*,#4552,.F.);
#2630=ORIENTED_EDGE('',*,*,#4553,.F.);
#2631=ORIENTED_EDGE('',*,*,#4518,.F.);
#2632=ORIENTED_EDGE('',*,*,#4503,.T.);
#2633=ORIENTED_EDGE('',*,*,#4554,.F.);
#2634=ORIENTED_EDGE('',*,*,#4555,.F.);
#2635=ORIENTED_EDGE('',*,*,#4512,.F.);
#2636=ORIENTED_EDGE('',*,*,#4502,.T.);
#2637=ORIENTED_EDGE('',*,*,#4556,.F.);
#2638=ORIENTED_EDGE('',*,*,#4557,.F.);
#2639=ORIENTED_EDGE('',*,*,#4514,.F.);
#2640=ORIENTED_EDGE('',*,*,#4501,.T.);
#2641=ORIENTED_EDGE('',*,*,#4558,.F.);
#2642=ORIENTED_EDGE('',*,*,#4559,.F.);
#2643=ORIENTED_EDGE('',*,*,#4516,.F.);
#2644=ORIENTED_EDGE('',*,*,#4500,.T.);
#2645=ORIENTED_EDGE('',*,*,#4560,.T.);
#2646=ORIENTED_EDGE('',*,*,#4561,.T.);
#2647=ORIENTED_EDGE('',*,*,#4538,.T.);
#2648=ORIENTED_EDGE('',*,*,#4562,.T.);
#2649=ORIENTED_EDGE('',*,*,#4563,.T.);
#2650=ORIENTED_EDGE('',*,*,#4499,.T.);
#2651=ORIENTED_EDGE('',*,*,#4564,.T.);
#2652=ORIENTED_EDGE('',*,*,#4565,.T.);
#2653=ORIENTED_EDGE('',*,*,#4541,.T.);
#2654=ORIENTED_EDGE('',*,*,#4566,.T.);
#2655=ORIENTED_EDGE('',*,*,#4560,.F.);
#2656=ORIENTED_EDGE('',*,*,#4498,.T.);
#2657=ORIENTED_EDGE('',*,*,#4536,.T.);
#2658=ORIENTED_EDGE('',*,*,#4567,.T.);
#2659=ORIENTED_EDGE('',*,*,#4568,.T.);
#2660=ORIENTED_EDGE('',*,*,#4496,.T.);
#2661=ORIENTED_EDGE('',*,*,#4563,.F.);
#2662=ORIENTED_EDGE('',*,*,#4569,.T.);
#2663=ORIENTED_EDGE('',*,*,#4533,.T.);
#2664=ORIENTED_EDGE('',*,*,#4570,.T.);
#2665=ORIENTED_EDGE('',*,*,#4564,.F.);
#2666=ORIENTED_EDGE('',*,*,#4497,.T.);
#2667=ORIENTED_EDGE('',*,*,#4568,.F.);
#2668=ORIENTED_EDGE('',*,*,#4571,.T.);
#2669=ORIENTED_EDGE('',*,*,#4572,.T.);
#2670=ORIENTED_EDGE('',*,*,#4573,.T.);
#2671=ORIENTED_EDGE('',*,*,#4232,.T.);
#2672=ORIENTED_EDGE('',*,*,#4552,.T.);
#2673=ORIENTED_EDGE('',*,*,#4517,.T.);
#2674=ORIENTED_EDGE('',*,*,#4559,.T.);
#2675=ORIENTED_EDGE('',*,*,#4553,.T.);
#2676=ORIENTED_EDGE('',*,*,#4231,.T.);
#2677=ORIENTED_EDGE('',*,*,#4574,.T.);
#2678=ORIENTED_EDGE('',*,*,#4575,.T.);
#2679=ORIENTED_EDGE('',*,*,#4548,.T.);
#2680=ORIENTED_EDGE('',*,*,#4519,.T.);
#2681=ORIENTED_EDGE('',*,*,#4515,.T.);
#2682=ORIENTED_EDGE('',*,*,#4557,.T.);
#2683=ORIENTED_EDGE('',*,*,#4291,.F.);
#2684=ORIENTED_EDGE('',*,*,#4576,.T.);
#2685=ORIENTED_EDGE('',*,*,#4572,.F.);
#2686=ORIENTED_EDGE('',*,*,#4558,.T.);
#2687=ORIENTED_EDGE('',*,*,#4575,.F.);
#2688=ORIENTED_EDGE('',*,*,#4577,.T.);
#2689=ORIENTED_EDGE('',*,*,#4299,.T.);
#2690=ORIENTED_EDGE('',*,*,#4546,.T.);
#2691=ORIENTED_EDGE('',*,*,#4521,.T.);
#2692=ORIENTED_EDGE('',*,*,#4549,.T.);
#2693=ORIENTED_EDGE('',*,*,#4513,.T.);
#2694=ORIENTED_EDGE('',*,*,#4555,.T.);
#2695=ORIENTED_EDGE('',*,*,#4578,.T.);
#2696=ORIENTED_EDGE('',*,*,#4579,.T.);
#2697=ORIENTED_EDGE('',*,*,#4292,.F.);
#2698=ORIENTED_EDGE('',*,*,#4556,.T.);
#2699=ORIENTED_EDGE('',*,*,#4547,.T.);
#2700=ORIENTED_EDGE('',*,*,#4298,.T.);
#2701=ORIENTED_EDGE('',*,*,#4580,.T.);
#2702=ORIENTED_EDGE('',*,*,#4581,.T.);
#2703=ORIENTED_EDGE('',*,*,#4544,.T.);
#2704=ORIENTED_EDGE('',*,*,#4523,.T.);
#2705=ORIENTED_EDGE('',*,*,#4511,.T.);
#2706=ORIENTED_EDGE('',*,*,#4551,.T.);
#2707=ORIENTED_EDGE('',*,*,#4263,.T.);
#2708=ORIENTED_EDGE('',*,*,#4582,.T.);
#2709=ORIENTED_EDGE('',*,*,#4578,.F.);
#2710=ORIENTED_EDGE('',*,*,#4554,.T.);
#2711=ORIENTED_EDGE('',*,*,#4581,.F.);
#2712=ORIENTED_EDGE('',*,*,#4583,.T.);
#2713=ORIENTED_EDGE('',*,*,#4264,.T.);
#2714=ORIENTED_EDGE('',*,*,#4550,.T.);
#2715=ORIENTED_EDGE('',*,*,#4509,.T.);
#2716=ORIENTED_EDGE('',*,*,#4545,.T.);
#2717=ORIENTED_EDGE('',*,*,#4584,.T.);
#2718=ORIENTED_EDGE('',*,*,#4585,.T.);
#2719=ORIENTED_EDGE('',*,*,#4586,.T.);
#2720=ORIENTED_EDGE('',*,*,#4587,.T.);
#2721=ORIENTED_EDGE('',*,*,#4309,.T.);
#2722=ORIENTED_EDGE('',*,*,#4334,.T.);
#2723=ORIENTED_EDGE('',*,*,#4304,.T.);
#2724=ORIENTED_EDGE('',*,*,#4317,.T.);
#2725=ORIENTED_EDGE('',*,*,#4588,.T.);
#2726=ORIENTED_EDGE('',*,*,#4589,.T.);
#2727=ORIENTED_EDGE('',*,*,#4590,.T.);
#2728=ORIENTED_EDGE('',*,*,#4591,.T.);
#2729=ORIENTED_EDGE('',*,*,#4592,.T.);
#2730=ORIENTED_EDGE('',*,*,#4593,.T.);
#2731=ORIENTED_EDGE('',*,*,#4594,.T.);
#2732=ORIENTED_EDGE('',*,*,#4595,.T.);
#2733=ORIENTED_EDGE('',*,*,#4596,.T.);
#2734=ORIENTED_EDGE('',*,*,#4597,.T.);
#2735=ORIENTED_EDGE('',*,*,#4598,.T.);
#2736=ORIENTED_EDGE('',*,*,#4599,.T.);
#2737=ORIENTED_EDGE('',*,*,#4596,.F.);
#2738=ORIENTED_EDGE('',*,*,#4600,.T.);
#2739=ORIENTED_EDGE('',*,*,#4601,.T.);
#2740=ORIENTED_EDGE('',*,*,#4602,.T.);
#2741=ORIENTED_EDGE('',*,*,#4598,.F.);
#2742=ORIENTED_EDGE('',*,*,#4603,.T.);
#2743=ORIENTED_EDGE('',*,*,#4604,.T.);
#2744=ORIENTED_EDGE('',*,*,#4605,.T.);
#2745=ORIENTED_EDGE('',*,*,#4606,.T.);
#2746=ORIENTED_EDGE('',*,*,#4607,.T.);
#2747=ORIENTED_EDGE('',*,*,#4592,.F.);
#2748=ORIENTED_EDGE('',*,*,#4608,.T.);
#2749=ORIENTED_EDGE('',*,*,#4594,.F.);
#2750=ORIENTED_EDGE('',*,*,#4609,.T.);
#2751=ORIENTED_EDGE('',*,*,#4610,.T.);
#2752=ORIENTED_EDGE('',*,*,#4611,.T.);
#2753=ORIENTED_EDGE('',*,*,#4612,.F.);
#2754=ORIENTED_EDGE('',*,*,#4613,.T.);
#2755=ORIENTED_EDGE('',*,*,#4606,.F.);
#2756=ORIENTED_EDGE('',*,*,#4614,.T.);
#2757=ORIENTED_EDGE('',*,*,#4615,.F.);
#2758=ORIENTED_EDGE('',*,*,#4587,.F.);
#2759=ORIENTED_EDGE('',*,*,#4610,.F.);
#2760=ORIENTED_EDGE('',*,*,#4616,.T.);
#2761=ORIENTED_EDGE('',*,*,#4612,.T.);
#2762=ORIENTED_EDGE('',*,*,#4586,.F.);
#2763=ORIENTED_EDGE('',*,*,#4617,.F.);
#2764=ORIENTED_EDGE('',*,*,#4618,.T.);
#2765=ORIENTED_EDGE('',*,*,#4604,.F.);
#2766=ORIENTED_EDGE('',*,*,#4619,.T.);
#2767=ORIENTED_EDGE('',*,*,#4620,.F.);
#2768=ORIENTED_EDGE('',*,*,#4584,.F.);
#2769=ORIENTED_EDGE('',*,*,#4615,.T.);
#2770=ORIENTED_EDGE('',*,*,#4621,.T.);
#2771=ORIENTED_EDGE('',*,*,#4601,.F.);
#2772=ORIENTED_EDGE('',*,*,#4622,.T.);
#2773=ORIENTED_EDGE('',*,*,#4617,.T.);
#2774=ORIENTED_EDGE('',*,*,#4585,.F.);
#2775=ORIENTED_EDGE('',*,*,#4620,.T.);
#2776=ORIENTED_EDGE('',*,*,#4623,.T.);
#2777=ORIENTED_EDGE('',*,*,#4624,.F.);
#2778=ORIENTED_EDGE('',*,*,#4625,.T.);
#2779=ORIENTED_EDGE('',*,*,#4282,.F.);
#2780=ORIENTED_EDGE('',*,*,#4626,.T.);
#2781=ORIENTED_EDGE('',*,*,#4627,.F.);
#2782=ORIENTED_EDGE('',*,*,#4591,.F.);
#2783=ORIENTED_EDGE('',*,*,#4627,.T.);
#2784=ORIENTED_EDGE('',*,*,#4628,.T.);
#2785=ORIENTED_EDGE('',*,*,#4224,.F.);
#2786=ORIENTED_EDGE('',*,*,#4629,.T.);
#2787=ORIENTED_EDGE('',*,*,#4630,.F.);
#2788=ORIENTED_EDGE('',*,*,#4588,.F.);
#2789=ORIENTED_EDGE('',*,*,#4624,.T.);
#2790=ORIENTED_EDGE('',*,*,#4590,.F.);
#2791=ORIENTED_EDGE('',*,*,#4631,.F.);
#2792=ORIENTED_EDGE('',*,*,#4632,.T.);
#2793=ORIENTED_EDGE('',*,*,#4256,.F.);
#2794=ORIENTED_EDGE('',*,*,#4633,.T.);
#2795=ORIENTED_EDGE('',*,*,#4630,.T.);
#2796=ORIENTED_EDGE('',*,*,#4634,.T.);
#2797=ORIENTED_EDGE('',*,*,#4275,.F.);
#2798=ORIENTED_EDGE('',*,*,#4635,.T.);
#2799=ORIENTED_EDGE('',*,*,#4631,.T.);
#2800=ORIENTED_EDGE('',*,*,#4589,.F.);
#2801=ORIENTED_EDGE('',*,*,#4399,.F.);
#2802=ORIENTED_EDGE('',*,*,#4242,.F.);
#2803=ORIENTED_EDGE('',*,*,#4381,.F.);
#2804=ORIENTED_EDGE('',*,*,#4272,.F.);
#2805=ORIENTED_EDGE('',*,*,#4629,.F.);
#2806=ORIENTED_EDGE('',*,*,#4223,.F.);
#2807=ORIENTED_EDGE('',*,*,#4397,.F.);
#2808=ORIENTED_EDGE('',*,*,#4276,.F.);
#2809=ORIENTED_EDGE('',*,*,#4634,.F.);
#2810=ORIENTED_EDGE('',*,*,#4403,.F.);
#2811=ORIENTED_EDGE('',*,*,#4295,.F.);
#2812=ORIENTED_EDGE('',*,*,#4384,.F.);
#2813=ORIENTED_EDGE('',*,*,#4248,.F.);
#2814=ORIENTED_EDGE('',*,*,#4576,.F.);
#2815=ORIENTED_EDGE('',*,*,#4290,.F.);
#2816=ORIENTED_EDGE('',*,*,#4402,.F.);
#2817=ORIENTED_EDGE('',*,*,#4233,.F.);
#2818=ORIENTED_EDGE('',*,*,#4573,.F.);
#2819=ORIENTED_EDGE('',*,*,#4635,.F.);
#2820=ORIENTED_EDGE('',*,*,#4274,.F.);
#2821=ORIENTED_EDGE('',*,*,#4383,.F.);
#2822=ORIENTED_EDGE('',*,*,#4257,.F.);
#2823=ORIENTED_EDGE('',*,*,#4632,.F.);
#2824=ORIENTED_EDGE('',*,*,#4582,.F.);
#2825=ORIENTED_EDGE('',*,*,#4262,.F.);
#2826=ORIENTED_EDGE('',*,*,#4385,.F.);
#2827=ORIENTED_EDGE('',*,*,#4293,.F.);
#2828=ORIENTED_EDGE('',*,*,#4579,.F.);
#2829=ORIENTED_EDGE('',*,*,#4425,.F.);
#2830=ORIENTED_EDGE('',*,*,#4448,.F.);
#2831=ORIENTED_EDGE('',*,*,#4480,.F.);
#2832=ORIENTED_EDGE('',*,*,#4482,.F.);
#2833=ORIENTED_EDGE('',*,*,#4444,.F.);
#2834=ORIENTED_EDGE('',*,*,#4431,.F.);
#2835=ORIENTED_EDGE('',*,*,#4451,.F.);
#2836=ORIENTED_EDGE('',*,*,#4473,.F.);
#2837=ORIENTED_EDGE('',*,*,#4481,.F.);
#2838=ORIENTED_EDGE('',*,*,#4449,.F.);
#2839=ORIENTED_EDGE('',*,*,#4429,.F.);
#2840=ORIENTED_EDGE('',*,*,#4454,.F.);
#2841=ORIENTED_EDGE('',*,*,#4476,.F.);
#2842=ORIENTED_EDGE('',*,*,#4474,.F.);
#2843=ORIENTED_EDGE('',*,*,#4452,.F.);
#2844=ORIENTED_EDGE('',*,*,#4427,.F.);
#2845=ORIENTED_EDGE('',*,*,#4446,.F.);
#2846=ORIENTED_EDGE('',*,*,#4483,.F.);
#2847=ORIENTED_EDGE('',*,*,#4477,.F.);
#2848=ORIENTED_EDGE('',*,*,#4455,.F.);
#2849=ORIENTED_EDGE('',*,*,#4580,.F.);
#2850=ORIENTED_EDGE('',*,*,#4297,.F.);
#2851=ORIENTED_EDGE('',*,*,#4493,.F.);
#2852=ORIENTED_EDGE('',*,*,#4495,.F.);
#2853=ORIENTED_EDGE('',*,*,#4265,.F.);
#2854=ORIENTED_EDGE('',*,*,#4583,.F.);
#2855=ORIENTED_EDGE('',*,*,#4574,.F.);
#2856=ORIENTED_EDGE('',*,*,#4230,.F.);
#2857=ORIENTED_EDGE('',*,*,#4487,.F.);
#2858=ORIENTED_EDGE('',*,*,#4489,.F.);
#2859=ORIENTED_EDGE('',*,*,#4300,.F.);
#2860=ORIENTED_EDGE('',*,*,#4577,.F.);
#2861=ORIENTED_EDGE('',*,*,#4490,.F.);
#2862=ORIENTED_EDGE('',*,*,#4287,.F.);
#2863=ORIENTED_EDGE('',*,*,#4636,.F.);
#2864=ORIENTED_EDGE('',*,*,#4268,.F.);
#2865=ORIENTED_EDGE('',*,*,#4494,.F.);
#2866=ORIENTED_EDGE('',*,*,#4633,.F.);
#2867=ORIENTED_EDGE('',*,*,#4270,.F.);
#2868=ORIENTED_EDGE('',*,*,#4637,.F.);
#2869=ORIENTED_EDGE('',*,*,#4283,.F.);
#2870=ORIENTED_EDGE('',*,*,#4625,.F.);
#2871=ORIENTED_EDGE('',*,*,#4269,.T.);
#2872=ORIENTED_EDGE('',*,*,#4636,.T.);
#2873=ORIENTED_EDGE('',*,*,#4638,.F.);
#2874=ORIENTED_EDGE('',*,*,#4637,.T.);
#2875=ORIENTED_EDGE('',*,*,#4638,.T.);
#2876=ORIENTED_EDGE('',*,*,#4286,.F.);
#2877=ORIENTED_EDGE('',*,*,#4639,.F.);
#2878=ORIENTED_EDGE('',*,*,#4280,.F.);
#2879=ORIENTED_EDGE('',*,*,#4626,.F.);
#2880=ORIENTED_EDGE('',*,*,#4281,.F.);
#2881=ORIENTED_EDGE('',*,*,#4640,.F.);
#2882=ORIENTED_EDGE('',*,*,#4225,.F.);
#2883=ORIENTED_EDGE('',*,*,#4628,.F.);
#2884=ORIENTED_EDGE('',*,*,#4640,.T.);
#2885=ORIENTED_EDGE('',*,*,#4639,.T.);
#2886=ORIENTED_EDGE('',*,*,#4641,.F.);
#2887=ORIENTED_EDGE('',*,*,#4226,.T.);
#2888=ORIENTED_EDGE('',*,*,#4641,.T.);
#2889=ORIENTED_EDGE('',*,*,#4285,.F.);
#2890=ORIENTED_EDGE('',*,*,#4488,.F.);
#2891=ORIENTED_EDGE('',*,*,#4484,.F.);
#2892=ORIENTED_EDGE('',*,*,#4227,.F.);
#2893=ORIENTED_EDGE('',*,*,#4593,.F.);
#2894=ORIENTED_EDGE('',*,*,#4607,.F.);
#2895=ORIENTED_EDGE('',*,*,#4613,.F.);
#2896=ORIENTED_EDGE('',*,*,#4616,.F.);
#2897=ORIENTED_EDGE('',*,*,#4609,.F.);
#2898=ORIENTED_EDGE('',*,*,#4595,.F.);
#2899=ORIENTED_EDGE('',*,*,#4611,.F.);
#2900=ORIENTED_EDGE('',*,*,#4618,.F.);
#2901=ORIENTED_EDGE('',*,*,#4622,.F.);
#2902=ORIENTED_EDGE('',*,*,#4600,.F.);
#2903=ORIENTED_EDGE('',*,*,#4597,.F.);
#2904=ORIENTED_EDGE('',*,*,#4602,.F.);
#2905=ORIENTED_EDGE('',*,*,#4623,.F.);
#2906=ORIENTED_EDGE('',*,*,#4619,.F.);
#2907=ORIENTED_EDGE('',*,*,#4603,.F.);
#2908=ORIENTED_EDGE('',*,*,#4599,.F.);
#2909=ORIENTED_EDGE('',*,*,#4605,.F.);
#2910=ORIENTED_EDGE('',*,*,#4621,.F.);
#2911=ORIENTED_EDGE('',*,*,#4614,.F.);
#2912=ORIENTED_EDGE('',*,*,#4608,.F.);
#2913=ORIENTED_EDGE('',*,*,#4525,.F.);
#2914=ORIENTED_EDGE('',*,*,#4542,.F.);
#2915=ORIENTED_EDGE('',*,*,#4565,.F.);
#2916=ORIENTED_EDGE('',*,*,#4570,.F.);
#2917=ORIENTED_EDGE('',*,*,#4532,.F.);
#2918=ORIENTED_EDGE('',*,*,#4531,.F.);
#2919=ORIENTED_EDGE('',*,*,#4539,.F.);
#2920=ORIENTED_EDGE('',*,*,#4561,.F.);
#2921=ORIENTED_EDGE('',*,*,#4566,.F.);
#2922=ORIENTED_EDGE('',*,*,#4543,.F.);
#2923=ORIENTED_EDGE('',*,*,#4527,.F.);
#2924=ORIENTED_EDGE('',*,*,#4534,.F.);
#2925=ORIENTED_EDGE('',*,*,#4571,.F.);
#2926=ORIENTED_EDGE('',*,*,#4567,.F.);
#2927=ORIENTED_EDGE('',*,*,#4535,.F.);
#2928=ORIENTED_EDGE('',*,*,#4529,.F.);
#2929=ORIENTED_EDGE('',*,*,#4537,.F.);
#2930=ORIENTED_EDGE('',*,*,#4569,.F.);
#2931=ORIENTED_EDGE('',*,*,#4562,.F.);
#2932=ORIENTED_EDGE('',*,*,#4540,.F.);
#2933=ORIENTED_EDGE('',*,*,#4389,.F.);
#2934=ORIENTED_EDGE('',*,*,#4642,.T.);
#2935=ORIENTED_EDGE('',*,*,#4357,.F.);
#2936=ORIENTED_EDGE('',*,*,#4394,.F.);
#2937=ORIENTED_EDGE('',*,*,#4396,.F.);
#2938=ORIENTED_EDGE('',*,*,#4358,.F.);
#2939=ORIENTED_EDGE('',*,*,#4643,.F.);
#2940=ORIENTED_EDGE('',*,*,#4391,.F.);
#2941=ORIENTED_EDGE('',*,*,#4643,.T.);
#2942=ORIENTED_EDGE('',*,*,#4642,.F.);
#2943=ORIENTED_EDGE('',*,*,#4644,.F.);
#2944=ORIENTED_EDGE('',*,*,#4644,.T.);
#2945=ORIENTED_EDGE('',*,*,#4388,.F.);
#2946=ORIENTED_EDGE('',*,*,#4238,.F.);
#2947=ORIENTED_EDGE('',*,*,#4341,.F.);
#2948=ORIENTED_EDGE('',*,*,#4392,.F.);
#2949=ORIENTED_EDGE('',*,*,#4645,.T.);
#2950=ORIENTED_EDGE('',*,*,#4646,.T.);
#2951=ORIENTED_EDGE('',*,*,#4647,.T.);
#2952=ORIENTED_EDGE('',*,*,#4648,.T.);
#2953=ORIENTED_EDGE('',*,*,#4649,.T.);
#2954=ORIENTED_EDGE('',*,*,#4650,.T.);
#2955=ORIENTED_EDGE('',*,*,#4651,.T.);
#2956=ORIENTED_EDGE('',*,*,#4652,.T.);
#2957=ORIENTED_EDGE('',*,*,#4653,.T.);
#2958=ORIENTED_EDGE('',*,*,#4654,.T.);
#2959=ORIENTED_EDGE('',*,*,#4655,.F.);
#2960=ORIENTED_EDGE('',*,*,#4656,.T.);
#2961=ORIENTED_EDGE('',*,*,#4657,.T.);
#2962=ORIENTED_EDGE('',*,*,#4658,.T.);
#2963=ORIENTED_EDGE('',*,*,#4659,.F.);
#2964=ORIENTED_EDGE('',*,*,#4660,.T.);
#2965=ORIENTED_EDGE('',*,*,#4661,.T.);
#2966=ORIENTED_EDGE('',*,*,#4662,.T.);
#2967=ORIENTED_EDGE('',*,*,#4663,.F.);
#2968=ORIENTED_EDGE('',*,*,#4664,.T.);
#2969=ORIENTED_EDGE('',*,*,#4659,.T.);
#2970=ORIENTED_EDGE('',*,*,#4665,.T.);
#2971=ORIENTED_EDGE('',*,*,#4666,.F.);
#2972=ORIENTED_EDGE('',*,*,#4667,.T.);
#2973=ORIENTED_EDGE('',*,*,#4663,.T.);
#2974=ORIENTED_EDGE('',*,*,#4668,.T.);
#2975=ORIENTED_EDGE('',*,*,#4669,.T.);
#2976=ORIENTED_EDGE('',*,*,#4655,.T.);
#2977=ORIENTED_EDGE('',*,*,#4670,.T.);
#2978=ORIENTED_EDGE('',*,*,#4661,.F.);
#2979=ORIENTED_EDGE('',*,*,#4671,.T.);
#2980=ORIENTED_EDGE('',*,*,#4648,.F.);
#2981=ORIENTED_EDGE('',*,*,#4672,.T.);
#2982=ORIENTED_EDGE('',*,*,#4666,.T.);
#2983=ORIENTED_EDGE('',*,*,#4673,.T.);
#2984=ORIENTED_EDGE('',*,*,#4674,.F.);
#2985=ORIENTED_EDGE('',*,*,#4675,.T.);
#2986=ORIENTED_EDGE('',*,*,#4653,.F.);
#2987=ORIENTED_EDGE('',*,*,#4676,.T.);
#2988=ORIENTED_EDGE('',*,*,#4677,.F.);
#2989=ORIENTED_EDGE('',*,*,#4678,.T.);
#2990=ORIENTED_EDGE('',*,*,#4674,.T.);
#2991=ORIENTED_EDGE('',*,*,#4679,.T.);
#2992=ORIENTED_EDGE('',*,*,#4680,.F.);
#2993=ORIENTED_EDGE('',*,*,#4681,.F.);
#2994=ORIENTED_EDGE('',*,*,#4650,.F.);
#2995=ORIENTED_EDGE('',*,*,#4682,.T.);
#2996=ORIENTED_EDGE('',*,*,#4657,.F.);
#2997=ORIENTED_EDGE('',*,*,#4683,.T.);
#2998=ORIENTED_EDGE('',*,*,#4677,.T.);
#2999=ORIENTED_EDGE('',*,*,#4684,.T.);
#3000=ORIENTED_EDGE('',*,*,#4645,.F.);
#3001=ORIENTED_EDGE('',*,*,#4685,.T.);
#3002=ORIENTED_EDGE('',*,*,#4686,.T.);
#3003=ORIENTED_EDGE('',*,*,#4687,.T.);
#3004=ORIENTED_EDGE('',*,*,#4688,.T.);
#3005=ORIENTED_EDGE('',*,*,#4689,.T.);
#3006=ORIENTED_EDGE('',*,*,#4690,.T.);
#3007=ORIENTED_EDGE('',*,*,#4691,.T.);
#3008=ORIENTED_EDGE('',*,*,#4692,.T.);
#3009=ORIENTED_EDGE('',*,*,#4693,.T.);
#3010=ORIENTED_EDGE('',*,*,#4685,.F.);
#3011=ORIENTED_EDGE('',*,*,#4680,.T.);
#3012=ORIENTED_EDGE('',*,*,#4682,.F.);
#3013=ORIENTED_EDGE('',*,*,#4694,.T.);
#3014=ORIENTED_EDGE('',*,*,#4681,.T.);
#3015=ORIENTED_EDGE('',*,*,#4675,.F.);
#3016=ORIENTED_EDGE('',*,*,#4678,.F.);
#3017=ORIENTED_EDGE('',*,*,#4695,.F.);
#3018=ORIENTED_EDGE('',*,*,#4654,.F.);
#3019=ORIENTED_EDGE('',*,*,#4695,.T.);
#3020=ORIENTED_EDGE('',*,*,#4683,.F.);
#3021=ORIENTED_EDGE('',*,*,#4696,.F.);
#3022=ORIENTED_EDGE('',*,*,#4651,.F.);
#3023=ORIENTED_EDGE('',*,*,#4696,.T.);
#3024=ORIENTED_EDGE('',*,*,#4656,.F.);
#3025=ORIENTED_EDGE('',*,*,#4676,.F.);
#3026=ORIENTED_EDGE('',*,*,#4652,.F.);
#3027=ORIENTED_EDGE('',*,*,#4671,.F.);
#3028=ORIENTED_EDGE('',*,*,#4660,.F.);
#3029=ORIENTED_EDGE('',*,*,#4697,.F.);
#3030=ORIENTED_EDGE('',*,*,#4649,.F.);
#3031=ORIENTED_EDGE('',*,*,#4697,.T.);
#3032=ORIENTED_EDGE('',*,*,#4664,.F.);
#3033=ORIENTED_EDGE('',*,*,#4698,.F.);
#3034=ORIENTED_EDGE('',*,*,#4646,.F.);
#3035=ORIENTED_EDGE('',*,*,#4698,.T.);
#3036=ORIENTED_EDGE('',*,*,#4667,.F.);
#3037=ORIENTED_EDGE('',*,*,#4672,.F.);
#3038=ORIENTED_EDGE('',*,*,#4647,.F.);
#3039=ORIENTED_EDGE('',*,*,#4669,.F.);
#3040=ORIENTED_EDGE('',*,*,#4694,.F.);
#3041=ORIENTED_EDGE('',*,*,#4699,.F.);
#3042=ORIENTED_EDGE('',*,*,#4691,.F.);
#3043=ORIENTED_EDGE('',*,*,#4700,.F.);
#3044=ORIENTED_EDGE('',*,*,#4658,.F.);
#3045=ORIENTED_EDGE('',*,*,#4700,.T.);
#3046=ORIENTED_EDGE('',*,*,#4690,.F.);
#3047=ORIENTED_EDGE('',*,*,#4701,.F.);
#3048=ORIENTED_EDGE('',*,*,#4670,.F.);
#3049=ORIENTED_EDGE('',*,*,#4699,.T.);
#3050=ORIENTED_EDGE('',*,*,#4684,.F.);
#3051=ORIENTED_EDGE('',*,*,#4702,.F.);
#3052=ORIENTED_EDGE('',*,*,#4692,.F.);
#3053=ORIENTED_EDGE('',*,*,#4701,.T.);
#3054=ORIENTED_EDGE('',*,*,#4689,.F.);
#3055=ORIENTED_EDGE('',*,*,#4703,.F.);
#3056=ORIENTED_EDGE('',*,*,#4662,.F.);
#3057=ORIENTED_EDGE('',*,*,#4702,.T.);
#3058=ORIENTED_EDGE('',*,*,#4679,.F.);
#3059=ORIENTED_EDGE('',*,*,#4704,.F.);
#3060=ORIENTED_EDGE('',*,*,#4693,.F.);
#3061=ORIENTED_EDGE('',*,*,#4703,.T.);
#3062=ORIENTED_EDGE('',*,*,#4688,.F.);
#3063=ORIENTED_EDGE('',*,*,#4705,.F.);
#3064=ORIENTED_EDGE('',*,*,#4665,.F.);
#3065=ORIENTED_EDGE('',*,*,#4704,.T.);
#3066=ORIENTED_EDGE('',*,*,#4673,.F.);
#3067=ORIENTED_EDGE('',*,*,#4706,.F.);
#3068=ORIENTED_EDGE('',*,*,#4686,.F.);
#3069=ORIENTED_EDGE('',*,*,#4705,.T.);
#3070=ORIENTED_EDGE('',*,*,#4687,.F.);
#3071=ORIENTED_EDGE('',*,*,#4706,.T.);
#3072=ORIENTED_EDGE('',*,*,#4668,.F.);
#3073=ORIENTED_EDGE('',*,*,#4707,.T.);
#3074=ORIENTED_EDGE('',*,*,#4708,.T.);
#3075=ORIENTED_EDGE('',*,*,#4709,.T.);
#3076=ORIENTED_EDGE('',*,*,#4708,.F.);
#3077=ORIENTED_EDGE('',*,*,#4707,.F.);
#3078=ORIENTED_EDGE('',*,*,#4709,.F.);
#3079=ORIENTED_EDGE('',*,*,#4710,.F.);
#3080=ORIENTED_EDGE('',*,*,#4711,.F.);
#3081=ORIENTED_EDGE('',*,*,#4712,.F.);
#3082=ORIENTED_EDGE('',*,*,#4713,.F.);
#3083=ORIENTED_EDGE('',*,*,#4714,.F.);
#3084=ORIENTED_EDGE('',*,*,#4715,.F.);
#3085=ORIENTED_EDGE('',*,*,#4716,.F.);
#3086=ORIENTED_EDGE('',*,*,#4717,.F.);
#3087=ORIENTED_EDGE('',*,*,#4718,.T.);
#3088=ORIENTED_EDGE('',*,*,#4719,.T.);
#3089=ORIENTED_EDGE('',*,*,#4720,.T.);
#3090=ORIENTED_EDGE('',*,*,#4710,.T.);
#3091=ORIENTED_EDGE('',*,*,#4721,.F.);
#3092=ORIENTED_EDGE('',*,*,#4722,.F.);
#3093=ORIENTED_EDGE('',*,*,#4723,.F.);
#3094=ORIENTED_EDGE('',*,*,#4724,.F.);
#3095=ORIENTED_EDGE('',*,*,#4725,.F.);
#3096=ORIENTED_EDGE('',*,*,#4726,.F.);
#3097=ORIENTED_EDGE('',*,*,#4727,.F.);
#3098=ORIENTED_EDGE('',*,*,#4721,.T.);
#3099=ORIENTED_EDGE('',*,*,#4720,.F.);
#3100=ORIENTED_EDGE('',*,*,#4728,.T.);
#3101=ORIENTED_EDGE('',*,*,#4729,.F.);
#3102=ORIENTED_EDGE('',*,*,#4730,.F.);
#3103=ORIENTED_EDGE('',*,*,#4731,.T.);
#3104=ORIENTED_EDGE('',*,*,#4732,.F.);
#3105=ORIENTED_EDGE('',*,*,#4733,.F.);
#3106=ORIENTED_EDGE('',*,*,#4729,.T.);
#3107=ORIENTED_EDGE('',*,*,#4718,.F.);
#3108=ORIENTED_EDGE('',*,*,#4734,.F.);
#3109=ORIENTED_EDGE('',*,*,#4732,.T.);
#3110=ORIENTED_EDGE('',*,*,#4735,.T.);
#3111=ORIENTED_EDGE('',*,*,#4734,.T.);
#3112=ORIENTED_EDGE('',*,*,#4717,.T.);
#3113=ORIENTED_EDGE('',*,*,#4730,.T.);
#3114=ORIENTED_EDGE('',*,*,#4733,.T.);
#3115=ORIENTED_EDGE('',*,*,#4719,.F.);
#3116=ORIENTED_EDGE('',*,*,#4735,.F.);
#3117=ORIENTED_EDGE('',*,*,#4731,.F.);
#3118=ORIENTED_EDGE('',*,*,#4728,.F.);
#3119=ORIENTED_EDGE('',*,*,#4736,.T.);
#3120=ORIENTED_EDGE('',*,*,#4737,.T.);
#3121=ORIENTED_EDGE('',*,*,#4711,.T.);
#3122=ORIENTED_EDGE('',*,*,#4738,.F.);
#3123=ORIENTED_EDGE('',*,*,#4739,.T.);
#3124=ORIENTED_EDGE('',*,*,#4738,.T.);
#3125=ORIENTED_EDGE('',*,*,#4716,.T.);
#3126=ORIENTED_EDGE('',*,*,#4740,.F.);
#3127=ORIENTED_EDGE('',*,*,#4741,.T.);
#3128=ORIENTED_EDGE('',*,*,#4740,.T.);
#3129=ORIENTED_EDGE('',*,*,#4715,.T.);
#3130=ORIENTED_EDGE('',*,*,#4742,.F.);
#3131=ORIENTED_EDGE('',*,*,#4743,.T.);
#3132=ORIENTED_EDGE('',*,*,#4742,.T.);
#3133=ORIENTED_EDGE('',*,*,#4714,.T.);
#3134=ORIENTED_EDGE('',*,*,#4744,.F.);
#3135=ORIENTED_EDGE('',*,*,#4745,.T.);
#3136=ORIENTED_EDGE('',*,*,#4744,.T.);
#3137=ORIENTED_EDGE('',*,*,#4713,.T.);
#3138=ORIENTED_EDGE('',*,*,#4746,.F.);
#3139=ORIENTED_EDGE('',*,*,#4747,.T.);
#3140=ORIENTED_EDGE('',*,*,#4746,.T.);
#3141=ORIENTED_EDGE('',*,*,#4712,.T.);
#3142=ORIENTED_EDGE('',*,*,#4737,.F.);
#3143=ORIENTED_EDGE('',*,*,#4736,.F.);
#3144=ORIENTED_EDGE('',*,*,#4739,.F.);
#3145=ORIENTED_EDGE('',*,*,#4741,.F.);
#3146=ORIENTED_EDGE('',*,*,#4743,.F.);
#3147=ORIENTED_EDGE('',*,*,#4745,.F.);
#3148=ORIENTED_EDGE('',*,*,#4747,.F.);
#3149=ORIENTED_EDGE('',*,*,#4722,.T.);
#3150=ORIENTED_EDGE('',*,*,#4748,.T.);
#3151=ORIENTED_EDGE('',*,*,#4749,.T.);
#3152=ORIENTED_EDGE('',*,*,#4750,.F.);
#3153=ORIENTED_EDGE('',*,*,#4727,.T.);
#3154=ORIENTED_EDGE('',*,*,#4751,.T.);
#3155=ORIENTED_EDGE('',*,*,#4752,.T.);
#3156=ORIENTED_EDGE('',*,*,#4748,.F.);
#3157=ORIENTED_EDGE('',*,*,#4726,.T.);
#3158=ORIENTED_EDGE('',*,*,#4753,.T.);
#3159=ORIENTED_EDGE('',*,*,#4754,.T.);
#3160=ORIENTED_EDGE('',*,*,#4751,.F.);
#3161=ORIENTED_EDGE('',*,*,#4725,.T.);
#3162=ORIENTED_EDGE('',*,*,#4755,.T.);
#3163=ORIENTED_EDGE('',*,*,#4756,.T.);
#3164=ORIENTED_EDGE('',*,*,#4753,.F.);
#3165=ORIENTED_EDGE('',*,*,#4724,.T.);
#3166=ORIENTED_EDGE('',*,*,#4757,.T.);
#3167=ORIENTED_EDGE('',*,*,#4758,.T.);
#3168=ORIENTED_EDGE('',*,*,#4755,.F.);
#3169=ORIENTED_EDGE('',*,*,#4723,.T.);
#3170=ORIENTED_EDGE('',*,*,#4750,.T.);
#3171=ORIENTED_EDGE('',*,*,#4759,.T.);
#3172=ORIENTED_EDGE('',*,*,#4757,.F.);
#3173=ORIENTED_EDGE('',*,*,#4749,.F.);
#3174=ORIENTED_EDGE('',*,*,#4752,.F.);
#3175=ORIENTED_EDGE('',*,*,#4754,.F.);
#3176=ORIENTED_EDGE('',*,*,#4756,.F.);
#3177=ORIENTED_EDGE('',*,*,#4758,.F.);
#3178=ORIENTED_EDGE('',*,*,#4759,.F.);
#3179=ORIENTED_EDGE('',*,*,#4760,.T.);
#3180=ORIENTED_EDGE('',*,*,#4761,.F.);
#3181=ORIENTED_EDGE('',*,*,#4762,.T.);
#3182=ORIENTED_EDGE('',*,*,#4763,.T.);
#3183=ORIENTED_EDGE('',*,*,#4764,.T.);
#3184=ORIENTED_EDGE('',*,*,#4765,.T.);
#3185=ORIENTED_EDGE('',*,*,#4766,.T.);
#3186=ORIENTED_EDGE('',*,*,#4767,.T.);
#3187=ORIENTED_EDGE('',*,*,#4760,.F.);
#3188=ORIENTED_EDGE('',*,*,#4761,.T.);
#3189=ORIENTED_EDGE('',*,*,#4768,.T.);
#3190=ORIENTED_EDGE('',*,*,#4769,.T.);
#3191=ORIENTED_EDGE('',*,*,#4770,.F.);
#3192=ORIENTED_EDGE('',*,*,#4771,.T.);
#3193=ORIENTED_EDGE('',*,*,#4770,.T.);
#3194=ORIENTED_EDGE('',*,*,#4772,.T.);
#3195=ORIENTED_EDGE('',*,*,#4773,.F.);
#3196=ORIENTED_EDGE('',*,*,#4774,.T.);
#3197=ORIENTED_EDGE('',*,*,#4773,.T.);
#3198=ORIENTED_EDGE('',*,*,#4775,.T.);
#3199=ORIENTED_EDGE('',*,*,#4776,.F.);
#3200=ORIENTED_EDGE('',*,*,#4777,.T.);
#3201=ORIENTED_EDGE('',*,*,#4776,.T.);
#3202=ORIENTED_EDGE('',*,*,#4778,.T.);
#3203=ORIENTED_EDGE('',*,*,#4779,.F.);
#3204=ORIENTED_EDGE('',*,*,#4780,.T.);
#3205=ORIENTED_EDGE('',*,*,#4779,.T.);
#3206=ORIENTED_EDGE('',*,*,#4781,.T.);
#3207=ORIENTED_EDGE('',*,*,#4782,.F.);
#3208=ORIENTED_EDGE('',*,*,#4783,.T.);
#3209=ORIENTED_EDGE('',*,*,#4782,.T.);
#3210=ORIENTED_EDGE('',*,*,#4784,.T.);
#3211=ORIENTED_EDGE('',*,*,#4768,.F.);
#3212=ORIENTED_EDGE('',*,*,#4785,.T.);
#3213=ORIENTED_EDGE('',*,*,#4786,.T.);
#3214=ORIENTED_EDGE('',*,*,#4787,.T.);
#3215=ORIENTED_EDGE('',*,*,#4788,.T.);
#3216=ORIENTED_EDGE('',*,*,#4789,.T.);
#3217=ORIENTED_EDGE('',*,*,#4790,.T.);
#3218=ORIENTED_EDGE('',*,*,#4791,.T.);
#3219=ORIENTED_EDGE('',*,*,#4792,.F.);
#3220=ORIENTED_EDGE('',*,*,#4777,.F.);
#3221=ORIENTED_EDGE('',*,*,#4793,.F.);
#3222=ORIENTED_EDGE('',*,*,#4766,.F.);
#3223=ORIENTED_EDGE('',*,*,#4793,.T.);
#3224=ORIENTED_EDGE('',*,*,#4780,.F.);
#3225=ORIENTED_EDGE('',*,*,#4794,.F.);
#3226=ORIENTED_EDGE('',*,*,#4767,.F.);
#3227=ORIENTED_EDGE('',*,*,#4792,.T.);
#3228=ORIENTED_EDGE('',*,*,#4765,.F.);
#3229=ORIENTED_EDGE('',*,*,#4795,.F.);
#3230=ORIENTED_EDGE('',*,*,#4774,.F.);
#3231=ORIENTED_EDGE('',*,*,#4794,.T.);
#3232=ORIENTED_EDGE('',*,*,#4783,.F.);
#3233=ORIENTED_EDGE('',*,*,#4796,.F.);
#3234=ORIENTED_EDGE('',*,*,#4762,.F.);
#3235=ORIENTED_EDGE('',*,*,#4795,.T.);
#3236=ORIENTED_EDGE('',*,*,#4764,.F.);
#3237=ORIENTED_EDGE('',*,*,#4797,.F.);
#3238=ORIENTED_EDGE('',*,*,#4771,.F.);
#3239=ORIENTED_EDGE('',*,*,#4796,.T.);
#3240=ORIENTED_EDGE('',*,*,#4785,.F.);
#3241=ORIENTED_EDGE('',*,*,#4797,.T.);
#3242=ORIENTED_EDGE('',*,*,#4763,.F.);
#3243=ORIENTED_EDGE('',*,*,#4798,.F.);
#3244=ORIENTED_EDGE('',*,*,#4790,.F.);
#3245=ORIENTED_EDGE('',*,*,#4799,.F.);
#3246=ORIENTED_EDGE('',*,*,#4784,.F.);
#3247=ORIENTED_EDGE('',*,*,#4799,.T.);
#3248=ORIENTED_EDGE('',*,*,#4789,.F.);
#3249=ORIENTED_EDGE('',*,*,#4800,.F.);
#3250=ORIENTED_EDGE('',*,*,#4769,.F.);
#3251=ORIENTED_EDGE('',*,*,#4798,.T.);
#3252=ORIENTED_EDGE('',*,*,#4781,.F.);
#3253=ORIENTED_EDGE('',*,*,#4801,.F.);
#3254=ORIENTED_EDGE('',*,*,#4791,.F.);
#3255=ORIENTED_EDGE('',*,*,#4800,.T.);
#3256=ORIENTED_EDGE('',*,*,#4788,.F.);
#3257=ORIENTED_EDGE('',*,*,#4802,.F.);
#3258=ORIENTED_EDGE('',*,*,#4772,.F.);
#3259=ORIENTED_EDGE('',*,*,#4801,.T.);
#3260=ORIENTED_EDGE('',*,*,#4778,.F.);
#3261=ORIENTED_EDGE('',*,*,#4803,.F.);
#3262=ORIENTED_EDGE('',*,*,#4786,.F.);
#3263=ORIENTED_EDGE('',*,*,#4802,.T.);
#3264=ORIENTED_EDGE('',*,*,#4787,.F.);
#3265=ORIENTED_EDGE('',*,*,#4803,.T.);
#3266=ORIENTED_EDGE('',*,*,#4775,.F.);
#3267=ORIENTED_EDGE('',*,*,#4804,.F.);
#3268=ORIENTED_EDGE('',*,*,#4805,.F.);
#3269=ORIENTED_EDGE('',*,*,#4806,.F.);
#3270=ORIENTED_EDGE('',*,*,#4807,.T.);
#3271=ORIENTED_EDGE('',*,*,#4808,.T.);
#3272=ORIENTED_EDGE('',*,*,#4809,.T.);
#3273=ORIENTED_EDGE('',*,*,#4808,.F.);
#3274=ORIENTED_EDGE('',*,*,#4810,.T.);
#3275=ORIENTED_EDGE('',*,*,#4811,.T.);
#3276=ORIENTED_EDGE('',*,*,#4812,.T.);
#3277=ORIENTED_EDGE('',*,*,#4811,.F.);
#3278=ORIENTED_EDGE('',*,*,#4813,.T.);
#3279=ORIENTED_EDGE('',*,*,#4814,.T.);
#3280=ORIENTED_EDGE('',*,*,#4815,.T.);
#3281=ORIENTED_EDGE('',*,*,#4814,.F.);
#3282=ORIENTED_EDGE('',*,*,#4816,.T.);
#3283=ORIENTED_EDGE('',*,*,#4817,.T.);
#3284=ORIENTED_EDGE('',*,*,#4818,.T.);
#3285=ORIENTED_EDGE('',*,*,#4817,.F.);
#3286=ORIENTED_EDGE('',*,*,#4819,.T.);
#3287=ORIENTED_EDGE('',*,*,#4820,.T.);
#3288=ORIENTED_EDGE('',*,*,#4821,.T.);
#3289=ORIENTED_EDGE('',*,*,#4820,.F.);
#3290=ORIENTED_EDGE('',*,*,#4822,.T.);
#3291=ORIENTED_EDGE('',*,*,#4806,.T.);
#3292=ORIENTED_EDGE('',*,*,#4823,.T.);
#3293=ORIENTED_EDGE('',*,*,#4824,.T.);
#3294=ORIENTED_EDGE('',*,*,#4825,.T.);
#3295=ORIENTED_EDGE('',*,*,#4826,.T.);
#3296=ORIENTED_EDGE('',*,*,#4827,.T.);
#3297=ORIENTED_EDGE('',*,*,#4828,.T.);
#3298=ORIENTED_EDGE('',*,*,#4829,.T.);
#3299=ORIENTED_EDGE('',*,*,#4804,.T.);
#3300=ORIENTED_EDGE('',*,*,#4809,.F.);
#3301=ORIENTED_EDGE('',*,*,#4812,.F.);
#3302=ORIENTED_EDGE('',*,*,#4815,.F.);
#3303=ORIENTED_EDGE('',*,*,#4818,.F.);
#3304=ORIENTED_EDGE('',*,*,#4821,.F.);
#3305=ORIENTED_EDGE('',*,*,#4823,.F.);
#3306=ORIENTED_EDGE('',*,*,#4830,.F.);
#3307=ORIENTED_EDGE('',*,*,#4831,.T.);
#3308=ORIENTED_EDGE('',*,*,#4832,.T.);
#3309=ORIENTED_EDGE('',*,*,#4830,.T.);
#3310=ORIENTED_EDGE('',*,*,#4805,.T.);
#3311=ORIENTED_EDGE('',*,*,#4831,.F.);
#3312=ORIENTED_EDGE('',*,*,#4832,.F.);
#3313=ORIENTED_EDGE('',*,*,#4833,.F.);
#3314=ORIENTED_EDGE('',*,*,#4834,.F.);
#3315=ORIENTED_EDGE('',*,*,#4833,.T.);
#3316=ORIENTED_EDGE('',*,*,#4835,.T.);
#3317=ORIENTED_EDGE('',*,*,#4834,.T.);
#3318=ORIENTED_EDGE('',*,*,#4835,.F.);
#3319=ORIENTED_EDGE('',*,*,#4836,.F.);
#3320=ORIENTED_EDGE('',*,*,#4810,.F.);
#3321=ORIENTED_EDGE('',*,*,#4837,.F.);
#3322=ORIENTED_EDGE('',*,*,#4828,.F.);
#3323=ORIENTED_EDGE('',*,*,#4837,.T.);
#3324=ORIENTED_EDGE('',*,*,#4807,.F.);
#3325=ORIENTED_EDGE('',*,*,#4838,.F.);
#3326=ORIENTED_EDGE('',*,*,#4829,.F.);
#3327=ORIENTED_EDGE('',*,*,#4836,.T.);
#3328=ORIENTED_EDGE('',*,*,#4827,.F.);
#3329=ORIENTED_EDGE('',*,*,#4839,.F.);
#3330=ORIENTED_EDGE('',*,*,#4813,.F.);
#3331=ORIENTED_EDGE('',*,*,#4838,.T.);
#3332=ORIENTED_EDGE('',*,*,#4822,.F.);
#3333=ORIENTED_EDGE('',*,*,#4840,.F.);
#3334=ORIENTED_EDGE('',*,*,#4824,.F.);
#3335=ORIENTED_EDGE('',*,*,#4839,.T.);
#3336=ORIENTED_EDGE('',*,*,#4826,.F.);
#3337=ORIENTED_EDGE('',*,*,#4841,.F.);
#3338=ORIENTED_EDGE('',*,*,#4816,.F.);
#3339=ORIENTED_EDGE('',*,*,#4840,.T.);
#3340=ORIENTED_EDGE('',*,*,#4819,.F.);
#3341=ORIENTED_EDGE('',*,*,#4841,.T.);
#3342=ORIENTED_EDGE('',*,*,#4825,.F.);
#3343=ORIENTED_EDGE('',*,*,#4842,.T.);
#3344=ORIENTED_EDGE('',*,*,#4843,.T.);
#3345=ORIENTED_EDGE('',*,*,#4844,.T.);
#3346=ORIENTED_EDGE('',*,*,#4845,.T.);
#3347=ORIENTED_EDGE('',*,*,#4846,.T.);
#3348=ORIENTED_EDGE('',*,*,#4847,.T.);
#3349=ORIENTED_EDGE('',*,*,#4842,.F.);
#3350=ORIENTED_EDGE('',*,*,#4848,.T.);
#3351=ORIENTED_EDGE('',*,*,#4849,.T.);
#3352=ORIENTED_EDGE('',*,*,#4850,.T.);
#3353=ORIENTED_EDGE('',*,*,#4851,.T.);
#3354=ORIENTED_EDGE('',*,*,#4852,.T.);
#3355=ORIENTED_EDGE('',*,*,#4846,.F.);
#3356=ORIENTED_EDGE('',*,*,#4853,.T.);
#3357=ORIENTED_EDGE('',*,*,#4854,.T.);
#3358=ORIENTED_EDGE('',*,*,#4855,.F.);
#3359=ORIENTED_EDGE('',*,*,#4856,.T.);
#3360=ORIENTED_EDGE('',*,*,#4857,.F.);
#3361=ORIENTED_EDGE('',*,*,#4858,.T.);
#3362=ORIENTED_EDGE('',*,*,#4859,.F.);
#3363=ORIENTED_EDGE('',*,*,#4860,.T.);
#3364=ORIENTED_EDGE('',*,*,#4861,.F.);
#3365=ORIENTED_EDGE('',*,*,#4862,.T.);
#3366=ORIENTED_EDGE('',*,*,#4863,.T.);
#3367=ORIENTED_EDGE('',*,*,#4864,.T.);
#3368=ORIENTED_EDGE('',*,*,#4865,.T.);
#3369=ORIENTED_EDGE('',*,*,#4866,.T.);
#3370=ORIENTED_EDGE('',*,*,#4867,.F.);
#3371=ORIENTED_EDGE('',*,*,#4868,.T.);
#3372=ORIENTED_EDGE('',*,*,#4869,.T.);
#3373=ORIENTED_EDGE('',*,*,#4870,.T.);
#3374=ORIENTED_EDGE('',*,*,#4871,.T.);
#3375=ORIENTED_EDGE('',*,*,#4872,.T.);
#3376=ORIENTED_EDGE('',*,*,#4873,.T.);
#3377=ORIENTED_EDGE('',*,*,#4874,.T.);
#3378=ORIENTED_EDGE('',*,*,#4849,.F.);
#3379=ORIENTED_EDGE('',*,*,#4860,.F.);
#3380=ORIENTED_EDGE('',*,*,#4858,.F.);
#3381=ORIENTED_EDGE('',*,*,#4856,.F.);
#3382=ORIENTED_EDGE('',*,*,#4854,.F.);
#3383=ORIENTED_EDGE('',*,*,#4866,.F.);
#3384=ORIENTED_EDGE('',*,*,#4875,.T.);
#3385=ORIENTED_EDGE('',*,*,#4876,.T.);
#3386=ORIENTED_EDGE('',*,*,#4877,.T.);
#3387=ORIENTED_EDGE('',*,*,#4878,.T.);
#3388=ORIENTED_EDGE('',*,*,#4879,.T.);
#3389=ORIENTED_EDGE('',*,*,#4880,.T.);
#3390=ORIENTED_EDGE('',*,*,#4881,.T.);
#3391=ORIENTED_EDGE('',*,*,#4882,.T.);
#3392=ORIENTED_EDGE('',*,*,#4861,.T.);
#3393=ORIENTED_EDGE('',*,*,#4859,.T.);
#3394=ORIENTED_EDGE('',*,*,#4857,.T.);
#3395=ORIENTED_EDGE('',*,*,#4855,.T.);
#3396=ORIENTED_EDGE('',*,*,#4867,.T.);
#3397=ORIENTED_EDGE('',*,*,#4883,.T.);
#3398=ORIENTED_EDGE('',*,*,#4884,.T.);
#3399=ORIENTED_EDGE('',*,*,#4884,.F.);
#3400=ORIENTED_EDGE('',*,*,#4871,.F.);
#3401=ORIENTED_EDGE('',*,*,#4883,.F.);
#3402=ORIENTED_EDGE('',*,*,#4878,.F.);
#3403=ORIENTED_EDGE('',*,*,#4885,.T.);
#3404=ORIENTED_EDGE('',*,*,#4886,.T.);
#3405=ORIENTED_EDGE('',*,*,#4886,.F.);
#3406=ORIENTED_EDGE('',*,*,#4870,.F.);
#3407=ORIENTED_EDGE('',*,*,#4885,.F.);
#3408=ORIENTED_EDGE('',*,*,#4877,.F.);
#3409=ORIENTED_EDGE('',*,*,#4887,.T.);
#3410=ORIENTED_EDGE('',*,*,#4888,.T.);
#3411=ORIENTED_EDGE('',*,*,#4888,.F.);
#3412=ORIENTED_EDGE('',*,*,#4869,.F.);
#3413=ORIENTED_EDGE('',*,*,#4887,.F.);
#3414=ORIENTED_EDGE('',*,*,#4876,.F.);
#3415=ORIENTED_EDGE('',*,*,#4889,.T.);
#3416=ORIENTED_EDGE('',*,*,#4890,.T.);
#3417=ORIENTED_EDGE('',*,*,#4890,.F.);
#3418=ORIENTED_EDGE('',*,*,#4868,.F.);
#3419=ORIENTED_EDGE('',*,*,#4889,.F.);
#3420=ORIENTED_EDGE('',*,*,#4875,.F.);
#3421=ORIENTED_EDGE('',*,*,#4874,.F.);
#3422=ORIENTED_EDGE('',*,*,#4891,.T.);
#3423=ORIENTED_EDGE('',*,*,#4853,.F.);
#3424=ORIENTED_EDGE('',*,*,#4850,.F.);
#3425=ORIENTED_EDGE('',*,*,#4881,.F.);
#3426=ORIENTED_EDGE('',*,*,#4892,.T.);
#3427=ORIENTED_EDGE('',*,*,#4862,.F.);
#3428=ORIENTED_EDGE('',*,*,#4893,.T.);
#3429=ORIENTED_EDGE('',*,*,#4845,.F.);
#3430=ORIENTED_EDGE('',*,*,#4894,.T.);
#3431=ORIENTED_EDGE('',*,*,#4872,.F.);
#3432=ORIENTED_EDGE('',*,*,#4848,.F.);
#3433=ORIENTED_EDGE('',*,*,#4895,.F.);
#3434=ORIENTED_EDGE('',*,*,#4894,.F.);
#3435=ORIENTED_EDGE('',*,*,#4896,.F.);
#3436=ORIENTED_EDGE('',*,*,#4896,.T.);
#3437=ORIENTED_EDGE('',*,*,#4844,.F.);
#3438=ORIENTED_EDGE('',*,*,#4897,.F.);
#3439=ORIENTED_EDGE('',*,*,#4865,.F.);
#3440=ORIENTED_EDGE('',*,*,#4895,.T.);
#3441=ORIENTED_EDGE('',*,*,#4864,.F.);
#3442=ORIENTED_EDGE('',*,*,#4898,.F.);
#3443=ORIENTED_EDGE('',*,*,#4873,.F.);
#3444=ORIENTED_EDGE('',*,*,#4893,.F.);
#3445=ORIENTED_EDGE('',*,*,#4897,.T.);
#3446=ORIENTED_EDGE('',*,*,#4899,.F.);
#3447=ORIENTED_EDGE('',*,*,#4891,.F.);
#3448=ORIENTED_EDGE('',*,*,#4898,.T.);
#3449=ORIENTED_EDGE('',*,*,#4900,.F.);
#3450=ORIENTED_EDGE('',*,*,#4899,.T.);
#3451=ORIENTED_EDGE('',*,*,#4843,.F.);
#3452=ORIENTED_EDGE('',*,*,#4901,.F.);
#3453=ORIENTED_EDGE('',*,*,#4882,.F.);
#3454=ORIENTED_EDGE('',*,*,#4900,.T.);
#3455=ORIENTED_EDGE('',*,*,#4863,.F.);
#3456=ORIENTED_EDGE('',*,*,#4902,.F.);
#3457=ORIENTED_EDGE('',*,*,#4851,.F.);
#3458=ORIENTED_EDGE('',*,*,#4901,.T.);
#3459=ORIENTED_EDGE('',*,*,#4847,.F.);
#3460=ORIENTED_EDGE('',*,*,#4903,.F.);
#3461=ORIENTED_EDGE('',*,*,#4879,.F.);
#3462=ORIENTED_EDGE('',*,*,#4902,.T.);
#3463=ORIENTED_EDGE('',*,*,#4892,.F.);
#3464=ORIENTED_EDGE('',*,*,#4904,.F.);
#3465=ORIENTED_EDGE('',*,*,#4903,.T.);
#3466=ORIENTED_EDGE('',*,*,#4852,.F.);
#3467=ORIENTED_EDGE('',*,*,#4904,.T.);
#3468=ORIENTED_EDGE('',*,*,#4880,.F.);
#3469=ORIENTED_EDGE('',*,*,#4905,.T.);
#3470=ORIENTED_EDGE('',*,*,#4906,.T.);
#3471=ORIENTED_EDGE('',*,*,#4907,.F.);
#3472=ORIENTED_EDGE('',*,*,#4908,.T.);
#3473=ORIENTED_EDGE('',*,*,#4909,.T.);
#3474=ORIENTED_EDGE('',*,*,#4910,.T.);
#3475=ORIENTED_EDGE('',*,*,#4911,.T.);
#3476=ORIENTED_EDGE('',*,*,#4912,.F.);
#3477=ORIENTED_EDGE('',*,*,#4913,.T.);
#3478=ORIENTED_EDGE('',*,*,#4914,.T.);
#3479=ORIENTED_EDGE('',*,*,#4915,.F.);
#3480=ORIENTED_EDGE('',*,*,#4916,.T.);
#3481=ORIENTED_EDGE('',*,*,#4917,.F.);
#3482=ORIENTED_EDGE('',*,*,#4918,.T.);
#3483=ORIENTED_EDGE('',*,*,#4919,.T.);
#3484=ORIENTED_EDGE('',*,*,#4920,.F.);
#3485=ORIENTED_EDGE('',*,*,#4921,.T.);
#3486=ORIENTED_EDGE('',*,*,#4922,.T.);
#3487=ORIENTED_EDGE('',*,*,#4923,.F.);
#3488=ORIENTED_EDGE('',*,*,#4924,.T.);
#3489=ORIENTED_EDGE('',*,*,#4925,.T.);
#3490=ORIENTED_EDGE('',*,*,#4926,.F.);
#3491=ORIENTED_EDGE('',*,*,#4919,.F.);
#3492=ORIENTED_EDGE('',*,*,#4927,.T.);
#3493=ORIENTED_EDGE('',*,*,#4923,.T.);
#3494=ORIENTED_EDGE('',*,*,#4928,.F.);
#3495=ORIENTED_EDGE('',*,*,#4929,.F.);
#3496=ORIENTED_EDGE('',*,*,#4930,.T.);
#3497=ORIENTED_EDGE('',*,*,#4931,.T.);
#3498=ORIENTED_EDGE('',*,*,#4932,.T.);
#3499=ORIENTED_EDGE('',*,*,#4933,.F.);
#3500=ORIENTED_EDGE('',*,*,#4934,.T.);
#3501=ORIENTED_EDGE('',*,*,#4935,.F.);
#3502=ORIENTED_EDGE('',*,*,#4936,.F.);
#3503=ORIENTED_EDGE('',*,*,#4937,.F.);
#3504=ORIENTED_EDGE('',*,*,#4938,.T.);
#3505=ORIENTED_EDGE('',*,*,#4939,.T.);
#3506=ORIENTED_EDGE('',*,*,#4940,.T.);
#3507=ORIENTED_EDGE('',*,*,#4941,.F.);
#3508=ORIENTED_EDGE('',*,*,#4942,.T.);
#3509=ORIENTED_EDGE('',*,*,#4943,.F.);
#3510=ORIENTED_EDGE('',*,*,#4944,.T.);
#3511=ORIENTED_EDGE('',*,*,#4945,.T.);
#3512=ORIENTED_EDGE('',*,*,#4946,.T.);
#3513=ORIENTED_EDGE('',*,*,#4947,.F.);
#3514=ORIENTED_EDGE('',*,*,#4948,.T.);
#3515=ORIENTED_EDGE('',*,*,#4949,.T.);
#3516=ORIENTED_EDGE('',*,*,#4950,.T.);
#3517=ORIENTED_EDGE('',*,*,#4912,.T.);
#3518=ORIENTED_EDGE('',*,*,#4951,.T.);
#3519=ORIENTED_EDGE('',*,*,#4952,.F.);
#3520=ORIENTED_EDGE('',*,*,#4907,.T.);
#3521=ORIENTED_EDGE('',*,*,#4953,.T.);
#3522=ORIENTED_EDGE('',*,*,#4954,.T.);
#3523=ORIENTED_EDGE('',*,*,#4955,.T.);
#3524=ORIENTED_EDGE('',*,*,#4956,.F.);
#3525=ORIENTED_EDGE('',*,*,#4957,.T.);
#3526=ORIENTED_EDGE('',*,*,#4958,.T.);
#3527=ORIENTED_EDGE('',*,*,#4915,.T.);
#3528=ORIENTED_EDGE('',*,*,#4959,.T.);
#3529=ORIENTED_EDGE('',*,*,#4960,.F.);
#3530=ORIENTED_EDGE('',*,*,#4961,.F.);
#3531=ORIENTED_EDGE('',*,*,#4962,.T.);
#3532=ORIENTED_EDGE('',*,*,#4963,.T.);
#3533=ORIENTED_EDGE('',*,*,#4964,.T.);
#3534=ORIENTED_EDGE('',*,*,#4965,.F.);
#3535=ORIENTED_EDGE('',*,*,#4966,.T.);
#3536=ORIENTED_EDGE('',*,*,#4967,.T.);
#3537=ORIENTED_EDGE('',*,*,#4954,.F.);
#3538=ORIENTED_EDGE('',*,*,#4968,.T.);
#3539=ORIENTED_EDGE('',*,*,#4969,.T.);
#3540=ORIENTED_EDGE('',*,*,#4970,.T.);
#3541=ORIENTED_EDGE('',*,*,#4957,.F.);
#3542=ORIENTED_EDGE('',*,*,#4971,.T.);
#3543=ORIENTED_EDGE('',*,*,#4972,.T.);
#3544=ORIENTED_EDGE('',*,*,#4965,.T.);
#3545=ORIENTED_EDGE('',*,*,#4973,.T.);
#3546=ORIENTED_EDGE('',*,*,#4974,.T.);
#3547=ORIENTED_EDGE('',*,*,#4975,.T.);
#3548=ORIENTED_EDGE('',*,*,#4976,.T.);
#3549=ORIENTED_EDGE('',*,*,#4941,.T.);
#3550=ORIENTED_EDGE('',*,*,#4977,.T.);
#3551=ORIENTED_EDGE('',*,*,#4943,.T.);
#3552=ORIENTED_EDGE('',*,*,#4978,.T.);
#3553=ORIENTED_EDGE('',*,*,#4947,.T.);
#3554=ORIENTED_EDGE('',*,*,#4979,.T.);
#3555=ORIENTED_EDGE('',*,*,#4961,.T.);
#3556=ORIENTED_EDGE('',*,*,#4980,.T.);
#3557=ORIENTED_EDGE('',*,*,#4960,.T.);
#3558=ORIENTED_EDGE('',*,*,#4956,.T.);
#3559=ORIENTED_EDGE('',*,*,#4952,.T.);
#3560=ORIENTED_EDGE('',*,*,#4937,.T.);
#3561=ORIENTED_EDGE('',*,*,#4935,.T.);
#3562=ORIENTED_EDGE('',*,*,#4967,.F.);
#3563=ORIENTED_EDGE('',*,*,#4925,.F.);
#3564=ORIENTED_EDGE('',*,*,#4981,.T.);
#3565=ORIENTED_EDGE('',*,*,#4929,.T.);
#3566=ORIENTED_EDGE('',*,*,#4982,.T.);
#3567=ORIENTED_EDGE('',*,*,#4931,.F.);
#3568=ORIENTED_EDGE('',*,*,#4983,.T.);
#3569=ORIENTED_EDGE('',*,*,#4984,.T.);
#3570=ORIENTED_EDGE('',*,*,#4985,.T.);
#3571=ORIENTED_EDGE('',*,*,#4984,.F.);
#3572=ORIENTED_EDGE('',*,*,#4986,.T.);
#3573=ORIENTED_EDGE('',*,*,#4987,.T.);
#3574=ORIENTED_EDGE('',*,*,#4988,.T.);
#3575=ORIENTED_EDGE('',*,*,#4987,.F.);
#3576=ORIENTED_EDGE('',*,*,#4989,.T.);
#3577=ORIENTED_EDGE('',*,*,#4917,.T.);
#3578=ORIENTED_EDGE('',*,*,#4990,.T.);
#3579=ORIENTED_EDGE('',*,*,#4991,.F.);
#3580=ORIENTED_EDGE('',*,*,#4932,.F.);
#3581=ORIENTED_EDGE('',*,*,#4985,.F.);
#3582=ORIENTED_EDGE('',*,*,#4988,.F.);
#3583=ORIENTED_EDGE('',*,*,#4990,.F.);
#3584=ORIENTED_EDGE('',*,*,#4922,.F.);
#3585=ORIENTED_EDGE('',*,*,#4938,.F.);
#3586=ORIENTED_EDGE('',*,*,#4992,.T.);
#3587=ORIENTED_EDGE('',*,*,#4982,.F.);
#3588=ORIENTED_EDGE('',*,*,#4934,.F.);
#3589=ORIENTED_EDGE('',*,*,#4993,.T.);
#3590=ORIENTED_EDGE('',*,*,#4920,.T.);
#3591=ORIENTED_EDGE('',*,*,#4928,.T.);
#3592=ORIENTED_EDGE('',*,*,#4926,.T.);
#3593=ORIENTED_EDGE('',*,*,#4993,.F.);
#3594=ORIENTED_EDGE('',*,*,#4933,.T.);
#3595=ORIENTED_EDGE('',*,*,#4991,.T.);
#3596=ORIENTED_EDGE('',*,*,#4921,.F.);
#3597=ORIENTED_EDGE('',*,*,#4994,.F.);
#3598=ORIENTED_EDGE('',*,*,#4962,.F.);
#3599=ORIENTED_EDGE('',*,*,#4979,.F.);
#3600=ORIENTED_EDGE('',*,*,#4950,.F.);
#3601=ORIENTED_EDGE('',*,*,#4995,.F.);
#3602=ORIENTED_EDGE('',*,*,#4994,.T.);
#3603=ORIENTED_EDGE('',*,*,#4996,.F.);
#3604=ORIENTED_EDGE('',*,*,#4978,.F.);
#3605=ORIENTED_EDGE('',*,*,#4946,.F.);
#3606=ORIENTED_EDGE('',*,*,#4997,.F.);
#3607=ORIENTED_EDGE('',*,*,#4948,.F.);
#3608=ORIENTED_EDGE('',*,*,#4996,.T.);
#3609=ORIENTED_EDGE('',*,*,#4949,.F.);
#3610=ORIENTED_EDGE('',*,*,#4998,.F.);
#3611=ORIENTED_EDGE('',*,*,#4969,.F.);
#3612=ORIENTED_EDGE('',*,*,#4953,.F.);
#3613=ORIENTED_EDGE('',*,*,#4906,.F.);
#3614=ORIENTED_EDGE('',*,*,#4999,.F.);
#3615=ORIENTED_EDGE('',*,*,#4963,.F.);
#3616=ORIENTED_EDGE('',*,*,#4995,.T.);
#3617=ORIENTED_EDGE('',*,*,#4968,.F.);
#3618=ORIENTED_EDGE('',*,*,#4980,.F.);
#3619=ORIENTED_EDGE('',*,*,#4964,.F.);
#3620=ORIENTED_EDGE('',*,*,#5000,.F.);
#3621=ORIENTED_EDGE('',*,*,#4942,.F.);
#3622=ORIENTED_EDGE('',*,*,#4998,.T.);
#3623=ORIENTED_EDGE('',*,*,#4997,.T.);
#3624=ORIENTED_EDGE('',*,*,#5001,.F.);
#3625=ORIENTED_EDGE('',*,*,#5000,.T.);
#3626=ORIENTED_EDGE('',*,*,#4999,.T.);
#3627=ORIENTED_EDGE('',*,*,#5002,.F.);
#3628=ORIENTED_EDGE('',*,*,#5001,.T.);
#3629=ORIENTED_EDGE('',*,*,#4945,.F.);
#3630=ORIENTED_EDGE('',*,*,#5003,.F.);
#3631=ORIENTED_EDGE('',*,*,#4916,.F.);
#3632=ORIENTED_EDGE('',*,*,#4958,.F.);
#3633=ORIENTED_EDGE('',*,*,#4970,.F.);
#3634=ORIENTED_EDGE('',*,*,#5002,.T.);
#3635=ORIENTED_EDGE('',*,*,#4905,.F.);
#3636=ORIENTED_EDGE('',*,*,#5004,.F.);
#3637=ORIENTED_EDGE('',*,*,#4939,.F.);
#3638=ORIENTED_EDGE('',*,*,#5004,.T.);
#3639=ORIENTED_EDGE('',*,*,#5003,.T.);
#3640=ORIENTED_EDGE('',*,*,#5005,.F.);
#3641=ORIENTED_EDGE('',*,*,#5005,.T.);
#3642=ORIENTED_EDGE('',*,*,#4944,.F.);
#3643=ORIENTED_EDGE('',*,*,#4977,.F.);
#3644=ORIENTED_EDGE('',*,*,#4940,.F.);
#3645=ORIENTED_EDGE('',*,*,#4951,.F.);
#3646=ORIENTED_EDGE('',*,*,#4911,.F.);
#3647=ORIENTED_EDGE('',*,*,#5006,.F.);
#3648=ORIENTED_EDGE('',*,*,#4989,.F.);
#3649=ORIENTED_EDGE('',*,*,#5007,.F.);
#3650=ORIENTED_EDGE('',*,*,#4913,.F.);
#3651=ORIENTED_EDGE('',*,*,#5006,.T.);
#3652=ORIENTED_EDGE('',*,*,#4910,.F.);
#3653=ORIENTED_EDGE('',*,*,#5008,.F.);
#3654=ORIENTED_EDGE('',*,*,#4918,.F.);
#3655=ORIENTED_EDGE('',*,*,#5007,.T.);
#3656=ORIENTED_EDGE('',*,*,#4986,.F.);
#3657=ORIENTED_EDGE('',*,*,#5009,.F.);
#3658=ORIENTED_EDGE('',*,*,#4971,.F.);
#3659=ORIENTED_EDGE('',*,*,#4959,.F.);
#3660=ORIENTED_EDGE('',*,*,#4914,.F.);
#3661=ORIENTED_EDGE('',*,*,#5008,.T.);
#3662=ORIENTED_EDGE('',*,*,#4909,.F.);
#3663=ORIENTED_EDGE('',*,*,#5010,.F.);
#3664=ORIENTED_EDGE('',*,*,#4927,.F.);
#3665=ORIENTED_EDGE('',*,*,#5009,.T.);
#3666=ORIENTED_EDGE('',*,*,#4983,.F.);
#3667=ORIENTED_EDGE('',*,*,#5011,.F.);
#3668=ORIENTED_EDGE('',*,*,#4973,.F.);
#3669=ORIENTED_EDGE('',*,*,#4966,.F.);
#3670=ORIENTED_EDGE('',*,*,#4972,.F.);
#3671=ORIENTED_EDGE('',*,*,#4955,.F.);
#3672=ORIENTED_EDGE('',*,*,#4976,.F.);
#3673=ORIENTED_EDGE('',*,*,#5012,.F.);
#3674=ORIENTED_EDGE('',*,*,#4924,.F.);
#3675=ORIENTED_EDGE('',*,*,#5010,.T.);
#3676=ORIENTED_EDGE('',*,*,#4908,.F.);
#3677=ORIENTED_EDGE('',*,*,#5011,.T.);
#3678=ORIENTED_EDGE('',*,*,#4930,.F.);
#3679=ORIENTED_EDGE('',*,*,#5013,.F.);
#3680=ORIENTED_EDGE('',*,*,#4974,.F.);
#3681=ORIENTED_EDGE('',*,*,#5012,.T.);
#3682=ORIENTED_EDGE('',*,*,#4975,.F.);
#3683=ORIENTED_EDGE('',*,*,#5013,.T.);
#3684=ORIENTED_EDGE('',*,*,#4981,.F.);
#3685=ORIENTED_EDGE('',*,*,#4936,.T.);
#3686=ORIENTED_EDGE('',*,*,#5014,.T.);
#3687=ORIENTED_EDGE('',*,*,#5014,.F.);
#3688=ORIENTED_EDGE('',*,*,#4992,.F.);
#3689=VERTEX_POINT('',#8383);
#3690=VERTEX_POINT('',#8384);
#3691=VERTEX_POINT('',#8386);
#3692=VERTEX_POINT('',#8388);
#3693=VERTEX_POINT('',#8390);
#3694=VERTEX_POINT('',#8392);
#3695=VERTEX_POINT('',#8394);
#3696=VERTEX_POINT('',#8396);
#3697=VERTEX_POINT('',#8398);
#3698=VERTEX_POINT('',#8400);
#3699=VERTEX_POINT('',#8402);
#3700=VERTEX_POINT('',#8404);
#3701=VERTEX_POINT('',#8406);
#3702=VERTEX_POINT('',#8408);
#3703=VERTEX_POINT('',#8410);
#3704=VERTEX_POINT('',#8414);
#3705=VERTEX_POINT('',#8415);
#3706=VERTEX_POINT('',#8417);
#3707=VERTEX_POINT('',#8419);
#3708=VERTEX_POINT('',#8421);
#3709=VERTEX_POINT('',#8423);
#3710=VERTEX_POINT('',#8425);
#3711=VERTEX_POINT('',#8427);
#3712=VERTEX_POINT('',#8429);
#3713=VERTEX_POINT('',#8431);
#3714=VERTEX_POINT('',#8433);
#3715=VERTEX_POINT('',#8435);
#3716=VERTEX_POINT('',#8437);
#3717=VERTEX_POINT('',#8441);
#3718=VERTEX_POINT('',#8442);
#3719=VERTEX_POINT('',#8444);
#3720=VERTEX_POINT('',#8446);
#3721=VERTEX_POINT('',#8449);
#3722=VERTEX_POINT('',#8451);
#3723=VERTEX_POINT('',#8454);
#3724=VERTEX_POINT('',#8455);
#3725=VERTEX_POINT('',#8457);
#3726=VERTEX_POINT('',#8459);
#3727=VERTEX_POINT('',#8461);
#3728=VERTEX_POINT('',#8463);
#3729=VERTEX_POINT('',#8465);
#3730=VERTEX_POINT('',#8467);
#3731=VERTEX_POINT('',#8469);
#3732=VERTEX_POINT('',#8471);
#3733=VERTEX_POINT('',#8473);
#3734=VERTEX_POINT('',#8475);
#3735=VERTEX_POINT('',#8477);
#3736=VERTEX_POINT('',#8479);
#3737=VERTEX_POINT('',#8481);
#3738=VERTEX_POINT('',#8485);
#3739=VERTEX_POINT('',#8486);
#3740=VERTEX_POINT('',#8488);
#3741=VERTEX_POINT('',#8490);
#3742=VERTEX_POINT('',#8492);
#3743=VERTEX_POINT('',#8494);
#3744=VERTEX_POINT('',#8498);
#3745=VERTEX_POINT('',#8500);
#3746=VERTEX_POINT('',#8504);
#3747=VERTEX_POINT('',#8505);
#3748=VERTEX_POINT('',#8507);
#3749=VERTEX_POINT('',#8509);
#3750=VERTEX_POINT('',#8513);
#3751=VERTEX_POINT('',#8514);
#3752=VERTEX_POINT('',#8516);
#3753=VERTEX_POINT('',#8518);
#3754=VERTEX_POINT('',#8520);
#3755=VERTEX_POINT('',#8524);
#3756=VERTEX_POINT('',#8525);
#3757=VERTEX_POINT('',#8527);
#3758=VERTEX_POINT('',#8529);
#3759=VERTEX_POINT('',#8531);
#3760=VERTEX_POINT('',#8533);
#3761=VERTEX_POINT('',#8535);
#3762=VERTEX_POINT('',#8539);
#3763=VERTEX_POINT('',#8540);
#3764=VERTEX_POINT('',#8542);
#3765=VERTEX_POINT('',#8544);
#3766=VERTEX_POINT('',#8546);
#3767=VERTEX_POINT('',#8548);
#3768=VERTEX_POINT('',#8552);
#3769=VERTEX_POINT('',#8553);
#3770=VERTEX_POINT('',#8555);
#3771=VERTEX_POINT('',#8557);
#3772=VERTEX_POINT('',#8561);
#3773=VERTEX_POINT('',#8562);
#3774=VERTEX_POINT('',#8564);
#3775=VERTEX_POINT('',#8566);
#3776=VERTEX_POINT('',#8570);
#3777=VERTEX_POINT('',#8572);
#3778=VERTEX_POINT('',#8574);
#3779=VERTEX_POINT('',#8576);
#3780=VERTEX_POINT('',#8578);
#3781=VERTEX_POINT('',#8580);
#3782=VERTEX_POINT('',#8584);
#3783=VERTEX_POINT('',#8586);
#3784=VERTEX_POINT('',#8588);
#3785=VERTEX_POINT('',#8590);
#3786=VERTEX_POINT('',#8594);
#3787=VERTEX_POINT('',#8596);
#3788=VERTEX_POINT('',#8598);
#3789=VERTEX_POINT('',#8600);
#3790=VERTEX_POINT('',#8602);
#3791=VERTEX_POINT('',#8604);
#3792=VERTEX_POINT('',#8606);
#3793=VERTEX_POINT('',#8608);
#3794=VERTEX_POINT('',#8610);
#3795=VERTEX_POINT('',#8612);
#3796=VERTEX_POINT('',#8626);
#3797=VERTEX_POINT('',#8627);
#3798=VERTEX_POINT('',#8630);
#3799=VERTEX_POINT('',#8634);
#3800=VERTEX_POINT('',#8636);
#3801=VERTEX_POINT('',#8643);
#3802=VERTEX_POINT('',#8645);
#3803=VERTEX_POINT('',#8647);
#3804=VERTEX_POINT('',#8649);
#3805=VERTEX_POINT('',#8651);
#3806=VERTEX_POINT('',#8653);
#3807=VERTEX_POINT('',#8655);
#3808=VERTEX_POINT('',#8657);
#3809=VERTEX_POINT('',#8659);
#3810=VERTEX_POINT('',#8660);
#3811=VERTEX_POINT('',#8662);
#3812=VERTEX_POINT('',#8664);
#3813=VERTEX_POINT('',#8668);
#3814=VERTEX_POINT('',#8670);
#3815=VERTEX_POINT('',#8674);
#3816=VERTEX_POINT('',#8676);
#3817=VERTEX_POINT('',#8683);
#3818=VERTEX_POINT('',#8685);
#3819=VERTEX_POINT('',#8687);
#3820=VERTEX_POINT('',#8689);
#3821=VERTEX_POINT('',#8691);
#3822=VERTEX_POINT('',#8693);
#3823=VERTEX_POINT('',#8695);
#3824=VERTEX_POINT('',#8697);
#3825=VERTEX_POINT('',#8699);
#3826=VERTEX_POINT('',#8700);
#3827=VERTEX_POINT('',#8702);
#3828=VERTEX_POINT('',#8704);
#3829=VERTEX_POINT('',#8719);
#3830=VERTEX_POINT('',#8721);
#3831=VERTEX_POINT('',#8725);
#3832=VERTEX_POINT('',#8726);
#3833=VERTEX_POINT('',#8769);
#3834=VERTEX_POINT('',#8770);
#3835=VERTEX_POINT('',#8772);
#3836=VERTEX_POINT('',#8774);
#3837=VERTEX_POINT('',#8776);
#3838=VERTEX_POINT('',#8778);
#3839=VERTEX_POINT('',#8780);
#3840=VERTEX_POINT('',#8782);
#3841=VERTEX_POINT('',#8784);
#3842=VERTEX_POINT('',#8786);
#3843=VERTEX_POINT('',#8788);
#3844=VERTEX_POINT('',#8790);
#3845=VERTEX_POINT('',#8792);
#3846=VERTEX_POINT('',#8794);
#3847=VERTEX_POINT('',#8796);
#3848=VERTEX_POINT('',#8798);
#3849=VERTEX_POINT('',#8801);
#3850=VERTEX_POINT('',#8802);
#3851=VERTEX_POINT('',#8804);
#3852=VERTEX_POINT('',#8806);
#3853=VERTEX_POINT('',#8808);
#3854=VERTEX_POINT('',#8810);
#3855=VERTEX_POINT('',#8812);
#3856=VERTEX_POINT('',#8814);
#3857=VERTEX_POINT('',#8818);
#3858=VERTEX_POINT('',#8819);
#3859=VERTEX_POINT('',#8821);
#3860=VERTEX_POINT('',#8823);
#3861=VERTEX_POINT('',#8826);
#3862=VERTEX_POINT('',#8828);
#3863=VERTEX_POINT('',#8830);
#3864=VERTEX_POINT('',#8832);
#3865=VERTEX_POINT('',#8834);
#3866=VERTEX_POINT('',#8836);
#3867=VERTEX_POINT('',#8838);
#3868=VERTEX_POINT('',#8840);
#3869=VERTEX_POINT('',#8843);
#3870=VERTEX_POINT('',#8845);
#3871=VERTEX_POINT('',#8849);
#3872=VERTEX_POINT('',#8850);
#3873=VERTEX_POINT('',#8855);
#3874=VERTEX_POINT('',#8856);
#3875=VERTEX_POINT('',#8861);
#3876=VERTEX_POINT('',#8862);
#3877=VERTEX_POINT('',#8867);
#3878=VERTEX_POINT('',#8874);
#3879=VERTEX_POINT('',#8884);
#3880=VERTEX_POINT('',#8891);
#3881=VERTEX_POINT('',#8895);
#3882=VERTEX_POINT('',#8898);
#3883=VERTEX_POINT('',#8903);
#3884=VERTEX_POINT('',#8907);
#3885=VERTEX_POINT('',#8915);
#3886=VERTEX_POINT('',#8919);
#3887=VERTEX_POINT('',#8927);
#3888=VERTEX_POINT('',#8931);
#3889=VERTEX_POINT('',#8939);
#3890=VERTEX_POINT('',#8940);
#3891=VERTEX_POINT('',#8942);
#3892=VERTEX_POINT('',#8944);
#3893=VERTEX_POINT('',#8947);
#3894=VERTEX_POINT('',#8949);
#3895=VERTEX_POINT('',#8951);
#3896=VERTEX_POINT('',#8953);
#3897=VERTEX_POINT('',#8955);
#3898=VERTEX_POINT('',#8957);
#3899=VERTEX_POINT('',#8959);
#3900=VERTEX_POINT('',#8961);
#3901=VERTEX_POINT('',#8964);
#3902=VERTEX_POINT('',#8965);
#3903=VERTEX_POINT('',#8967);
#3904=VERTEX_POINT('',#8969);
#3905=VERTEX_POINT('',#8971);
#3906=VERTEX_POINT('',#8973);
#3907=VERTEX_POINT('',#8975);
#3908=VERTEX_POINT('',#8977);
#3909=VERTEX_POINT('',#8979);
#3910=VERTEX_POINT('',#8981);
#3911=VERTEX_POINT('',#8983);
#3912=VERTEX_POINT('',#8985);
#3913=VERTEX_POINT('',#8987);
#3914=VERTEX_POINT('',#8989);
#3915=VERTEX_POINT('',#8991);
#3916=VERTEX_POINT('',#8993);
#3917=VERTEX_POINT('',#8996);
#3918=VERTEX_POINT('',#8997);
#3919=VERTEX_POINT('',#8999);
#3920=VERTEX_POINT('',#9001);
#3921=VERTEX_POINT('',#9003);
#3922=VERTEX_POINT('',#9005);
#3923=VERTEX_POINT('',#9007);
#3924=VERTEX_POINT('',#9009);
#3925=VERTEX_POINT('',#9013);
#3926=VERTEX_POINT('',#9015);
#3927=VERTEX_POINT('',#9019);
#3928=VERTEX_POINT('',#9021);
#3929=VERTEX_POINT('',#9025);
#3930=VERTEX_POINT('',#9026);
#3931=VERTEX_POINT('',#9031);
#3932=VERTEX_POINT('',#9032);
#3933=VERTEX_POINT('',#9037);
#3934=VERTEX_POINT('',#9044);
#3935=VERTEX_POINT('',#9054);
#3936=VERTEX_POINT('',#9061);
#3937=VERTEX_POINT('',#9065);
#3938=VERTEX_POINT('',#9068);
#3939=VERTEX_POINT('',#9072);
#3940=VERTEX_POINT('',#9077);
#3941=VERTEX_POINT('',#9085);
#3942=VERTEX_POINT('',#9089);
#3943=VERTEX_POINT('',#9097);
#3944=VERTEX_POINT('',#9101);
#3945=VERTEX_POINT('',#9109);
#3946=VERTEX_POINT('',#9110);
#3947=VERTEX_POINT('',#9112);
#3948=VERTEX_POINT('',#9114);
#3949=VERTEX_POINT('',#9118);
#3950=VERTEX_POINT('',#9119);
#3951=VERTEX_POINT('',#9121);
#3952=VERTEX_POINT('',#9123);
#3953=VERTEX_POINT('',#9126);
#3954=VERTEX_POINT('',#9127);
#3955=VERTEX_POINT('',#9129);
#3956=VERTEX_POINT('',#9131);
#3957=VERTEX_POINT('',#9133);
#3958=VERTEX_POINT('',#9135);
#3959=VERTEX_POINT('',#9137);
#3960=VERTEX_POINT('',#9139);
#3961=VERTEX_POINT('',#9143);
#3962=VERTEX_POINT('',#9145);
#3963=VERTEX_POINT('',#9149);
#3964=VERTEX_POINT('',#9151);
#3965=VERTEX_POINT('',#9155);
#3966=VERTEX_POINT('',#9156);
#3967=VERTEX_POINT('',#9161);
#3968=VERTEX_POINT('',#9163);
#3969=VERTEX_POINT('',#9167);
#3970=VERTEX_POINT('',#9170);
#3971=VERTEX_POINT('',#9175);
#3972=VERTEX_POINT('',#9179);
#3973=VERTEX_POINT('',#9187);
#3974=VERTEX_POINT('',#9190);
#3975=VERTEX_POINT('',#9195);
#3976=VERTEX_POINT('',#9199);
#3977=VERTEX_POINT('',#9247);
#3978=VERTEX_POINT('',#9249);
#3979=VERTEX_POINT('',#9250);
#3980=VERTEX_POINT('',#9252);
#3981=VERTEX_POINT('',#9254);
#3982=VERTEX_POINT('',#9258);
#3983=VERTEX_POINT('',#9260);
#3984=VERTEX_POINT('',#9261);
#3985=VERTEX_POINT('',#9263);
#3986=VERTEX_POINT('',#9265);
#3987=VERTEX_POINT('',#9269);
#3988=VERTEX_POINT('',#9270);
#3989=VERTEX_POINT('',#9272);
#3990=VERTEX_POINT('',#9274);
#3991=VERTEX_POINT('',#9278);
#3992=VERTEX_POINT('',#9279);
#3993=VERTEX_POINT('',#9281);
#3994=VERTEX_POINT('',#9283);
#3995=VERTEX_POINT('',#9287);
#3996=VERTEX_POINT('',#9288);
#3997=VERTEX_POINT('',#9293);
#3998=VERTEX_POINT('',#9294);
#3999=VERTEX_POINT('',#9299);
#4000=VERTEX_POINT('',#9304);
#4001=VERTEX_POINT('',#9306);
#4002=VERTEX_POINT('',#9311);
#4003=VERTEX_POINT('',#9312);
#4004=VERTEX_POINT('',#9317);
#4005=VERTEX_POINT('',#9319);
#4006=VERTEX_POINT('',#9322);
#4007=VERTEX_POINT('',#9328);
#4008=VERTEX_POINT('',#9331);
#4009=VERTEX_POINT('',#9332);
#4010=VERTEX_POINT('',#9334);
#4011=VERTEX_POINT('',#9336);
#4012=VERTEX_POINT('',#9338);
#4013=VERTEX_POINT('',#9340);
#4014=VERTEX_POINT('',#9342);
#4015=VERTEX_POINT('',#9344);
#4016=VERTEX_POINT('',#9348);
#4017=VERTEX_POINT('',#9378);
#4018=VERTEX_POINT('',#9380);
#4019=VERTEX_POINT('',#9383);
#4020=VERTEX_POINT('',#9388);
#4021=VERTEX_POINT('',#9390);
#4022=VERTEX_POINT('',#9391);
#4023=VERTEX_POINT('',#9393);
#4024=VERTEX_POINT('',#9395);
#4025=VERTEX_POINT('',#9397);
#4026=VERTEX_POINT('',#9399);
#4027=VERTEX_POINT('',#9403);
#4028=VERTEX_POINT('',#9404);
#4029=VERTEX_POINT('',#9406);
#4030=VERTEX_POINT('',#9408);
#4031=VERTEX_POINT('',#9411);
#4032=VERTEX_POINT('',#9414);
#4033=VERTEX_POINT('',#9415);
#4034=VERTEX_POINT('',#9417);
#4035=VERTEX_POINT('',#9419);
#4036=VERTEX_POINT('',#9421);
#4037=VERTEX_POINT('',#9423);
#4038=VERTEX_POINT('',#9427);
#4039=VERTEX_POINT('',#9429);
#4040=VERTEX_POINT('',#9433);
#4041=VERTEX_POINT('',#9435);
#4042=VERTEX_POINT('',#9444);
#4043=VERTEX_POINT('',#9445);
#4044=VERTEX_POINT('',#9450);
#4045=VERTEX_POINT('',#9454);
#4046=VERTEX_POINT('',#9458);
#4047=VERTEX_POINT('',#9462);
#4048=VERTEX_POINT('',#9469);
#4049=VERTEX_POINT('',#9471);
#4050=VERTEX_POINT('',#9475);
#4051=VERTEX_POINT('',#9479);
#4052=VERTEX_POINT('',#9483);
#4053=VERTEX_POINT('',#9487);
#4054=VERTEX_POINT('',#9494);
#4055=VERTEX_POINT('',#9496);
#4056=VERTEX_POINT('',#9499);
#4057=VERTEX_POINT('',#9500);
#4058=VERTEX_POINT('',#9502);
#4059=VERTEX_POINT('',#9504);
#4060=VERTEX_POINT('',#9506);
#4061=VERTEX_POINT('',#9508);
#4062=VERTEX_POINT('',#9513);
#4063=VERTEX_POINT('',#9514);
#4064=VERTEX_POINT('',#9516);
#4065=VERTEX_POINT('',#9518);
#4066=VERTEX_POINT('',#9522);
#4067=VERTEX_POINT('',#9524);
#4068=VERTEX_POINT('',#9528);
#4069=VERTEX_POINT('',#9530);
#4070=VERTEX_POINT('',#9534);
#4071=VERTEX_POINT('',#9536);
#4072=VERTEX_POINT('',#9540);
#4073=VERTEX_POINT('',#9542);
#4074=VERTEX_POINT('',#9549);
#4075=VERTEX_POINT('',#9550);
#4076=VERTEX_POINT('',#9552);
#4077=VERTEX_POINT('',#9554);
#4078=VERTEX_POINT('',#9556);
#4079=VERTEX_POINT('',#9558);
#4080=VERTEX_POINT('',#9586);
#4081=VERTEX_POINT('',#9588);
#4082=VERTEX_POINT('',#9591);
#4083=VERTEX_POINT('',#9592);
#4084=VERTEX_POINT('',#9594);
#4085=VERTEX_POINT('',#9596);
#4086=VERTEX_POINT('',#9600);
#4087=VERTEX_POINT('',#9602);
#4088=VERTEX_POINT('',#9606);
#4089=VERTEX_POINT('',#9608);
#4090=VERTEX_POINT('',#9612);
#4091=VERTEX_POINT('',#9614);
#4092=VERTEX_POINT('',#9618);
#4093=VERTEX_POINT('',#9620);
#4094=VERTEX_POINT('',#9627);
#4095=VERTEX_POINT('',#9628);
#4096=VERTEX_POINT('',#9630);
#4097=VERTEX_POINT('',#9632);
#4098=VERTEX_POINT('',#9634);
#4099=VERTEX_POINT('',#9636);
#4100=VERTEX_POINT('',#9641);
#4101=VERTEX_POINT('',#9643);
#4102=VERTEX_POINT('',#9646);
#4103=VERTEX_POINT('',#9650);
#4104=VERTEX_POINT('',#9653);
#4105=VERTEX_POINT('',#9656);
#4106=VERTEX_POINT('',#9672);
#4107=VERTEX_POINT('',#9673);
#4108=VERTEX_POINT('',#9675);
#4109=VERTEX_POINT('',#9677);
#4110=VERTEX_POINT('',#9681);
#4111=VERTEX_POINT('',#9682);
#4112=VERTEX_POINT('',#9685);
#4113=VERTEX_POINT('',#9687);
#4114=VERTEX_POINT('',#9691);
#4115=VERTEX_POINT('',#9692);
#4116=VERTEX_POINT('',#9697);
#4117=VERTEX_POINT('',#9699);
#4118=VERTEX_POINT('',#9702);
#4119=VERTEX_POINT('',#9704);
#4120=VERTEX_POINT('',#9707);
#4121=VERTEX_POINT('',#9709);
#4122=VERTEX_POINT('',#9712);
#4123=VERTEX_POINT('',#9714);
#4124=VERTEX_POINT('',#9717);
#4125=VERTEX_POINT('',#9718);
#4126=VERTEX_POINT('',#9720);
#4127=VERTEX_POINT('',#9722);
#4128=VERTEX_POINT('',#9726);
#4129=VERTEX_POINT('',#9728);
#4130=VERTEX_POINT('',#9731);
#4131=VERTEX_POINT('',#9733);
#4132=VERTEX_POINT('',#9735);
#4133=VERTEX_POINT('',#9737);
#4134=VERTEX_POINT('',#9739);
#4135=VERTEX_POINT('',#9741);
#4136=VERTEX_POINT('',#9745);
#4137=VERTEX_POINT('',#9747);
#4138=VERTEX_POINT('',#9749);
#4139=VERTEX_POINT('',#9751);
#4140=VERTEX_POINT('',#9753);
#4141=VERTEX_POINT('',#9754);
#4142=VERTEX_POINT('',#9756);
#4143=VERTEX_POINT('',#9758);
#4144=VERTEX_POINT('',#9762);
#4145=VERTEX_POINT('',#9764);
#4146=VERTEX_POINT('',#9769);
#4147=VERTEX_POINT('',#9771);
#4148=VERTEX_POINT('',#9776);
#4149=VERTEX_POINT('',#9778);
#4150=VERTEX_POINT('',#9783);
#4151=VERTEX_POINT('',#9785);
#4152=VERTEX_POINT('',#9817);
#4153=VERTEX_POINT('',#9818);
#4154=VERTEX_POINT('',#9820);
#4155=VERTEX_POINT('',#9822);
#4156=VERTEX_POINT('',#9824);
#4157=VERTEX_POINT('',#9826);
#4158=VERTEX_POINT('',#9828);
#4159=VERTEX_POINT('',#9830);
#4160=VERTEX_POINT('',#9832);
#4161=VERTEX_POINT('',#9834);
#4162=VERTEX_POINT('',#9836);
#4163=VERTEX_POINT('',#9838);
#4164=VERTEX_POINT('',#9842);
#4165=VERTEX_POINT('',#9843);
#4166=VERTEX_POINT('',#9845);
#4167=VERTEX_POINT('',#9847);
#4168=VERTEX_POINT('',#9849);
#4169=VERTEX_POINT('',#9851);
#4170=VERTEX_POINT('',#9855);
#4171=VERTEX_POINT('',#9856);
#4172=VERTEX_POINT('',#9858);
#4173=VERTEX_POINT('',#9860);
#4174=VERTEX_POINT('',#9867);
#4175=VERTEX_POINT('',#9868);
#4176=VERTEX_POINT('',#9870);
#4177=VERTEX_POINT('',#9872);
#4178=VERTEX_POINT('',#9874);
#4179=VERTEX_POINT('',#9876);
#4180=VERTEX_POINT('',#9880);
#4181=VERTEX_POINT('',#9882);
#4182=VERTEX_POINT('',#9885);
#4183=VERTEX_POINT('',#9887);
#4184=VERTEX_POINT('',#9890);
#4185=VERTEX_POINT('',#9891);
#4186=VERTEX_POINT('',#9893);
#4187=VERTEX_POINT('',#9895);
#4188=VERTEX_POINT('',#9899);
#4189=VERTEX_POINT('',#9900);
#4190=VERTEX_POINT('',#9902);
#4191=VERTEX_POINT('',#9904);
#4192=VERTEX_POINT('',#9908);
#4193=VERTEX_POINT('',#9909);
#4194=VERTEX_POINT('',#9911);
#4195=VERTEX_POINT('',#9913);
#4196=VERTEX_POINT('',#9927);
#4197=VERTEX_POINT('',#9945);
#4198=VERTEX_POINT('',#9947);
#4199=VERTEX_POINT('',#9968);
#4200=VERTEX_POINT('',#9971);
#4201=VERTEX_POINT('',#9972);
#4202=VERTEX_POINT('',#10012);
#4203=VERTEX_POINT('',#10015);
#4204=VERTEX_POINT('',#10016);
#4205=VERTEX_POINT('',#10018);
#4206=VERTEX_POINT('',#10020);
#4207=VERTEX_POINT('',#10024);
#4208=VERTEX_POINT('',#10025);
#4209=VERTEX_POINT('',#10040);
#4210=VERTEX_POINT('',#10043);
#4211=VERTEX_POINT('',#10045);
#4212=VERTEX_POINT('',#10048);
#4213=VERTEX_POINT('',#10051);
#4214=VERTEX_POINT('',#10053);
#4215=VERTEX_POINT('',#10055);
#4216=VERTEX_POINT('',#10067);
#4217=VERTEX_POINT('',#10069);
#4218=VERTEX_POINT('',#10073);
#4219=VERTEX_POINT('',#10075);
#4220=VERTEX_POINT('',#10084);
#4221=VERTEX_POINT('',#10129);
#4222=EDGE_CURVE('',#3689,#3690,#5015,.T.);
#4223=EDGE_CURVE('',#3690,#3691,#5016,.T.);
#4224=EDGE_CURVE('',#3691,#3692,#5017,.T.);
#4225=EDGE_CURVE('',#3692,#3693,#5018,.T.);
#4226=EDGE_CURVE('',#3694,#3693,#1879,.T.);
#4227=EDGE_CURVE('',#3694,#3695,#5019,.T.);
#4228=EDGE_CURVE('',#3695,#3696,#5020,.T.);
#4229=EDGE_CURVE('',#3696,#3697,#5021,.T.);
#4230=EDGE_CURVE('',#3697,#3698,#5022,.T.);
#4231=EDGE_CURVE('',#3699,#3698,#5023,.T.);
#4232=EDGE_CURVE('',#3700,#3699,#5024,.T.);
#4233=EDGE_CURVE('',#3700,#3701,#5025,.T.);
#4234=EDGE_CURVE('',#3701,#3702,#5026,.T.);
#4235=EDGE_CURVE('',#3702,#3703,#5027,.T.);
#4236=EDGE_CURVE('',#3703,#3689,#5028,.T.);
#4237=EDGE_CURVE('',#3704,#3705,#5029,.T.);
#4238=EDGE_CURVE('',#3705,#3706,#524,.T.);
#4239=EDGE_CURVE('',#3706,#3707,#5030,.T.);
#4240=EDGE_CURVE('',#3708,#3707,#5031,.T.);
#4241=EDGE_CURVE('',#3708,#3709,#5032,.T.);
#4242=EDGE_CURVE('',#3709,#3710,#5033,.T.);
#4243=EDGE_CURVE('',#3710,#3711,#5034,.T.);
#4244=EDGE_CURVE('',#3712,#3711,#5035,.T.);
#4245=EDGE_CURVE('',#3712,#3713,#5036,.T.);
#4246=EDGE_CURVE('',#3713,#3714,#5037,.T.);
#4247=EDGE_CURVE('',#3714,#3715,#5038,.T.);
#4248=EDGE_CURVE('',#3715,#3716,#5039,.T.);
#4249=EDGE_CURVE('',#3716,#3704,#5040,.T.);
#4250=EDGE_CURVE('',#3717,#3718,#5041,.T.);
#4251=EDGE_CURVE('',#3718,#3719,#1880,.T.);
#4252=EDGE_CURVE('',#3719,#3720,#5042,.T.);
#4253=EDGE_CURVE('',#3720,#3717,#1881,.T.);
#4254=EDGE_CURVE('',#3721,#3721,#1882,.T.);
#4255=EDGE_CURVE('',#3722,#3722,#1883,.T.);
#4256=EDGE_CURVE('',#3723,#3724,#5043,.T.);
#4257=EDGE_CURVE('',#3724,#3725,#5044,.T.);
#4258=EDGE_CURVE('',#3725,#3726,#5045,.T.);
#4259=EDGE_CURVE('',#3726,#3727,#5046,.T.);
#4260=EDGE_CURVE('',#3727,#3728,#5047,.T.);
#4261=EDGE_CURVE('',#3728,#3729,#5048,.T.);
#4262=EDGE_CURVE('',#3729,#3730,#5049,.T.);
#4263=EDGE_CURVE('',#3731,#3730,#5050,.T.);
#4264=EDGE_CURVE('',#3732,#3731,#5051,.T.);
#4265=EDGE_CURVE('',#3732,#3733,#5052,.T.);
#4266=EDGE_CURVE('',#3733,#3734,#5053,.T.);
#4267=EDGE_CURVE('',#3734,#3735,#5054,.T.);
#4268=EDGE_CURVE('',#3735,#3736,#5055,.T.);
#4269=EDGE_CURVE('',#3737,#3736,#1884,.T.);
#4270=EDGE_CURVE('',#3737,#3723,#5056,.T.);
#4271=EDGE_CURVE('',#3738,#3739,#5057,.T.);
#4272=EDGE_CURVE('',#3739,#3740,#5058,.T.);
#4273=EDGE_CURVE('',#3740,#3741,#5059,.T.);
#4274=EDGE_CURVE('',#3741,#3742,#5060,.T.);
#4275=EDGE_CURVE('',#3742,#3743,#5061,.T.);
#4276=EDGE_CURVE('',#3743,#3738,#5062,.T.);
#4277=EDGE_CURVE('',#3744,#3717,#1885,.T.);
#4278=EDGE_CURVE('',#3745,#3744,#5063,.T.);
#4279=EDGE_CURVE('',#3718,#3745,#1886,.T.);
#4280=EDGE_CURVE('',#3746,#3747,#5064,.T.);
#4281=EDGE_CURVE('',#3747,#3748,#5065,.T.);
#4282=EDGE_CURVE('',#3748,#3749,#5066,.T.);
#4283=EDGE_CURVE('',#3749,#3746,#5067,.T.);
#4284=EDGE_CURVE('',#3750,#3751,#5068,.T.);
#4285=EDGE_CURVE('',#3751,#3752,#5069,.T.);
#4286=EDGE_CURVE('',#3752,#3753,#5070,.T.);
#4287=EDGE_CURVE('',#3753,#3754,#5071,.T.);
#4288=EDGE_CURVE('',#3754,#3750,#5072,.T.);
#4289=EDGE_CURVE('',#3755,#3756,#5073,.T.);
#4290=EDGE_CURVE('',#3756,#3757,#5074,.T.);
#4291=EDGE_CURVE('',#3757,#3758,#5075,.T.);
#4292=EDGE_CURVE('',#3758,#3759,#5076,.T.);
#4293=EDGE_CURVE('',#3759,#3760,#5077,.T.);
#4294=EDGE_CURVE('',#3760,#3761,#5078,.T.);
#4295=EDGE_CURVE('',#3761,#3755,#5079,.T.);
#4296=EDGE_CURVE('',#3762,#3763,#5080,.T.);
#4297=EDGE_CURVE('',#3763,#3764,#5081,.T.);
#4298=EDGE_CURVE('',#3765,#3764,#5082,.T.);
#4299=EDGE_CURVE('',#3766,#3765,#5083,.T.);
#4300=EDGE_CURVE('',#3766,#3767,#5084,.T.);
#4301=EDGE_CURVE('',#3767,#3762,#5085,.T.);
#4302=EDGE_CURVE('',#3768,#3769,#5086,.T.);
#4303=EDGE_CURVE('',#3770,#3769,#5087,.T.);
#4304=EDGE_CURVE('',#3771,#3770,#5088,.T.);
#4305=EDGE_CURVE('',#3771,#3768,#5089,.T.);
#4306=EDGE_CURVE('',#3772,#3773,#5090,.T.);
#4307=EDGE_CURVE('',#3773,#3774,#5091,.T.);
#4308=EDGE_CURVE('',#3775,#3774,#5092,.T.);
#4309=EDGE_CURVE('',#3772,#3775,#5093,.T.);
#4310=EDGE_CURVE('',#3776,#3776,#1887,.T.);
#4311=EDGE_CURVE('',#3777,#3777,#1888,.T.);
#4312=EDGE_CURVE('',#3778,#3778,#1889,.T.);
#4313=EDGE_CURVE('',#3779,#3779,#1890,.T.);
#4314=EDGE_CURVE('',#3780,#3780,#1891,.T.);
#4315=EDGE_CURVE('',#3781,#3781,#1892,.T.);
#4316=EDGE_CURVE('',#3720,#3773,#1893,.T.);
#4317=EDGE_CURVE('',#3770,#3772,#5094,.T.);
#4318=EDGE_CURVE('',#3769,#3782,#5095,.T.);
#4319=EDGE_CURVE('',#3782,#3783,#5096,.T.);
#4320=EDGE_CURVE('',#3784,#3783,#5097,.T.);
#4321=EDGE_CURVE('',#3785,#3784,#5098,.T.);
#4322=EDGE_CURVE('',#3785,#3744,#5099,.T.);
#4323=EDGE_CURVE('',#3786,#3786,#1894,.T.);
#4324=EDGE_CURVE('',#3787,#3787,#1895,.T.);
#4325=EDGE_CURVE('',#3788,#3788,#1896,.T.);
#4326=EDGE_CURVE('',#3789,#3789,#1897,.T.);
#4327=EDGE_CURVE('',#3790,#3790,#1898,.T.);
#4328=EDGE_CURVE('',#3791,#3791,#1899,.T.);
#4329=EDGE_CURVE('',#3792,#3745,#5100,.T.);
#4330=EDGE_CURVE('',#3793,#3792,#5101,.T.);
#4331=EDGE_CURVE('',#3793,#3794,#5102,.T.);
#4332=EDGE_CURVE('',#3794,#3795,#5103,.T.);
#4333=EDGE_CURVE('',#3768,#3795,#5104,.T.);
#4334=EDGE_CURVE('',#3775,#3771,#5105,.T.);
#4335=EDGE_CURVE('',#3774,#3719,#1900,.T.);
#4336=EDGE_CURVE('',#3795,#3782,#5106,.T.);
#4337=EDGE_CURVE('',#3792,#3785,#5107,.T.);
#4338=EDGE_CURVE('',#3784,#3793,#5108,.T.);
#4339=EDGE_CURVE('',#3783,#3794,#5109,.T.);
#4340=EDGE_CURVE('',#3796,#3797,#5110,.T.);
#4341=EDGE_CURVE('',#3797,#3705,#525,.T.);
#4342=EDGE_CURVE('',#3704,#3798,#5111,.T.);
#4343=EDGE_CURVE('',#3798,#3796,#5112,.T.);
#4344=EDGE_CURVE('',#3798,#3799,#5113,.T.);
#4345=EDGE_CURVE('',#3799,#3800,#5114,.T.);
#4346=EDGE_CURVE('',#3800,#3796,#5115,.T.);
#4347=EDGE_CURVE('',#3799,#3708,#5116,.T.);
#4348=EDGE_CURVE('',#3707,#3800,#5117,.T.);
#4349=EDGE_CURVE('',#3801,#3801,#1901,.T.);
#4350=EDGE_CURVE('',#3802,#3802,#1902,.T.);
#4351=EDGE_CURVE('',#3803,#3803,#1903,.T.);
#4352=EDGE_CURVE('',#3804,#3804,#1904,.T.);
#4353=EDGE_CURVE('',#3805,#3805,#1905,.T.);
#4354=EDGE_CURVE('',#3806,#3806,#1906,.T.);
#4355=EDGE_CURVE('',#3807,#3807,#1907,.T.);
#4356=EDGE_CURVE('',#3808,#3808,#1908,.T.);
#4357=EDGE_CURVE('',#3809,#3810,#5118,.T.);
#4358=EDGE_CURVE('',#3810,#3811,#5119,.T.);
#4359=EDGE_CURVE('',#3811,#3812,#5120,.T.);
#4360=EDGE_CURVE('',#3812,#3809,#5121,.T.);
#4361=EDGE_CURVE('',#3711,#3813,#5122,.T.);
#4362=EDGE_CURVE('',#3814,#3813,#5123,.T.);
#4363=EDGE_CURVE('',#3814,#3712,#5124,.T.);
#4364=EDGE_CURVE('',#3813,#3815,#5125,.T.);
#4365=EDGE_CURVE('',#3816,#3815,#5126,.T.);
#4366=EDGE_CURVE('',#3816,#3814,#5127,.T.);
#4367=EDGE_CURVE('',#3815,#3714,#5128,.T.);
#4368=EDGE_CURVE('',#3713,#3816,#5129,.T.);
#4369=EDGE_CURVE('',#3817,#3817,#1909,.T.);
#4370=EDGE_CURVE('',#3818,#3818,#1910,.T.);
#4371=EDGE_CURVE('',#3819,#3819,#1911,.T.);
#4372=EDGE_CURVE('',#3820,#3820,#1912,.T.);
#4373=EDGE_CURVE('',#3821,#3821,#1913,.T.);
#4374=EDGE_CURVE('',#3822,#3822,#1914,.T.);
#4375=EDGE_CURVE('',#3823,#3823,#1915,.T.);
#4376=EDGE_CURVE('',#3824,#3824,#1916,.T.);
#4377=EDGE_CURVE('',#3825,#3826,#5130,.T.);
#4378=EDGE_CURVE('',#3826,#3827,#5131,.T.);
#4379=EDGE_CURVE('',#3827,#3828,#5132,.T.);
#4380=EDGE_CURVE('',#3828,#3825,#5133,.T.);
#4381=EDGE_CURVE('',#3740,#3709,#526,.T.);
#4382=EDGE_CURVE('',#3726,#3799,#5134,.T.);
#4383=EDGE_CURVE('',#3725,#3741,#527,.T.);
#4384=EDGE_CURVE('',#3716,#3761,#528,.T.);
#4385=EDGE_CURVE('',#3760,#3729,#529,.T.);
#4386=EDGE_CURVE('',#3704,#3728,#5135,.T.);
#4387=EDGE_CURVE('',#3727,#3798,#5136,.T.);
#4388=EDGE_CURVE('',#3706,#3829,#5137,.T.);
#4389=EDGE_CURVE('',#3829,#3830,#5138,.T.);
#4390=EDGE_CURVE('',#3707,#3830,#5139,.T.);
#4391=EDGE_CURVE('',#3831,#3832,#5140,.T.);
#4392=EDGE_CURVE('',#3832,#3797,#5141,.T.);
#4393=EDGE_CURVE('',#3831,#3796,#5142,.T.);
#4394=EDGE_CURVE('',#3830,#3809,#530,.T.);
#4395=EDGE_CURVE('',#3800,#3812,#5143,.T.);
#4396=EDGE_CURVE('',#3811,#3831,#531,.T.);
#4397=EDGE_CURVE('',#3738,#3690,#532,.T.);
#4398=EDGE_CURVE('',#3813,#3689,#5144,.T.);
#4399=EDGE_CURVE('',#3710,#3739,#533,.T.);
#4400=EDGE_CURVE('',#3815,#3703,#5145,.T.);
#4401=EDGE_CURVE('',#3714,#3702,#5146,.T.);
#4402=EDGE_CURVE('',#3701,#3756,#534,.T.);
#4403=EDGE_CURVE('',#3755,#3715,#535,.T.);
#4404=EDGE_CURVE('',#3713,#3828,#5147,.T.);
#4405=EDGE_CURVE('',#3825,#3712,#5148,.T.);
#4406=EDGE_CURVE('',#3826,#3814,#5149,.T.);
#4407=EDGE_CURVE('',#3816,#3827,#5150,.T.);
#4408=EDGE_CURVE('',#3833,#3834,#1917,.T.);
#4409=EDGE_CURVE('',#3833,#3835,#5151,.T.);
#4410=EDGE_CURVE('',#3836,#3835,#1918,.T.);
#4411=EDGE_CURVE('',#3836,#3837,#5152,.T.);
#4412=EDGE_CURVE('',#3838,#3837,#1919,.T.);
#4413=EDGE_CURVE('',#3838,#3839,#5153,.T.);
#4414=EDGE_CURVE('',#3840,#3839,#1920,.T.);
#4415=EDGE_CURVE('',#3840,#3841,#5154,.T.);
#4416=EDGE_CURVE('',#3842,#3841,#1921,.T.);
#4417=EDGE_CURVE('',#3842,#3843,#5155,.T.);
#4418=EDGE_CURVE('',#3844,#3843,#1922,.T.);
#4419=EDGE_CURVE('',#3844,#3845,#5156,.T.);
#4420=EDGE_CURVE('',#3846,#3845,#1923,.T.);
#4421=EDGE_CURVE('',#3846,#3847,#5157,.T.);
#4422=EDGE_CURVE('',#3848,#3847,#1924,.T.);
#4423=EDGE_CURVE('',#3848,#3834,#5158,.T.);
#4424=EDGE_CURVE('',#3849,#3850,#5159,.T.);
#4425=EDGE_CURVE('',#3849,#3851,#1925,.T.);
#4426=EDGE_CURVE('',#3852,#3851,#5160,.T.);
#4427=EDGE_CURVE('',#3852,#3853,#1926,.T.);
#4428=EDGE_CURVE('',#3854,#3853,#5161,.T.);
#4429=EDGE_CURVE('',#3854,#3855,#1927,.T.);
#4430=EDGE_CURVE('',#3856,#3855,#5162,.T.);
#4431=EDGE_CURVE('',#3856,#3850,#1928,.T.);
#4432=EDGE_CURVE('',#3857,#3858,#5163,.T.);
#4433=EDGE_CURVE('',#3858,#3859,#5164,.T.);
#4434=EDGE_CURVE('',#3859,#3860,#5165,.T.);
#4435=EDGE_CURVE('',#3860,#3857,#5166,.T.);
#4436=EDGE_CURVE('',#3861,#3861,#1929,.T.);
#4437=EDGE_CURVE('',#3862,#3862,#1930,.T.);
#4438=EDGE_CURVE('',#3863,#3863,#1931,.T.);
#4439=EDGE_CURVE('',#3864,#3864,#1932,.T.);
#4440=EDGE_CURVE('',#3865,#3865,#1933,.T.);
#4441=EDGE_CURVE('',#3866,#3866,#1934,.T.);
#4442=EDGE_CURVE('',#3867,#3867,#1935,.T.);
#4443=EDGE_CURVE('',#3868,#3868,#1936,.T.);
#4444=EDGE_CURVE('',#3851,#3869,#5167,.T.);
#4445=EDGE_CURVE('',#3869,#3870,#5168,.T.);
#4446=EDGE_CURVE('',#3870,#3852,#5169,.T.);
#4447=EDGE_CURVE('',#3871,#3872,#5170,.T.);
#4448=EDGE_CURVE('',#3872,#3849,#5171,.T.);
#4449=EDGE_CURVE('',#3850,#3871,#5172,.T.);
#4450=EDGE_CURVE('',#3873,#3874,#5173,.T.);
#4451=EDGE_CURVE('',#3874,#3856,#5174,.T.);
#4452=EDGE_CURVE('',#3855,#3873,#5175,.T.);
#4453=EDGE_CURVE('',#3875,#3876,#5176,.T.);
#4454=EDGE_CURVE('',#3876,#3854,#5177,.T.);
#4455=EDGE_CURVE('',#3853,#3875,#5178,.T.);
#4456=EDGE_CURVE('',#3835,#3877,#536,.T.);
#4457=EDGE_CURVE('',#3877,#3836,#537,.T.);
#4458=EDGE_CURVE('',#3837,#3762,#538,.T.);
#4459=EDGE_CURVE('',#3762,#3838,#539,.T.);
#4460=EDGE_CURVE('',#3839,#3878,#540,.T.);
#4461=EDGE_CURVE('',#3878,#3840,#541,.T.);
#4462=EDGE_CURVE('',#3834,#3734,#542,.T.);
#4463=EDGE_CURVE('',#3734,#3833,#543,.T.);
#4464=EDGE_CURVE('',#3841,#3696,#544,.T.);
#4465=EDGE_CURVE('',#3696,#3842,#545,.T.);
#4466=EDGE_CURVE('',#3847,#3879,#546,.T.);
#4467=EDGE_CURVE('',#3879,#3848,#547,.T.);
#4468=EDGE_CURVE('',#3845,#3750,#548,.T.);
#4469=EDGE_CURVE('',#3750,#3846,#549,.T.);
#4470=EDGE_CURVE('',#3843,#3880,#550,.T.);
#4471=EDGE_CURVE('',#3880,#3844,#551,.T.);
#4472=EDGE_CURVE('',#3881,#3860,#5179,.T.);
#4473=EDGE_CURVE('',#3881,#3874,#552,.T.);
#4474=EDGE_CURVE('',#3873,#3882,#553,.T.);
#4475=EDGE_CURVE('',#3857,#3882,#5180,.T.);
#4476=EDGE_CURVE('',#3882,#3876,#554,.T.);
#4477=EDGE_CURVE('',#3875,#3883,#555,.T.);
#4478=EDGE_CURVE('',#3858,#3883,#5181,.T.);
#4479=EDGE_CURVE('',#3884,#3859,#5182,.T.);
#4480=EDGE_CURVE('',#3884,#3872,#556,.T.);
#4481=EDGE_CURVE('',#3871,#3881,#557,.T.);
#4482=EDGE_CURVE('',#3869,#3884,#558,.T.);
#4483=EDGE_CURVE('',#3883,#3870,#559,.T.);
#4484=EDGE_CURVE('',#3695,#3885,#560,.T.);
#4485=EDGE_CURVE('',#3880,#3885,#5183,.T.);
#4486=EDGE_CURVE('',#3886,#3878,#5184,.T.);
#4487=EDGE_CURVE('',#3886,#3697,#561,.T.);
#4488=EDGE_CURVE('',#3885,#3751,#562,.T.);
#4489=EDGE_CURVE('',#3767,#3886,#563,.T.);
#4490=EDGE_CURVE('',#3754,#3887,#564,.T.);
#4491=EDGE_CURVE('',#3879,#3887,#5185,.T.);
#4492=EDGE_CURVE('',#3888,#3877,#5186,.T.);
#4493=EDGE_CURVE('',#3888,#3763,#565,.T.);
#4494=EDGE_CURVE('',#3887,#3735,#566,.T.);
#4495=EDGE_CURVE('',#3733,#3888,#567,.T.);
#4496=EDGE_CURVE('',#3889,#3890,#5187,.T.);
#4497=EDGE_CURVE('',#3891,#3889,#5188,.T.);
#4498=EDGE_CURVE('',#3892,#3891,#5189,.T.);
#4499=EDGE_CURVE('',#3890,#3892,#5190,.T.);
#4500=EDGE_CURVE('',#3893,#3893,#1937,.T.);
#4501=EDGE_CURVE('',#3894,#3894,#1938,.T.);
#4502=EDGE_CURVE('',#3895,#3895,#1939,.T.);
#4503=EDGE_CURVE('',#3896,#3896,#1940,.T.);
#4504=EDGE_CURVE('',#3897,#3897,#1941,.T.);
#4505=EDGE_CURVE('',#3898,#3898,#1942,.T.);
#4506=EDGE_CURVE('',#3899,#3899,#1943,.T.);
#4507=EDGE_CURVE('',#3900,#3900,#1944,.T.);
#4508=EDGE_CURVE('',#3901,#3902,#1945,.T.);
#4509=EDGE_CURVE('',#3903,#3902,#5191,.T.);
#4510=EDGE_CURVE('',#3903,#3904,#1946,.T.);
#4511=EDGE_CURVE('',#3905,#3904,#5192,.T.);
#4512=EDGE_CURVE('',#3905,#3906,#1947,.T.);
#4513=EDGE_CURVE('',#3907,#3906,#5193,.T.);
#4514=EDGE_CURVE('',#3907,#3908,#1948,.T.);
#4515=EDGE_CURVE('',#3909,#3908,#5194,.T.);
#4516=EDGE_CURVE('',#3909,#3910,#1949,.T.);
#4517=EDGE_CURVE('',#3911,#3910,#5195,.T.);
#4518=EDGE_CURVE('',#3911,#3912,#1950,.T.);
#4519=EDGE_CURVE('',#3913,#3912,#5196,.T.);
#4520=EDGE_CURVE('',#3913,#3914,#1951,.T.);
#4521=EDGE_CURVE('',#3915,#3914,#5197,.T.);
#4522=EDGE_CURVE('',#3915,#3916,#1952,.T.);
#4523=EDGE_CURVE('',#3901,#3916,#5198,.T.);
#4524=EDGE_CURVE('',#3917,#3918,#5199,.T.);
#4525=EDGE_CURVE('',#3918,#3919,#1953,.T.);
#4526=EDGE_CURVE('',#3919,#3920,#5200,.T.);
#4527=EDGE_CURVE('',#3920,#3921,#1954,.T.);
#4528=EDGE_CURVE('',#3921,#3922,#5201,.T.);
#4529=EDGE_CURVE('',#3922,#3923,#1955,.T.);
#4530=EDGE_CURVE('',#3923,#3924,#5202,.T.);
#4531=EDGE_CURVE('',#3924,#3917,#1956,.T.);
#4532=EDGE_CURVE('',#3919,#3925,#5203,.T.);
#4533=EDGE_CURVE('',#3926,#3925,#5204,.T.);
#4534=EDGE_CURVE('',#3926,#3920,#5205,.T.);
#4535=EDGE_CURVE('',#3921,#3927,#5206,.T.);
#4536=EDGE_CURVE('',#3928,#3927,#5207,.T.);
#4537=EDGE_CURVE('',#3928,#3922,#5208,.T.);
#4538=EDGE_CURVE('',#3929,#3930,#5209,.T.);
#4539=EDGE_CURVE('',#3929,#3924,#5210,.T.);
#4540=EDGE_CURVE('',#3923,#3930,#5211,.T.);
#4541=EDGE_CURVE('',#3931,#3932,#5212,.T.);
#4542=EDGE_CURVE('',#3931,#3918,#5213,.T.);
#4543=EDGE_CURVE('',#3917,#3932,#5214,.T.);
#4544=EDGE_CURVE('',#3933,#3901,#568,.T.);
#4545=EDGE_CURVE('',#3902,#3933,#569,.T.);
#4546=EDGE_CURVE('',#3765,#3915,#570,.T.);
#4547=EDGE_CURVE('',#3916,#3765,#571,.T.);
#4548=EDGE_CURVE('',#3934,#3913,#572,.T.);
#4549=EDGE_CURVE('',#3914,#3934,#573,.T.);
#4550=EDGE_CURVE('',#3731,#3903,#574,.T.);
#4551=EDGE_CURVE('',#3904,#3731,#575,.T.);
#4552=EDGE_CURVE('',#3699,#3911,#576,.T.);
#4553=EDGE_CURVE('',#3912,#3699,#577,.T.);
#4554=EDGE_CURVE('',#3935,#3905,#578,.T.);
#4555=EDGE_CURVE('',#3906,#3935,#579,.T.);
#4556=EDGE_CURVE('',#3758,#3907,#580,.T.);
#4557=EDGE_CURVE('',#3908,#3758,#581,.T.);
#4558=EDGE_CURVE('',#3936,#3909,#582,.T.);
#4559=EDGE_CURVE('',#3910,#3936,#583,.T.);
#4560=EDGE_CURVE('',#3892,#3937,#5215,.T.);
#4561=EDGE_CURVE('',#3937,#3929,#584,.T.);
#4562=EDGE_CURVE('',#3930,#3938,#585,.T.);
#4563=EDGE_CURVE('',#3938,#3890,#5216,.T.);
#4564=EDGE_CURVE('',#3891,#3939,#5217,.T.);
#4565=EDGE_CURVE('',#3939,#3931,#586,.T.);
#4566=EDGE_CURVE('',#3932,#3937,#587,.T.);
#4567=EDGE_CURVE('',#3927,#3940,#588,.T.);
#4568=EDGE_CURVE('',#3940,#3889,#5218,.T.);
#4569=EDGE_CURVE('',#3938,#3928,#589,.T.);
#4570=EDGE_CURVE('',#3925,#3939,#590,.T.);
#4571=EDGE_CURVE('',#3940,#3926,#591,.T.);
#4572=EDGE_CURVE('',#3936,#3941,#5219,.T.);
#4573=EDGE_CURVE('',#3941,#3700,#592,.T.);
#4574=EDGE_CURVE('',#3698,#3942,#593,.T.);
#4575=EDGE_CURVE('',#3942,#3934,#5220,.T.);
#4576=EDGE_CURVE('',#3757,#3941,#594,.T.);
#4577=EDGE_CURVE('',#3942,#3766,#595,.T.);
#4578=EDGE_CURVE('',#3935,#3943,#5221,.T.);
#4579=EDGE_CURVE('',#3943,#3759,#596,.T.);
#4580=EDGE_CURVE('',#3764,#3944,#597,.T.);
#4581=EDGE_CURVE('',#3944,#3933,#5222,.T.);
#4582=EDGE_CURVE('',#3730,#3943,#598,.T.);
#4583=EDGE_CURVE('',#3944,#3732,#599,.T.);
#4584=EDGE_CURVE('',#3945,#3946,#5223,.T.);
#4585=EDGE_CURVE('',#3946,#3947,#5224,.T.);
#4586=EDGE_CURVE('',#3947,#3948,#5225,.T.);
#4587=EDGE_CURVE('',#3948,#3945,#5226,.T.);
#4588=EDGE_CURVE('',#3949,#3950,#5227,.T.);
#4589=EDGE_CURVE('',#3950,#3951,#5228,.T.);
#4590=EDGE_CURVE('',#3951,#3952,#5229,.T.);
#4591=EDGE_CURVE('',#3952,#3949,#5230,.T.);
#4592=EDGE_CURVE('',#3953,#3954,#5231,.T.);
#4593=EDGE_CURVE('',#3954,#3955,#1957,.T.);
#4594=EDGE_CURVE('',#3955,#3956,#5232,.T.);
#4595=EDGE_CURVE('',#3956,#3957,#1958,.T.);
#4596=EDGE_CURVE('',#3957,#3958,#5233,.T.);
#4597=EDGE_CURVE('',#3958,#3959,#1959,.T.);
#4598=EDGE_CURVE('',#3959,#3960,#5234,.T.);
#4599=EDGE_CURVE('',#3960,#3953,#1960,.T.);
#4600=EDGE_CURVE('',#3957,#3961,#5235,.T.);
#4601=EDGE_CURVE('',#3961,#3962,#5236,.T.);
#4602=EDGE_CURVE('',#3962,#3958,#5237,.T.);
#4603=EDGE_CURVE('',#3959,#3963,#5238,.T.);
#4604=EDGE_CURVE('',#3963,#3964,#5239,.T.);
#4605=EDGE_CURVE('',#3964,#3960,#5240,.T.);
#4606=EDGE_CURVE('',#3965,#3966,#5241,.T.);
#4607=EDGE_CURVE('',#3966,#3954,#5242,.T.);
#4608=EDGE_CURVE('',#3953,#3965,#5243,.T.);
#4609=EDGE_CURVE('',#3955,#3967,#5244,.T.);
#4610=EDGE_CURVE('',#3967,#3968,#5245,.T.);
#4611=EDGE_CURVE('',#3968,#3956,#5246,.T.);
#4612=EDGE_CURVE('',#3969,#3948,#5247,.T.);
#4613=EDGE_CURVE('',#3969,#3966,#600,.T.);
#4614=EDGE_CURVE('',#3965,#3970,#601,.T.);
#4615=EDGE_CURVE('',#3945,#3970,#5248,.T.);
#4616=EDGE_CURVE('',#3967,#3969,#602,.T.);
#4617=EDGE_CURVE('',#3971,#3947,#5249,.T.);
#4618=EDGE_CURVE('',#3971,#3968,#603,.T.);
#4619=EDGE_CURVE('',#3963,#3972,#604,.T.);
#4620=EDGE_CURVE('',#3946,#3972,#5250,.T.);
#4621=EDGE_CURVE('',#3970,#3964,#605,.T.);
#4622=EDGE_CURVE('',#3961,#3971,#606,.T.);
#4623=EDGE_CURVE('',#3972,#3962,#607,.T.);
#4624=EDGE_CURVE('',#3973,#3952,#5251,.T.);
#4625=EDGE_CURVE('',#3973,#3749,#608,.T.);
#4626=EDGE_CURVE('',#3748,#3974,#609,.T.);
#4627=EDGE_CURVE('',#3949,#3974,#5252,.T.);
#4628=EDGE_CURVE('',#3974,#3692,#610,.T.);
#4629=EDGE_CURVE('',#3691,#3975,#611,.T.);
#4630=EDGE_CURVE('',#3950,#3975,#5253,.T.);
#4631=EDGE_CURVE('',#3976,#3951,#5254,.T.);
#4632=EDGE_CURVE('',#3976,#3724,#612,.T.);
#4633=EDGE_CURVE('',#3723,#3973,#613,.T.);
#4634=EDGE_CURVE('',#3975,#3743,#614,.T.);
#4635=EDGE_CURVE('',#3742,#3976,#615,.T.);
#4636=EDGE_CURVE('',#3736,#3753,#1961,.T.);
#4637=EDGE_CURVE('',#3746,#3737,#1962,.T.);
#4638=EDGE_CURVE('',#3746,#3753,#1963,.T.);
#4639=EDGE_CURVE('',#3747,#3752,#1964,.T.);
#4640=EDGE_CURVE('',#3693,#3747,#1965,.T.);
#4641=EDGE_CURVE('',#3694,#3752,#1966,.T.);
#4642=EDGE_CURVE('',#3829,#3810,#1967,.T.);
#4643=EDGE_CURVE('',#3832,#3810,#1968,.T.);
#4644=EDGE_CURVE('',#3832,#3829,#1969,.T.);
#4645=EDGE_CURVE('',#3977,#3977,#1970,.T.);
#4646=EDGE_CURVE('',#3978,#3979,#1971,.T.);
#4647=EDGE_CURVE('',#3979,#3980,#5255,.T.);
#4648=EDGE_CURVE('',#3980,#3981,#1972,.T.);
#4649=EDGE_CURVE('',#3981,#3978,#5256,.T.);
#4650=EDGE_CURVE('',#3982,#3982,#1973,.T.);
#4651=EDGE_CURVE('',#3983,#3984,#1974,.T.);
#4652=EDGE_CURVE('',#3984,#3985,#5257,.T.);
#4653=EDGE_CURVE('',#3985,#3986,#1975,.T.);
#4654=EDGE_CURVE('',#3986,#3983,#5258,.T.);
#4655=EDGE_CURVE('',#3987,#3988,#5259,.T.);
#4656=EDGE_CURVE('',#3987,#3989,#5260,.T.);
#4657=EDGE_CURVE('',#3989,#3990,#5261,.T.);
#4658=EDGE_CURVE('',#3990,#3988,#5262,.T.);
#4659=EDGE_CURVE('',#3991,#3992,#5263,.T.);
#4660=EDGE_CURVE('',#3991,#3993,#5264,.T.);
#4661=EDGE_CURVE('',#3993,#3994,#5265,.T.);
#4662=EDGE_CURVE('',#3994,#3992,#5266,.T.);
#4663=EDGE_CURVE('',#3995,#3996,#5267,.T.);
#4664=EDGE_CURVE('',#3995,#3991,#1976,.T.);
#4665=EDGE_CURVE('',#3992,#3996,#1977,.T.);
#4666=EDGE_CURVE('',#3997,#3998,#5268,.T.);
#4667=EDGE_CURVE('',#3997,#3995,#5269,.T.);
#4668=EDGE_CURVE('',#3996,#3998,#5270,.T.);
#4669=EDGE_CURVE('',#3999,#3999,#1978,.T.);
#4670=EDGE_CURVE('',#3988,#3994,#1979,.T.);
#4671=EDGE_CURVE('',#3993,#3981,#616,.T.);
#4672=EDGE_CURVE('',#3980,#3997,#617,.T.);
#4673=EDGE_CURVE('',#3998,#4000,#1980,.T.);
#4674=EDGE_CURVE('',#4001,#4000,#5271,.T.);
#4675=EDGE_CURVE('',#4001,#3986,#618,.T.);
#4676=EDGE_CURVE('',#3985,#3987,#619,.T.);
#4677=EDGE_CURVE('',#4002,#4003,#5272,.T.);
#4678=EDGE_CURVE('',#4002,#4001,#5273,.T.);
#4679=EDGE_CURVE('',#4000,#4003,#5274,.T.);
#4680=EDGE_CURVE('',#4004,#4004,#1981,.T.);
#4681=EDGE_CURVE('',#4005,#4005,#1982,.T.);
#4682=EDGE_CURVE('',#4006,#4006,#1983,.T.);
#4683=EDGE_CURVE('',#3989,#4002,#1984,.T.);
#4684=EDGE_CURVE('',#4003,#3990,#1985,.T.);
#4685=EDGE_CURVE('',#4007,#4007,#1986,.T.);
#4686=EDGE_CURVE('',#4008,#4009,#1987,.T.);
#4687=EDGE_CURVE('',#4009,#4010,#5275,.T.);
#4688=EDGE_CURVE('',#4010,#4011,#1988,.T.);
#4689=EDGE_CURVE('',#4011,#4012,#5276,.T.);
#4690=EDGE_CURVE('',#4012,#4013,#1989,.T.);
#4691=EDGE_CURVE('',#4013,#4014,#5277,.T.);
#4692=EDGE_CURVE('',#4014,#4015,#1990,.T.);
#4693=EDGE_CURVE('',#4015,#4008,#5278,.T.);
#4694=EDGE_CURVE('',#4016,#4016,#1991,.T.);
#4695=EDGE_CURVE('',#3983,#4002,#5279,.T.);
#4696=EDGE_CURVE('',#3984,#3989,#5280,.T.);
#4697=EDGE_CURVE('',#3978,#3991,#5281,.T.);
#4698=EDGE_CURVE('',#3979,#3995,#5282,.T.);
#4699=EDGE_CURVE('',#4014,#3990,#5283,.T.);
#4700=EDGE_CURVE('',#3988,#4013,#5284,.T.);
#4701=EDGE_CURVE('',#3994,#4012,#5285,.T.);
#4702=EDGE_CURVE('',#4015,#4003,#5286,.T.);
#4703=EDGE_CURVE('',#3992,#4011,#5287,.T.);
#4704=EDGE_CURVE('',#4008,#4000,#5288,.T.);
#4705=EDGE_CURVE('',#3996,#4010,#5289,.T.);
#4706=EDGE_CURVE('',#4009,#3998,#5290,.T.);
#4707=EDGE_CURVE('',#4017,#4017,#1992,.T.);
#4708=EDGE_CURVE('',#4018,#4018,#1993,.T.);
#4709=EDGE_CURVE('',#4019,#4019,#1994,.T.);
#4710=EDGE_CURVE('',#4020,#4020,#1995,.T.);
#4711=EDGE_CURVE('',#4021,#4022,#5291,.T.);
#4712=EDGE_CURVE('',#4023,#4021,#5292,.T.);
#4713=EDGE_CURVE('',#4024,#4023,#5293,.T.);
#4714=EDGE_CURVE('',#4025,#4024,#5294,.T.);
#4715=EDGE_CURVE('',#4026,#4025,#5295,.T.);
#4716=EDGE_CURVE('',#4022,#4026,#5296,.T.);
#4717=EDGE_CURVE('',#4027,#4028,#1996,.T.);
#4718=EDGE_CURVE('',#4027,#4029,#5297,.T.);
#4719=EDGE_CURVE('',#4029,#4030,#1997,.T.);
#4720=EDGE_CURVE('',#4030,#4028,#5298,.T.);
#4721=EDGE_CURVE('',#4031,#4031,#1998,.T.);
#4722=EDGE_CURVE('',#4032,#4033,#5299,.T.);
#4723=EDGE_CURVE('',#4034,#4032,#5300,.T.);
#4724=EDGE_CURVE('',#4035,#4034,#5301,.T.);
#4725=EDGE_CURVE('',#4036,#4035,#5302,.T.);
#4726=EDGE_CURVE('',#4037,#4036,#5303,.T.);
#4727=EDGE_CURVE('',#4033,#4037,#5304,.T.);
#4728=EDGE_CURVE('',#4030,#4038,#5305,.T.);
#4729=EDGE_CURVE('',#4039,#4038,#5306,.T.);
#4730=EDGE_CURVE('',#4028,#4039,#5307,.T.);
#4731=EDGE_CURVE('',#4038,#4040,#5308,.T.);
#4732=EDGE_CURVE('',#4041,#4040,#5309,.T.);
#4733=EDGE_CURVE('',#4039,#4041,#5310,.T.);
#4734=EDGE_CURVE('',#4041,#4027,#5311,.T.);
#4735=EDGE_CURVE('',#4040,#4029,#5312,.T.);
#4736=EDGE_CURVE('',#4042,#4043,#5313,.T.);
#4737=EDGE_CURVE('',#4043,#4021,#5314,.T.);
#4738=EDGE_CURVE('',#4042,#4022,#5315,.T.);
#4739=EDGE_CURVE('',#4044,#4042,#5316,.T.);
#4740=EDGE_CURVE('',#4044,#4026,#5317,.T.);
#4741=EDGE_CURVE('',#4045,#4044,#5318,.T.);
#4742=EDGE_CURVE('',#4045,#4025,#5319,.T.);
#4743=EDGE_CURVE('',#4046,#4045,#5320,.T.);
#4744=EDGE_CURVE('',#4046,#4024,#5321,.T.);
#4745=EDGE_CURVE('',#4047,#4046,#5322,.T.);
#4746=EDGE_CURVE('',#4047,#4023,#5323,.T.);
#4747=EDGE_CURVE('',#4043,#4047,#5324,.T.);
#4748=EDGE_CURVE('',#4033,#4048,#5325,.T.);
#4749=EDGE_CURVE('',#4048,#4049,#5326,.T.);
#4750=EDGE_CURVE('',#4032,#4049,#5327,.T.);
#4751=EDGE_CURVE('',#4037,#4050,#5328,.T.);
#4752=EDGE_CURVE('',#4050,#4048,#5329,.T.);
#4753=EDGE_CURVE('',#4036,#4051,#5330,.T.);
#4754=EDGE_CURVE('',#4051,#4050,#5331,.T.);
#4755=EDGE_CURVE('',#4035,#4052,#5332,.T.);
#4756=EDGE_CURVE('',#4052,#4051,#5333,.T.);
#4757=EDGE_CURVE('',#4034,#4053,#5334,.T.);
#4758=EDGE_CURVE('',#4053,#4052,#5335,.T.);
#4759=EDGE_CURVE('',#4049,#4053,#5336,.T.);
#4760=EDGE_CURVE('',#4054,#4054,#1999,.T.);
#4761=EDGE_CURVE('',#4055,#4055,#2000,.T.);
#4762=EDGE_CURVE('',#4056,#4057,#5337,.T.);
#4763=EDGE_CURVE('',#4057,#4058,#5338,.T.);
#4764=EDGE_CURVE('',#4058,#4059,#5339,.T.);
#4765=EDGE_CURVE('',#4059,#4060,#5340,.T.);
#4766=EDGE_CURVE('',#4060,#4061,#5341,.T.);
#4767=EDGE_CURVE('',#4061,#4056,#5342,.T.);
#4768=EDGE_CURVE('',#4062,#4063,#5343,.T.);
#4769=EDGE_CURVE('',#4063,#4064,#5344,.T.);
#4770=EDGE_CURVE('',#4065,#4064,#5345,.T.);
#4771=EDGE_CURVE('',#4065,#4062,#5346,.T.);
#4772=EDGE_CURVE('',#4064,#4066,#5347,.T.);
#4773=EDGE_CURVE('',#4067,#4066,#5348,.T.);
#4774=EDGE_CURVE('',#4067,#4065,#5349,.T.);
#4775=EDGE_CURVE('',#4066,#4068,#5350,.T.);
#4776=EDGE_CURVE('',#4069,#4068,#5351,.T.);
#4777=EDGE_CURVE('',#4069,#4067,#5352,.T.);
#4778=EDGE_CURVE('',#4068,#4070,#5353,.T.);
#4779=EDGE_CURVE('',#4071,#4070,#5354,.T.);
#4780=EDGE_CURVE('',#4071,#4069,#5355,.T.);
#4781=EDGE_CURVE('',#4070,#4072,#5356,.T.);
#4782=EDGE_CURVE('',#4073,#4072,#5357,.T.);
#4783=EDGE_CURVE('',#4073,#4071,#5358,.T.);
#4784=EDGE_CURVE('',#4072,#4063,#5359,.T.);
#4785=EDGE_CURVE('',#4062,#4073,#5360,.T.);
#4786=EDGE_CURVE('',#4074,#4075,#5361,.T.);
#4787=EDGE_CURVE('',#4075,#4076,#5362,.T.);
#4788=EDGE_CURVE('',#4076,#4077,#5363,.T.);
#4789=EDGE_CURVE('',#4077,#4078,#5364,.T.);
#4790=EDGE_CURVE('',#4078,#4079,#5365,.T.);
#4791=EDGE_CURVE('',#4079,#4074,#5366,.T.);
#4792=EDGE_CURVE('',#4067,#4060,#620,.T.);
#4793=EDGE_CURVE('',#4061,#4069,#621,.T.);
#4794=EDGE_CURVE('',#4056,#4071,#622,.T.);
#4795=EDGE_CURVE('',#4065,#4059,#623,.T.);
#4796=EDGE_CURVE('',#4057,#4073,#624,.T.);
#4797=EDGE_CURVE('',#4062,#4058,#625,.T.);
#4798=EDGE_CURVE('',#4079,#4072,#626,.T.);
#4799=EDGE_CURVE('',#4063,#4078,#627,.T.);
#4800=EDGE_CURVE('',#4064,#4077,#628,.T.);
#4801=EDGE_CURVE('',#4074,#4070,#629,.T.);
#4802=EDGE_CURVE('',#4066,#4076,#630,.T.);
#4803=EDGE_CURVE('',#4075,#4068,#631,.T.);
#4804=EDGE_CURVE('',#4080,#4080,#2001,.T.);
#4805=EDGE_CURVE('',#4081,#4081,#2002,.T.);
#4806=EDGE_CURVE('',#4082,#4083,#5367,.T.);
#4807=EDGE_CURVE('',#4082,#4084,#5368,.T.);
#4808=EDGE_CURVE('',#4084,#4085,#5369,.T.);
#4809=EDGE_CURVE('',#4085,#4083,#5370,.T.);
#4810=EDGE_CURVE('',#4084,#4086,#5371,.T.);
#4811=EDGE_CURVE('',#4086,#4087,#5372,.T.);
#4812=EDGE_CURVE('',#4087,#4085,#5373,.T.);
#4813=EDGE_CURVE('',#4086,#4088,#5374,.T.);
#4814=EDGE_CURVE('',#4088,#4089,#5375,.T.);
#4815=EDGE_CURVE('',#4089,#4087,#5376,.T.);
#4816=EDGE_CURVE('',#4088,#4090,#5377,.T.);
#4817=EDGE_CURVE('',#4090,#4091,#5378,.T.);
#4818=EDGE_CURVE('',#4091,#4089,#5379,.T.);
#4819=EDGE_CURVE('',#4090,#4092,#5380,.T.);
#4820=EDGE_CURVE('',#4092,#4093,#5381,.T.);
#4821=EDGE_CURVE('',#4093,#4091,#5382,.T.);
#4822=EDGE_CURVE('',#4092,#4082,#5383,.T.);
#4823=EDGE_CURVE('',#4083,#4093,#5384,.T.);
#4824=EDGE_CURVE('',#4094,#4095,#5385,.T.);
#4825=EDGE_CURVE('',#4095,#4096,#5386,.T.);
#4826=EDGE_CURVE('',#4096,#4097,#5387,.T.);
#4827=EDGE_CURVE('',#4097,#4098,#5388,.T.);
#4828=EDGE_CURVE('',#4098,#4099,#5389,.T.);
#4829=EDGE_CURVE('',#4099,#4094,#5390,.T.);
#4830=EDGE_CURVE('',#4100,#4100,#2003,.T.);
#4831=EDGE_CURVE('',#4101,#4101,#2004,.T.);
#4832=EDGE_CURVE('',#4102,#4102,#2005,.T.);
#4833=EDGE_CURVE('',#4103,#4103,#2006,.T.);
#4834=EDGE_CURVE('',#4104,#4104,#2007,.T.);
#4835=EDGE_CURVE('',#4105,#4105,#2008,.T.);
#4836=EDGE_CURVE('',#4086,#4098,#632,.T.);
#4837=EDGE_CURVE('',#4099,#4084,#633,.T.);
#4838=EDGE_CURVE('',#4094,#4082,#634,.T.);
#4839=EDGE_CURVE('',#4088,#4097,#635,.T.);
#4840=EDGE_CURVE('',#4095,#4092,#636,.T.);
#4841=EDGE_CURVE('',#4090,#4096,#637,.T.);
#4842=EDGE_CURVE('',#4106,#4107,#5391,.T.);
#4843=EDGE_CURVE('',#4107,#4108,#5392,.T.);
#4844=EDGE_CURVE('',#4108,#4109,#5393,.T.);
#4845=EDGE_CURVE('',#4109,#4106,#5394,.T.);
#4846=EDGE_CURVE('',#4110,#4111,#5395,.T.);
#4847=EDGE_CURVE('',#4111,#4107,#5396,.T.);
#4848=EDGE_CURVE('',#4106,#4112,#2009,.T.);
#4849=EDGE_CURVE('',#4112,#4113,#5397,.T.);
#4850=EDGE_CURVE('',#4113,#4110,#2010,.T.);
#4851=EDGE_CURVE('',#4114,#4115,#5398,.T.);
#4852=EDGE_CURVE('',#4115,#4111,#5399,.T.);
#4853=EDGE_CURVE('',#4110,#4114,#5400,.T.);
#4854=EDGE_CURVE('',#4116,#4116,#2011,.T.);
#4855=EDGE_CURVE('',#4117,#4117,#2012,.T.);
#4856=EDGE_CURVE('',#4118,#4118,#2013,.T.);
#4857=EDGE_CURVE('',#4119,#4119,#2014,.T.);
#4858=EDGE_CURVE('',#4120,#4120,#2015,.T.);
#4859=EDGE_CURVE('',#4121,#4121,#2016,.T.);
#4860=EDGE_CURVE('',#4122,#4122,#2017,.T.);
#4861=EDGE_CURVE('',#4123,#4123,#2018,.T.);
#4862=EDGE_CURVE('',#4124,#4125,#5401,.T.);
#4863=EDGE_CURVE('',#4125,#4126,#5402,.T.);
#4864=EDGE_CURVE('',#4126,#4127,#5403,.T.);
#4865=EDGE_CURVE('',#4127,#4124,#5404,.T.);
#4866=EDGE_CURVE('',#4128,#4128,#2019,.T.);
#4867=EDGE_CURVE('',#4129,#4129,#2020,.T.);
#4868=EDGE_CURVE('',#4130,#4130,#2021,.T.);
#4869=EDGE_CURVE('',#4131,#4131,#2022,.T.);
#4870=EDGE_CURVE('',#4132,#4132,#2023,.T.);
#4871=EDGE_CURVE('',#4133,#4133,#2024,.T.);
#4872=EDGE_CURVE('',#4112,#4134,#5405,.T.);
#4873=EDGE_CURVE('',#4134,#4135,#5406,.T.);
#4874=EDGE_CURVE('',#4135,#4113,#5407,.T.);
#4875=EDGE_CURVE('',#4136,#4136,#2025,.T.);
#4876=EDGE_CURVE('',#4137,#4137,#2026,.T.);
#4877=EDGE_CURVE('',#4138,#4138,#2027,.T.);
#4878=EDGE_CURVE('',#4139,#4139,#2028,.T.);
#4879=EDGE_CURVE('',#4140,#4141,#5408,.T.);
#4880=EDGE_CURVE('',#4141,#4142,#5409,.T.);
#4881=EDGE_CURVE('',#4142,#4143,#5410,.T.);
#4882=EDGE_CURVE('',#4143,#4140,#5411,.T.);
#4883=EDGE_CURVE('',#4144,#4144,#2029,.T.);
#4884=EDGE_CURVE('',#4145,#4145,#2030,.T.);
#4885=EDGE_CURVE('',#4146,#4146,#2031,.T.);
#4886=EDGE_CURVE('',#4147,#4147,#2032,.T.);
#4887=EDGE_CURVE('',#4148,#4148,#2033,.T.);
#4888=EDGE_CURVE('',#4149,#4149,#2034,.T.);
#4889=EDGE_CURVE('',#4150,#4150,#2035,.T.);
#4890=EDGE_CURVE('',#4151,#4151,#2036,.T.);
#4891=EDGE_CURVE('',#4135,#4114,#2037,.T.);
#4892=EDGE_CURVE('',#4142,#4125,#2038,.T.);
#4893=EDGE_CURVE('',#4124,#4143,#2039,.T.);
#4894=EDGE_CURVE('',#4109,#4134,#2040,.T.);
#4895=EDGE_CURVE('',#4134,#4127,#2041,.T.);
#4896=EDGE_CURVE('',#4127,#4109,#2042,.T.);
#4897=EDGE_CURVE('',#4124,#4108,#2043,.T.);
#4898=EDGE_CURVE('',#4135,#4126,#2044,.T.);
#4899=EDGE_CURVE('',#4143,#4108,#2045,.T.);
#4900=EDGE_CURVE('',#4114,#4126,#2046,.T.);
#4901=EDGE_CURVE('',#4140,#4107,#638,.T.);
#4902=EDGE_CURVE('',#4115,#4125,#2047,.T.);
#4903=EDGE_CURVE('',#4141,#4111,#639,.T.);
#4904=EDGE_CURVE('',#4115,#4142,#2048,.T.);
#4905=EDGE_CURVE('',#4152,#4153,#5412,.T.);
#4906=EDGE_CURVE('',#4153,#4154,#5413,.T.);
#4907=EDGE_CURVE('',#4155,#4154,#2049,.T.);
#4908=EDGE_CURVE('',#4155,#4156,#5414,.T.);
#4909=EDGE_CURVE('',#4156,#4157,#2050,.T.);
#4910=EDGE_CURVE('',#4157,#4158,#5415,.T.);
#4911=EDGE_CURVE('',#4158,#4159,#2051,.T.);
#4912=EDGE_CURVE('',#4160,#4159,#2052,.T.);
#4913=EDGE_CURVE('',#4160,#4161,#2053,.T.);
#4914=EDGE_CURVE('',#4161,#4162,#5416,.T.);
#4915=EDGE_CURVE('',#4163,#4162,#2054,.T.);
#4916=EDGE_CURVE('',#4163,#4152,#5417,.T.);
#4917=EDGE_CURVE('',#4164,#4165,#5418,.T.);
#4918=EDGE_CURVE('',#4164,#4166,#5419,.T.);
#4919=EDGE_CURVE('',#4166,#4167,#5420,.T.);
#4920=EDGE_CURVE('',#4168,#4167,#5421,.T.);
#4921=EDGE_CURVE('',#4168,#4169,#5422,.T.);
#4922=EDGE_CURVE('',#4169,#4165,#5423,.T.);
#4923=EDGE_CURVE('',#4170,#4171,#5424,.T.);
#4924=EDGE_CURVE('',#4170,#4172,#5425,.T.);
#4925=EDGE_CURVE('',#4172,#4173,#5426,.T.);
#4926=EDGE_CURVE('',#4171,#4173,#5427,.T.);
#4927=EDGE_CURVE('',#4166,#4170,#2055,.T.);
#4928=EDGE_CURVE('',#4167,#4171,#2056,.T.);
#4929=EDGE_CURVE('',#4174,#4175,#5428,.T.);
#4930=EDGE_CURVE('',#4174,#4176,#5429,.T.);
#4931=EDGE_CURVE('',#4176,#4177,#5430,.T.);
#4932=EDGE_CURVE('',#4177,#4178,#5431,.T.);
#4933=EDGE_CURVE('',#4179,#4178,#5432,.T.);
#4934=EDGE_CURVE('',#4179,#4175,#5433,.T.);
#4935=EDGE_CURVE('',#4180,#4180,#2057,.T.);
#4936=EDGE_CURVE('',#4181,#4181,#2058,.T.);
#4937=EDGE_CURVE('',#4182,#4182,#2059,.T.);
#4938=EDGE_CURVE('',#4183,#4183,#2060,.T.);
#4939=EDGE_CURVE('',#4184,#4185,#5434,.T.);
#4940=EDGE_CURVE('',#4185,#4186,#5435,.T.);
#4941=EDGE_CURVE('',#4187,#4186,#5436,.T.);
#4942=EDGE_CURVE('',#4187,#4184,#5437,.T.);
#4943=EDGE_CURVE('',#4188,#4189,#5438,.T.);
#4944=EDGE_CURVE('',#4188,#4190,#5439,.T.);
#4945=EDGE_CURVE('',#4190,#4191,#5440,.T.);
#4946=EDGE_CURVE('',#4191,#4189,#5441,.T.);
#4947=EDGE_CURVE('',#4192,#4193,#5442,.T.);
#4948=EDGE_CURVE('',#4192,#4194,#5443,.T.);
#4949=EDGE_CURVE('',#4194,#4195,#5444,.T.);
#4950=EDGE_CURVE('',#4195,#4193,#5445,.T.);
#4951=EDGE_CURVE('',#4159,#4160,#23,.T.);
#4952=EDGE_CURVE('',#4196,#4196,#2061,.T.);
#4953=EDGE_CURVE('',#4154,#4197,#24,.T.);
#4954=EDGE_CURVE('',#4197,#4198,#2062,.T.);
#4955=EDGE_CURVE('',#4198,#4155,#25,.T.);
#4956=EDGE_CURVE('',#4199,#4199,#2063,.T.);
#4957=EDGE_CURVE('',#4200,#4201,#2064,.T.);
#4958=EDGE_CURVE('',#4201,#4163,#26,.T.);
#4959=EDGE_CURVE('',#4162,#4200,#27,.T.);
#4960=EDGE_CURVE('',#4202,#4202,#2065,.T.);
#4961=EDGE_CURVE('',#4203,#4204,#5446,.T.);
#4962=EDGE_CURVE('',#4203,#4205,#5447,.T.);
#4963=EDGE_CURVE('',#4205,#4206,#5448,.T.);
#4964=EDGE_CURVE('',#4206,#4204,#5449,.T.);
#4965=EDGE_CURVE('',#4207,#4208,#2066,.T.);
#4966=EDGE_CURVE('',#4207,#4208,#28,.T.);
#4967=EDGE_CURVE('',#4209,#4209,#2067,.T.);
#4968=EDGE_CURVE('',#4197,#4210,#5450,.T.);
#4969=EDGE_CURVE('',#4210,#4211,#5451,.T.);
#4970=EDGE_CURVE('',#4211,#4201,#5452,.T.);
#4971=EDGE_CURVE('',#4200,#4212,#5453,.T.);
#4972=EDGE_CURVE('',#4212,#4207,#2068,.T.);
#4973=EDGE_CURVE('',#4208,#4213,#2069,.T.);
#4974=EDGE_CURVE('',#4213,#4214,#5454,.T.);
#4975=EDGE_CURVE('',#4214,#4215,#2070,.T.);
#4976=EDGE_CURVE('',#4215,#4198,#5455,.T.);
#4977=EDGE_CURVE('',#4186,#4188,#2071,.T.);
#4978=EDGE_CURVE('',#4189,#4192,#2072,.T.);
#4979=EDGE_CURVE('',#4193,#4203,#2073,.T.);
#4980=EDGE_CURVE('',#4204,#4187,#2074,.T.);
#4981=EDGE_CURVE('',#4172,#4174,#2075,.T.);
#4982=EDGE_CURVE('',#4175,#4173,#2076,.T.);
#4983=EDGE_CURVE('',#4176,#4216,#2077,.T.);
#4984=EDGE_CURVE('',#4216,#4217,#5456,.T.);
#4985=EDGE_CURVE('',#4217,#4177,#2078,.T.);
#4986=EDGE_CURVE('',#4216,#4218,#5457,.T.);
#4987=EDGE_CURVE('',#4218,#4219,#5458,.T.);
#4988=EDGE_CURVE('',#4219,#4217,#5459,.T.);
#4989=EDGE_CURVE('',#4218,#4164,#2079,.T.);
#4990=EDGE_CURVE('',#4165,#4219,#2080,.T.);
#4991=EDGE_CURVE('',#4178,#4169,#5460,.T.);
#4992=EDGE_CURVE('',#4220,#4220,#2081,.T.);
#4993=EDGE_CURVE('',#4179,#4168,#5461,.T.);
#4994=EDGE_CURVE('',#4205,#4195,#2082,.T.);
#4995=EDGE_CURVE('',#4205,#4210,#2083,.T.);
#4996=EDGE_CURVE('',#4210,#4195,#2084,.T.);
#4997=EDGE_CURVE('',#4194,#4191,#2085,.T.);
#4998=EDGE_CURVE('',#4211,#4194,#2086,.T.);
#4999=EDGE_CURVE('',#4206,#4153,#2087,.T.);
#5000=EDGE_CURVE('',#4184,#4206,#2088,.T.);
#5001=EDGE_CURVE('',#4211,#4191,#2089,.T.);
#5002=EDGE_CURVE('',#4184,#4153,#2090,.T.);
#5003=EDGE_CURVE('',#4152,#4190,#2091,.T.);
#5004=EDGE_CURVE('',#4185,#4152,#2092,.T.);
#5005=EDGE_CURVE('',#4185,#4190,#2093,.T.);
#5006=EDGE_CURVE('',#4164,#4158,#2094,.T.);
#5007=EDGE_CURVE('',#4161,#4218,#2095,.T.);
#5008=EDGE_CURVE('',#4166,#4157,#2096,.T.);
#5009=EDGE_CURVE('',#4212,#4216,#2097,.T.);
#5010=EDGE_CURVE('',#4170,#4156,#2098,.T.);
#5011=EDGE_CURVE('',#4213,#4176,#2099,.T.);
#5012=EDGE_CURVE('',#4172,#4215,#2100,.T.);
#5013=EDGE_CURVE('',#4214,#4174,#2101,.T.);
#5014=EDGE_CURVE('',#4221,#4221,#2102,.T.);
#5015=LINE('',#8382,#5462);
#5016=LINE('',#8385,#5463);
#5017=LINE('',#8387,#5464);
#5018=LINE('',#8389,#5465);
#5019=LINE('',#8393,#5466);
#5020=LINE('',#8395,#5467);
#5021=LINE('',#8397,#5468);
#5022=LINE('',#8399,#5469);
#5023=LINE('',#8401,#5470);
#5024=LINE('',#8403,#5471);
#5025=LINE('',#8405,#5472);
#5026=LINE('',#8407,#5473);
#5027=LINE('',#8409,#5474);
#5028=LINE('',#8411,#5475);
#5029=LINE('',#8413,#5476);
#5030=LINE('',#8418,#5477);
#5031=LINE('',#8420,#5478);
#5032=LINE('',#8422,#5479);
#5033=LINE('',#8424,#5480);
#5034=LINE('',#8426,#5481);
#5035=LINE('',#8428,#5482);
#5036=LINE('',#8430,#5483);
#5037=LINE('',#8432,#5484);
#5038=LINE('',#8434,#5485);
#5039=LINE('',#8436,#5486);
#5040=LINE('',#8438,#5487);
#5041=LINE('',#8440,#5488);
#5042=LINE('',#8445,#5489);
#5043=LINE('',#8453,#5490);
#5044=LINE('',#8456,#5491);
#5045=LINE('',#8458,#5492);
#5046=LINE('',#8460,#5493);
#5047=LINE('',#8462,#5494);
#5048=LINE('',#8464,#5495);
#5049=LINE('',#8466,#5496);
#5050=LINE('',#8468,#5497);
#5051=LINE('',#8470,#5498);
#5052=LINE('',#8472,#5499);
#5053=LINE('',#8474,#5500);
#5054=LINE('',#8476,#5501);
#5055=LINE('',#8478,#5502);
#5056=LINE('',#8482,#5503);
#5057=LINE('',#8484,#5504);
#5058=LINE('',#8487,#5505);
#5059=LINE('',#8489,#5506);
#5060=LINE('',#8491,#5507);
#5061=LINE('',#8493,#5508);
#5062=LINE('',#8495,#5509);
#5063=LINE('',#8499,#5510);
#5064=LINE('',#8503,#5511);
#5065=LINE('',#8506,#5512);
#5066=LINE('',#8508,#5513);
#5067=LINE('',#8510,#5514);
#5068=LINE('',#8512,#5515);
#5069=LINE('',#8515,#5516);
#5070=LINE('',#8517,#5517);
#5071=LINE('',#8519,#5518);
#5072=LINE('',#8521,#5519);
#5073=LINE('',#8523,#5520);
#5074=LINE('',#8526,#5521);
#5075=LINE('',#8528,#5522);
#5076=LINE('',#8530,#5523);
#5077=LINE('',#8532,#5524);
#5078=LINE('',#8534,#5525);
#5079=LINE('',#8536,#5526);
#5080=LINE('',#8538,#5527);
#5081=LINE('',#8541,#5528);
#5082=LINE('',#8543,#5529);
#5083=LINE('',#8545,#5530);
#5084=LINE('',#8547,#5531);
#5085=LINE('',#8549,#5532);
#5086=LINE('',#8551,#5533);
#5087=LINE('',#8554,#5534);
#5088=LINE('',#8556,#5535);
#5089=LINE('',#8558,#5536);
#5090=LINE('',#8560,#5537);
#5091=LINE('',#8563,#5538);
#5092=LINE('',#8565,#5539);
#5093=LINE('',#8567,#5540);
#5094=LINE('',#8582,#5541);
#5095=LINE('',#8583,#5542);
#5096=LINE('',#8585,#5543);
#5097=LINE('',#8587,#5544);
#5098=LINE('',#8589,#5545);
#5099=LINE('',#8591,#5546);
#5100=LINE('',#8605,#5547);
#5101=LINE('',#8607,#5548);
#5102=LINE('',#8609,#5549);
#5103=LINE('',#8611,#5550);
#5104=LINE('',#8613,#5551);
#5105=LINE('',#8614,#5552);
#5106=LINE('',#8617,#5553);
#5107=LINE('',#8619,#5554);
#5108=LINE('',#8621,#5555);
#5109=LINE('',#8622,#5556);
#5110=LINE('',#8625,#5557);
#5111=LINE('',#8629,#5558);
#5112=LINE('',#8631,#5559);
#5113=LINE('',#8633,#5560);
#5114=LINE('',#8635,#5561);
#5115=LINE('',#8637,#5562);
#5116=LINE('',#8639,#5563);
#5117=LINE('',#8640,#5564);
#5118=LINE('',#8658,#5565);
#5119=LINE('',#8661,#5566);
#5120=LINE('',#8663,#5567);
#5121=LINE('',#8665,#5568);
#5122=LINE('',#8667,#5569);
#5123=LINE('',#8669,#5570);
#5124=LINE('',#8671,#5571);
#5125=LINE('',#8673,#5572);
#5126=LINE('',#8675,#5573);
#5127=LINE('',#8677,#5574);
#5128=LINE('',#8679,#5575);
#5129=LINE('',#8680,#5576);
#5130=LINE('',#8698,#5577);
#5131=LINE('',#8701,#5578);
#5132=LINE('',#8703,#5579);
#5133=LINE('',#8705,#5580);
#5134=LINE('',#8708,#5581);
#5135=LINE('',#8713,#5582);
#5136=LINE('',#8715,#5583);
#5137=LINE('',#8718,#5584);
#5138=LINE('',#8720,#5585);
#5139=LINE('',#8722,#5586);
#5140=LINE('',#8724,#5587);
#5141=LINE('',#8727,#5588);
#5142=LINE('',#8728,#5589);
#5143=LINE('',#8731,#5590);
#5144=LINE('',#8736,#5591);
#5145=LINE('',#8739,#5592);
#5146=LINE('',#8741,#5593);
#5147=LINE('',#8746,#5594);
#5148=LINE('',#8747,#5595);
#5149=LINE('',#8749,#5596);
#5150=LINE('',#8751,#5597);
#5151=LINE('',#8771,#5598);
#5152=LINE('',#8775,#5599);
#5153=LINE('',#8779,#5600);
#5154=LINE('',#8783,#5601);
#5155=LINE('',#8787,#5602);
#5156=LINE('',#8791,#5603);
#5157=LINE('',#8795,#5604);
#5158=LINE('',#8799,#5605);
#5159=LINE('',#8800,#5606);
#5160=LINE('',#8805,#5607);
#5161=LINE('',#8809,#5608);
#5162=LINE('',#8813,#5609);
#5163=LINE('',#8817,#5610);
#5164=LINE('',#8820,#5611);
#5165=LINE('',#8822,#5612);
#5166=LINE('',#8824,#5613);
#5167=LINE('',#8842,#5614);
#5168=LINE('',#8844,#5615);
#5169=LINE('',#8846,#5616);
#5170=LINE('',#8848,#5617);
#5171=LINE('',#8851,#5618);
#5172=LINE('',#8852,#5619);
#5173=LINE('',#8854,#5620);
#5174=LINE('',#8857,#5621);
#5175=LINE('',#8858,#5622);
#5176=LINE('',#8860,#5623);
#5177=LINE('',#8863,#5624);
#5178=LINE('',#8864,#5625);
#5179=LINE('',#8894,#5626);
#5180=LINE('',#8899,#5627);
#5181=LINE('',#8904,#5628);
#5182=LINE('',#8906,#5629);
#5183=LINE('',#8916,#5630);
#5184=LINE('',#8918,#5631);
#5185=LINE('',#8928,#5632);
#5186=LINE('',#8930,#5633);
#5187=LINE('',#8938,#5634);
#5188=LINE('',#8941,#5635);
#5189=LINE('',#8943,#5636);
#5190=LINE('',#8945,#5637);
#5191=LINE('',#8966,#5638);
#5192=LINE('',#8970,#5639);
#5193=LINE('',#8974,#5640);
#5194=LINE('',#8978,#5641);
#5195=LINE('',#8982,#5642);
#5196=LINE('',#8986,#5643);
#5197=LINE('',#8990,#5644);
#5198=LINE('',#8994,#5645);
#5199=LINE('',#8995,#5646);
#5200=LINE('',#9000,#5647);
#5201=LINE('',#9004,#5648);
#5202=LINE('',#9008,#5649);
#5203=LINE('',#9012,#5650);
#5204=LINE('',#9014,#5651);
#5205=LINE('',#9016,#5652);
#5206=LINE('',#9018,#5653);
#5207=LINE('',#9020,#5654);
#5208=LINE('',#9022,#5655);
#5209=LINE('',#9024,#5656);
#5210=LINE('',#9027,#5657);
#5211=LINE('',#9028,#5658);
#5212=LINE('',#9030,#5659);
#5213=LINE('',#9033,#5660);
#5214=LINE('',#9034,#5661);
#5215=LINE('',#9064,#5662);
#5216=LINE('',#9069,#5663);
#5217=LINE('',#9071,#5664);
#5218=LINE('',#9078,#5665);
#5219=LINE('',#9084,#5666);
#5220=LINE('',#9090,#5667);
#5221=LINE('',#9096,#5668);
#5222=LINE('',#9102,#5669);
#5223=LINE('',#9108,#5670);
#5224=LINE('',#9111,#5671);
#5225=LINE('',#9113,#5672);
#5226=LINE('',#9115,#5673);
#5227=LINE('',#9117,#5674);
#5228=LINE('',#9120,#5675);
#5229=LINE('',#9122,#5676);
#5230=LINE('',#9124,#5677);
#5231=LINE('',#9125,#5678);
#5232=LINE('',#9130,#5679);
#5233=LINE('',#9134,#5680);
#5234=LINE('',#9138,#5681);
#5235=LINE('',#9142,#5682);
#5236=LINE('',#9144,#5683);
#5237=LINE('',#9146,#5684);
#5238=LINE('',#9148,#5685);
#5239=LINE('',#9150,#5686);
#5240=LINE('',#9152,#5687);
#5241=LINE('',#9154,#5688);
#5242=LINE('',#9157,#5689);
#5243=LINE('',#9158,#5690);
#5244=LINE('',#9160,#5691);
#5245=LINE('',#9162,#5692);
#5246=LINE('',#9164,#5693);
#5247=LINE('',#9166,#5694);
#5248=LINE('',#9171,#5695);
#5249=LINE('',#9174,#5696);
#5250=LINE('',#9180,#5697);
#5251=LINE('',#9186,#5698);
#5252=LINE('',#9191,#5699);
#5253=LINE('',#9196,#5700);
#5254=LINE('',#9198,#5701);
#5255=LINE('',#9251,#5702);
#5256=LINE('',#9255,#5703);
#5257=LINE('',#9262,#5704);
#5258=LINE('',#9266,#5705);
#5259=LINE('',#9268,#5706);
#5260=LINE('',#9271,#5707);
#5261=LINE('',#9273,#5708);
#5262=LINE('',#9275,#5709);
#5263=LINE('',#9277,#5710);
#5264=LINE('',#9280,#5711);
#5265=LINE('',#9282,#5712);
#5266=LINE('',#9284,#5713);
#5267=LINE('',#9286,#5714);
#5268=LINE('',#9292,#5715);
#5269=LINE('',#9295,#5716);
#5270=LINE('',#9296,#5717);
#5271=LINE('',#9305,#5718);
#5272=LINE('',#9310,#5719);
#5273=LINE('',#9313,#5720);
#5274=LINE('',#9314,#5721);
#5275=LINE('',#9333,#5722);
#5276=LINE('',#9337,#5723);
#5277=LINE('',#9341,#5724);
#5278=LINE('',#9345,#5725);
#5279=LINE('',#9350,#5726);
#5280=LINE('',#9352,#5727);
#5281=LINE('',#9355,#5728);
#5282=LINE('',#9357,#5729);
#5283=LINE('',#9361,#5730);
#5284=LINE('',#9362,#5731);
#5285=LINE('',#9364,#5732);
#5286=LINE('',#9366,#5733);
#5287=LINE('',#9368,#5734);
#5288=LINE('',#9370,#5735);
#5289=LINE('',#9372,#5736);
#5290=LINE('',#9374,#5737);
#5291=LINE('',#9389,#5738);
#5292=LINE('',#9392,#5739);
#5293=LINE('',#9394,#5740);
#5294=LINE('',#9396,#5741);
#5295=LINE('',#9398,#5742);
#5296=LINE('',#9400,#5743);
#5297=LINE('',#9405,#5744);
#5298=LINE('',#9409,#5745);
#5299=LINE('',#9413,#5746);
#5300=LINE('',#9416,#5747);
#5301=LINE('',#9418,#5748);
#5302=LINE('',#9420,#5749);
#5303=LINE('',#9422,#5750);
#5304=LINE('',#9424,#5751);
#5305=LINE('',#9426,#5752);
#5306=LINE('',#9428,#5753);
#5307=LINE('',#9430,#5754);
#5308=LINE('',#9432,#5755);
#5309=LINE('',#9434,#5756);
#5310=LINE('',#9436,#5757);
#5311=LINE('',#9438,#5758);
#5312=LINE('',#9439,#5759);
#5313=LINE('',#9443,#5760);
#5314=LINE('',#9446,#5761);
#5315=LINE('',#9447,#5762);
#5316=LINE('',#9449,#5763);
#5317=LINE('',#9451,#5764);
#5318=LINE('',#9453,#5765);
#5319=LINE('',#9455,#5766);
#5320=LINE('',#9457,#5767);
#5321=LINE('',#9459,#5768);
#5322=LINE('',#9461,#5769);
#5323=LINE('',#9463,#5770);
#5324=LINE('',#9465,#5771);
#5325=LINE('',#9468,#5772);
#5326=LINE('',#9470,#5773);
#5327=LINE('',#9472,#5774);
#5328=LINE('',#9474,#5775);
#5329=LINE('',#9476,#5776);
#5330=LINE('',#9478,#5777);
#5331=LINE('',#9480,#5778);
#5332=LINE('',#9482,#5779);
#5333=LINE('',#9484,#5780);
#5334=LINE('',#9486,#5781);
#5335=LINE('',#9488,#5782);
#5336=LINE('',#9490,#5783);
#5337=LINE('',#9498,#5784);
#5338=LINE('',#9501,#5785);
#5339=LINE('',#9503,#5786);
#5340=LINE('',#9505,#5787);
#5341=LINE('',#9507,#5788);
#5342=LINE('',#9509,#5789);
#5343=LINE('',#9512,#5790);
#5344=LINE('',#9515,#5791);
#5345=LINE('',#9517,#5792);
#5346=LINE('',#9519,#5793);
#5347=LINE('',#9521,#5794);
#5348=LINE('',#9523,#5795);
#5349=LINE('',#9525,#5796);
#5350=LINE('',#9527,#5797);
#5351=LINE('',#9529,#5798);
#5352=LINE('',#9531,#5799);
#5353=LINE('',#9533,#5800);
#5354=LINE('',#9535,#5801);
#5355=LINE('',#9537,#5802);
#5356=LINE('',#9539,#5803);
#5357=LINE('',#9541,#5804);
#5358=LINE('',#9543,#5805);
#5359=LINE('',#9545,#5806);
#5360=LINE('',#9546,#5807);
#5361=LINE('',#9548,#5808);
#5362=LINE('',#9551,#5809);
#5363=LINE('',#9553,#5810);
#5364=LINE('',#9555,#5811);
#5365=LINE('',#9557,#5812);
#5366=LINE('',#9559,#5813);
#5367=LINE('',#9590,#5814);
#5368=LINE('',#9593,#5815);
#5369=LINE('',#9595,#5816);
#5370=LINE('',#9597,#5817);
#5371=LINE('',#9599,#5818);
#5372=LINE('',#9601,#5819);
#5373=LINE('',#9603,#5820);
#5374=LINE('',#9605,#5821);
#5375=LINE('',#9607,#5822);
#5376=LINE('',#9609,#5823);
#5377=LINE('',#9611,#5824);
#5378=LINE('',#9613,#5825);
#5379=LINE('',#9615,#5826);
#5380=LINE('',#9617,#5827);
#5381=LINE('',#9619,#5828);
#5382=LINE('',#9621,#5829);
#5383=LINE('',#9623,#5830);
#5384=LINE('',#9624,#5831);
#5385=LINE('',#9626,#5832);
#5386=LINE('',#9629,#5833);
#5387=LINE('',#9631,#5834);
#5388=LINE('',#9633,#5835);
#5389=LINE('',#9635,#5836);
#5390=LINE('',#9637,#5837);
#5391=LINE('',#9671,#5838);
#5392=LINE('',#9674,#5839);
#5393=LINE('',#9676,#5840);
#5394=LINE('',#9678,#5841);
#5395=LINE('',#9680,#5842);
#5396=LINE('',#9683,#5843);
#5397=LINE('',#9686,#5844);
#5398=LINE('',#9690,#5845);
#5399=LINE('',#9693,#5846);
#5400=LINE('',#9694,#5847);
#5401=LINE('',#9716,#5848);
#5402=LINE('',#9719,#5849);
#5403=LINE('',#9721,#5850);
#5404=LINE('',#9723,#5851);
#5405=LINE('',#9738,#5852);
#5406=LINE('',#9740,#5853);
#5407=LINE('',#9742,#5854);
#5408=LINE('',#9752,#5855);
#5409=LINE('',#9755,#5856);
#5410=LINE('',#9757,#5857);
#5411=LINE('',#9759,#5858);
#5412=LINE('',#9816,#5859);
#5413=LINE('',#9819,#5860);
#5414=LINE('',#9823,#5861);
#5415=LINE('',#9827,#5862);
#5416=LINE('',#9835,#5863);
#5417=LINE('',#9839,#5864);
#5418=LINE('',#9841,#5865);
#5419=LINE('',#9844,#5866);
#5420=LINE('',#9846,#5867);
#5421=LINE('',#9848,#5868);
#5422=LINE('',#9850,#5869);
#5423=LINE('',#9852,#5870);
#5424=LINE('',#9854,#5871);
#5425=LINE('',#9857,#5872);
#5426=LINE('',#9859,#5873);
#5427=LINE('',#9861,#5874);
#5428=LINE('',#9866,#5875);
#5429=LINE('',#9869,#5876);
#5430=LINE('',#9871,#5877);
#5431=LINE('',#9873,#5878);
#5432=LINE('',#9875,#5879);
#5433=LINE('',#9877,#5880);
#5434=LINE('',#9889,#5881);
#5435=LINE('',#9892,#5882);
#5436=LINE('',#9894,#5883);
#5437=LINE('',#9896,#5884);
#5438=LINE('',#9898,#5885);
#5439=LINE('',#9901,#5886);
#5440=LINE('',#9903,#5887);
#5441=LINE('',#9905,#5888);
#5442=LINE('',#9907,#5889);
#5443=LINE('',#9910,#5890);
#5444=LINE('',#9912,#5891);
#5445=LINE('',#9914,#5892);
#5446=LINE('',#10014,#5893);
#5447=LINE('',#10017,#5894);
#5448=LINE('',#10019,#5895);
#5449=LINE('',#10021,#5896);
#5450=LINE('',#10042,#5897);
#5451=LINE('',#10044,#5898);
#5452=LINE('',#10046,#5899);
#5453=LINE('',#10047,#5900);
#5454=LINE('',#10052,#5901);
#5455=LINE('',#10056,#5902);
#5456=LINE('',#10068,#5903);
#5457=LINE('',#10072,#5904);
#5458=LINE('',#10074,#5905);
#5459=LINE('',#10076,#5906);
#5460=LINE('',#10081,#5907);
#5461=LINE('',#10085,#5908);
#5462=VECTOR('',#6586,1.);
#5463=VECTOR('',#6587,1.);
#5464=VECTOR('',#6588,1.);
#5465=VECTOR('',#6589,1.);
#5466=VECTOR('',#6592,1.);
#5467=VECTOR('',#6593,1.);
#5468=VECTOR('',#6594,1.);
#5469=VECTOR('',#6595,1.);
#5470=VECTOR('',#6596,1.);
#5471=VECTOR('',#6597,1.);
#5472=VECTOR('',#6598,1.);
#5473=VECTOR('',#6599,1.);
#5474=VECTOR('',#6600,1.);
#5475=VECTOR('',#6601,1.);
#5476=VECTOR('',#6604,1.);
#5477=VECTOR('',#6607,1.);
#5478=VECTOR('',#6608,1.);
#5479=VECTOR('',#6609,1.);
#5480=VECTOR('',#6610,1.);
#5481=VECTOR('',#6611,1.);
#5482=VECTOR('',#6612,1.);
#5483=VECTOR('',#6613,1.);
#5484=VECTOR('',#6614,1.);
#5485=VECTOR('',#6615,1.);
#5486=VECTOR('',#6616,1.);
#5487=VECTOR('',#6617,1.);
#5488=VECTOR('',#6620,1.);
#5489=VECTOR('',#6623,1.);
#5490=VECTOR('',#6632,1.);
#5491=VECTOR('',#6633,1.);
#5492=VECTOR('',#6634,1.);
#5493=VECTOR('',#6635,1.);
#5494=VECTOR('',#6636,1.);
#5495=VECTOR('',#6637,1.);
#5496=VECTOR('',#6638,1.);
#5497=VECTOR('',#6639,1.);
#5498=VECTOR('',#6640,1.);
#5499=VECTOR('',#6641,1.);
#5500=VECTOR('',#6642,1.);
#5501=VECTOR('',#6643,1.);
#5502=VECTOR('',#6644,1.);
#5503=VECTOR('',#6647,1.);
#5504=VECTOR('',#6650,1.);
#5505=VECTOR('',#6651,1.);
#5506=VECTOR('',#6652,1.);
#5507=VECTOR('',#6653,1.);
#5508=VECTOR('',#6654,1.);
#5509=VECTOR('',#6655,1.);
#5510=VECTOR('',#6660,1.);
#5511=VECTOR('',#6665,1.);
#5512=VECTOR('',#6666,1.);
#5513=VECTOR('',#6667,1.);
#5514=VECTOR('',#6668,1.);
#5515=VECTOR('',#6671,1.);
#5516=VECTOR('',#6672,1.);
#5517=VECTOR('',#6673,1.);
#5518=VECTOR('',#6674,1.);
#5519=VECTOR('',#6675,1.);
#5520=VECTOR('',#6678,1.);
#5521=VECTOR('',#6679,1.);
#5522=VECTOR('',#6680,1.);
#5523=VECTOR('',#6681,1.);
#5524=VECTOR('',#6682,1.);
#5525=VECTOR('',#6683,1.);
#5526=VECTOR('',#6684,1.);
#5527=VECTOR('',#6687,1.);
#5528=VECTOR('',#6688,1.);
#5529=VECTOR('',#6689,1.);
#5530=VECTOR('',#6690,1.);
#5531=VECTOR('',#6691,1.);
#5532=VECTOR('',#6692,1.);
#5533=VECTOR('',#6695,1.);
#5534=VECTOR('',#6696,1.);
#5535=VECTOR('',#6697,1.);
#5536=VECTOR('',#6698,1.);
#5537=VECTOR('',#6701,1.);
#5538=VECTOR('',#6702,1.);
#5539=VECTOR('',#6703,1.);
#5540=VECTOR('',#6704,1.);
#5541=VECTOR('',#6721,1.);
#5542=VECTOR('',#6722,1.);
#5543=VECTOR('',#6723,1.);
#5544=VECTOR('',#6724,1.);
#5545=VECTOR('',#6725,1.);
#5546=VECTOR('',#6726,1.);
#5547=VECTOR('',#6741,1.);
#5548=VECTOR('',#6742,1.);
#5549=VECTOR('',#6743,1.);
#5550=VECTOR('',#6744,1.);
#5551=VECTOR('',#6745,1.);
#5552=VECTOR('',#6746,1.);
#5553=VECTOR('',#6751,1.);
#5554=VECTOR('',#6754,1.);
#5555=VECTOR('',#6757,1.);
#5556=VECTOR('',#6758,1.);
#5557=VECTOR('',#6763,1.);
#5558=VECTOR('',#6766,1.);
#5559=VECTOR('',#6767,1.);
#5560=VECTOR('',#6770,1.);
#5561=VECTOR('',#6771,1.);
#5562=VECTOR('',#6772,1.);
#5563=VECTOR('',#6775,1.);
#5564=VECTOR('',#6776,1.);
#5565=VECTOR('',#6795,1.);
#5566=VECTOR('',#6796,1.);
#5567=VECTOR('',#6797,1.);
#5568=VECTOR('',#6798,1.);
#5569=VECTOR('',#6801,1.);
#5570=VECTOR('',#6802,1.);
#5571=VECTOR('',#6803,1.);
#5572=VECTOR('',#6806,1.);
#5573=VECTOR('',#6807,1.);
#5574=VECTOR('',#6808,1.);
#5575=VECTOR('',#6811,1.);
#5576=VECTOR('',#6812,1.);
#5577=VECTOR('',#6831,1.);
#5578=VECTOR('',#6832,1.);
#5579=VECTOR('',#6833,1.);
#5580=VECTOR('',#6834,1.);
#5581=VECTOR('',#6839,1.);
#5582=VECTOR('',#6848,1.);
#5583=VECTOR('',#6851,1.);
#5584=VECTOR('',#6856,1.);
#5585=VECTOR('',#6857,1.);
#5586=VECTOR('',#6858,1.);
#5587=VECTOR('',#6861,1.);
#5588=VECTOR('',#6862,1.);
#5589=VECTOR('',#6863,1.);
#5590=VECTOR('',#6868,1.);
#5591=VECTOR('',#6877,1.);
#5592=VECTOR('',#6882,1.);
#5593=VECTOR('',#6885,1.);
#5594=VECTOR('',#6894,1.);
#5595=VECTOR('',#6895,1.);
#5596=VECTOR('',#6898,1.);
#5597=VECTOR('',#6901,1.);
#5598=VECTOR('',#6936,1.);
#5599=VECTOR('',#6939,1.);
#5600=VECTOR('',#6942,1.);
#5601=VECTOR('',#6945,1.);
#5602=VECTOR('',#6948,1.);
#5603=VECTOR('',#6951,1.);
#5604=VECTOR('',#6954,1.);
#5605=VECTOR('',#6957,1.);
#5606=VECTOR('',#6958,1.);
#5607=VECTOR('',#6961,1.);
#5608=VECTOR('',#6964,1.);
#5609=VECTOR('',#6967,1.);
#5610=VECTOR('',#6972,1.);
#5611=VECTOR('',#6973,1.);
#5612=VECTOR('',#6974,1.);
#5613=VECTOR('',#6975,1.);
#5614=VECTOR('',#6994,1.);
#5615=VECTOR('',#6995,1.);
#5616=VECTOR('',#6996,1.);
#5617=VECTOR('',#6999,1.);
#5618=VECTOR('',#7000,1.);
#5619=VECTOR('',#7001,1.);
#5620=VECTOR('',#7004,1.);
#5621=VECTOR('',#7005,1.);
#5622=VECTOR('',#7006,1.);
#5623=VECTOR('',#7009,1.);
#5624=VECTOR('',#7010,1.);
#5625=VECTOR('',#7011,1.);
#5626=VECTOR('',#7062,1.);
#5627=VECTOR('',#7067,1.);
#5628=VECTOR('',#7074,1.);
#5629=VECTOR('',#7077,1.);
#5630=VECTOR('',#7092,1.);
#5631=VECTOR('',#7095,1.);
#5632=VECTOR('',#7110,1.);
#5633=VECTOR('',#7113,1.);
#5634=VECTOR('',#7126,1.);
#5635=VECTOR('',#7127,1.);
#5636=VECTOR('',#7128,1.);
#5637=VECTOR('',#7129,1.);
#5638=VECTOR('',#7150,1.);
#5639=VECTOR('',#7153,1.);
#5640=VECTOR('',#7156,1.);
#5641=VECTOR('',#7159,1.);
#5642=VECTOR('',#7162,1.);
#5643=VECTOR('',#7165,1.);
#5644=VECTOR('',#7168,1.);
#5645=VECTOR('',#7171,1.);
#5646=VECTOR('',#7172,1.);
#5647=VECTOR('',#7175,1.);
#5648=VECTOR('',#7178,1.);
#5649=VECTOR('',#7181,1.);
#5650=VECTOR('',#7186,1.);
#5651=VECTOR('',#7187,1.);
#5652=VECTOR('',#7188,1.);
#5653=VECTOR('',#7191,1.);
#5654=VECTOR('',#7192,1.);
#5655=VECTOR('',#7193,1.);
#5656=VECTOR('',#7196,1.);
#5657=VECTOR('',#7197,1.);
#5658=VECTOR('',#7198,1.);
#5659=VECTOR('',#7201,1.);
#5660=VECTOR('',#7202,1.);
#5661=VECTOR('',#7203,1.);
#5662=VECTOR('',#7254,1.);
#5663=VECTOR('',#7259,1.);
#5664=VECTOR('',#7262,1.);
#5665=VECTOR('',#7271,1.);
#5666=VECTOR('',#7282,1.);
#5667=VECTOR('',#7289,1.);
#5668=VECTOR('',#7300,1.);
#5669=VECTOR('',#7307,1.);
#5670=VECTOR('',#7318,1.);
#5671=VECTOR('',#7319,1.);
#5672=VECTOR('',#7320,1.);
#5673=VECTOR('',#7321,1.);
#5674=VECTOR('',#7324,1.);
#5675=VECTOR('',#7325,1.);
#5676=VECTOR('',#7326,1.);
#5677=VECTOR('',#7327,1.);
#5678=VECTOR('',#7328,1.);
#5679=VECTOR('',#7331,1.);
#5680=VECTOR('',#7334,1.);
#5681=VECTOR('',#7337,1.);
#5682=VECTOR('',#7342,1.);
#5683=VECTOR('',#7343,1.);
#5684=VECTOR('',#7344,1.);
#5685=VECTOR('',#7347,1.);
#5686=VECTOR('',#7348,1.);
#5687=VECTOR('',#7349,1.);
#5688=VECTOR('',#7352,1.);
#5689=VECTOR('',#7353,1.);
#5690=VECTOR('',#7354,1.);
#5691=VECTOR('',#7357,1.);
#5692=VECTOR('',#7358,1.);
#5693=VECTOR('',#7359,1.);
#5694=VECTOR('',#7362,1.);
#5695=VECTOR('',#7367,1.);
#5696=VECTOR('',#7372,1.);
#5697=VECTOR('',#7379,1.);
#5698=VECTOR('',#7390,1.);
#5699=VECTOR('',#7395,1.);
#5700=VECTOR('',#7402,1.);
#5701=VECTOR('',#7405,1.);
#5702=VECTOR('',#7502,1.);
#5703=VECTOR('',#7505,1.);
#5704=VECTOR('',#7512,1.);
#5705=VECTOR('',#7515,1.);
#5706=VECTOR('',#7518,1.);
#5707=VECTOR('',#7519,1.);
#5708=VECTOR('',#7520,1.);
#5709=VECTOR('',#7521,1.);
#5710=VECTOR('',#7524,1.);
#5711=VECTOR('',#7525,1.);
#5712=VECTOR('',#7526,1.);
#5713=VECTOR('',#7527,1.);
#5714=VECTOR('',#7530,1.);
#5715=VECTOR('',#7537,1.);
#5716=VECTOR('',#7538,1.);
#5717=VECTOR('',#7539,1.);
#5718=VECTOR('',#7552,1.);
#5719=VECTOR('',#7559,1.);
#5720=VECTOR('',#7560,1.);
#5721=VECTOR('',#7561,1.);
#5722=VECTOR('',#7586,1.);
#5723=VECTOR('',#7589,1.);
#5724=VECTOR('',#7592,1.);
#5725=VECTOR('',#7595,1.);
#5726=VECTOR('',#7602,1.);
#5727=VECTOR('',#7605,1.);
#5728=VECTOR('',#7610,1.);
#5729=VECTOR('',#7613,1.);
#5730=VECTOR('',#7620,1.);
#5731=VECTOR('',#7621,1.);
#5732=VECTOR('',#7624,1.);
#5733=VECTOR('',#7627,1.);
#5734=VECTOR('',#7630,1.);
#5735=VECTOR('',#7633,1.);
#5736=VECTOR('',#7636,1.);
#5737=VECTOR('',#7639,1.);
#5738=VECTOR('',#7660,1.);
#5739=VECTOR('',#7661,1.);
#5740=VECTOR('',#7662,1.);
#5741=VECTOR('',#7663,1.);
#5742=VECTOR('',#7664,1.);
#5743=VECTOR('',#7665,1.);
#5744=VECTOR('',#7670,1.);
#5745=VECTOR('',#7673,1.);
#5746=VECTOR('',#7678,1.);
#5747=VECTOR('',#7679,1.);
#5748=VECTOR('',#7680,1.);
#5749=VECTOR('',#7681,1.);
#5750=VECTOR('',#7682,1.);
#5751=VECTOR('',#7683,1.);
#5752=VECTOR('',#7686,1.);
#5753=VECTOR('',#7687,1.);
#5754=VECTOR('',#7688,1.);
#5755=VECTOR('',#7691,1.);
#5756=VECTOR('',#7692,1.);
#5757=VECTOR('',#7693,1.);
#5758=VECTOR('',#7696,1.);
#5759=VECTOR('',#7697,1.);
#5760=VECTOR('',#7704,1.);
#5761=VECTOR('',#7705,1.);
#5762=VECTOR('',#7706,1.);
#5763=VECTOR('',#7709,1.);
#5764=VECTOR('',#7710,1.);
#5765=VECTOR('',#7713,1.);
#5766=VECTOR('',#7714,1.);
#5767=VECTOR('',#7717,1.);
#5768=VECTOR('',#7718,1.);
#5769=VECTOR('',#7721,1.);
#5770=VECTOR('',#7722,1.);
#5771=VECTOR('',#7725,1.);
#5772=VECTOR('',#7730,1.);
#5773=VECTOR('',#7731,1.);
#5774=VECTOR('',#7732,1.);
#5775=VECTOR('',#7735,1.);
#5776=VECTOR('',#7736,1.);
#5777=VECTOR('',#7739,1.);
#5778=VECTOR('',#7740,1.);
#5779=VECTOR('',#7743,1.);
#5780=VECTOR('',#7744,1.);
#5781=VECTOR('',#7747,1.);
#5782=VECTOR('',#7748,1.);
#5783=VECTOR('',#7751,1.);
#5784=VECTOR('',#7762,1.);
#5785=VECTOR('',#7763,1.);
#5786=VECTOR('',#7764,1.);
#5787=VECTOR('',#7765,1.);
#5788=VECTOR('',#7766,1.);
#5789=VECTOR('',#7767,1.);
#5790=VECTOR('',#7772,1.);
#5791=VECTOR('',#7773,1.);
#5792=VECTOR('',#7774,1.);
#5793=VECTOR('',#7775,1.);
#5794=VECTOR('',#7778,1.);
#5795=VECTOR('',#7779,1.);
#5796=VECTOR('',#7780,1.);
#5797=VECTOR('',#7783,1.);
#5798=VECTOR('',#7784,1.);
#5799=VECTOR('',#7785,1.);
#5800=VECTOR('',#7788,1.);
#5801=VECTOR('',#7789,1.);
#5802=VECTOR('',#7790,1.);
#5803=VECTOR('',#7793,1.);
#5804=VECTOR('',#7794,1.);
#5805=VECTOR('',#7795,1.);
#5806=VECTOR('',#7798,1.);
#5807=VECTOR('',#7799,1.);
#5808=VECTOR('',#7802,1.);
#5809=VECTOR('',#7803,1.);
#5810=VECTOR('',#7804,1.);
#5811=VECTOR('',#7805,1.);
#5812=VECTOR('',#7806,1.);
#5813=VECTOR('',#7807,1.);
#5814=VECTOR('',#7864,1.);
#5815=VECTOR('',#7865,1.);
#5816=VECTOR('',#7866,1.);
#5817=VECTOR('',#7867,1.);
#5818=VECTOR('',#7870,1.);
#5819=VECTOR('',#7871,1.);
#5820=VECTOR('',#7872,1.);
#5821=VECTOR('',#7875,1.);
#5822=VECTOR('',#7876,1.);
#5823=VECTOR('',#7877,1.);
#5824=VECTOR('',#7880,1.);
#5825=VECTOR('',#7881,1.);
#5826=VECTOR('',#7882,1.);
#5827=VECTOR('',#7885,1.);
#5828=VECTOR('',#7886,1.);
#5829=VECTOR('',#7887,1.);
#5830=VECTOR('',#7890,1.);
#5831=VECTOR('',#7891,1.);
#5832=VECTOR('',#7894,1.);
#5833=VECTOR('',#7895,1.);
#5834=VECTOR('',#7896,1.);
#5835=VECTOR('',#7897,1.);
#5836=VECTOR('',#7898,1.);
#5837=VECTOR('',#7899,1.);
#5838=VECTOR('',#7954,1.);
#5839=VECTOR('',#7955,1.);
#5840=VECTOR('',#7956,1.);
#5841=VECTOR('',#7957,1.);
#5842=VECTOR('',#7960,1.);
#5843=VECTOR('',#7961,1.);
#5844=VECTOR('',#7964,1.);
#5845=VECTOR('',#7969,1.);
#5846=VECTOR('',#7970,1.);
#5847=VECTOR('',#7971,1.);
#5848=VECTOR('',#7998,1.);
#5849=VECTOR('',#7999,1.);
#5850=VECTOR('',#8000,1.);
#5851=VECTOR('',#8001,1.);
#5852=VECTOR('',#8018,1.);
#5853=VECTOR('',#8019,1.);
#5854=VECTOR('',#8020,1.);
#5855=VECTOR('',#8031,1.);
#5856=VECTOR('',#8032,1.);
#5857=VECTOR('',#8033,1.);
#5858=VECTOR('',#8034,1.);
#5859=VECTOR('',#8131,1.);
#5860=VECTOR('',#8132,1.);
#5861=VECTOR('',#8135,1.);
#5862=VECTOR('',#8138,1.);
#5863=VECTOR('',#8145,1.);
#5864=VECTOR('',#8148,1.);
#5865=VECTOR('',#8151,1.);
#5866=VECTOR('',#8152,1.);
#5867=VECTOR('',#8153,1.);
#5868=VECTOR('',#8154,1.);
#5869=VECTOR('',#8155,1.);
#5870=VECTOR('',#8156,1.);
#5871=VECTOR('',#8159,1.);
#5872=VECTOR('',#8160,1.);
#5873=VECTOR('',#8161,1.);
#5874=VECTOR('',#8162,1.);
#5875=VECTOR('',#8171,1.);
#5876=VECTOR('',#8172,1.);
#5877=VECTOR('',#8173,1.);
#5878=VECTOR('',#8174,1.);
#5879=VECTOR('',#8175,1.);
#5880=VECTOR('',#8176,1.);
#5881=VECTOR('',#8191,1.);
#5882=VECTOR('',#8192,1.);
#5883=VECTOR('',#8193,1.);
#5884=VECTOR('',#8194,1.);
#5885=VECTOR('',#8197,1.);
#5886=VECTOR('',#8198,1.);
#5887=VECTOR('',#8199,1.);
#5888=VECTOR('',#8200,1.);
#5889=VECTOR('',#8203,1.);
#5890=VECTOR('',#8204,1.);
#5891=VECTOR('',#8205,1.);
#5892=VECTOR('',#8206,1.);
#5893=VECTOR('',#8225,1.);
#5894=VECTOR('',#8226,1.);
#5895=VECTOR('',#8227,1.);
#5896=VECTOR('',#8228,1.);
#5897=VECTOR('',#8237,1.);
#5898=VECTOR('',#8238,1.);
#5899=VECTOR('',#8239,1.);
#5900=VECTOR('',#8240,1.);
#5901=VECTOR('',#8245,1.);
#5902=VECTOR('',#8248,1.);
#5903=VECTOR('',#8269,1.);
#5904=VECTOR('',#8274,1.);
#5905=VECTOR('',#8275,1.);
#5906=VECTOR('',#8276,1.);
#5907=VECTOR('',#8285,1.);
#5908=VECTOR('',#8290,1.);
#5909=AXIS2_PLACEMENT_3D('',#8381,#6584,#6585);
#5910=AXIS2_PLACEMENT_3D('',#8391,#6590,#6591);
#5911=AXIS2_PLACEMENT_3D('',#8412,#6602,#6603);
#5912=AXIS2_PLACEMENT_3D('',#8416,#6605,#6606);
#5913=AXIS2_PLACEMENT_3D('',#8439,#6618,#6619);
#5914=AXIS2_PLACEMENT_3D('',#8443,#6621,#6622);
#5915=AXIS2_PLACEMENT_3D('',#8447,#6624,#6625);
#5916=AXIS2_PLACEMENT_3D('',#8448,#6626,#6627);
#5917=AXIS2_PLACEMENT_3D('',#8450,#6628,#6629);
#5918=AXIS2_PLACEMENT_3D('',#8452,#6630,#6631);
#5919=AXIS2_PLACEMENT_3D('',#8480,#6645,#6646);
#5920=AXIS2_PLACEMENT_3D('',#8483,#6648,#6649);
#5921=AXIS2_PLACEMENT_3D('',#8496,#6656,#6657);
#5922=AXIS2_PLACEMENT_3D('',#8497,#6658,#6659);
#5923=AXIS2_PLACEMENT_3D('',#8501,#6661,#6662);
#5924=AXIS2_PLACEMENT_3D('',#8502,#6663,#6664);
#5925=AXIS2_PLACEMENT_3D('',#8511,#6669,#6670);
#5926=AXIS2_PLACEMENT_3D('',#8522,#6676,#6677);
#5927=AXIS2_PLACEMENT_3D('',#8537,#6685,#6686);
#5928=AXIS2_PLACEMENT_3D('',#8550,#6693,#6694);
#5929=AXIS2_PLACEMENT_3D('',#8559,#6699,#6700);
#5930=AXIS2_PLACEMENT_3D('',#8568,#6705,#6706);
#5931=AXIS2_PLACEMENT_3D('',#8569,#6707,#6708);
#5932=AXIS2_PLACEMENT_3D('',#8571,#6709,#6710);
#5933=AXIS2_PLACEMENT_3D('',#8573,#6711,#6712);
#5934=AXIS2_PLACEMENT_3D('',#8575,#6713,#6714);
#5935=AXIS2_PLACEMENT_3D('',#8577,#6715,#6716);
#5936=AXIS2_PLACEMENT_3D('',#8579,#6717,#6718);
#5937=AXIS2_PLACEMENT_3D('',#8581,#6719,#6720);
#5938=AXIS2_PLACEMENT_3D('',#8592,#6727,#6728);
#5939=AXIS2_PLACEMENT_3D('',#8593,#6729,#6730);
#5940=AXIS2_PLACEMENT_3D('',#8595,#6731,#6732);
#5941=AXIS2_PLACEMENT_3D('',#8597,#6733,#6734);
#5942=AXIS2_PLACEMENT_3D('',#8599,#6735,#6736);
#5943=AXIS2_PLACEMENT_3D('',#8601,#6737,#6738);
#5944=AXIS2_PLACEMENT_3D('',#8603,#6739,#6740);
#5945=AXIS2_PLACEMENT_3D('',#8615,#6747,#6748);
#5946=AXIS2_PLACEMENT_3D('',#8616,#6749,#6750);
#5947=AXIS2_PLACEMENT_3D('',#8618,#6752,#6753);
#5948=AXIS2_PLACEMENT_3D('',#8620,#6755,#6756);
#5949=AXIS2_PLACEMENT_3D('',#8623,#6759,#6760);
#5950=AXIS2_PLACEMENT_3D('',#8624,#6761,#6762);
#5951=AXIS2_PLACEMENT_3D('',#8628,#6764,#6765);
#5952=AXIS2_PLACEMENT_3D('',#8632,#6768,#6769);
#5953=AXIS2_PLACEMENT_3D('',#8638,#6773,#6774);
#5954=AXIS2_PLACEMENT_3D('',#8641,#6777,#6778);
#5955=AXIS2_PLACEMENT_3D('',#8642,#6779,#6780);
#5956=AXIS2_PLACEMENT_3D('',#8644,#6781,#6782);
#5957=AXIS2_PLACEMENT_3D('',#8646,#6783,#6784);
#5958=AXIS2_PLACEMENT_3D('',#8648,#6785,#6786);
#5959=AXIS2_PLACEMENT_3D('',#8650,#6787,#6788);
#5960=AXIS2_PLACEMENT_3D('',#8652,#6789,#6790);
#5961=AXIS2_PLACEMENT_3D('',#8654,#6791,#6792);
#5962=AXIS2_PLACEMENT_3D('',#8656,#6793,#6794);
#5963=AXIS2_PLACEMENT_3D('',#8666,#6799,#6800);
#5964=AXIS2_PLACEMENT_3D('',#8672,#6804,#6805);
#5965=AXIS2_PLACEMENT_3D('',#8678,#6809,#6810);
#5966=AXIS2_PLACEMENT_3D('',#8681,#6813,#6814);
#5967=AXIS2_PLACEMENT_3D('',#8682,#6815,#6816);
#5968=AXIS2_PLACEMENT_3D('',#8684,#6817,#6818);
#5969=AXIS2_PLACEMENT_3D('',#8686,#6819,#6820);
#5970=AXIS2_PLACEMENT_3D('',#8688,#6821,#6822);
#5971=AXIS2_PLACEMENT_3D('',#8690,#6823,#6824);
#5972=AXIS2_PLACEMENT_3D('',#8692,#6825,#6826);
#5973=AXIS2_PLACEMENT_3D('',#8694,#6827,#6828);
#5974=AXIS2_PLACEMENT_3D('',#8696,#6829,#6830);
#5975=AXIS2_PLACEMENT_3D('',#8706,#6835,#6836);
#5976=AXIS2_PLACEMENT_3D('',#8707,#6837,#6838);
#5977=AXIS2_PLACEMENT_3D('',#8709,#6840,#6841);
#5978=AXIS2_PLACEMENT_3D('',#8710,#6842,#6843);
#5979=AXIS2_PLACEMENT_3D('',#8711,#6844,#6845);
#5980=AXIS2_PLACEMENT_3D('',#8712,#6846,#6847);
#5981=AXIS2_PLACEMENT_3D('',#8714,#6849,#6850);
#5982=AXIS2_PLACEMENT_3D('',#8716,#6852,#6853);
#5983=AXIS2_PLACEMENT_3D('',#8717,#6854,#6855);
#5984=AXIS2_PLACEMENT_3D('',#8723,#6859,#6860);
#5985=AXIS2_PLACEMENT_3D('',#8729,#6864,#6865);
#5986=AXIS2_PLACEMENT_3D('',#8730,#6866,#6867);
#5987=AXIS2_PLACEMENT_3D('',#8732,#6869,#6870);
#5988=AXIS2_PLACEMENT_3D('',#8733,#6871,#6872);
#5989=AXIS2_PLACEMENT_3D('',#8734,#6873,#6874);
#5990=AXIS2_PLACEMENT_3D('',#8735,#6875,#6876);
#5991=AXIS2_PLACEMENT_3D('',#8737,#6878,#6879);
#5992=AXIS2_PLACEMENT_3D('',#8738,#6880,#6881);
#5993=AXIS2_PLACEMENT_3D('',#8740,#6883,#6884);
#5994=AXIS2_PLACEMENT_3D('',#8742,#6886,#6887);
#5995=AXIS2_PLACEMENT_3D('',#8743,#6888,#6889);
#5996=AXIS2_PLACEMENT_3D('',#8744,#6890,#6891);
#5997=AXIS2_PLACEMENT_3D('',#8745,#6892,#6893);
#5998=AXIS2_PLACEMENT_3D('',#8748,#6896,#6897);
#5999=AXIS2_PLACEMENT_3D('',#8750,#6899,#6900);
#6000=AXIS2_PLACEMENT_3D('',#8752,#6902,#6903);
#6001=AXIS2_PLACEMENT_3D('',#8753,#6904,#6905);
#6002=AXIS2_PLACEMENT_3D('',#8754,#6906,#6907);
#6003=AXIS2_PLACEMENT_3D('',#8755,#6908,#6909);
#6004=AXIS2_PLACEMENT_3D('',#8756,#6910,#6911);
#6005=AXIS2_PLACEMENT_3D('',#8757,#6912,#6913);
#6006=AXIS2_PLACEMENT_3D('',#8758,#6914,#6915);
#6007=AXIS2_PLACEMENT_3D('',#8759,#6916,#6917);
#6008=AXIS2_PLACEMENT_3D('',#8760,#6918,#6919);
#6009=AXIS2_PLACEMENT_3D('',#8761,#6920,#6921);
#6010=AXIS2_PLACEMENT_3D('',#8762,#6922,#6923);
#6011=AXIS2_PLACEMENT_3D('',#8763,#6924,#6925);
#6012=AXIS2_PLACEMENT_3D('',#8764,#6926,#6927);
#6013=AXIS2_PLACEMENT_3D('',#8765,#6928,#6929);
#6014=AXIS2_PLACEMENT_3D('',#8766,#6930,#6931);
#6015=AXIS2_PLACEMENT_3D('',#8767,#6932,#6933);
#6016=AXIS2_PLACEMENT_3D('',#8768,#6934,#6935);
#6017=AXIS2_PLACEMENT_3D('',#8773,#6937,#6938);
#6018=AXIS2_PLACEMENT_3D('',#8777,#6940,#6941);
#6019=AXIS2_PLACEMENT_3D('',#8781,#6943,#6944);
#6020=AXIS2_PLACEMENT_3D('',#8785,#6946,#6947);
#6021=AXIS2_PLACEMENT_3D('',#8789,#6949,#6950);
#6022=AXIS2_PLACEMENT_3D('',#8793,#6952,#6953);
#6023=AXIS2_PLACEMENT_3D('',#8797,#6955,#6956);
#6024=AXIS2_PLACEMENT_3D('',#8803,#6959,#6960);
#6025=AXIS2_PLACEMENT_3D('',#8807,#6962,#6963);
#6026=AXIS2_PLACEMENT_3D('',#8811,#6965,#6966);
#6027=AXIS2_PLACEMENT_3D('',#8815,#6968,#6969);
#6028=AXIS2_PLACEMENT_3D('',#8816,#6970,#6971);
#6029=AXIS2_PLACEMENT_3D('',#8825,#6976,#6977);
#6030=AXIS2_PLACEMENT_3D('',#8827,#6978,#6979);
#6031=AXIS2_PLACEMENT_3D('',#8829,#6980,#6981);
#6032=AXIS2_PLACEMENT_3D('',#8831,#6982,#6983);
#6033=AXIS2_PLACEMENT_3D('',#8833,#6984,#6985);
#6034=AXIS2_PLACEMENT_3D('',#8835,#6986,#6987);
#6035=AXIS2_PLACEMENT_3D('',#8837,#6988,#6989);
#6036=AXIS2_PLACEMENT_3D('',#8839,#6990,#6991);
#6037=AXIS2_PLACEMENT_3D('',#8841,#6992,#6993);
#6038=AXIS2_PLACEMENT_3D('',#8847,#6997,#6998);
#6039=AXIS2_PLACEMENT_3D('',#8853,#7002,#7003);
#6040=AXIS2_PLACEMENT_3D('',#8859,#7007,#7008);
#6041=AXIS2_PLACEMENT_3D('',#8865,#7012,#7013);
#6042=AXIS2_PLACEMENT_3D('',#8866,#7014,#7015);
#6043=AXIS2_PLACEMENT_3D('',#8868,#7016,#7017);
#6044=AXIS2_PLACEMENT_3D('',#8869,#7018,#7019);
#6045=AXIS2_PLACEMENT_3D('',#8870,#7020,#7021);
#6046=AXIS2_PLACEMENT_3D('',#8871,#7022,#7023);
#6047=AXIS2_PLACEMENT_3D('',#8872,#7024,#7025);
#6048=AXIS2_PLACEMENT_3D('',#8873,#7026,#7027);
#6049=AXIS2_PLACEMENT_3D('',#8875,#7028,#7029);
#6050=AXIS2_PLACEMENT_3D('',#8876,#7030,#7031);
#6051=AXIS2_PLACEMENT_3D('',#8877,#7032,#7033);
#6052=AXIS2_PLACEMENT_3D('',#8878,#7034,#7035);
#6053=AXIS2_PLACEMENT_3D('',#8879,#7036,#7037);
#6054=AXIS2_PLACEMENT_3D('',#8880,#7038,#7039);
#6055=AXIS2_PLACEMENT_3D('',#8881,#7040,#7041);
#6056=AXIS2_PLACEMENT_3D('',#8882,#7042,#7043);
#6057=AXIS2_PLACEMENT_3D('',#8883,#7044,#7045);
#6058=AXIS2_PLACEMENT_3D('',#8885,#7046,#7047);
#6059=AXIS2_PLACEMENT_3D('',#8886,#7048,#7049);
#6060=AXIS2_PLACEMENT_3D('',#8887,#7050,#7051);
#6061=AXIS2_PLACEMENT_3D('',#8888,#7052,#7053);
#6062=AXIS2_PLACEMENT_3D('',#8889,#7054,#7055);
#6063=AXIS2_PLACEMENT_3D('',#8890,#7056,#7057);
#6064=AXIS2_PLACEMENT_3D('',#8892,#7058,#7059);
#6065=AXIS2_PLACEMENT_3D('',#8893,#7060,#7061);
#6066=AXIS2_PLACEMENT_3D('',#8896,#7063,#7064);
#6067=AXIS2_PLACEMENT_3D('',#8897,#7065,#7066);
#6068=AXIS2_PLACEMENT_3D('',#8900,#7068,#7069);
#6069=AXIS2_PLACEMENT_3D('',#8901,#7070,#7071);
#6070=AXIS2_PLACEMENT_3D('',#8902,#7072,#7073);
#6071=AXIS2_PLACEMENT_3D('',#8905,#7075,#7076);
#6072=AXIS2_PLACEMENT_3D('',#8908,#7078,#7079);
#6073=AXIS2_PLACEMENT_3D('',#8909,#7080,#7081);
#6074=AXIS2_PLACEMENT_3D('',#8910,#7082,#7083);
#6075=AXIS2_PLACEMENT_3D('',#8911,#7084,#7085);
#6076=AXIS2_PLACEMENT_3D('',#8912,#7086,#7087);
#6077=AXIS2_PLACEMENT_3D('',#8913,#7088,#7089);
#6078=AXIS2_PLACEMENT_3D('',#8914,#7090,#7091);
#6079=AXIS2_PLACEMENT_3D('',#8917,#7093,#7094);
#6080=AXIS2_PLACEMENT_3D('',#8920,#7096,#7097);
#6081=AXIS2_PLACEMENT_3D('',#8921,#7098,#7099);
#6082=AXIS2_PLACEMENT_3D('',#8922,#7100,#7101);
#6083=AXIS2_PLACEMENT_3D('',#8923,#7102,#7103);
#6084=AXIS2_PLACEMENT_3D('',#8924,#7104,#7105);
#6085=AXIS2_PLACEMENT_3D('',#8925,#7106,#7107);
#6086=AXIS2_PLACEMENT_3D('',#8926,#7108,#7109);
#6087=AXIS2_PLACEMENT_3D('',#8929,#7111,#7112);
#6088=AXIS2_PLACEMENT_3D('',#8932,#7114,#7115);
#6089=AXIS2_PLACEMENT_3D('',#8933,#7116,#7117);
#6090=AXIS2_PLACEMENT_3D('',#8934,#7118,#7119);
#6091=AXIS2_PLACEMENT_3D('',#8935,#7120,#7121);
#6092=AXIS2_PLACEMENT_3D('',#8936,#7122,#7123);
#6093=AXIS2_PLACEMENT_3D('',#8937,#7124,#7125);
#6094=AXIS2_PLACEMENT_3D('',#8946,#7130,#7131);
#6095=AXIS2_PLACEMENT_3D('',#8948,#7132,#7133);
#6096=AXIS2_PLACEMENT_3D('',#8950,#7134,#7135);
#6097=AXIS2_PLACEMENT_3D('',#8952,#7136,#7137);
#6098=AXIS2_PLACEMENT_3D('',#8954,#7138,#7139);
#6099=AXIS2_PLACEMENT_3D('',#8956,#7140,#7141);
#6100=AXIS2_PLACEMENT_3D('',#8958,#7142,#7143);
#6101=AXIS2_PLACEMENT_3D('',#8960,#7144,#7145);
#6102=AXIS2_PLACEMENT_3D('',#8962,#7146,#7147);
#6103=AXIS2_PLACEMENT_3D('',#8963,#7148,#7149);
#6104=AXIS2_PLACEMENT_3D('',#8968,#7151,#7152);
#6105=AXIS2_PLACEMENT_3D('',#8972,#7154,#7155);
#6106=AXIS2_PLACEMENT_3D('',#8976,#7157,#7158);
#6107=AXIS2_PLACEMENT_3D('',#8980,#7160,#7161);
#6108=AXIS2_PLACEMENT_3D('',#8984,#7163,#7164);
#6109=AXIS2_PLACEMENT_3D('',#8988,#7166,#7167);
#6110=AXIS2_PLACEMENT_3D('',#8992,#7169,#7170);
#6111=AXIS2_PLACEMENT_3D('',#8998,#7173,#7174);
#6112=AXIS2_PLACEMENT_3D('',#9002,#7176,#7177);
#6113=AXIS2_PLACEMENT_3D('',#9006,#7179,#7180);
#6114=AXIS2_PLACEMENT_3D('',#9010,#7182,#7183);
#6115=AXIS2_PLACEMENT_3D('',#9011,#7184,#7185);
#6116=AXIS2_PLACEMENT_3D('',#9017,#7189,#7190);
#6117=AXIS2_PLACEMENT_3D('',#9023,#7194,#7195);
#6118=AXIS2_PLACEMENT_3D('',#9029,#7199,#7200);
#6119=AXIS2_PLACEMENT_3D('',#9035,#7204,#7205);
#6120=AXIS2_PLACEMENT_3D('',#9036,#7206,#7207);
#6121=AXIS2_PLACEMENT_3D('',#9038,#7208,#7209);
#6122=AXIS2_PLACEMENT_3D('',#9039,#7210,#7211);
#6123=AXIS2_PLACEMENT_3D('',#9040,#7212,#7213);
#6124=AXIS2_PLACEMENT_3D('',#9041,#7214,#7215);
#6125=AXIS2_PLACEMENT_3D('',#9042,#7216,#7217);
#6126=AXIS2_PLACEMENT_3D('',#9043,#7218,#7219);
#6127=AXIS2_PLACEMENT_3D('',#9045,#7220,#7221);
#6128=AXIS2_PLACEMENT_3D('',#9046,#7222,#7223);
#6129=AXIS2_PLACEMENT_3D('',#9047,#7224,#7225);
#6130=AXIS2_PLACEMENT_3D('',#9048,#7226,#7227);
#6131=AXIS2_PLACEMENT_3D('',#9049,#7228,#7229);
#6132=AXIS2_PLACEMENT_3D('',#9050,#7230,#7231);
#6133=AXIS2_PLACEMENT_3D('',#9051,#7232,#7233);
#6134=AXIS2_PLACEMENT_3D('',#9052,#7234,#7235);
#6135=AXIS2_PLACEMENT_3D('',#9053,#7236,#7237);
#6136=AXIS2_PLACEMENT_3D('',#9055,#7238,#7239);
#6137=AXIS2_PLACEMENT_3D('',#9056,#7240,#7241);
#6138=AXIS2_PLACEMENT_3D('',#9057,#7242,#7243);
#6139=AXIS2_PLACEMENT_3D('',#9058,#7244,#7245);
#6140=AXIS2_PLACEMENT_3D('',#9059,#7246,#7247);
#6141=AXIS2_PLACEMENT_3D('',#9060,#7248,#7249);
#6142=AXIS2_PLACEMENT_3D('',#9062,#7250,#7251);
#6143=AXIS2_PLACEMENT_3D('',#9063,#7252,#7253);
#6144=AXIS2_PLACEMENT_3D('',#9066,#7255,#7256);
#6145=AXIS2_PLACEMENT_3D('',#9067,#7257,#7258);
#6146=AXIS2_PLACEMENT_3D('',#9070,#7260,#7261);
#6147=AXIS2_PLACEMENT_3D('',#9073,#7263,#7264);
#6148=AXIS2_PLACEMENT_3D('',#9074,#7265,#7266);
#6149=AXIS2_PLACEMENT_3D('',#9075,#7267,#7268);
#6150=AXIS2_PLACEMENT_3D('',#9076,#7269,#7270);
#6151=AXIS2_PLACEMENT_3D('',#9079,#7272,#7273);
#6152=AXIS2_PLACEMENT_3D('',#9080,#7274,#7275);
#6153=AXIS2_PLACEMENT_3D('',#9081,#7276,#7277);
#6154=AXIS2_PLACEMENT_3D('',#9082,#7278,#7279);
#6155=AXIS2_PLACEMENT_3D('',#9083,#7280,#7281);
#6156=AXIS2_PLACEMENT_3D('',#9086,#7283,#7284);
#6157=AXIS2_PLACEMENT_3D('',#9087,#7285,#7286);
#6158=AXIS2_PLACEMENT_3D('',#9088,#7287,#7288);
#6159=AXIS2_PLACEMENT_3D('',#9091,#7290,#7291);
#6160=AXIS2_PLACEMENT_3D('',#9092,#7292,#7293);
#6161=AXIS2_PLACEMENT_3D('',#9093,#7294,#7295);
#6162=AXIS2_PLACEMENT_3D('',#9094,#7296,#7297);
#6163=AXIS2_PLACEMENT_3D('',#9095,#7298,#7299);
#6164=AXIS2_PLACEMENT_3D('',#9098,#7301,#7302);
#6165=AXIS2_PLACEMENT_3D('',#9099,#7303,#7304);
#6166=AXIS2_PLACEMENT_3D('',#9100,#7305,#7306);
#6167=AXIS2_PLACEMENT_3D('',#9103,#7308,#7309);
#6168=AXIS2_PLACEMENT_3D('',#9104,#7310,#7311);
#6169=AXIS2_PLACEMENT_3D('',#9105,#7312,#7313);
#6170=AXIS2_PLACEMENT_3D('',#9106,#7314,#7315);
#6171=AXIS2_PLACEMENT_3D('',#9107,#7316,#7317);
#6172=AXIS2_PLACEMENT_3D('',#9116,#7322,#7323);
#6173=AXIS2_PLACEMENT_3D('',#9128,#7329,#7330);
#6174=AXIS2_PLACEMENT_3D('',#9132,#7332,#7333);
#6175=AXIS2_PLACEMENT_3D('',#9136,#7335,#7336);
#6176=AXIS2_PLACEMENT_3D('',#9140,#7338,#7339);
#6177=AXIS2_PLACEMENT_3D('',#9141,#7340,#7341);
#6178=AXIS2_PLACEMENT_3D('',#9147,#7345,#7346);
#6179=AXIS2_PLACEMENT_3D('',#9153,#7350,#7351);
#6180=AXIS2_PLACEMENT_3D('',#9159,#7355,#7356);
#6181=AXIS2_PLACEMENT_3D('',#9165,#7360,#7361);
#6182=AXIS2_PLACEMENT_3D('',#9168,#7363,#7364);
#6183=AXIS2_PLACEMENT_3D('',#9169,#7365,#7366);
#6184=AXIS2_PLACEMENT_3D('',#9172,#7368,#7369);
#6185=AXIS2_PLACEMENT_3D('',#9173,#7370,#7371);
#6186=AXIS2_PLACEMENT_3D('',#9176,#7373,#7374);
#6187=AXIS2_PLACEMENT_3D('',#9177,#7375,#7376);
#6188=AXIS2_PLACEMENT_3D('',#9178,#7377,#7378);
#6189=AXIS2_PLACEMENT_3D('',#9181,#7380,#7381);
#6190=AXIS2_PLACEMENT_3D('',#9182,#7382,#7383);
#6191=AXIS2_PLACEMENT_3D('',#9183,#7384,#7385);
#6192=AXIS2_PLACEMENT_3D('',#9184,#7386,#7387);
#6193=AXIS2_PLACEMENT_3D('',#9185,#7388,#7389);
#6194=AXIS2_PLACEMENT_3D('',#9188,#7391,#7392);
#6195=AXIS2_PLACEMENT_3D('',#9189,#7393,#7394);
#6196=AXIS2_PLACEMENT_3D('',#9192,#7396,#7397);
#6197=AXIS2_PLACEMENT_3D('',#9193,#7398,#7399);
#6198=AXIS2_PLACEMENT_3D('',#9194,#7400,#7401);
#6199=AXIS2_PLACEMENT_3D('',#9197,#7403,#7404);
#6200=AXIS2_PLACEMENT_3D('',#9200,#7406,#7407);
#6201=AXIS2_PLACEMENT_3D('',#9201,#7408,#7409);
#6202=AXIS2_PLACEMENT_3D('',#9202,#7410,#7411);
#6203=AXIS2_PLACEMENT_3D('',#9203,#7412,#7413);
#6204=AXIS2_PLACEMENT_3D('',#9204,#7414,#7415);
#6205=AXIS2_PLACEMENT_3D('',#9205,#7416,#7417);
#6206=AXIS2_PLACEMENT_3D('',#9206,#7418,#7419);
#6207=AXIS2_PLACEMENT_3D('',#9207,#7420,#7421);
#6208=AXIS2_PLACEMENT_3D('',#9208,#7422,#7423);
#6209=AXIS2_PLACEMENT_3D('',#9209,#7424,#7425);
#6210=AXIS2_PLACEMENT_3D('',#9210,#7426,#7427);
#6211=AXIS2_PLACEMENT_3D('',#9211,#7428,#7429);
#6212=AXIS2_PLACEMENT_3D('',#9212,#7430,#7431);
#6213=AXIS2_PLACEMENT_3D('',#9213,#7432,#7433);
#6214=AXIS2_PLACEMENT_3D('',#9214,#7434,#7435);
#6215=AXIS2_PLACEMENT_3D('',#9215,#7436,#7437);
#6216=AXIS2_PLACEMENT_3D('',#9216,#7438,#7439);
#6217=AXIS2_PLACEMENT_3D('',#9217,#7440,#7441);
#6218=AXIS2_PLACEMENT_3D('',#9218,#7442,#7443);
#6219=AXIS2_PLACEMENT_3D('',#9219,#7444,#7445);
#6220=AXIS2_PLACEMENT_3D('',#9220,#7446,#7447);
#6221=AXIS2_PLACEMENT_3D('',#9221,#7448,#7449);
#6222=AXIS2_PLACEMENT_3D('',#9222,#7450,#7451);
#6223=AXIS2_PLACEMENT_3D('',#9223,#7452,#7453);
#6224=AXIS2_PLACEMENT_3D('',#9224,#7454,#7455);
#6225=AXIS2_PLACEMENT_3D('',#9225,#7456,#7457);
#6226=AXIS2_PLACEMENT_3D('',#9226,#7458,#7459);
#6227=AXIS2_PLACEMENT_3D('',#9227,#7460,#7461);
#6228=AXIS2_PLACEMENT_3D('',#9228,#7462,#7463);
#6229=AXIS2_PLACEMENT_3D('',#9229,#7464,#7465);
#6230=AXIS2_PLACEMENT_3D('',#9230,#7466,#7467);
#6231=AXIS2_PLACEMENT_3D('',#9231,#7468,#7469);
#6232=AXIS2_PLACEMENT_3D('',#9232,#7470,#7471);
#6233=AXIS2_PLACEMENT_3D('',#9233,#7472,#7473);
#6234=AXIS2_PLACEMENT_3D('',#9234,#7474,#7475);
#6235=AXIS2_PLACEMENT_3D('',#9235,#7476,#7477);
#6236=AXIS2_PLACEMENT_3D('',#9236,#7478,#7479);
#6237=AXIS2_PLACEMENT_3D('',#9237,#7480,#7481);
#6238=AXIS2_PLACEMENT_3D('',#9238,#7482,#7483);
#6239=AXIS2_PLACEMENT_3D('',#9239,#7484,#7485);
#6240=AXIS2_PLACEMENT_3D('',#9240,#7486,#7487);
#6241=AXIS2_PLACEMENT_3D('',#9241,#7488,#7489);
#6242=AXIS2_PLACEMENT_3D('',#9242,#7490,#7491);
#6243=AXIS2_PLACEMENT_3D('',#9243,#7492,#7493);
#6244=AXIS2_PLACEMENT_3D('',#9244,#7494,#7495);
#6245=AXIS2_PLACEMENT_3D('',#9245,#7496,#7497);
#6246=AXIS2_PLACEMENT_3D('',#9246,#7498,#7499);
#6247=AXIS2_PLACEMENT_3D('',#9248,#7500,#7501);
#6248=AXIS2_PLACEMENT_3D('',#9253,#7503,#7504);
#6249=AXIS2_PLACEMENT_3D('',#9256,#7506,#7507);
#6250=AXIS2_PLACEMENT_3D('',#9257,#7508,#7509);
#6251=AXIS2_PLACEMENT_3D('',#9259,#7510,#7511);
#6252=AXIS2_PLACEMENT_3D('',#9264,#7513,#7514);
#6253=AXIS2_PLACEMENT_3D('',#9267,#7516,#7517);
#6254=AXIS2_PLACEMENT_3D('',#9276,#7522,#7523);
#6255=AXIS2_PLACEMENT_3D('',#9285,#7528,#7529);
#6256=AXIS2_PLACEMENT_3D('',#9289,#7531,#7532);
#6257=AXIS2_PLACEMENT_3D('',#9290,#7533,#7534);
#6258=AXIS2_PLACEMENT_3D('',#9291,#7535,#7536);
#6259=AXIS2_PLACEMENT_3D('',#9297,#7540,#7541);
#6260=AXIS2_PLACEMENT_3D('',#9298,#7542,#7543);
#6261=AXIS2_PLACEMENT_3D('',#9300,#7544,#7545);
#6262=AXIS2_PLACEMENT_3D('',#9301,#7546,#7547);
#6263=AXIS2_PLACEMENT_3D('',#9302,#7548,#7549);
#6264=AXIS2_PLACEMENT_3D('',#9303,#7550,#7551);
#6265=AXIS2_PLACEMENT_3D('',#9307,#7553,#7554);
#6266=AXIS2_PLACEMENT_3D('',#9308,#7555,#7556);
#6267=AXIS2_PLACEMENT_3D('',#9309,#7557,#7558);
#6268=AXIS2_PLACEMENT_3D('',#9315,#7562,#7563);
#6269=AXIS2_PLACEMENT_3D('',#9316,#7564,#7565);
#6270=AXIS2_PLACEMENT_3D('',#9318,#7566,#7567);
#6271=AXIS2_PLACEMENT_3D('',#9320,#7568,#7569);
#6272=AXIS2_PLACEMENT_3D('',#9321,#7570,#7571);
#6273=AXIS2_PLACEMENT_3D('',#9323,#7572,#7573);
#6274=AXIS2_PLACEMENT_3D('',#9324,#7574,#7575);
#6275=AXIS2_PLACEMENT_3D('',#9325,#7576,#7577);
#6276=AXIS2_PLACEMENT_3D('',#9326,#7578,#7579);
#6277=AXIS2_PLACEMENT_3D('',#9327,#7580,#7581);
#6278=AXIS2_PLACEMENT_3D('',#9329,#7582,#7583);
#6279=AXIS2_PLACEMENT_3D('',#9330,#7584,#7585);
#6280=AXIS2_PLACEMENT_3D('',#9335,#7587,#7588);
#6281=AXIS2_PLACEMENT_3D('',#9339,#7590,#7591);
#6282=AXIS2_PLACEMENT_3D('',#9343,#7593,#7594);
#6283=AXIS2_PLACEMENT_3D('',#9346,#7596,#7597);
#6284=AXIS2_PLACEMENT_3D('',#9347,#7598,#7599);
#6285=AXIS2_PLACEMENT_3D('',#9349,#7600,#7601);
#6286=AXIS2_PLACEMENT_3D('',#9351,#7603,#7604);
#6287=AXIS2_PLACEMENT_3D('',#9353,#7606,#7607);
#6288=AXIS2_PLACEMENT_3D('',#9354,#7608,#7609);
#6289=AXIS2_PLACEMENT_3D('',#9356,#7611,#7612);
#6290=AXIS2_PLACEMENT_3D('',#9358,#7614,#7615);
#6291=AXIS2_PLACEMENT_3D('',#9359,#7616,#7617);
#6292=AXIS2_PLACEMENT_3D('',#9360,#7618,#7619);
#6293=AXIS2_PLACEMENT_3D('',#9363,#7622,#7623);
#6294=AXIS2_PLACEMENT_3D('',#9365,#7625,#7626);
#6295=AXIS2_PLACEMENT_3D('',#9367,#7628,#7629);
#6296=AXIS2_PLACEMENT_3D('',#9369,#7631,#7632);
#6297=AXIS2_PLACEMENT_3D('',#9371,#7634,#7635);
#6298=AXIS2_PLACEMENT_3D('',#9373,#7637,#7638);
#6299=AXIS2_PLACEMENT_3D('',#9375,#7640,#7641);
#6300=AXIS2_PLACEMENT_3D('',#9376,#7642,#7643);
#6301=AXIS2_PLACEMENT_3D('',#9377,#7644,#7645);
#6302=AXIS2_PLACEMENT_3D('',#9379,#7646,#7647);
#6303=AXIS2_PLACEMENT_3D('',#9381,#7648,#7649);
#6304=AXIS2_PLACEMENT_3D('',#9382,#7650,#7651);
#6305=AXIS2_PLACEMENT_3D('',#9384,#7652,#7653);
#6306=AXIS2_PLACEMENT_3D('',#9385,#7654,#7655);
#6307=AXIS2_PLACEMENT_3D('',#9386,#7656,#7657);
#6308=AXIS2_PLACEMENT_3D('',#9387,#7658,#7659);
#6309=AXIS2_PLACEMENT_3D('',#9401,#7666,#7667);
#6310=AXIS2_PLACEMENT_3D('',#9402,#7668,#7669);
#6311=AXIS2_PLACEMENT_3D('',#9407,#7671,#7672);
#6312=AXIS2_PLACEMENT_3D('',#9410,#7674,#7675);
#6313=AXIS2_PLACEMENT_3D('',#9412,#7676,#7677);
#6314=AXIS2_PLACEMENT_3D('',#9425,#7684,#7685);
#6315=AXIS2_PLACEMENT_3D('',#9431,#7689,#7690);
#6316=AXIS2_PLACEMENT_3D('',#9437,#7694,#7695);
#6317=AXIS2_PLACEMENT_3D('',#9440,#7698,#7699);
#6318=AXIS2_PLACEMENT_3D('',#9441,#7700,#7701);
#6319=AXIS2_PLACEMENT_3D('',#9442,#7702,#7703);
#6320=AXIS2_PLACEMENT_3D('',#9448,#7707,#7708);
#6321=AXIS2_PLACEMENT_3D('',#9452,#7711,#7712);
#6322=AXIS2_PLACEMENT_3D('',#9456,#7715,#7716);
#6323=AXIS2_PLACEMENT_3D('',#9460,#7719,#7720);
#6324=AXIS2_PLACEMENT_3D('',#9464,#7723,#7724);
#6325=AXIS2_PLACEMENT_3D('',#9466,#7726,#7727);
#6326=AXIS2_PLACEMENT_3D('',#9467,#7728,#7729);
#6327=AXIS2_PLACEMENT_3D('',#9473,#7733,#7734);
#6328=AXIS2_PLACEMENT_3D('',#9477,#7737,#7738);
#6329=AXIS2_PLACEMENT_3D('',#9481,#7741,#7742);
#6330=AXIS2_PLACEMENT_3D('',#9485,#7745,#7746);
#6331=AXIS2_PLACEMENT_3D('',#9489,#7749,#7750);
#6332=AXIS2_PLACEMENT_3D('',#9491,#7752,#7753);
#6333=AXIS2_PLACEMENT_3D('',#9492,#7754,#7755);
#6334=AXIS2_PLACEMENT_3D('',#9493,#7756,#7757);
#6335=AXIS2_PLACEMENT_3D('',#9495,#7758,#7759);
#6336=AXIS2_PLACEMENT_3D('',#9497,#7760,#7761);
#6337=AXIS2_PLACEMENT_3D('',#9510,#7768,#7769);
#6338=AXIS2_PLACEMENT_3D('',#9511,#7770,#7771);
#6339=AXIS2_PLACEMENT_3D('',#9520,#7776,#7777);
#6340=AXIS2_PLACEMENT_3D('',#9526,#7781,#7782);
#6341=AXIS2_PLACEMENT_3D('',#9532,#7786,#7787);
#6342=AXIS2_PLACEMENT_3D('',#9538,#7791,#7792);
#6343=AXIS2_PLACEMENT_3D('',#9544,#7796,#7797);
#6344=AXIS2_PLACEMENT_3D('',#9547,#7800,#7801);
#6345=AXIS2_PLACEMENT_3D('',#9560,#7808,#7809);
#6346=AXIS2_PLACEMENT_3D('',#9561,#7810,#7811);
#6347=AXIS2_PLACEMENT_3D('',#9562,#7812,#7813);
#6348=AXIS2_PLACEMENT_3D('',#9563,#7814,#7815);
#6349=AXIS2_PLACEMENT_3D('',#9564,#7816,#7817);
#6350=AXIS2_PLACEMENT_3D('',#9565,#7818,#7819);
#6351=AXIS2_PLACEMENT_3D('',#9566,#7820,#7821);
#6352=AXIS2_PLACEMENT_3D('',#9567,#7822,#7823);
#6353=AXIS2_PLACEMENT_3D('',#9568,#7824,#7825);
#6354=AXIS2_PLACEMENT_3D('',#9569,#7826,#7827);
#6355=AXIS2_PLACEMENT_3D('',#9570,#7828,#7829);
#6356=AXIS2_PLACEMENT_3D('',#9571,#7830,#7831);
#6357=AXIS2_PLACEMENT_3D('',#9572,#7832,#7833);
#6358=AXIS2_PLACEMENT_3D('',#9573,#7834,#7835);
#6359=AXIS2_PLACEMENT_3D('',#9574,#7836,#7837);
#6360=AXIS2_PLACEMENT_3D('',#9575,#7838,#7839);
#6361=AXIS2_PLACEMENT_3D('',#9576,#7840,#7841);
#6362=AXIS2_PLACEMENT_3D('',#9577,#7842,#7843);
#6363=AXIS2_PLACEMENT_3D('',#9578,#7844,#7845);
#6364=AXIS2_PLACEMENT_3D('',#9579,#7846,#7847);
#6365=AXIS2_PLACEMENT_3D('',#9580,#7848,#7849);
#6366=AXIS2_PLACEMENT_3D('',#9581,#7850,#7851);
#6367=AXIS2_PLACEMENT_3D('',#9582,#7852,#7853);
#6368=AXIS2_PLACEMENT_3D('',#9583,#7854,#7855);
#6369=AXIS2_PLACEMENT_3D('',#9584,#7856,#7857);
#6370=AXIS2_PLACEMENT_3D('',#9585,#7858,#7859);
#6371=AXIS2_PLACEMENT_3D('',#9587,#7860,#7861);
#6372=AXIS2_PLACEMENT_3D('',#9589,#7862,#7863);
#6373=AXIS2_PLACEMENT_3D('',#9598,#7868,#7869);
#6374=AXIS2_PLACEMENT_3D('',#9604,#7873,#7874);
#6375=AXIS2_PLACEMENT_3D('',#9610,#7878,#7879);
#6376=AXIS2_PLACEMENT_3D('',#9616,#7883,#7884);
#6377=AXIS2_PLACEMENT_3D('',#9622,#7888,#7889);
#6378=AXIS2_PLACEMENT_3D('',#9625,#7892,#7893);
#6379=AXIS2_PLACEMENT_3D('',#9638,#7900,#7901);
#6380=AXIS2_PLACEMENT_3D('',#9639,#7902,#7903);
#6381=AXIS2_PLACEMENT_3D('',#9640,#7904,#7905);
#6382=AXIS2_PLACEMENT_3D('',#9642,#7906,#7907);
#6383=AXIS2_PLACEMENT_3D('',#9644,#7908,#7909);
#6384=AXIS2_PLACEMENT_3D('',#9645,#7910,#7911);
#6385=AXIS2_PLACEMENT_3D('',#9647,#7912,#7913);
#6386=AXIS2_PLACEMENT_3D('',#9648,#7914,#7915);
#6387=AXIS2_PLACEMENT_3D('',#9649,#7916,#7917);
#6388=AXIS2_PLACEMENT_3D('',#9651,#7918,#7919);
#6389=AXIS2_PLACEMENT_3D('',#9652,#7920,#7921);
#6390=AXIS2_PLACEMENT_3D('',#9654,#7922,#7923);
#6391=AXIS2_PLACEMENT_3D('',#9655,#7924,#7925);
#6392=AXIS2_PLACEMENT_3D('',#9657,#7926,#7927);
#6393=AXIS2_PLACEMENT_3D('',#9658,#7928,#7929);
#6394=AXIS2_PLACEMENT_3D('',#9659,#7930,#7931);
#6395=AXIS2_PLACEMENT_3D('',#9660,#7932,#7933);
#6396=AXIS2_PLACEMENT_3D('',#9661,#7934,#7935);
#6397=AXIS2_PLACEMENT_3D('',#9662,#7936,#7937);
#6398=AXIS2_PLACEMENT_3D('',#9663,#7938,#7939);
#6399=AXIS2_PLACEMENT_3D('',#9664,#7940,#7941);
#6400=AXIS2_PLACEMENT_3D('',#9665,#7942,#7943);
#6401=AXIS2_PLACEMENT_3D('',#9666,#7944,#7945);
#6402=AXIS2_PLACEMENT_3D('',#9667,#7946,#7947);
#6403=AXIS2_PLACEMENT_3D('',#9668,#7948,#7949);
#6404=AXIS2_PLACEMENT_3D('',#9669,#7950,#7951);
#6405=AXIS2_PLACEMENT_3D('',#9670,#7952,#7953);
#6406=AXIS2_PLACEMENT_3D('',#9679,#7958,#7959);
#6407=AXIS2_PLACEMENT_3D('',#9684,#7962,#7963);
#6408=AXIS2_PLACEMENT_3D('',#9688,#7965,#7966);
#6409=AXIS2_PLACEMENT_3D('',#9689,#7967,#7968);
#6410=AXIS2_PLACEMENT_3D('',#9695,#7972,#7973);
#6411=AXIS2_PLACEMENT_3D('',#9696,#7974,#7975);
#6412=AXIS2_PLACEMENT_3D('',#9698,#7976,#7977);
#6413=AXIS2_PLACEMENT_3D('',#9700,#7978,#7979);
#6414=AXIS2_PLACEMENT_3D('',#9701,#7980,#7981);
#6415=AXIS2_PLACEMENT_3D('',#9703,#7982,#7983);
#6416=AXIS2_PLACEMENT_3D('',#9705,#7984,#7985);
#6417=AXIS2_PLACEMENT_3D('',#9706,#7986,#7987);
#6418=AXIS2_PLACEMENT_3D('',#9708,#7988,#7989);
#6419=AXIS2_PLACEMENT_3D('',#9710,#7990,#7991);
#6420=AXIS2_PLACEMENT_3D('',#9711,#7992,#7993);
#6421=AXIS2_PLACEMENT_3D('',#9713,#7994,#7995);
#6422=AXIS2_PLACEMENT_3D('',#9715,#7996,#7997);
#6423=AXIS2_PLACEMENT_3D('',#9724,#8002,#8003);
#6424=AXIS2_PLACEMENT_3D('',#9725,#8004,#8005);
#6425=AXIS2_PLACEMENT_3D('',#9727,#8006,#8007);
#6426=AXIS2_PLACEMENT_3D('',#9729,#8008,#8009);
#6427=AXIS2_PLACEMENT_3D('',#9730,#8010,#8011);
#6428=AXIS2_PLACEMENT_3D('',#9732,#8012,#8013);
#6429=AXIS2_PLACEMENT_3D('',#9734,#8014,#8015);
#6430=AXIS2_PLACEMENT_3D('',#9736,#8016,#8017);
#6431=AXIS2_PLACEMENT_3D('',#9743,#8021,#8022);
#6432=AXIS2_PLACEMENT_3D('',#9744,#8023,#8024);
#6433=AXIS2_PLACEMENT_3D('',#9746,#8025,#8026);
#6434=AXIS2_PLACEMENT_3D('',#9748,#8027,#8028);
#6435=AXIS2_PLACEMENT_3D('',#9750,#8029,#8030);
#6436=AXIS2_PLACEMENT_3D('',#9760,#8035,#8036);
#6437=AXIS2_PLACEMENT_3D('',#9761,#8037,#8038);
#6438=AXIS2_PLACEMENT_3D('',#9763,#8039,#8040);
#6439=AXIS2_PLACEMENT_3D('',#9765,#8041,#8042);
#6440=AXIS2_PLACEMENT_3D('',#9766,#8043,#8044);
#6441=AXIS2_PLACEMENT_3D('',#9767,#8045,#8046);
#6442=AXIS2_PLACEMENT_3D('',#9768,#8047,#8048);
#6443=AXIS2_PLACEMENT_3D('',#9770,#8049,#8050);
#6444=AXIS2_PLACEMENT_3D('',#9772,#8051,#8052);
#6445=AXIS2_PLACEMENT_3D('',#9773,#8053,#8054);
#6446=AXIS2_PLACEMENT_3D('',#9774,#8055,#8056);
#6447=AXIS2_PLACEMENT_3D('',#9775,#8057,#8058);
#6448=AXIS2_PLACEMENT_3D('',#9777,#8059,#8060);
#6449=AXIS2_PLACEMENT_3D('',#9779,#8061,#8062);
#6450=AXIS2_PLACEMENT_3D('',#9780,#8063,#8064);
#6451=AXIS2_PLACEMENT_3D('',#9781,#8065,#8066);
#6452=AXIS2_PLACEMENT_3D('',#9782,#8067,#8068);
#6453=AXIS2_PLACEMENT_3D('',#9784,#8069,#8070);
#6454=AXIS2_PLACEMENT_3D('',#9786,#8071,#8072);
#6455=AXIS2_PLACEMENT_3D('',#9787,#8073,#8074);
#6456=AXIS2_PLACEMENT_3D('',#9788,#8075,#8076);
#6457=AXIS2_PLACEMENT_3D('',#9789,#8077,#8078);
#6458=AXIS2_PLACEMENT_3D('',#9790,#8079,#8080);
#6459=AXIS2_PLACEMENT_3D('',#9791,#8081,#8082);
#6460=AXIS2_PLACEMENT_3D('',#9792,#8083,#8084);
#6461=AXIS2_PLACEMENT_3D('',#9793,#8085,#8086);
#6462=AXIS2_PLACEMENT_3D('',#9794,#8087,#8088);
#6463=AXIS2_PLACEMENT_3D('',#9795,#8089,#8090);
#6464=AXIS2_PLACEMENT_3D('',#9796,#8091,#8092);
#6465=AXIS2_PLACEMENT_3D('',#9797,#8093,#8094);
#6466=AXIS2_PLACEMENT_3D('',#9798,#8095,#8096);
#6467=AXIS2_PLACEMENT_3D('',#9799,#8097,#8098);
#6468=AXIS2_PLACEMENT_3D('',#9800,#8099,#8100);
#6469=AXIS2_PLACEMENT_3D('',#9801,#8101,#8102);
#6470=AXIS2_PLACEMENT_3D('',#9802,#8103,#8104);
#6471=AXIS2_PLACEMENT_3D('',#9803,#8105,#8106);
#6472=AXIS2_PLACEMENT_3D('',#9804,#8107,#8108);
#6473=AXIS2_PLACEMENT_3D('',#9805,#8109,#8110);
#6474=AXIS2_PLACEMENT_3D('',#9806,#8111,#8112);
#6475=AXIS2_PLACEMENT_3D('',#9807,#8113,#8114);
#6476=AXIS2_PLACEMENT_3D('',#9808,#8115,#8116);
#6477=AXIS2_PLACEMENT_3D('',#9809,#8117,#8118);
#6478=AXIS2_PLACEMENT_3D('',#9810,#8119,#8120);
#6479=AXIS2_PLACEMENT_3D('',#9811,#8121,#8122);
#6480=AXIS2_PLACEMENT_3D('',#9812,#8123,#8124);
#6481=AXIS2_PLACEMENT_3D('',#9813,#8125,#8126);
#6482=AXIS2_PLACEMENT_3D('',#9814,#8127,#8128);
#6483=AXIS2_PLACEMENT_3D('',#9815,#8129,#8130);
#6484=AXIS2_PLACEMENT_3D('',#9821,#8133,#8134);
#6485=AXIS2_PLACEMENT_3D('',#9825,#8136,#8137);
#6486=AXIS2_PLACEMENT_3D('',#9829,#8139,#8140);
#6487=AXIS2_PLACEMENT_3D('',#9831,#8141,#8142);
#6488=AXIS2_PLACEMENT_3D('',#9833,#8143,#8144);
#6489=AXIS2_PLACEMENT_3D('',#9837,#8146,#8147);
#6490=AXIS2_PLACEMENT_3D('',#9840,#8149,#8150);
#6491=AXIS2_PLACEMENT_3D('',#9853,#8157,#8158);
#6492=AXIS2_PLACEMENT_3D('',#9862,#8163,#8164);
#6493=AXIS2_PLACEMENT_3D('',#9863,#8165,#8166);
#6494=AXIS2_PLACEMENT_3D('',#9864,#8167,#8168);
#6495=AXIS2_PLACEMENT_3D('',#9865,#8169,#8170);
#6496=AXIS2_PLACEMENT_3D('',#9878,#8177,#8178);
#6497=AXIS2_PLACEMENT_3D('',#9879,#8179,#8180);
#6498=AXIS2_PLACEMENT_3D('',#9881,#8181,#8182);
#6499=AXIS2_PLACEMENT_3D('',#9883,#8183,#8184);
#6500=AXIS2_PLACEMENT_3D('',#9884,#8185,#8186);
#6501=AXIS2_PLACEMENT_3D('',#9886,#8187,#8188);
#6502=AXIS2_PLACEMENT_3D('',#9888,#8189,#8190);
#6503=AXIS2_PLACEMENT_3D('',#9897,#8195,#8196);
#6504=AXIS2_PLACEMENT_3D('',#9906,#8201,#8202);
#6505=AXIS2_PLACEMENT_3D('',#9915,#8207,#8208);
#6506=AXIS2_PLACEMENT_3D('',#9926,#8209,#8210);
#6507=AXIS2_PLACEMENT_3D('',#9928,#8211,#8212);
#6508=AXIS2_PLACEMENT_3D('',#9946,#8213,#8214);
#6509=AXIS2_PLACEMENT_3D('',#9967,#8215,#8216);
#6510=AXIS2_PLACEMENT_3D('',#9969,#8217,#8218);
#6511=AXIS2_PLACEMENT_3D('',#9970,#8219,#8220);
#6512=AXIS2_PLACEMENT_3D('',#10011,#8221,#8222);
#6513=AXIS2_PLACEMENT_3D('',#10013,#8223,#8224);
#6514=AXIS2_PLACEMENT_3D('',#10022,#8229,#8230);
#6515=AXIS2_PLACEMENT_3D('',#10023,#8231,#8232);
#6516=AXIS2_PLACEMENT_3D('',#10039,#8233,#8234);
#6517=AXIS2_PLACEMENT_3D('',#10041,#8235,#8236);
#6518=AXIS2_PLACEMENT_3D('',#10049,#8241,#8242);
#6519=AXIS2_PLACEMENT_3D('',#10050,#8243,#8244);
#6520=AXIS2_PLACEMENT_3D('',#10054,#8246,#8247);
#6521=AXIS2_PLACEMENT_3D('',#10057,#8249,#8250);
#6522=AXIS2_PLACEMENT_3D('',#10058,#8251,#8252);
#6523=AXIS2_PLACEMENT_3D('',#10059,#8253,#8254);
#6524=AXIS2_PLACEMENT_3D('',#10060,#8255,#8256);
#6525=AXIS2_PLACEMENT_3D('',#10061,#8257,#8258);
#6526=AXIS2_PLACEMENT_3D('',#10062,#8259,#8260);
#6527=AXIS2_PLACEMENT_3D('',#10063,#8261,#8262);
#6528=AXIS2_PLACEMENT_3D('',#10064,#8263,#8264);
#6529=AXIS2_PLACEMENT_3D('',#10065,#8265,#8266);
#6530=AXIS2_PLACEMENT_3D('',#10066,#8267,#8268);
#6531=AXIS2_PLACEMENT_3D('',#10070,#8270,#8271);
#6532=AXIS2_PLACEMENT_3D('',#10071,#8272,#8273);
#6533=AXIS2_PLACEMENT_3D('',#10077,#8277,#8278);
#6534=AXIS2_PLACEMENT_3D('',#10078,#8279,#8280);
#6535=AXIS2_PLACEMENT_3D('',#10079,#8281,#8282);
#6536=AXIS2_PLACEMENT_3D('',#10080,#8283,#8284);
#6537=AXIS2_PLACEMENT_3D('',#10082,#8286,#8287);
#6538=AXIS2_PLACEMENT_3D('',#10083,#8288,#8289);
#6539=AXIS2_PLACEMENT_3D('',#10086,#8291,#8292);
#6540=AXIS2_PLACEMENT_3D('',#10087,#8293,#8294);
#6541=AXIS2_PLACEMENT_3D('',#10088,#8295,#8296);
#6542=AXIS2_PLACEMENT_3D('',#10089,#8297,#8298);
#6543=AXIS2_PLACEMENT_3D('',#10090,#8299,#8300);
#6544=AXIS2_PLACEMENT_3D('',#10091,#8301,#8302);
#6545=AXIS2_PLACEMENT_3D('',#10092,#8303,#8304);
#6546=AXIS2_PLACEMENT_3D('',#10093,#8305,#8306);
#6547=AXIS2_PLACEMENT_3D('',#10094,#8307,#8308);
#6548=AXIS2_PLACEMENT_3D('',#10095,#8309,#8310);
#6549=AXIS2_PLACEMENT_3D('',#10096,#8311,#8312);
#6550=AXIS2_PLACEMENT_3D('',#10097,#8313,#8314);
#6551=AXIS2_PLACEMENT_3D('',#10098,#8315,#8316);
#6552=AXIS2_PLACEMENT_3D('',#10099,#8317,#8318);
#6553=AXIS2_PLACEMENT_3D('',#10100,#8319,#8320);
#6554=AXIS2_PLACEMENT_3D('',#10101,#8321,#8322);
#6555=AXIS2_PLACEMENT_3D('',#10102,#8323,#8324);
#6556=AXIS2_PLACEMENT_3D('',#10103,#8325,#8326);
#6557=AXIS2_PLACEMENT_3D('',#10104,#8327,#8328);
#6558=AXIS2_PLACEMENT_3D('',#10105,#8329,#8330);
#6559=AXIS2_PLACEMENT_3D('',#10106,#8331,#8332);
#6560=AXIS2_PLACEMENT_3D('',#10107,#8333,#8334);
#6561=AXIS2_PLACEMENT_3D('',#10108,#8335,#8336);
#6562=AXIS2_PLACEMENT_3D('',#10109,#8337,#8338);
#6563=AXIS2_PLACEMENT_3D('',#10110,#8339,#8340);
#6564=AXIS2_PLACEMENT_3D('',#10111,#8341,#8342);
#6565=AXIS2_PLACEMENT_3D('',#10112,#8343,#8344);
#6566=AXIS2_PLACEMENT_3D('',#10113,#8345,#8346);
#6567=AXIS2_PLACEMENT_3D('',#10114,#8347,#8348);
#6568=AXIS2_PLACEMENT_3D('',#10115,#8349,#8350);
#6569=AXIS2_PLACEMENT_3D('',#10116,#8351,#8352);
#6570=AXIS2_PLACEMENT_3D('',#10117,#8353,#8354);
#6571=AXIS2_PLACEMENT_3D('',#10118,#8355,#8356);
#6572=AXIS2_PLACEMENT_3D('',#10119,#8357,#8358);
#6573=AXIS2_PLACEMENT_3D('',#10120,#8359,#8360);
#6574=AXIS2_PLACEMENT_3D('',#10121,#8361,#8362);
#6575=AXIS2_PLACEMENT_3D('',#10122,#8363,#8364);
#6576=AXIS2_PLACEMENT_3D('',#10123,#8365,#8366);
#6577=AXIS2_PLACEMENT_3D('',#10124,#8367,#8368);
#6578=AXIS2_PLACEMENT_3D('',#10125,#8369,#8370);
#6579=AXIS2_PLACEMENT_3D('',#10126,#8371,#8372);
#6580=AXIS2_PLACEMENT_3D('',#10127,#8373,#8374);
#6581=AXIS2_PLACEMENT_3D('',#10128,#8375,#8376);
#6582=AXIS2_PLACEMENT_3D('',#10130,#8377,#8378);
#6583=AXIS2_PLACEMENT_3D('',#10131,#8379,#8380);
#6584=DIRECTION('',(0.,0.,1.));
#6585=DIRECTION('',(1.,0.,0.));
#6586=DIRECTION('',(-3.46944695195362E-16,0.,1.));
#6587=DIRECTION('',(0.707106781186547,0.,0.707106781186548));
#6588=DIRECTION('',(0.707106781186548,0.,-0.707106781186547));
#6589=DIRECTION('',(-0.707106781186547,0.,-0.707106781186548));
#6590=DIRECTION('',(0.,1.,0.));
#6591=DIRECTION('',(0.,0.,-1.));
#6592=DIRECTION('',(0.,0.,-1.));
#6593=DIRECTION('',(-1.,0.,0.));
#6594=DIRECTION('',(-1.,0.,0.));
#6595=DIRECTION('',(0.,0.,1.));
#6596=DIRECTION('',(-1.,0.,0.));
#6597=DIRECTION('',(-1.,0.,0.));
#6598=DIRECTION('',(0.,0.,-1.));
#6599=DIRECTION('',(-1.,0.,-3.46944695195362E-16));
#6600=DIRECTION('',(0.,0.,-1.));
#6601=DIRECTION('',(1.,0.,1.73472347597681E-16));
#6602=DIRECTION('',(0.,-1.,0.));
#6603=DIRECTION('',(0.,0.,-1.));
#6604=DIRECTION('',(0.,-1.,0.));
#6605=DIRECTION('',(-3.46944695195362E-16,0.,1.));
#6606=DIRECTION('',(-0.707106781186548,0.707106781186547,-2.4532694666934E-16));
#6607=DIRECTION('',(1.,0.,3.46944695195362E-16));
#6608=DIRECTION('',(0.,-1.,0.));
#6609=DIRECTION('',(-0.707106781186548,-0.707106781186548,-2.4532694666934E-16));
#6610=DIRECTION('',(1.66244333114444E-15,1.,5.76775894803469E-31));
#6611=DIRECTION('',(0.707106781186548,-0.707106781186548,2.4532694666934E-16));
#6612=DIRECTION('',(0.,-1.,0.));
#6613=DIRECTION('',(-1.,0.,-3.46944695195362E-16));
#6614=DIRECTION('',(0.,-1.,0.));
#6615=DIRECTION('',(1.,0.,3.46944695195362E-16));
#6616=DIRECTION('',(-1.15648231731787E-15,-1.,-4.01235405080674E-31));
#6617=DIRECTION('',(-1.,0.,-3.46944695195362E-16));
#6618=DIRECTION('',(-3.46944695195362E-16,0.,1.));
#6619=DIRECTION('',(1.,0.,3.46944695195361E-16));
#6620=DIRECTION('',(0.,1.,0.));
#6621=DIRECTION('',(0.,-1.,0.));
#6622=DIRECTION('',(0.,0.,-1.));
#6623=DIRECTION('',(0.,-1.,0.));
#6624=DIRECTION('',(0.,1.,0.));
#6625=DIRECTION('',(0.,0.,1.));
#6626=DIRECTION('',(0.,-1.,0.));
#6627=DIRECTION('',(1.,0.,0.));
#6628=DIRECTION('',(0.,-1.,0.));
#6629=DIRECTION('',(1.,0.,0.));
#6630=DIRECTION('',(0.,-1.,0.));
#6631=DIRECTION('',(0.,0.,-1.));
#6632=DIRECTION('',(-0.707106781186548,0.,0.707106781186547));
#6633=DIRECTION('',(-0.707106781186547,0.,-0.707106781186548));
#6634=DIRECTION('',(3.46944695195362E-16,0.,-1.));
#6635=DIRECTION('',(-1.,0.,-1.73472347597681E-16));
#6636=DIRECTION('',(0.,0.,1.));
#6637=DIRECTION('',(1.,0.,3.46944695195362E-16));
#6638=DIRECTION('',(0.,0.,1.));
#6639=DIRECTION('',(1.,0.,0.));
#6640=DIRECTION('',(1.,0.,0.));
#6641=DIRECTION('',(0.,0.,-1.));
#6642=DIRECTION('',(1.,0.,0.));
#6643=DIRECTION('',(1.,0.,0.));
#6644=DIRECTION('',(0.,0.,1.));
#6645=DIRECTION('',(0.,-1.,0.));
#6646=DIRECTION('',(0.,0.,-1.));
#6647=DIRECTION('',(0.707106781186547,0.,0.707106781186548));
#6648=DIRECTION('',(0.,-1.,0.));
#6649=DIRECTION('',(0.,0.,-1.));
#6650=DIRECTION('',(-0.577350269189625,0.577350269189625,-0.577350269189627));
#6651=DIRECTION('',(-1.66244333114444E-15,-1.,-5.41616188061835E-31));
#6652=DIRECTION('',(0.577350269189626,0.577350269189626,0.577350269189626));
#6653=DIRECTION('',(0.707106781186547,0.,0.707106781186548));
#6654=DIRECTION('',(9.96433425189059E-16,1.,-6.66009905955381E-16));
#6655=DIRECTION('',(-0.707106781186547,0.,-0.707106781186548));
#6656=DIRECTION('',(0.707106781186548,-1.17552495279059E-15,-0.707106781186547));
#6657=DIRECTION('',(-0.707106781186547,0.,-0.707106781186548));
#6658=DIRECTION('',(0.,-1.,0.));
#6659=DIRECTION('',(0.,0.,1.));
#6660=DIRECTION('',(-1.15648231731787E-15,-1.,5.05961013826569E-16));
#6661=DIRECTION('',(0.,1.,0.));
#6662=DIRECTION('',(0.,0.,-0.999999999999999));
#6663=DIRECTION('',(1.15648231731787E-15,1.,-5.05961013826569E-16));
#6664=DIRECTION('',(-1.,1.38777878078145E-15,0.));
#6665=DIRECTION('',(1.15648231731787E-15,1.,-5.05961013826569E-16));
#6666=DIRECTION('',(0.707106781186547,0.,0.707106781186548));
#6667=DIRECTION('',(-9.96433425189059E-16,-1.,6.66009905955381E-16));
#6668=DIRECTION('',(-0.707106781186547,0.,-0.707106781186548));
#6669=DIRECTION('',(-0.707106781186548,1.17552495279059E-15,0.707106781186547));
#6670=DIRECTION('',(0.707106781186547,0.,0.707106781186548));
#6671=DIRECTION('',(1.15648231731787E-15,1.,0.));
#6672=DIRECTION('',(0.,0.,1.));
#6673=DIRECTION('',(-1.15648231731787E-15,-1.,5.05961013826569E-16));
#6674=DIRECTION('',(0.,0.,-1.));
#6675=DIRECTION('',(1.15648231731787E-15,1.,0.));
#6676=DIRECTION('',(-1.,1.15648231731787E-15,0.));
#6677=DIRECTION('',(-1.15532583500055E-15,-1.,0.));
#6678=DIRECTION('',(-8.17756488897797E-16,-0.707106781186545,0.70710678118655));
#6679=DIRECTION('',(0.,0.,1.));
#6680=DIRECTION('',(-1.15648231731787E-15,-1.,0.));
#6681=DIRECTION('',(-1.15648231731787E-15,-1.,0.));
#6682=DIRECTION('',(0.,0.,-1.));
#6683=DIRECTION('',(-8.17756488897797E-16,-0.707106781186545,-0.70710678118655));
#6684=DIRECTION('',(1.15648231731787E-15,1.,4.01235405080674E-31));
#6685=DIRECTION('',(-1.,1.15648231731787E-15,0.));
#6686=DIRECTION('',(-1.15532583500055E-15,-1.,0.));
#6687=DIRECTION('',(-1.15648231731787E-15,-1.,0.));
#6688=DIRECTION('',(0.,0.,1.));
#6689=DIRECTION('',(-1.15648231731787E-15,-1.,0.));
#6690=DIRECTION('',(-1.15648231731787E-15,-1.,0.));
#6691=DIRECTION('',(0.,0.,-1.));
#6692=DIRECTION('',(-1.15648231731787E-15,-1.,0.));
#6693=DIRECTION('',(1.,-1.15648231731787E-15,0.));
#6694=DIRECTION('',(1.15532583500055E-15,1.,0.));
#6695=DIRECTION('',(-1.15648231731787E-15,-1.,5.05961013826569E-16));
#6696=DIRECTION('',(-0.707106781186547,0.,-0.707106781186548));
#6697=DIRECTION('',(-9.91270557701033E-16,-1.,6.60847038467355E-16));
#6698=DIRECTION('',(-0.707106781186547,0.,-0.707106781186548));
#6699=DIRECTION('',(-0.707106781186548,1.17552495279059E-15,0.707106781186547));
#6700=DIRECTION('',(0.707106781186547,0.,0.707106781186548));
#6701=DIRECTION('',(-0.707106781186547,0.,-0.707106781186548));
#6702=DIRECTION('',(1.15648231731787E-15,1.,-5.05961013826569E-16));
#6703=DIRECTION('',(-0.707106781186547,0.,-0.707106781186548));
#6704=DIRECTION('',(9.91270557701033E-16,1.,-6.60847038467355E-16));
#6705=DIRECTION('',(0.707106781186548,-1.17552495279059E-15,-0.707106781186547));
#6706=DIRECTION('',(-0.707106781186547,0.,-0.707106781186548));
#6707=DIRECTION('',(0.,1.,0.));
#6708=DIRECTION('',(0.,0.,1.));
#6709=DIRECTION('',(0.,1.,0.));
#6710=DIRECTION('',(0.,0.,1.));
#6711=DIRECTION('',(0.,1.,0.));
#6712=DIRECTION('',(0.,0.,1.));
#6713=DIRECTION('',(0.,1.,0.));
#6714=DIRECTION('',(0.,0.,1.));
#6715=DIRECTION('',(0.,1.,0.));
#6716=DIRECTION('',(0.,0.,1.));
#6717=DIRECTION('',(0.,1.,0.));
#6718=DIRECTION('',(0.,0.,1.));
#6719=DIRECTION('',(0.,-1.,0.));
#6720=DIRECTION('',(0.,0.,1.));
#6721=DIRECTION('',(-0.707106781186548,0.,0.707106781186547));
#6722=DIRECTION('',(0.,0.,-1.));
#6723=DIRECTION('',(-1.,0.,0.));
#6724=DIRECTION('',(0.,0.,-1.));
#6725=DIRECTION('',(-1.,0.,0.));
#6726=DIRECTION('',(0.,0.,-1.));
#6727=DIRECTION('',(0.,1.,0.));
#6728=DIRECTION('',(0.,0.,1.));
#6729=DIRECTION('',(0.,-1.,0.));
#6730=DIRECTION('',(0.,0.,-1.));
#6731=DIRECTION('',(0.,-1.,0.));
#6732=DIRECTION('',(0.,0.,-1.));
#6733=DIRECTION('',(0.,-1.,0.));
#6734=DIRECTION('',(0.,0.,-1.));
#6735=DIRECTION('',(0.,-1.,0.));
#6736=DIRECTION('',(0.,0.,-1.));
#6737=DIRECTION('',(0.,-1.,0.));
#6738=DIRECTION('',(0.,0.,-1.));
#6739=DIRECTION('',(0.,-1.,0.));
#6740=DIRECTION('',(0.,0.,-1.));
#6741=DIRECTION('',(0.,0.,-1.));
#6742=DIRECTION('',(1.,0.,0.));
#6743=DIRECTION('',(0.,0.,-1.));
#6744=DIRECTION('',(1.,0.,0.));
#6745=DIRECTION('',(0.,0.,-1.));
#6746=DIRECTION('',(0.707106781186548,0.,-0.707106781186547));
#6747=DIRECTION('',(0.,1.,0.));
#6748=DIRECTION('',(0.,0.,-0.999999999999999));
#6749=DIRECTION('',(0.,-1.,0.));
#6750=DIRECTION('',(0.,0.,-1.));
#6751=DIRECTION('',(-1.15648231731787E-15,-1.,0.));
#6752=DIRECTION('',(-1.,1.15648231731787E-15,0.));
#6753=DIRECTION('',(-1.15532583500055E-15,-1.,0.));
#6754=DIRECTION('',(-1.15648231731787E-15,-1.,0.));
#6755=DIRECTION('',(-1.,1.15648231731787E-15,0.));
#6756=DIRECTION('',(-1.15532583500055E-15,-1.,0.));
#6757=DIRECTION('',(1.15648231731787E-15,1.,0.));
#6758=DIRECTION('',(1.15648231731787E-15,1.,0.));
#6759=DIRECTION('',(1.,-1.15648231731787E-15,0.));
#6760=DIRECTION('',(1.15532583500055E-15,1.,0.));
#6761=DIRECTION('',(1.15648231731787E-15,1.,-5.05961013826569E-16));
#6762=DIRECTION('',(-1.,1.38777878078145E-15,0.));
#6763=DIRECTION('',(0.,0.,1.));
#6764=DIRECTION('',(-1.,0.,0.));
#6765=DIRECTION('',(0.,0.707106781186549,0.707106781186546));
#6766=DIRECTION('',(0.,0.,-1.));
#6767=DIRECTION('',(0.,-1.,0.));
#6768=DIRECTION('',(-1.,0.,0.));
#6769=DIRECTION('',(0.,0.,1.));
#6770=DIRECTION('',(1.,0.,1.73472347597681E-16));
#6771=DIRECTION('',(0.,-1.,0.));
#6772=DIRECTION('',(-1.,0.,-1.73472347597681E-16));
#6773=DIRECTION('',(1.73472347597681E-16,0.,-1.));
#6774=DIRECTION('',(-1.,0.,-1.73472347597681E-16));
#6775=DIRECTION('',(-3.46944695195362E-16,0.,1.));
#6776=DIRECTION('',(3.46944695195362E-16,0.,-1.));
#6777=DIRECTION('',(1.,0.,3.46944695195362E-16));
#6778=DIRECTION('',(3.46944695195361E-16,0.,-1.));
#6779=DIRECTION('',(0.,1.,0.));
#6780=DIRECTION('',(0.,0.,1.));
#6781=DIRECTION('',(0.,1.,0.));
#6782=DIRECTION('',(0.,0.,1.));
#6783=DIRECTION('',(0.,1.,0.));
#6784=DIRECTION('',(0.,0.,1.));
#6785=DIRECTION('',(0.,1.,0.));
#6786=DIRECTION('',(0.,0.,1.));
#6787=DIRECTION('',(0.,1.,0.));
#6788=DIRECTION('',(0.,0.,1.));
#6789=DIRECTION('',(0.,1.,0.));
#6790=DIRECTION('',(0.,0.,1.));
#6791=DIRECTION('',(0.,1.,0.));
#6792=DIRECTION('',(0.,0.,1.));
#6793=DIRECTION('',(0.,1.,0.));
#6794=DIRECTION('',(0.,0.,1.));
#6795=DIRECTION('',(-1.,0.,-3.46944695195362E-16));
#6796=DIRECTION('',(0.,0.,-1.));
#6797=DIRECTION('',(1.,0.,1.73472347597681E-16));
#6798=DIRECTION('',(-3.46944695195362E-16,0.,1.));
#6799=DIRECTION('',(0.,-1.,0.));
#6800=DIRECTION('',(0.,0.,-1.));
#6801=DIRECTION('',(3.46944695195362E-16,0.,-1.));
#6802=DIRECTION('',(0.,-1.,0.));
#6803=DIRECTION('',(-3.46944695195362E-16,0.,1.));
#6804=DIRECTION('',(-1.,0.,-3.46944695195362E-16));
#6805=DIRECTION('',(-3.46944695195361E-16,0.,1.));
#6806=DIRECTION('',(-1.,0.,-1.73472347597681E-16));
#6807=DIRECTION('',(0.,-1.,0.));
#6808=DIRECTION('',(1.,0.,1.73472347597681E-16));
#6809=DIRECTION('',(-1.73472347597681E-16,0.,1.));
#6810=DIRECTION('',(1.,0.,1.73472347597681E-16));
#6811=DIRECTION('',(0.,0.,1.));
#6812=DIRECTION('',(0.,0.,-1.));
#6813=DIRECTION('',(1.,0.,0.));
#6814=DIRECTION('',(0.,0.,-1.));
#6815=DIRECTION('',(0.,-1.,0.));
#6816=DIRECTION('',(0.,0.,-1.));
#6817=DIRECTION('',(0.,-1.,0.));
#6818=DIRECTION('',(0.,0.,-1.));
#6819=DIRECTION('',(0.,-1.,0.));
#6820=DIRECTION('',(0.,0.,-1.));
#6821=DIRECTION('',(0.,-1.,0.));
#6822=DIRECTION('',(0.,0.,-1.));
#6823=DIRECTION('',(0.,-1.,0.));
#6824=DIRECTION('',(0.,0.,-1.));
#6825=DIRECTION('',(0.,-1.,0.));
#6826=DIRECTION('',(0.,0.,-1.));
#6827=DIRECTION('',(0.,-1.,0.));
#6828=DIRECTION('',(0.,0.,-1.));
#6829=DIRECTION('',(0.,-1.,0.));
#6830=DIRECTION('',(0.,0.,-1.));
#6831=DIRECTION('',(3.46944695195362E-16,0.,-1.));
#6832=DIRECTION('',(-1.,0.,-1.73472347597681E-16));
#6833=DIRECTION('',(0.,0.,1.));
#6834=DIRECTION('',(1.,0.,3.46944695195362E-16));
#6835=DIRECTION('',(0.,-1.,0.));
#6836=DIRECTION('',(0.,0.,-1.));
#6837=DIRECTION('',(-0.707106781186548,0.707106781186548,-2.4532694666934E-16));
#6838=DIRECTION('',(-0.707106781186548,-0.707106781186548,-2.4532694666934E-16));
#6839=DIRECTION('',(-0.577350269189627,-0.577350269189626,0.577350269189624));
#6840=DIRECTION('',(-0.707106781186547,0.707106781186547,-2.77555756156289E-16));
#6841=DIRECTION('',(0.408248290463863,0.408248290463863,0.816496580927726));
#6842=DIRECTION('',(0.707106781186547,-0.707106781186547,2.4532694666934E-16));
#6843=DIRECTION('',(3.46944695195361E-16,0.,-1.));
#6844=DIRECTION('',(2.45326946669339E-16,0.70710678118655,-0.707106781186545));
#6845=DIRECTION('',(-1.39018603112626E-15,-0.707106781186545,-0.70710678118655));
#6846=DIRECTION('',(2.45326946669339E-16,0.70710678118655,-0.707106781186545));
#6847=DIRECTION('',(2.45326946669337E-16,0.707106781186545,0.70710678118655));
#6848=DIRECTION('',(-0.577350269189624,0.577350269189625,0.577350269189628));
#6849=DIRECTION('',(-2.45326946669339E-16,-0.70710678118655,0.707106781186545));
#6850=DIRECTION('',(-1.,0.,-3.46944695195361E-16));
#6851=DIRECTION('',(0.577350269189626,-0.577350269189627,0.577350269189625));
#6852=DIRECTION('',(1.2266347333467E-16,-0.707106781186546,-0.707106781186549));
#6853=DIRECTION('',(-1.,0.,-1.73472347597681E-16));
#6854=DIRECTION('',(-0.707106781186548,-0.707106781186547,0.));
#6855=DIRECTION('',(0.,0.,1.));
#6856=DIRECTION('',(0.577350269189627,-0.577350269189626,-0.577350269189624));
#6857=DIRECTION('',(1.,-1.20424086777914E-46,3.46944695195361E-16));
#6858=DIRECTION('',(-0.577350269189626,-0.577350269189626,-0.577350269189625));
#6859=DIRECTION('',(2.4532694666934E-16,0.707106781186546,-0.707106781186549));
#6860=DIRECTION('',(-1.,0.,-3.46944695195361E-16));
#6861=DIRECTION('',(0.,0.,1.));
#6862=DIRECTION('',(-0.577350269189627,0.577350269189626,0.577350269189624));
#6863=DIRECTION('',(-0.577350269189625,0.577350269189625,-0.577350269189627));
#6864=DIRECTION('',(0.707106781186547,0.707106781186548,0.));
#6865=DIRECTION('',(0.,0.,-1.));
#6866=DIRECTION('',(0.707106781186548,-0.707106781186548,2.4532694666934E-16));
#6867=DIRECTION('',(0.707106781186548,0.707106781186548,2.4532694666934E-16));
#6868=DIRECTION('',(-0.577350269189625,-0.577350269189625,0.577350269189627));
#6869=DIRECTION('',(-0.707106781186547,0.707106781186547,-2.4532694666934E-16));
#6870=DIRECTION('',(-3.46944695195361E-16,0.,1.));
#6871=DIRECTION('',(1.2266347333467E-16,-0.707106781186549,-0.707106781186546));
#6872=DIRECTION('',(1.22663473334669E-16,-0.707106781186546,0.707106781186549));
#6873=DIRECTION('',(-1.2266347333467E-16,0.707106781186549,0.707106781186546));
#6874=DIRECTION('',(1.,0.,1.73472347597681E-16));
#6875=DIRECTION('',(-0.707106781186547,-0.707106781186547,-2.77555756156289E-16));
#6876=DIRECTION('',(-0.408248290463863,0.408248290463863,-0.816496580927726));
#6877=DIRECTION('',(0.577350269189627,-0.577350269189626,-0.577350269189624));
#6878=DIRECTION('',(-0.707106781186548,-0.707106781186548,-2.4532694666934E-16));
#6879=DIRECTION('',(0.707106781186548,-0.707106781186548,2.4532694666934E-16));
#6880=DIRECTION('',(0.707106781186547,0.707106781186547,2.4532694666934E-16));
#6881=DIRECTION('',(-3.46944695195361E-16,0.,1.));
#6882=DIRECTION('',(-0.577350269189626,-0.577350269189627,-0.577350269189625));
#6883=DIRECTION('',(1.2266347333467E-16,0.707106781186546,-0.707106781186549));
#6884=DIRECTION('',(1.,0.,1.73472347597681E-16));
#6885=DIRECTION('',(-0.577350269189624,-0.577350269189625,0.577350269189628));
#6886=DIRECTION('',(-0.707106781186548,0.707106781186547,0.));
#6887=DIRECTION('',(0.,0.,-1.));
#6888=DIRECTION('',(2.45326946669339E-16,-0.70710678118655,-0.707106781186545));
#6889=DIRECTION('',(-2.45326946669337E-16,0.707106781186545,-0.70710678118655));
#6890=DIRECTION('',(2.45326946669339E-16,-0.70710678118655,-0.707106781186545));
#6891=DIRECTION('',(-1.88083992446495E-15,-0.707106781186545,0.70710678118655));
#6892=DIRECTION('',(2.45326946669339E-16,-0.70710678118655,-0.707106781186545));
#6893=DIRECTION('',(1.,0.,3.46944695195361E-16));
#6894=DIRECTION('',(0.577350269189628,0.577350269189627,-0.577350269189623));
#6895=DIRECTION('',(0.577350269189627,-0.577350269189627,0.577350269189623));
#6896=DIRECTION('',(-2.45326946669341E-16,0.707106781186545,0.70710678118655));
#6897=DIRECTION('',(-1.,0.,-3.46944695195361E-16));
#6898=DIRECTION('',(0.577350269189625,-0.577350269189625,-0.577350269189627));
#6899=DIRECTION('',(-0.707106781186547,-0.707106781186547,-2.4532694666934E-16));
#6900=DIRECTION('',(3.46944695195361E-16,0.,-1.));
#6901=DIRECTION('',(0.577350269189625,0.577350269189625,0.577350269189627));
#6902=DIRECTION('',(0.707106781186547,-0.707106781186548,0.));
#6903=DIRECTION('',(0.,0.,1.));
#6904=DIRECTION('',(-1.2266347333467E-16,-0.707106781186549,0.707106781186546));
#6905=DIRECTION('',(-1.,0.,-1.73472347597681E-16));
#6906=DIRECTION('',(0.,1.,0.));
#6907=DIRECTION('',(0.,0.,1.));
#6908=DIRECTION('',(0.,1.,0.));
#6909=DIRECTION('',(0.,0.,1.));
#6910=DIRECTION('',(0.,1.,0.));
#6911=DIRECTION('',(0.,0.,1.));
#6912=DIRECTION('',(0.,1.,0.));
#6913=DIRECTION('',(0.,0.,1.));
#6914=DIRECTION('',(0.,1.,0.));
#6915=DIRECTION('',(0.,0.,1.));
#6916=DIRECTION('',(0.,1.,0.));
#6917=DIRECTION('',(0.,0.,1.));
#6918=DIRECTION('',(0.,1.,0.));
#6919=DIRECTION('',(0.,0.,1.));
#6920=DIRECTION('',(0.,1.,0.));
#6921=DIRECTION('',(0.,0.,1.));
#6922=DIRECTION('',(0.,1.,0.));
#6923=DIRECTION('',(0.,0.,1.));
#6924=DIRECTION('',(0.,1.,0.));
#6925=DIRECTION('',(0.,0.,1.));
#6926=DIRECTION('',(0.,1.,0.));
#6927=DIRECTION('',(0.,0.,1.));
#6928=DIRECTION('',(0.,1.,0.));
#6929=DIRECTION('',(0.,0.,1.));
#6930=DIRECTION('',(0.,1.,0.));
#6931=DIRECTION('',(0.,0.,1.));
#6932=DIRECTION('',(0.,1.,0.));
#6933=DIRECTION('',(0.,0.,1.));
#6934=DIRECTION('',(0.,0.,1.));
#6935=DIRECTION('',(1.,0.,0.));
#6936=DIRECTION('',(-1.,0.,0.));
#6937=DIRECTION('',(0.,0.,1.));
#6938=DIRECTION('',(1.,0.,0.));
#6939=DIRECTION('',(1.15648231731787E-15,1.,0.));
#6940=DIRECTION('',(0.,0.,1.));
#6941=DIRECTION('',(1.,0.,0.));
#6942=DIRECTION('',(1.15648231731787E-15,1.,0.));
#6943=DIRECTION('',(0.,0.,1.));
#6944=DIRECTION('',(1.,0.,0.));
#6945=DIRECTION('',(1.,0.,0.));
#6946=DIRECTION('',(0.,0.,1.));
#6947=DIRECTION('',(1.,0.,0.));
#6948=DIRECTION('',(1.,0.,0.));
#6949=DIRECTION('',(0.,0.,1.));
#6950=DIRECTION('',(1.,0.,0.));
#6951=DIRECTION('',(-1.15648231731787E-15,-1.,0.));
#6952=DIRECTION('',(0.,0.,1.));
#6953=DIRECTION('',(1.,0.,0.));
#6954=DIRECTION('',(-1.15648231731787E-15,-1.,0.));
#6955=DIRECTION('',(0.,0.,1.));
#6956=DIRECTION('',(1.,0.,0.));
#6957=DIRECTION('',(-1.,0.,0.));
#6958=DIRECTION('',(-1.15648231731787E-15,-1.,0.));
#6959=DIRECTION('',(0.,0.,1.));
#6960=DIRECTION('',(1.,0.,0.));
#6961=DIRECTION('',(1.,0.,0.));
#6962=DIRECTION('',(0.,0.,1.));
#6963=DIRECTION('',(1.,0.,0.));
#6964=DIRECTION('',(1.15648231731787E-15,1.,0.));
#6965=DIRECTION('',(0.,0.,1.));
#6966=DIRECTION('',(1.,0.,0.));
#6967=DIRECTION('',(-1.,0.,0.));
#6968=DIRECTION('',(0.,0.,1.));
#6969=DIRECTION('',(1.,0.,0.));
#6970=DIRECTION('',(0.,0.,1.));
#6971=DIRECTION('',(-1.15532583500055E-15,-1.,0.));
#6972=DIRECTION('',(1.15648231731787E-15,1.,0.));
#6973=DIRECTION('',(1.,0.,0.));
#6974=DIRECTION('',(-1.15648231731787E-15,-1.,0.));
#6975=DIRECTION('',(-1.,0.,0.));
#6976=DIRECTION('',(0.,0.,1.));
#6977=DIRECTION('',(1.,0.,0.));
#6978=DIRECTION('',(0.,0.,1.));
#6979=DIRECTION('',(1.,0.,0.));
#6980=DIRECTION('',(0.,0.,1.));
#6981=DIRECTION('',(1.,0.,0.));
#6982=DIRECTION('',(0.,0.,1.));
#6983=DIRECTION('',(1.,0.,0.));
#6984=DIRECTION('',(0.,0.,1.));
#6985=DIRECTION('',(1.,0.,0.));
#6986=DIRECTION('',(0.,0.,1.));
#6987=DIRECTION('',(1.,0.,0.));
#6988=DIRECTION('',(0.,0.,1.));
#6989=DIRECTION('',(1.,0.,0.));
#6990=DIRECTION('',(0.,0.,1.));
#6991=DIRECTION('',(1.,0.,0.));
#6992=DIRECTION('',(0.,0.,1.));
#6993=DIRECTION('',(1.15532583500055E-15,1.,0.));
#6994=DIRECTION('',(0.,0.,-1.));
#6995=DIRECTION('',(-1.,0.,0.));
#6996=DIRECTION('',(0.,0.,1.));
#6997=DIRECTION('',(0.,1.,0.));
#6998=DIRECTION('',(0.,0.,1.));
#6999=DIRECTION('',(1.15648231731787E-15,1.,0.));
#7000=DIRECTION('',(0.,0.,1.));
#7001=DIRECTION('',(0.,0.,-1.));
#7002=DIRECTION('',(1.,-1.15648231731787E-15,0.));
#7003=DIRECTION('',(1.15532583500055E-15,1.,0.));
#7004=DIRECTION('',(1.,0.,0.));
#7005=DIRECTION('',(0.,0.,1.));
#7006=DIRECTION('',(0.,0.,-1.));
#7007=DIRECTION('',(0.,-1.,0.));
#7008=DIRECTION('',(0.,0.,-1.));
#7009=DIRECTION('',(-1.15648231731787E-15,-1.,0.));
#7010=DIRECTION('',(0.,0.,1.));
#7011=DIRECTION('',(0.,0.,-1.));
#7012=DIRECTION('',(-1.,1.15648231731787E-15,0.));
#7013=DIRECTION('',(-1.15532583500055E-15,-1.,0.));
#7014=DIRECTION('',(0.,-0.707106781186549,0.707106781186546));
#7015=DIRECTION('',(0.,0.707106781186546,0.707106781186549));
#7016=DIRECTION('',(-0.70710678118655,8.17756488897802E-16,0.707106781186545));
#7017=DIRECTION('',(0.707106781186545,-8.17756488897797E-16,0.70710678118655));
#7018=DIRECTION('',(0.,0.,1.));
#7019=DIRECTION('',(1.,0.,0.));
#7020=DIRECTION('',(-0.70710678118655,8.17756488897802E-16,0.707106781186545));
#7021=DIRECTION('',(0.707106781186545,-8.17756488897797E-16,0.70710678118655));
#7022=DIRECTION('',(-0.70710678118655,8.17756488897802E-16,0.707106781186545));
#7023=DIRECTION('',(0.707106781186545,-8.17756488897797E-16,0.70710678118655));
#7024=DIRECTION('',(0.,0.,1.));
#7025=DIRECTION('',(1.,0.,0.));
#7026=DIRECTION('',(-0.70710678118655,8.17756488897802E-16,0.707106781186545));
#7027=DIRECTION('',(0.707106781186545,-8.17756488897797E-16,0.70710678118655));
#7028=DIRECTION('',(0.,0.707106781186548,0.707106781186548));
#7029=DIRECTION('',(0.,-0.707106781186548,0.707106781186548));
#7030=DIRECTION('',(0.,0.,1.));
#7031=DIRECTION('',(1.,0.,0.));
#7032=DIRECTION('',(0.,-0.707106781186549,0.707106781186546));
#7033=DIRECTION('',(0.,0.707106781186546,0.707106781186549));
#7034=DIRECTION('',(0.,-0.707106781186549,0.707106781186546));
#7035=DIRECTION('',(0.,0.707106781186546,0.707106781186549));
#7036=DIRECTION('',(0.,0.,1.));
#7037=DIRECTION('',(1.,0.,0.));
#7038=DIRECTION('',(0.,0.707106781186548,0.707106781186548));
#7039=DIRECTION('',(0.,-0.707106781186548,0.707106781186548));
#7040=DIRECTION('',(0.,0.707106781186548,0.707106781186548));
#7041=DIRECTION('',(0.,-0.707106781186548,0.707106781186548));
#7042=DIRECTION('',(0.,0.,1.));
#7043=DIRECTION('',(1.,0.,0.));
#7044=DIRECTION('',(0.707106781186548,-8.177564888978E-16,0.707106781186548));
#7045=DIRECTION('',(-0.707106781186548,8.177564888978E-16,0.707106781186548));
#7046=DIRECTION('',(0.,-0.707106781186549,0.707106781186546));
#7047=DIRECTION('',(0.,0.707106781186546,0.707106781186549));
#7048=DIRECTION('',(0.,0.,1.));
#7049=DIRECTION('',(1.,0.,0.));
#7050=DIRECTION('',(0.707106781186548,-8.177564888978E-16,0.707106781186548));
#7051=DIRECTION('',(-0.707106781186548,8.177564888978E-16,0.707106781186548));
#7052=DIRECTION('',(0.707106781186548,-8.177564888978E-16,0.707106781186548));
#7053=DIRECTION('',(-0.707106781186548,8.177564888978E-16,0.707106781186548));
#7054=DIRECTION('',(0.,0.,1.));
#7055=DIRECTION('',(1.,0.,0.));
#7056=DIRECTION('',(0.,0.707106781186548,0.707106781186548));
#7057=DIRECTION('',(0.,-0.707106781186548,0.707106781186548));
#7058=DIRECTION('',(0.707106781186548,-8.177564888978E-16,0.707106781186548));
#7059=DIRECTION('',(-0.707106781186548,8.177564888978E-16,0.707106781186548));
#7060=DIRECTION('',(0.,0.,1.));
#7061=DIRECTION('',(1.,0.,0.));
#7062=DIRECTION('',(-0.577350269189624,0.577350269189627,-0.577350269189627));
#7063=DIRECTION('',(0.,-0.707106781186548,-0.707106781186548));
#7064=DIRECTION('',(0.,0.707106781186548,-0.707106781186548));
#7065=DIRECTION('',(0.,-0.707106781186548,-0.707106781186548));
#7066=DIRECTION('',(0.,0.707106781186548,-0.707106781186548));
#7067=DIRECTION('',(-0.577350269189626,-0.577350269189626,0.577350269189626));
#7068=DIRECTION('',(0.,-0.707106781186547,-0.707106781186547));
#7069=DIRECTION('',(1.,0.,0.));
#7070=DIRECTION('',(-0.707106781186548,8.177564888978E-16,-0.707106781186548));
#7071=DIRECTION('',(0.707106781186548,-8.177564888978E-16,-0.707106781186548));
#7072=DIRECTION('',(-0.707106781186548,8.177564888978E-16,-0.707106781186548));
#7073=DIRECTION('',(0.707106781186548,-8.177564888978E-16,-0.707106781186548));
#7074=DIRECTION('',(-0.577350269189626,0.577350269189625,0.577350269189627));
#7075=DIRECTION('',(-0.707106781186547,8.177564888978E-16,-0.707106781186547));
#7076=DIRECTION('',(-1.15532583500055E-15,-1.,0.));
#7077=DIRECTION('',(-0.577350269189626,-0.577350269189625,-0.577350269189627));
#7078=DIRECTION('',(0.707106781186549,-8.17756488897801E-16,-0.707106781186546));
#7079=DIRECTION('',(-0.707106781186546,8.17756488897798E-16,-0.707106781186549));
#7080=DIRECTION('',(0.707106781186549,-8.17756488897801E-16,-0.707106781186546));
#7081=DIRECTION('',(-0.707106781186546,8.17756488897798E-16,-0.707106781186549));
#7082=DIRECTION('',(0.707106781186549,-8.17756488897801E-16,-0.707106781186546));
#7083=DIRECTION('',(1.15532583500055E-15,1.,0.));
#7084=DIRECTION('',(0.,0.707106781186549,-0.707106781186546));
#7085=DIRECTION('',(0.,-0.707106781186546,-0.707106781186549));
#7086=DIRECTION('',(0.,0.707106781186549,-0.707106781186546));
#7087=DIRECTION('',(0.,-0.707106781186546,-0.707106781186549));
#7088=DIRECTION('',(0.,0.707106781186549,-0.707106781186546));
#7089=DIRECTION('',(-1.,0.,0.));
#7090=DIRECTION('',(0.,-0.707106781186548,-0.707106781186548));
#7091=DIRECTION('',(0.,0.707106781186548,-0.707106781186548));
#7092=DIRECTION('',(-0.577350269189626,-0.577350269189626,0.577350269189626));
#7093=DIRECTION('',(0.,-0.707106781186547,-0.707106781186547));
#7094=DIRECTION('',(-1.,0.,0.));
#7095=DIRECTION('',(-0.577350269189623,0.577350269189627,-0.577350269189627));
#7096=DIRECTION('',(0.,-0.707106781186548,-0.707106781186548));
#7097=DIRECTION('',(0.,0.707106781186548,-0.707106781186548));
#7098=DIRECTION('',(0.,-0.707106781186547,-0.707106781186547));
#7099=DIRECTION('',(-1.,0.,0.));
#7100=DIRECTION('',(-0.707106781186548,8.177564888978E-16,-0.707106781186548));
#7101=DIRECTION('',(0.707106781186548,-8.177564888978E-16,-0.707106781186548));
#7102=DIRECTION('',(-0.707106781186547,8.17756488897799E-16,-0.707106781186547));
#7103=DIRECTION('',(1.15532583500055E-15,1.,0.));
#7104=DIRECTION('',(0.70710678118655,-8.17756488897802E-16,-0.707106781186545));
#7105=DIRECTION('',(-0.707106781186545,8.17756488897797E-16,-0.70710678118655));
#7106=DIRECTION('',(0.70710678118655,-8.17756488897802E-16,-0.707106781186545));
#7107=DIRECTION('',(-1.15532583500055E-15,-1.,0.));
#7108=DIRECTION('',(-0.707106781186548,8.177564888978E-16,-0.707106781186548));
#7109=DIRECTION('',(-0.707106781186548,8.177564888978E-16,0.707106781186548));
#7110=DIRECTION('',(-0.577350269189626,0.577350269189625,0.577350269189627));
#7111=DIRECTION('',(-0.707106781186547,8.17756488897799E-16,-0.707106781186547));
#7112=DIRECTION('',(1.15532583500055E-15,1.,0.));
#7113=DIRECTION('',(-0.577350269189624,-0.577350269189626,-0.577350269189628));
#7114=DIRECTION('',(0.70710678118655,-8.17756488897802E-16,-0.707106781186545));
#7115=DIRECTION('',(0.707106781186545,-8.17756488897797E-16,0.70710678118655));
#7116=DIRECTION('',(0.70710678118655,-8.17756488897802E-16,-0.707106781186545));
#7117=DIRECTION('',(-1.15532583500055E-15,-1.,0.));
#7118=DIRECTION('',(0.,0.707106781186549,-0.707106781186546));
#7119=DIRECTION('',(0.,0.707106781186546,0.707106781186549));
#7120=DIRECTION('',(0.,-0.707106781186549,0.707106781186546));
#7121=DIRECTION('',(-1.,0.,0.));
#7122=DIRECTION('',(0.,0.707106781186549,-0.707106781186546));
#7123=DIRECTION('',(0.,0.707106781186546,0.707106781186549));
#7124=DIRECTION('',(0.,-0.707106781186549,0.707106781186546));
#7125=DIRECTION('',(-1.,0.,0.));
#7126=DIRECTION('',(-1.15648231731787E-15,-1.,0.));
#7127=DIRECTION('',(1.,0.,0.));
#7128=DIRECTION('',(1.15648231731787E-15,1.,0.));
#7129=DIRECTION('',(-1.,0.,0.));
#7130=DIRECTION('',(0.,0.,1.));
#7131=DIRECTION('',(-1.,0.,0.));
#7132=DIRECTION('',(0.,0.,1.));
#7133=DIRECTION('',(-1.,0.,0.));
#7134=DIRECTION('',(0.,0.,1.));
#7135=DIRECTION('',(-1.,0.,0.));
#7136=DIRECTION('',(0.,0.,1.));
#7137=DIRECTION('',(-1.,0.,0.));
#7138=DIRECTION('',(0.,0.,1.));
#7139=DIRECTION('',(-1.,0.,0.));
#7140=DIRECTION('',(0.,0.,1.));
#7141=DIRECTION('',(-1.,0.,0.));
#7142=DIRECTION('',(0.,0.,1.));
#7143=DIRECTION('',(-1.,0.,0.));
#7144=DIRECTION('',(0.,0.,1.));
#7145=DIRECTION('',(-1.,0.,0.));
#7146=DIRECTION('',(0.,0.,-1.));
#7147=DIRECTION('',(-1.15532583500055E-15,-1.,0.));
#7148=DIRECTION('',(0.,0.,1.));
#7149=DIRECTION('',(-1.,0.,0.));
#7150=DIRECTION('',(-1.,0.,0.));
#7151=DIRECTION('',(0.,0.,1.));
#7152=DIRECTION('',(-1.,0.,0.));
#7153=DIRECTION('',(-1.,0.,0.));
#7154=DIRECTION('',(0.,0.,1.));
#7155=DIRECTION('',(-1.,0.,0.));
#7156=DIRECTION('',(-1.15648231731787E-15,-1.,0.));
#7157=DIRECTION('',(0.,0.,1.));
#7158=DIRECTION('',(-1.,0.,0.));
#7159=DIRECTION('',(-1.15648231731787E-15,-1.,0.));
#7160=DIRECTION('',(0.,0.,1.));
#7161=DIRECTION('',(-1.,0.,0.));
#7162=DIRECTION('',(1.,0.,0.));
#7163=DIRECTION('',(0.,0.,1.));
#7164=DIRECTION('',(-1.,0.,0.));
#7165=DIRECTION('',(1.,0.,0.));
#7166=DIRECTION('',(0.,0.,1.));
#7167=DIRECTION('',(-1.,0.,0.));
#7168=DIRECTION('',(1.15648231731787E-15,1.,0.));
#7169=DIRECTION('',(0.,0.,1.));
#7170=DIRECTION('',(-1.,0.,0.));
#7171=DIRECTION('',(1.15648231731787E-15,1.,0.));
#7172=DIRECTION('',(1.15648231731787E-15,1.,0.));
#7173=DIRECTION('',(0.,0.,-1.));
#7174=DIRECTION('',(-1.,0.,0.));
#7175=DIRECTION('',(1.,0.,0.));
#7176=DIRECTION('',(0.,0.,-1.));
#7177=DIRECTION('',(-1.,0.,0.));
#7178=DIRECTION('',(-1.15648231731787E-15,-1.,0.));
#7179=DIRECTION('',(0.,0.,-1.));
#7180=DIRECTION('',(-1.,0.,0.));
#7181=DIRECTION('',(-1.,0.,0.));
#7182=DIRECTION('',(0.,0.,-1.));
#7183=DIRECTION('',(-1.,0.,0.));
#7184=DIRECTION('',(0.,0.,-1.));
#7185=DIRECTION('',(1.15532583500055E-15,1.,0.));
#7186=DIRECTION('',(0.,0.,1.));
#7187=DIRECTION('',(-1.,0.,0.));
#7188=DIRECTION('',(0.,0.,-1.));
#7189=DIRECTION('',(0.,-1.,0.));
#7190=DIRECTION('',(0.,0.,-1.));
#7191=DIRECTION('',(0.,0.,1.));
#7192=DIRECTION('',(1.15648231731787E-15,1.,0.));
#7193=DIRECTION('',(0.,0.,-1.));
#7194=DIRECTION('',(-1.,1.15648231731787E-15,0.));
#7195=DIRECTION('',(-1.15532583500055E-15,-1.,0.));
#7196=DIRECTION('',(1.,0.,0.));
#7197=DIRECTION('',(0.,0.,-1.));
#7198=DIRECTION('',(0.,0.,1.));
#7199=DIRECTION('',(0.,1.,0.));
#7200=DIRECTION('',(0.,0.,1.));
#7201=DIRECTION('',(-1.15648231731787E-15,-1.,0.));
#7202=DIRECTION('',(0.,0.,-1.));
#7203=DIRECTION('',(0.,0.,1.));
#7204=DIRECTION('',(1.,-1.15648231731787E-15,0.));
#7205=DIRECTION('',(1.15532583500055E-15,1.,0.));
#7206=DIRECTION('',(0.707106781186548,-8.177564888978E-16,0.707106781186548));
#7207=DIRECTION('',(0.707106781186548,-8.177564888978E-16,-0.707106781186548));
#7208=DIRECTION('',(0.,0.707106781186548,0.707106781186548));
#7209=DIRECTION('',(0.,0.707106781186548,-0.707106781186548));
#7210=DIRECTION('',(0.,0.,-1.));
#7211=DIRECTION('',(-1.,0.,0.));
#7212=DIRECTION('',(0.707106781186548,-8.177564888978E-16,0.707106781186548));
#7213=DIRECTION('',(0.707106781186548,-8.177564888978E-16,-0.707106781186548));
#7214=DIRECTION('',(0.707106781186548,-8.177564888978E-16,0.707106781186548));
#7215=DIRECTION('',(0.707106781186548,-8.177564888978E-16,-0.707106781186548));
#7216=DIRECTION('',(0.,0.,-1.));
#7217=DIRECTION('',(-1.,0.,0.));
#7218=DIRECTION('',(0.,-0.707106781186549,0.707106781186546));
#7219=DIRECTION('',(0.,-0.707106781186546,-0.707106781186549));
#7220=DIRECTION('',(0.707106781186548,-8.177564888978E-16,0.707106781186548));
#7221=DIRECTION('',(0.707106781186548,-8.177564888978E-16,-0.707106781186548));
#7222=DIRECTION('',(0.,0.,-1.));
#7223=DIRECTION('',(-1.,0.,0.));
#7224=DIRECTION('',(0.,0.707106781186548,0.707106781186548));
#7225=DIRECTION('',(0.,0.707106781186548,-0.707106781186548));
#7226=DIRECTION('',(0.,0.707106781186548,0.707106781186548));
#7227=DIRECTION('',(0.,0.707106781186548,-0.707106781186548));
#7228=DIRECTION('',(0.,0.,-1.));
#7229=DIRECTION('',(-1.,0.,0.));
#7230=DIRECTION('',(0.,-0.707106781186549,0.707106781186546));
#7231=DIRECTION('',(0.,-0.707106781186546,-0.707106781186549));
#7232=DIRECTION('',(0.,-0.707106781186549,0.707106781186546));
#7233=DIRECTION('',(0.,-0.707106781186546,-0.707106781186549));
#7234=DIRECTION('',(0.,0.,-1.));
#7235=DIRECTION('',(-1.,0.,0.));
#7236=DIRECTION('',(0.,0.707106781186548,0.707106781186548));
#7237=DIRECTION('',(0.,0.707106781186548,-0.707106781186548));
#7238=DIRECTION('',(-0.70710678118655,8.17756488897802E-16,0.707106781186545));
#7239=DIRECTION('',(-0.707106781186545,8.17756488897797E-16,-0.70710678118655));
#7240=DIRECTION('',(0.,0.,-1.));
#7241=DIRECTION('',(-1.,0.,0.));
#7242=DIRECTION('',(-0.70710678118655,8.17756488897802E-16,0.707106781186545));
#7243=DIRECTION('',(-0.707106781186545,8.17756488897797E-16,-0.70710678118655));
#7244=DIRECTION('',(-0.70710678118655,8.17756488897802E-16,0.707106781186545));
#7245=DIRECTION('',(-0.707106781186545,8.17756488897797E-16,-0.70710678118655));
#7246=DIRECTION('',(0.,0.,-1.));
#7247=DIRECTION('',(-1.,0.,0.));
#7248=DIRECTION('',(-0.70710678118655,8.17756488897802E-16,0.707106781186545));
#7249=DIRECTION('',(-0.707106781186545,8.17756488897797E-16,-0.70710678118655));
#7250=DIRECTION('',(0.,-0.707106781186549,0.707106781186546));
#7251=DIRECTION('',(0.,-0.707106781186546,-0.707106781186549));
#7252=DIRECTION('',(0.,0.,-1.));
#7253=DIRECTION('',(-1.,0.,0.));
#7254=DIRECTION('',(-0.577350269189626,-0.577350269189625,-0.577350269189627));
#7255=DIRECTION('',(0.,-0.707106781186549,0.707106781186546));
#7256=DIRECTION('',(0.,0.707106781186546,0.707106781186549));
#7257=DIRECTION('',(0.,-0.707106781186549,0.707106781186546));
#7258=DIRECTION('',(0.,0.707106781186546,0.707106781186549));
#7259=DIRECTION('',(-0.577350269189626,0.577350269189625,0.577350269189627));
#7260=DIRECTION('',(0.,0.707106781186549,-0.707106781186546));
#7261=DIRECTION('',(-1.,0.,0.));
#7262=DIRECTION('',(-0.577350269189624,0.577350269189627,-0.577350269189627));
#7263=DIRECTION('',(-0.707106781186549,8.17756488897801E-16,0.707106781186546));
#7264=DIRECTION('',(0.707106781186546,-8.17756488897798E-16,0.707106781186549));
#7265=DIRECTION('',(-0.707106781186549,8.17756488897801E-16,0.707106781186546));
#7266=DIRECTION('',(0.707106781186546,-8.17756488897798E-16,0.707106781186549));
#7267=DIRECTION('',(0.707106781186549,-8.17756488897801E-16,-0.707106781186546));
#7268=DIRECTION('',(1.15532583500055E-15,1.,0.));
#7269=DIRECTION('',(0.707106781186548,-8.177564888978E-16,0.707106781186548));
#7270=DIRECTION('',(-0.707106781186548,8.177564888978E-16,0.707106781186548));
#7271=DIRECTION('',(-0.577350269189626,-0.577350269189626,0.577350269189626));
#7272=DIRECTION('',(0.707106781186548,-8.177564888978E-16,0.707106781186548));
#7273=DIRECTION('',(-0.707106781186548,8.177564888978E-16,0.707106781186548));
#7274=DIRECTION('',(-0.707106781186547,8.177564888978E-16,-0.707106781186547));
#7275=DIRECTION('',(-1.15532583500055E-15,-1.,0.));
#7276=DIRECTION('',(0.,0.707106781186548,0.707106781186548));
#7277=DIRECTION('',(0.,-0.707106781186548,0.707106781186548));
#7278=DIRECTION('',(0.,0.707106781186548,0.707106781186548));
#7279=DIRECTION('',(0.,-0.707106781186548,0.707106781186548));
#7280=DIRECTION('',(0.,-0.707106781186547,-0.707106781186547));
#7281=DIRECTION('',(1.,0.,0.));
#7282=DIRECTION('',(-0.577350269189624,-0.577350269189626,-0.577350269189628));
#7283=DIRECTION('',(0.,-0.707106781186549,0.707106781186546));
#7284=DIRECTION('',(0.,-0.707106781186546,-0.707106781186549));
#7285=DIRECTION('',(0.,-0.707106781186549,0.707106781186546));
#7286=DIRECTION('',(-1.,0.,0.));
#7287=DIRECTION('',(0.,-0.707106781186549,0.707106781186546));
#7288=DIRECTION('',(0.,-0.707106781186546,-0.707106781186549));
#7289=DIRECTION('',(-0.577350269189626,0.577350269189625,0.577350269189627));
#7290=DIRECTION('',(0.,-0.707106781186549,0.707106781186546));
#7291=DIRECTION('',(-1.,0.,0.));
#7292=DIRECTION('',(-0.70710678118655,8.17756488897802E-16,0.707106781186545));
#7293=DIRECTION('',(-0.707106781186545,8.17756488897797E-16,-0.70710678118655));
#7294=DIRECTION('',(-0.70710678118655,8.17756488897802E-16,0.707106781186545));
#7295=DIRECTION('',(1.15532583500055E-15,1.,0.));
#7296=DIRECTION('',(0.707106781186548,-8.177564888978E-16,0.707106781186548));
#7297=DIRECTION('',(0.707106781186548,-8.177564888978E-16,-0.707106781186548));
#7298=DIRECTION('',(0.707106781186547,-8.17756488897799E-16,0.707106781186547));
#7299=DIRECTION('',(-1.15532583500055E-15,-1.,0.));
#7300=DIRECTION('',(-0.577350269189623,0.577350269189627,-0.577350269189627));
#7301=DIRECTION('',(-0.70710678118655,8.17756488897802E-16,0.707106781186545));
#7302=DIRECTION('',(0.707106781186545,-8.17756488897797E-16,0.70710678118655));
#7303=DIRECTION('',(-0.70710678118655,8.17756488897802E-16,0.707106781186545));
#7304=DIRECTION('',(1.15532583500055E-15,1.,0.));
#7305=DIRECTION('',(0.707106781186548,-8.177564888978E-16,0.707106781186548));
#7306=DIRECTION('',(-0.707106781186548,8.177564888978E-16,0.707106781186548));
#7307=DIRECTION('',(-0.577350269189626,-0.577350269189626,0.577350269189626));
#7308=DIRECTION('',(0.707106781186547,-8.17756488897799E-16,0.707106781186547));
#7309=DIRECTION('',(-1.15532583500055E-15,-1.,0.));
#7310=DIRECTION('',(0.,0.707106781186548,0.707106781186548));
#7311=DIRECTION('',(0.,-0.707106781186548,0.707106781186548));
#7312=DIRECTION('',(0.,-0.707106781186547,-0.707106781186547));
#7313=DIRECTION('',(-1.,0.,0.));
#7314=DIRECTION('',(0.,0.707106781186548,0.707106781186548));
#7315=DIRECTION('',(0.,-0.707106781186548,0.707106781186548));
#7316=DIRECTION('',(0.,-0.707106781186547,-0.707106781186547));
#7317=DIRECTION('',(-1.,0.,0.));
#7318=DIRECTION('',(-9.91270557701033E-16,-1.,6.60847038467355E-16));
#7319=DIRECTION('',(0.707106781186548,-2.46519032881566E-32,-0.707106781186547));
#7320=DIRECTION('',(9.91270557701033E-16,1.,-6.60847038467355E-16));
#7321=DIRECTION('',(-0.707106781186548,2.46519032881566E-32,0.707106781186547));
#7322=DIRECTION('',(-0.707106781186547,2.33644711113656E-16,-0.707106781186548));
#7323=DIRECTION('',(9.85322934354826E-16,1.,-6.66133814775094E-16));
#7324=DIRECTION('',(-0.707106781186548,0.,0.707106781186547));
#7325=DIRECTION('',(-9.96433425189059E-16,-1.,6.66009905955381E-16));
#7326=DIRECTION('',(0.707106781186548,0.,-0.707106781186547));
#7327=DIRECTION('',(9.96433425189059E-16,1.,-6.66009905955381E-16));
#7328=DIRECTION('',(0.707106781186548,0.,-0.707106781186547));
#7329=DIRECTION('',(-0.707106781186547,2.33644711113656E-16,-0.707106781186548));
#7330=DIRECTION('',(-0.707106781186545,0.,0.707106781186545));
#7331=DIRECTION('',(-8.26058798084195E-16,-1.,8.26058798084193E-16));
#7332=DIRECTION('',(-0.707106781186547,2.33644711113656E-16,-0.707106781186548));
#7333=DIRECTION('',(-0.707106781186545,0.,0.707106781186545));
#7334=DIRECTION('',(-0.707106781186548,0.,0.707106781186547));
#7335=DIRECTION('',(-0.707106781186547,2.33644711113656E-16,-0.707106781186548));
#7336=DIRECTION('',(-0.707106781186545,0.,0.707106781186545));
#7337=DIRECTION('',(8.26058798084195E-16,1.,-8.26058798084193E-16));
#7338=DIRECTION('',(-0.707106781186547,2.33644711113656E-16,-0.707106781186548));
#7339=DIRECTION('',(-0.707106781186545,0.,0.707106781186545));
#7340=DIRECTION('',(-0.707106781186547,2.33644711113656E-16,-0.707106781186548));
#7341=DIRECTION('',(-9.85322934354826E-16,-1.,6.66133814775094E-16));
#7342=DIRECTION('',(0.707106781186547,-4.98522881252466E-17,0.707106781186548));
#7343=DIRECTION('',(-0.707106781186548,2.1570415377137E-32,0.707106781186547));
#7344=DIRECTION('',(-0.707106781186547,4.98522881252466E-17,-0.707106781186548));
#7345=DIRECTION('',(3.52508909910275E-17,1.,3.52508909910275E-17));
#7346=DIRECTION('',(0.,-3.46944695195361E-17,1.));
#7347=DIRECTION('',(0.707106781186547,-4.98522881252465E-17,0.707106781186548));
#7348=DIRECTION('',(9.91270557701033E-16,1.,-6.60847038467355E-16));
#7349=DIRECTION('',(-0.707106781186547,4.98522881252465E-17,-0.707106781186548));
#7350=DIRECTION('',(0.707106781186548,-1.16822355556829E-15,-0.707106781186547));
#7351=DIRECTION('',(-0.707106781186547,0.,-0.707106781186548));
#7352=DIRECTION('',(0.707106781186548,-2.1570415377137E-32,-0.707106781186547));
#7353=DIRECTION('',(-0.707106781186547,4.98522881252466E-17,-0.707106781186548));
#7354=DIRECTION('',(0.707106781186547,-4.98522881252466E-17,0.707106781186548));
#7355=DIRECTION('',(-3.52508909910275E-17,-1.,-3.52508909910275E-17));
#7356=DIRECTION('',(0.,3.46944695195361E-17,-1.));
#7357=DIRECTION('',(0.707106781186547,-4.98522881252465E-17,0.707106781186548));
#7358=DIRECTION('',(-9.91270557701033E-16,-1.,6.60847038467355E-16));
#7359=DIRECTION('',(-0.707106781186547,4.98522881252465E-17,-0.707106781186548));
#7360=DIRECTION('',(-0.707106781186548,1.16822355556829E-15,0.707106781186547));
#7361=DIRECTION('',(0.707106781186547,0.,0.707106781186548));
#7362=DIRECTION('',(-5.72310323328414E-16,-0.577350269189626,0.816496580927726));
#7363=DIRECTION('',(0.5,0.707106781186547,0.500000000000001));
#7364=DIRECTION('',(0.499999999999999,-0.707106781186548,0.5));
#7365=DIRECTION('',(0.5,0.707106781186547,0.500000000000001));
#7366=DIRECTION('',(0.499999999999999,-0.707106781186548,0.5));
#7367=DIRECTION('',(-0.816496580927726,0.577350269189626,-3.81540215552295E-16));
#7368=DIRECTION('',(-0.5,-0.707106781186547,-0.500000000000001));
#7369=DIRECTION('',(0.707106781186548,0.,-0.707106781186547));
#7370=DIRECTION('',(1.,-9.91270557701033E-16,-3.48630559684211E-29));
#7371=DIRECTION('',(3.57757869462418E-29,9.20768775718976E-16,1.));
#7372=DIRECTION('',(5.72310323328473E-16,0.577350269189629,0.816496580927724));
#7373=DIRECTION('',(1.,-9.91270557701033E-16,-3.48630559684211E-29));
#7374=DIRECTION('',(3.57757869462418E-29,9.20768775718976E-16,1.));
#7375=DIRECTION('',(-1.,9.91270557701033E-16,3.48630559684211E-29));
#7376=DIRECTION('',(-9.85322934354826E-16,-1.,6.66133814775094E-16));
#7377=DIRECTION('',(0.,6.60847038467355E-16,1.));
#7378=DIRECTION('',(1.,-7.31348820449411E-16,4.83309702080587E-31));
#7379=DIRECTION('',(-0.816496580927725,-0.577350269189628,3.823032959834E-16));
#7380=DIRECTION('',(0.,6.60847038467355E-16,1.));
#7381=DIRECTION('',(1.,-7.31348820449411E-16,4.83309702080587E-31));
#7382=DIRECTION('',(0.,-6.60847038467355E-16,-1.));
#7383=DIRECTION('',(9.85322934354826E-16,1.,-6.66133814775094E-16));
#7384=DIRECTION('',(0.500000000000001,-0.707106781186545,0.500000000000002));
#7385=DIRECTION('',(0.499999999999998,0.70710678118655,0.499999999999999));
#7386=DIRECTION('',(0.500000000000001,-0.707106781186545,0.500000000000002));
#7387=DIRECTION('',(0.499999999999998,0.70710678118655,0.499999999999999));
#7388=DIRECTION('',(-0.500000000000001,0.707106781186545,-0.500000000000002));
#7389=DIRECTION('',(-0.707106781186548,0.,0.707106781186547));
#7390=DIRECTION('',(0.816496580927726,-0.577350269189627,-6.34906764942494E-15));
#7391=DIRECTION('',(8.24692816258991E-15,6.66009905955373E-16,1.));
#7392=DIRECTION('',(1.,-6.66009905955385E-16,-8.24692816258991E-15));
#7393=DIRECTION('',(8.24692816258991E-15,6.66009905955373E-16,1.));
#7394=DIRECTION('',(-1.,6.66009905955385E-16,8.24692816258991E-15));
#7395=DIRECTION('',(-0.81649658092773,-0.577350269189621,7.13334740875617E-15));
#7396=DIRECTION('',(8.24692816258991E-15,6.66009905955373E-16,1.));
#7397=DIRECTION('',(9.99200722162641E-16,1.,-6.66133814775094E-16));
#7398=DIRECTION('',(0.499999999999999,-0.707106781186549,0.5));
#7399=DIRECTION('',(-0.500000000000001,-0.707106781186546,-0.500000000000001));
#7400=DIRECTION('',(0.499999999999999,-0.707106781186549,0.5));
#7401=DIRECTION('',(-0.500000000000001,-0.707106781186546,-0.500000000000001));
#7402=DIRECTION('',(-2.30116442504975E-15,-0.577350269189626,-0.816496580927726));
#7403=DIRECTION('',(0.499999999999999,-0.707106781186549,0.5));
#7404=DIRECTION('',(-0.707106781186548,0.,0.707106781186547));
#7405=DIRECTION('',(1.15058221252485E-15,-0.577350269189631,0.816496580927723));
#7406=DIRECTION('',(0.500000000000002,0.707106781186544,0.500000000000003));
#7407=DIRECTION('',(0.499999999999997,-0.707106781186551,0.499999999999998));
#7408=DIRECTION('',(0.500000000000002,0.707106781186544,0.500000000000003));
#7409=DIRECTION('',(0.499999999999997,-0.707106781186551,0.499999999999998));
#7410=DIRECTION('',(-0.500000000000002,-0.707106781186544,-0.500000000000003));
#7411=DIRECTION('',(-0.707106781186548,0.,0.707106781186547));
#7412=DIRECTION('',(1.,-9.9643342518906E-16,-2.11375449585634E-15));
#7413=DIRECTION('',(-2.11375449585634E-15,-9.96433425189055E-16,-1.));
#7414=DIRECTION('',(1.,-9.9643342518906E-16,-2.11375449585634E-15));
#7415=DIRECTION('',(2.11375449585634E-15,9.96433425189055E-16,1.));
#7416=DIRECTION('',(1.,-9.9643342518906E-16,-2.11375449585634E-15));
#7417=DIRECTION('',(-9.99200722162641E-16,-1.,6.66133814775094E-16));
#7418=DIRECTION('',(-1.66244333114444E-15,-1.,-5.76775894803469E-31));
#7419=DIRECTION('',(1.,0.,0.));
#7420=DIRECTION('',(-0.707106781186547,0.,-0.707106781186548));
#7421=DIRECTION('',(-0.707106781186545,0.,0.707106781186545));
#7422=DIRECTION('',(-1.15648231731787E-15,-1.,-4.01235405080674E-31));
#7423=DIRECTION('',(1.,0.,0.));
#7424=DIRECTION('',(0.,0.,-1.));
#7425=DIRECTION('',(-1.,0.,0.));
#7426=DIRECTION('',(0.707106781186547,0.,0.707106781186548));
#7427=DIRECTION('',(0.707106781186548,0.,-0.707106781186545));
#7428=DIRECTION('',(0.,0.,1.));
#7429=DIRECTION('',(1.,0.,0.));
#7430=DIRECTION('',(0.,0.,-1.));
#7431=DIRECTION('',(-1.,0.,0.));
#7432=DIRECTION('',(0.,0.,-1.));
#7433=DIRECTION('',(-1.,0.,0.));
#7434=DIRECTION('',(0.,0.,-1.));
#7435=DIRECTION('',(-1.,0.,0.));
#7436=DIRECTION('',(0.,0.,-1.));
#7437=DIRECTION('',(-1.,0.,0.));
#7438=DIRECTION('',(0.,0.,1.));
#7439=DIRECTION('',(1.,0.,0.));
#7440=DIRECTION('',(0.,0.,-1.));
#7441=DIRECTION('',(-1.,0.,0.));
#7442=DIRECTION('',(0.,0.,1.));
#7443=DIRECTION('',(1.,0.,0.));
#7444=DIRECTION('',(0.,0.,1.));
#7445=DIRECTION('',(1.,0.,0.));
#7446=DIRECTION('',(-0.707106781186547,2.40741243048404E-29,-0.707106781186548));
#7447=DIRECTION('',(-0.707106781186548,0.,0.707106781186547));
#7448=DIRECTION('',(0.707106781186547,0.,0.707106781186548));
#7449=DIRECTION('',(0.707106781186545,0.,-0.707106781186545));
#7450=DIRECTION('',(0.,-1.,0.));
#7451=DIRECTION('',(0.,0.,-1.));
#7452=DIRECTION('',(0.,-1.,0.));
#7453=DIRECTION('',(0.,0.,-1.));
#7454=DIRECTION('',(0.,-1.,0.));
#7455=DIRECTION('',(0.,0.,-1.));
#7456=DIRECTION('',(1.15648231731787E-15,1.,-5.05961013826569E-16));
#7457=DIRECTION('',(-1.,0.,0.));
#7458=DIRECTION('',(-0.707106781186547,0.,-0.707106781186548));
#7459=DIRECTION('',(-0.707106781186548,0.,0.707106781186547));
#7460=DIRECTION('',(-0.707106781186547,0.,-0.707106781186548));
#7461=DIRECTION('',(-0.707106781186545,0.,0.707106781186548));
#7462=DIRECTION('',(0.,0.,-1.));
#7463=DIRECTION('',(1.,0.,0.));
#7464=DIRECTION('',(0.,-1.,0.));
#7465=DIRECTION('',(0.,0.,-1.));
#7466=DIRECTION('',(0.,0.,-1.));
#7467=DIRECTION('',(-1.,0.,0.));
#7468=DIRECTION('',(0.707106781186547,-4.98522881252466E-17,0.707106781186548));
#7469=DIRECTION('',(0.707106781186545,0.,-0.707106781186545));
#7470=DIRECTION('',(0.707106781186547,-4.98522881252466E-17,0.707106781186548));
#7471=DIRECTION('',(0.707106781186545,0.,-0.707106781186545));
#7472=DIRECTION('',(0.707106781186547,-4.98522881252466E-17,0.707106781186548));
#7473=DIRECTION('',(0.707106781186545,0.,-0.707106781186545));
#7474=DIRECTION('',(0.707106781186547,-4.98522881252466E-17,0.707106781186548));
#7475=DIRECTION('',(0.707106781186545,0.,-0.707106781186545));
#7476=DIRECTION('',(0.,0.,1.));
#7477=DIRECTION('',(1.,0.,0.));
#7478=DIRECTION('',(0.,0.,1.));
#7479=DIRECTION('',(1.,0.,0.));
#7480=DIRECTION('',(0.,0.,1.));
#7481=DIRECTION('',(1.,0.,0.));
#7482=DIRECTION('',(0.,0.,1.));
#7483=DIRECTION('',(1.,0.,0.));
#7484=DIRECTION('',(1.,0.,3.46944695195362E-16));
#7485=DIRECTION('',(0.,0.,-1.));
#7486=DIRECTION('',(1.,0.,3.46944695195362E-16));
#7487=DIRECTION('',(0.,0.,-1.));
#7488=DIRECTION('',(0.,0.,1.));
#7489=DIRECTION('',(1.,0.,0.));
#7490=DIRECTION('',(0.,0.,1.));
#7491=DIRECTION('',(1.,0.,0.));
#7492=DIRECTION('',(-0.577350269189627,0.577350269189626,0.577350269189625));
#7493=DIRECTION('',(-0.707106781186547,-0.707106781186548,0.));
#7494=DIRECTION('',(-0.707106781186547,-0.707106781186548,0.));
#7495=DIRECTION('',(0.707106781186548,-0.707106781186548,0.));
#7496=DIRECTION('',(-0.577350269189627,0.577350269189626,0.577350269189624));
#7497=DIRECTION('',(-0.707106781186547,-0.707106781186545,0.));
#7498=DIRECTION('',(0.,-1.,0.));
#7499=DIRECTION('',(0.,0.,-1.));
#7500=DIRECTION('',(0.,1.,0.));
#7501=DIRECTION('',(0.,0.,1.));
#7502=DIRECTION('',(0.799999999999999,0.,0.600000000000002));
#7503=DIRECTION('',(0.,-1.,0.));
#7504=DIRECTION('',(0.,0.,1.));
#7505=DIRECTION('',(-0.800000000000002,0.,0.599999999999998));
#7506=DIRECTION('',(0.,1.,0.));
#7507=DIRECTION('',(0.,0.,1.));
#7508=DIRECTION('',(0.,-1.,0.));
#7509=DIRECTION('',(0.,0.,-1.));
#7510=DIRECTION('',(0.,1.,0.));
#7511=DIRECTION('',(0.,0.,1.));
#7512=DIRECTION('',(-0.8,0.,-0.6));
#7513=DIRECTION('',(0.,-1.,0.));
#7514=DIRECTION('',(0.,0.,1.));
#7515=DIRECTION('',(0.8,0.,-0.6));
#7516=DIRECTION('',(0.,1.,0.));
#7517=DIRECTION('',(0.,0.,1.));
#7518=DIRECTION('',(0.,-1.,0.));
#7519=DIRECTION('',(0.8,0.,0.6));
#7520=DIRECTION('',(0.,-1.,0.));
#7521=DIRECTION('',(-0.8,0.,-0.6));
#7522=DIRECTION('',(-0.6,0.,0.8));
#7523=DIRECTION('',(0.8,0.,0.6));
#7524=DIRECTION('',(0.,-1.,0.));
#7525=DIRECTION('',(0.800000000000002,0.,-0.599999999999998));
#7526=DIRECTION('',(0.,-1.,0.));
#7527=DIRECTION('',(-0.800000000000002,0.,0.599999999999998));
#7528=DIRECTION('',(0.599999999999998,0.,0.800000000000002));
#7529=DIRECTION('',(0.800000000000002,0.,-0.599999999999998));
#7530=DIRECTION('',(0.,-1.,0.));
#7531=DIRECTION('',(0.,-1.,0.));
#7532=DIRECTION('',(0.,0.,1.));
#7533=DIRECTION('',(0.,1.,0.));
#7534=DIRECTION('',(0.,0.,1.));
#7535=DIRECTION('',(0.,-1.,0.));
#7536=DIRECTION('',(0.,0.,-1.));
#7537=DIRECTION('',(0.,-1.,0.));
#7538=DIRECTION('',(-0.799999999999999,0.,-0.600000000000002));
#7539=DIRECTION('',(0.799999999999999,0.,0.600000000000002));
#7540=DIRECTION('',(0.600000000000002,0.,-0.799999999999999));
#7541=DIRECTION('',(-0.799999999999999,0.,-0.600000000000002));
#7542=DIRECTION('',(0.,-1.,0.));
#7543=DIRECTION('',(0.,0.,1.));
#7544=DIRECTION('',(0.,1.,0.));
#7545=DIRECTION('',(0.,0.,1.));
#7546=DIRECTION('',(-0.424264068711929,0.707106781186544,-0.565685424949242));
#7547=DIRECTION('',(-0.424264068711925,-0.707106781186551,-0.565685424949236));
#7548=DIRECTION('',(-0.424264068711927,0.707106781186552,0.565685424949234));
#7549=DIRECTION('',(-0.424264068711933,-0.707106781186543,0.565685424949241));
#7550=DIRECTION('',(0.,1.,0.));
#7551=DIRECTION('',(0.,0.,1.));
#7552=DIRECTION('',(0.,-1.,0.));
#7553=DIRECTION('',(0.424264068711928,0.707106781186548,0.565685424949238));
#7554=DIRECTION('',(0.424264068711929,-0.707106781186547,0.565685424949239));
#7555=DIRECTION('',(0.424264068711929,0.707106781186546,-0.565685424949239));
#7556=DIRECTION('',(0.424264068711928,-0.707106781186549,-0.565685424949237));
#7557=DIRECTION('',(0.,-1.,0.));
#7558=DIRECTION('',(0.,0.,-1.));
#7559=DIRECTION('',(0.,-1.,0.));
#7560=DIRECTION('',(-0.8,0.,0.6));
#7561=DIRECTION('',(0.8,0.,-0.6));
#7562=DIRECTION('',(-0.6,0.,-0.8));
#7563=DIRECTION('',(-0.8,0.,0.6));
#7564=DIRECTION('',(0.,1.,0.));
#7565=DIRECTION('',(-1.,0.,0.));
#7566=DIRECTION('',(0.,-1.,0.));
#7567=DIRECTION('',(-1.,0.,0.));
#7568=DIRECTION('',(0.,-1.,0.));
#7569=DIRECTION('',(0.,0.,-0.999999999999999));
#7570=DIRECTION('',(0.,-1.,0.));
#7571=DIRECTION('',(0.,0.,-1.));
#7572=DIRECTION('',(0.,-1.,0.));
#7573=DIRECTION('',(0.,0.,-1.));
#7574=DIRECTION('',(0.,-1.,0.));
#7575=DIRECTION('',(0.,0.,1.));
#7576=DIRECTION('',(0.,1.,0.));
#7577=DIRECTION('',(0.,0.,1.));
#7578=DIRECTION('',(0.,-1.,0.));
#7579=DIRECTION('',(0.,0.,-1.));
#7580=DIRECTION('',(0.,-1.,0.));
#7581=DIRECTION('',(0.,0.,-1.));
#7582=DIRECTION('',(0.,-1.,0.));
#7583=DIRECTION('',(0.,0.,-1.));
#7584=DIRECTION('',(0.,-1.,0.));
#7585=DIRECTION('',(0.,0.,1.));
#7586=DIRECTION('',(-0.799999999999999,0.,-0.600000000000002));
#7587=DIRECTION('',(0.,-1.,0.));
#7588=DIRECTION('',(0.,0.,1.));
#7589=DIRECTION('',(0.800000000000002,0.,-0.599999999999998));
#7590=DIRECTION('',(0.,-1.,0.));
#7591=DIRECTION('',(0.,0.,1.));
#7592=DIRECTION('',(0.8,0.,0.6));
#7593=DIRECTION('',(0.,-1.,0.));
#7594=DIRECTION('',(0.,0.,1.));
#7595=DIRECTION('',(-0.8,0.,0.6));
#7596=DIRECTION('',(0.,1.,0.));
#7597=DIRECTION('',(0.,0.,1.));
#7598=DIRECTION('',(0.,1.,0.));
#7599=DIRECTION('',(0.,0.,0.999999999999999));
#7600=DIRECTION('',(0.,1.,0.));
#7601=DIRECTION('',(0.,0.,1.));
#7602=DIRECTION('',(0.424264068711931,-0.707106781186549,0.565685424949235));
#7603=DIRECTION('',(0.424264068711928,0.707106781186548,0.565685424949238));
#7604=DIRECTION('',(-0.8,0.,0.6));
#7605=DIRECTION('',(0.424264068711931,-0.707106781186549,-0.565685424949235));
#7606=DIRECTION('',(0.,-1.,0.));
#7607=DIRECTION('',(0.,2.76725579418035E-17,-1.));
#7608=DIRECTION('',(0.424264068711929,0.707106781186546,-0.565685424949239));
#7609=DIRECTION('',(0.8,0.,0.6));
#7610=DIRECTION('',(-0.424264068711923,-0.707106781186551,-0.565685424949237));
#7611=DIRECTION('',(-0.424264068711929,0.707106781186544,-0.565685424949242));
#7612=DIRECTION('',(0.800000000000002,0.,-0.599999999999998));
#7613=DIRECTION('',(-0.424264068711934,-0.707106781186547,0.565685424949234));
#7614=DIRECTION('',(0.,-1.,0.));
#7615=DIRECTION('',(0.,2.76725579418034E-17,-1.));
#7616=DIRECTION('',(-0.424264068711927,0.707106781186552,0.565685424949234));
#7617=DIRECTION('',(-0.799999999999999,0.,-0.600000000000002));
#7618=DIRECTION('',(0.,-1.,0.));
#7619=DIRECTION('',(0.,2.74264581182103E-17,-1.));
#7620=DIRECTION('',(0.42426406871193,0.707106781186551,-0.565685424949233));
#7621=DIRECTION('',(-0.42426406871193,-0.707106781186551,0.565685424949233));
#7622=DIRECTION('',(-0.424264068711929,0.707106781186546,0.565685424949239));
#7623=DIRECTION('',(-0.8,0.,-0.6));
#7624=DIRECTION('',(0.424264068711925,-0.707106781186546,0.565685424949243));
#7625=DIRECTION('',(0.,1.,0.));
#7626=DIRECTION('',(0.,7.8812128291292E-17,1.));
#7627=DIRECTION('',(0.424264068711931,0.707106781186549,0.565685424949235));
#7628=DIRECTION('',(0.,1.,0.));
#7629=DIRECTION('',(0.,7.9518963522604E-17,1.));
#7630=DIRECTION('',(0.424264068711928,-0.70710678118655,0.565685424949236));
#7631=DIRECTION('',(0.424264068711929,0.707106781186544,0.565685424949242));
#7632=DIRECTION('',(-0.800000000000002,0.,0.599999999999998));
#7633=DIRECTION('',(0.424264068711927,0.70710678118655,0.565685424949236));
#7634=DIRECTION('',(-0.424264068711928,0.707106781186548,-0.565685424949238));
#7635=DIRECTION('',(0.8,0.,-0.6));
#7636=DIRECTION('',(0.42426406871193,-0.707106781186549,-0.565685424949235));
#7637=DIRECTION('',(0.,1.,0.));
#7638=DIRECTION('',(0.,7.95189635226044E-17,1.));
#7639=DIRECTION('',(-0.424264068711935,0.707106781186547,0.565685424949234));
#7640=DIRECTION('',(0.,1.,0.));
#7641=DIRECTION('',(0.,7.88121282912922E-17,1.));
#7642=DIRECTION('',(0.424264068711927,0.707106781186552,-0.565685424949234));
#7643=DIRECTION('',(0.799999999999999,0.,0.600000000000002));
#7644=DIRECTION('',(0.,-1.,0.));
#7645=DIRECTION('',(0.,0.,1.));
#7646=DIRECTION('',(0.,1.,0.));
#7647=DIRECTION('',(0.,0.,1.));
#7648=DIRECTION('',(0.,-1.,0.));
#7649=DIRECTION('',(0.,0.,-1.));
#7650=DIRECTION('',(0.,1.,0.));
#7651=DIRECTION('',(0.,0.,1.));
#7652=DIRECTION('',(0.,1.,0.));
#7653=DIRECTION('',(0.,0.,1.));
#7654=DIRECTION('',(0.,1.,0.));
#7655=DIRECTION('',(0.,0.,1.));
#7656=DIRECTION('',(0.,-1.,0.));
#7657=DIRECTION('',(0.,2.75080035833785E-17,-1.));
#7658=DIRECTION('',(1.15648231731787E-15,1.,0.));
#7659=DIRECTION('',(-1.,9.13012355777267E-16,0.));
#7660=DIRECTION('',(0.829037572555036,-1.13382233866962E-15,-0.559192903470755));
#7661=DIRECTION('',(-0.06975647374413,0.,-0.997564050259824));
#7662=DIRECTION('',(-0.898794046299169,1.13382233866961E-15,-0.438371146789074));
#7663=DIRECTION('',(-0.829037572555038,1.13382233866956E-15,0.559192903470753));
#7664=DIRECTION('',(0.0697564737441289,0.,0.997564050259824));
#7665=DIRECTION('',(0.898794046299169,-1.13382233866955E-15,0.438371146789072));
#7666=DIRECTION('',(1.15648231731787E-15,1.,0.));
#7667=DIRECTION('',(-1.,1.15532583500055E-15,0.));
#7668=DIRECTION('',(0.,-1.,0.));
#7669=DIRECTION('',(0.,0.,0.999999999999999));
#7670=DIRECTION('',(0.,-1.,0.));
#7671=DIRECTION('',(0.,-1.,0.));
#7672=DIRECTION('',(0.,0.,0.999999999999999));
#7673=DIRECTION('',(0.,1.,0.));
#7674=DIRECTION('',(1.15648231731787E-15,1.,0.));
#7675=DIRECTION('',(-1.,9.13012355777267E-16,0.));
#7676=DIRECTION('',(0.,1.,0.));
#7677=DIRECTION('',(0.,0.,0.999999999999999));
#7678=DIRECTION('',(0.06975647374413,0.,0.997564050259824));
#7679=DIRECTION('',(-0.829037572555036,1.13382233866962E-15,0.559192903470755));
#7680=DIRECTION('',(-0.898794046299169,1.13382233866955E-15,-0.438371146789072));
#7681=DIRECTION('',(-0.0697564737441289,0.,-0.997564050259824));
#7682=DIRECTION('',(0.829037572555038,-1.13382233866956E-15,-0.559192903470753));
#7683=DIRECTION('',(0.898794046299169,-1.13382233866961E-15,0.438371146789074));
#7684=DIRECTION('',(1.15648231731787E-15,1.,0.));
#7685=DIRECTION('',(-1.,1.15532583500055E-15,0.));
#7686=DIRECTION('',(1.66769499378906E-16,0.,-1.));
#7687=DIRECTION('',(0.,-1.,0.));
#7688=DIRECTION('',(1.66769499378906E-16,0.,-1.));
#7689=DIRECTION('',(-1.,0.,-1.66769499378906E-16));
#7690=DIRECTION('',(-1.66533453693773E-16,0.,1.));
#7691=DIRECTION('',(-1.,0.,0.));
#7692=DIRECTION('',(0.,-1.,0.));
#7693=DIRECTION('',(-1.,0.,0.));
#7694=DIRECTION('',(0.,0.,1.));
#7695=DIRECTION('',(1.,0.,0.));
#7696=DIRECTION('',(1.66769499378906E-16,0.,1.));
#7697=DIRECTION('',(1.66769499378906E-16,0.,1.));
#7698=DIRECTION('',(1.,0.,-1.66769499378906E-16));
#7699=DIRECTION('',(-1.66533453693773E-16,0.,-1.));
#7700=DIRECTION('',(0.,1.,0.));
#7701=DIRECTION('',(0.,0.,1.));
#7702=DIRECTION('',(0.,1.,0.));
#7703=DIRECTION('',(0.,0.,1.));
#7704=DIRECTION('',(-0.829037572555036,1.13382233866962E-15,0.559192903470755));
#7705=DIRECTION('',(0.,-1.,0.));
#7706=DIRECTION('',(0.,-1.,0.));
#7707=DIRECTION('',(0.559192903470755,0.,0.829037572555036));
#7708=DIRECTION('',(0.829037572555036,0.,-0.559192903470755));
#7709=DIRECTION('',(-0.898794046299169,1.13382233866955E-15,-0.438371146789072));
#7710=DIRECTION('',(0.,-1.,0.));
#7711=DIRECTION('',(-0.438371146789072,0.,0.898794046299169));
#7712=DIRECTION('',(0.89879404629917,0.,0.438371146789073));
#7713=DIRECTION('',(-0.0697564737441289,0.,-0.997564050259824));
#7714=DIRECTION('',(0.,-1.,0.));
#7715=DIRECTION('',(-0.997564050259824,0.,0.0697564737441289));
#7716=DIRECTION('',(0.0697564737441289,0.,0.997564050259824));
#7717=DIRECTION('',(0.829037572555038,-1.13382233866956E-15,-0.559192903470753));
#7718=DIRECTION('',(0.,-1.,0.));
#7719=DIRECTION('',(-0.559192903470753,0.,-0.829037572555038));
#7720=DIRECTION('',(-0.829037572555038,0.,0.559192903470753));
#7721=DIRECTION('',(0.898794046299169,-1.13382233866961E-15,0.438371146789074));
#7722=DIRECTION('',(0.,-1.,0.));
#7723=DIRECTION('',(0.438371146789074,0.,-0.898794046299169));
#7724=DIRECTION('',(-0.898794046299169,0.,-0.438371146789074));
#7725=DIRECTION('',(0.06975647374413,0.,0.997564050259824));
#7726=DIRECTION('',(0.997564050259824,0.,-0.06975647374413));
#7727=DIRECTION('',(-0.06975647374413,0.,-0.997564050259824));
#7728=DIRECTION('',(-1.30603605794435E-15,-1.,9.13269378153953E-17));
#7729=DIRECTION('',(1.,-1.30624677741054E-15,0.));
#7730=DIRECTION('',(0.,-1.,0.));
#7731=DIRECTION('',(-0.06975647374413,0.,-0.997564050259824));
#7732=DIRECTION('',(0.,-1.,0.));
#7733=DIRECTION('',(-0.997564050259824,0.,0.06975647374413));
#7734=DIRECTION('',(0.06975647374413,0.,0.997564050259824));
#7735=DIRECTION('',(0.,-1.,0.));
#7736=DIRECTION('',(-0.898794046299169,1.13382233866961E-15,-0.438371146789074));
#7737=DIRECTION('',(-0.438371146789074,0.,0.898794046299169));
#7738=DIRECTION('',(0.898794046299169,0.,0.438371146789074));
#7739=DIRECTION('',(0.,-1.,0.));
#7740=DIRECTION('',(-0.829037572555038,1.13382233866956E-15,0.559192903470753));
#7741=DIRECTION('',(0.559192903470753,0.,0.829037572555038));
#7742=DIRECTION('',(0.829037572555038,0.,-0.559192903470753));
#7743=DIRECTION('',(0.,-1.,0.));
#7744=DIRECTION('',(0.0697564737441289,0.,0.997564050259824));
#7745=DIRECTION('',(0.997564050259824,0.,-0.0697564737441289));
#7746=DIRECTION('',(-0.0697564737441289,0.,-0.997564050259824));
#7747=DIRECTION('',(0.,-1.,0.));
#7748=DIRECTION('',(0.898794046299169,-1.13382233866955E-15,0.438371146789072));
#7749=DIRECTION('',(0.438371146789072,0.,-0.898794046299169));
#7750=DIRECTION('',(-0.89879404629917,0.,-0.438371146789073));
#7751=DIRECTION('',(0.829037572555036,-1.13382233866962E-15,-0.559192903470755));
#7752=DIRECTION('',(-0.559192903470755,0.,-0.829037572555036));
#7753=DIRECTION('',(-0.829037572555036,0.,0.559192903470755));
#7754=DIRECTION('',(1.30603605794439E-15,1.,-9.13269378153271E-17));
#7755=DIRECTION('',(-1.,1.30624677741054E-15,0.));
#7756=DIRECTION('',(0.,1.,0.));
#7757=DIRECTION('',(-1.,0.,0.));
#7758=DIRECTION('',(0.,1.,0.));
#7759=DIRECTION('',(-1.,0.,0.));
#7760=DIRECTION('',(9.13012355777267E-16,1.,-2.42607074848479E-47));
#7761=DIRECTION('',(-1.,9.13012355777267E-16,0.));
#7762=DIRECTION('',(0.069756473744124,0.,0.997564050259824));
#7763=DIRECTION('',(0.898794046299165,0.,0.438371146789082));
#7764=DIRECTION('',(0.829037572555043,0.,-0.559192903470744));
#7765=DIRECTION('',(-0.0697564737441242,0.,-0.997564050259824));
#7766=DIRECTION('',(-0.898794046299168,0.,-0.438371146789075));
#7767=DIRECTION('',(-0.829037572555042,0.,0.559192903470746));
#7768=DIRECTION('',(0.,1.,0.));
#7769=DIRECTION('',(0.,0.,1.));
#7770=DIRECTION('',(0.,1.,0.));
#7771=DIRECTION('',(0.,0.,1.));
#7772=DIRECTION('',(-1.15648231731787E-15,-1.,0.));
#7773=DIRECTION('',(0.829037572555043,0.,-0.559192903470744));
#7774=DIRECTION('',(-1.15648231731787E-15,-1.,0.));
#7775=DIRECTION('',(-0.829037572555043,0.,0.559192903470744));
#7776=DIRECTION('',(-0.559192903470744,6.46696704833555E-16,-0.829037572555043));
#7777=DIRECTION('',(-0.829037572555043,0.,0.559192903470744));
#7778=DIRECTION('',(-0.0697564737441242,0.,-0.997564050259824));
#7779=DIRECTION('',(-1.15648231731787E-15,-1.,0.));
#7780=DIRECTION('',(0.0697564737441242,0.,0.997564050259824));
#7781=DIRECTION('',(-0.997564050259824,1.15366518451748E-15,0.0697564737441242));
#7782=DIRECTION('',(0.0697564737441242,0.,0.997564050259824));
#7783=DIRECTION('',(-0.898794046299168,0.,-0.438371146789075));
#7784=DIRECTION('',(-1.15648231731787E-15,-1.,0.));
#7785=DIRECTION('',(0.898794046299168,0.,0.438371146789075));
#7786=DIRECTION('',(-0.438371146789075,5.06968479683922E-16,0.898794046299168));
#7787=DIRECTION('',(0.898794046299168,0.,0.438371146789075));
#7788=DIRECTION('',(-0.829037572555042,0.,0.559192903470746));
#7789=DIRECTION('',(-1.15648231731787E-15,-1.,0.));
#7790=DIRECTION('',(0.829037572555042,0.,-0.559192903470746));
#7791=DIRECTION('',(0.559192903470746,-6.46696704833557E-16,0.829037572555042));
#7792=DIRECTION('',(0.829037572555042,0.,-0.559192903470746));
#7793=DIRECTION('',(0.069756473744124,0.,0.997564050259824));
#7794=DIRECTION('',(-1.15648231731787E-15,-1.,0.));
#7795=DIRECTION('',(-0.069756473744124,0.,-0.997564050259824));
#7796=DIRECTION('',(0.997564050259824,-1.15366518451748E-15,-0.069756473744124));
#7797=DIRECTION('',(-0.069756473744124,0.,-0.997564050259824));
#7798=DIRECTION('',(0.898794046299165,-2.46519032881566E-32,0.438371146789082));
#7799=DIRECTION('',(-0.898794046299165,2.46519032881566E-32,-0.438371146789082));
#7800=DIRECTION('',(0.438371146789082,-5.0696847968393E-16,-0.898794046299165));
#7801=DIRECTION('',(-0.898794046299165,0.,-0.438371146789082));
#7802=DIRECTION('',(0.829037572555042,0.,-0.559192903470746));
#7803=DIRECTION('',(0.898794046299168,0.,0.438371146789075));
#7804=DIRECTION('',(0.0697564737441242,0.,0.997564050259824));
#7805=DIRECTION('',(-0.829037572555043,0.,0.559192903470744));
#7806=DIRECTION('',(-0.898794046299165,0.,-0.438371146789082));
#7807=DIRECTION('',(-0.069756473744124,0.,-0.997564050259824));
#7808=DIRECTION('',(0.,1.,0.));
#7809=DIRECTION('',(0.,0.,1.));
#7810=DIRECTION('',(-0.559192903470748,0.,-0.829037572555041));
#7811=DIRECTION('',(-0.829037572555041,0.,0.559192903470748));
#7812=DIRECTION('',(0.997564050259825,0.,-0.0697564737441263));
#7813=DIRECTION('',(0.0697564737441263,0.,0.997564050259824));
#7814=DIRECTION('',(0.898794046299168,0.,0.438371146789075));
#7815=DIRECTION('',(0.438371146789079,0.,-0.898794046299163));
#7816=DIRECTION('',(0.438371146789078,0.,-0.898794046299167));
#7817=DIRECTION('',(0.898794046299167,0.,0.438371146789078));
#7818=DIRECTION('',(0.829037572555042,0.,-0.559192903470746));
#7819=DIRECTION('',(-0.559192903470743,0.,-0.829037572555036));
#7820=DIRECTION('',(0.438371146789079,0.,-0.898794046299166));
#7821=DIRECTION('',(-0.898794046299166,0.,-0.438371146789079));
#7822=DIRECTION('',(0.0697564737441242,0.,0.997564050259824));
#7823=DIRECTION('',(0.997564050259821,0.,-0.0697564737441268));
#7824=DIRECTION('',(-0.559192903470744,0.,-0.829037572555043));
#7825=DIRECTION('',(0.829037572555043,0.,-0.559192903470744));
#7826=DIRECTION('',(-0.069756473744124,0.,-0.997564050259824));
#7827=DIRECTION('',(-0.997564050259821,0.,0.0697564737441268));
#7828=DIRECTION('',(0.997564050259825,0.,-0.0697564737441217));
#7829=DIRECTION('',(0.0697564737441217,0.,0.997564050259825));
#7830=DIRECTION('',(-0.829037572555043,0.,0.559192903470744));
#7831=DIRECTION('',(0.559192903470743,0.,0.829037572555036));
#7832=DIRECTION('',(-0.898794046299165,0.,-0.438371146789082));
#7833=DIRECTION('',(-0.438371146789079,0.,0.898794046299163));
#7834=DIRECTION('',(-0.559192903470744,0.,-0.829037572555043));
#7835=DIRECTION('',(0.829037572555043,0.,-0.559192903470744));
#7836=DIRECTION('',(0.997564050259825,0.,-0.0697564737441217));
#7837=DIRECTION('',(-0.0697564737441217,0.,-0.997564050259825));
#7838=DIRECTION('',(0.898794046299165,0.,0.438371146789082));
#7839=DIRECTION('',(0.438371146789084,0.,-0.898794046299174));
#7840=DIRECTION('',(0.438371146789079,0.,-0.898794046299166));
#7841=DIRECTION('',(-0.898794046299166,0.,-0.438371146789079));
#7842=DIRECTION('',(0.829037572555043,0.,-0.559192903470744));
#7843=DIRECTION('',(-0.559192903470743,0.,-0.829037572555036));
#7844=DIRECTION('',(0.438371146789078,0.,-0.898794046299167));
#7845=DIRECTION('',(0.898794046299167,0.,0.438371146789078));
#7846=DIRECTION('',(0.069756473744124,0.,0.997564050259824));
#7847=DIRECTION('',(0.997564050259827,0.,-0.0697564737441383));
#7848=DIRECTION('',(-0.559192903470748,0.,-0.829037572555041));
#7849=DIRECTION('',(0.829037572555041,0.,-0.559192903470748));
#7850=DIRECTION('',(-0.0697564737441242,0.,-0.997564050259824));
#7851=DIRECTION('',(-0.997564050259827,0.,0.0697564737441383));
#7852=DIRECTION('',(0.997564050259825,0.,-0.0697564737441263));
#7853=DIRECTION('',(0.0697564737441263,0.,0.997564050259824));
#7854=DIRECTION('',(-0.829037572555042,0.,0.559192903470746));
#7855=DIRECTION('',(0.559192903470743,0.,0.829037572555036));
#7856=DIRECTION('',(-0.898794046299168,0.,-0.438371146789075));
#7857=DIRECTION('',(-0.438371146789067,0.,0.898794046299174));
#7858=DIRECTION('',(0.,1.,0.));
#7859=DIRECTION('',(-1.,0.,0.));
#7860=DIRECTION('',(0.,-1.,0.));
#7861=DIRECTION('',(0.,0.,-0.999999999999999));
#7862=DIRECTION('',(-9.13012355777267E-16,-1.,2.42607074848479E-47));
#7863=DIRECTION('',(1.,-9.13012355777267E-16,0.));
#7864=DIRECTION('',(0.,-1.,0.));
#7865=DIRECTION('',(-0.0697564737441302,0.,-0.997564050259824));
#7866=DIRECTION('',(0.,-1.,0.));
#7867=DIRECTION('',(0.0697564737441302,0.,0.997564050259824));
#7868=DIRECTION('',(0.997564050259824,0.,-0.0697564737441302));
#7869=DIRECTION('',(-0.0697564737441302,0.,-0.997564050259824));
#7870=DIRECTION('',(0.829037572555037,0.,-0.559192903470754));
#7871=DIRECTION('',(0.,-1.,0.));
#7872=DIRECTION('',(-0.829037572555037,0.,0.559192903470754));
#7873=DIRECTION('',(0.559192903470754,0.,0.829037572555037));
#7874=DIRECTION('',(0.829037572555037,0.,-0.559192903470754));
#7875=DIRECTION('',(0.898794046299171,0.,0.43837114678907));
#7876=DIRECTION('',(0.,-1.,0.));
#7877=DIRECTION('',(-0.898794046299171,0.,-0.43837114678907));
#7878=DIRECTION('',(-0.43837114678907,0.,0.898794046299171));
#7879=DIRECTION('',(0.898794046299171,0.,0.43837114678907));
#7880=DIRECTION('',(0.0697564737441292,0.,0.997564050259824));
#7881=DIRECTION('',(0.,-1.,0.));
#7882=DIRECTION('',(-0.0697564737441292,0.,-0.997564050259824));
#7883=DIRECTION('',(-0.997564050259824,0.,0.0697564737441292));
#7884=DIRECTION('',(0.0697564737441292,0.,0.997564050259824));
#7885=DIRECTION('',(-0.829037572555038,0.,0.559192903470753));
#7886=DIRECTION('',(0.,-1.,0.));
#7887=DIRECTION('',(0.829037572555038,0.,-0.559192903470753));
#7888=DIRECTION('',(-0.559192903470753,0.,-0.829037572555038));
#7889=DIRECTION('',(-0.829037572555038,0.,0.559192903470753));
#7890=DIRECTION('',(-0.898794046299169,0.,-0.438371146789073));
#7891=DIRECTION('',(0.898794046299169,0.,0.438371146789073));
#7892=DIRECTION('',(0.438371146789073,0.,-0.898794046299169));
#7893=DIRECTION('',(-0.898794046299169,0.,-0.438371146789073));
#7894=DIRECTION('',(0.898794046299169,0.,0.438371146789073));
#7895=DIRECTION('',(0.829037572555038,0.,-0.559192903470753));
#7896=DIRECTION('',(-0.0697564737441292,0.,-0.997564050259824));
#7897=DIRECTION('',(-0.898794046299171,0.,-0.43837114678907));
#7898=DIRECTION('',(-0.829037572555037,0.,0.559192903470754));
#7899=DIRECTION('',(0.0697564737441302,0.,0.997564050259824));
#7900=DIRECTION('',(0.,-1.,0.));
#7901=DIRECTION('',(0.,0.,-1.));
#7902=DIRECTION('',(0.,1.,0.));
#7903=DIRECTION('',(0.,0.,1.));
#7904=DIRECTION('',(0.,-1.,0.));
#7905=DIRECTION('',(0.,0.,-1.));
#7906=DIRECTION('',(0.,-1.,0.));
#7907=DIRECTION('',(0.,0.,-1.));
#7908=DIRECTION('',(0.,1.,0.));
#7909=DIRECTION('',(0.,0.,1.));
#7910=DIRECTION('',(0.,1.,0.));
#7911=DIRECTION('',(0.,0.,-1.));
#7912=DIRECTION('',(0.,-1.,0.));
#7913=DIRECTION('',(0.,0.,-1.));
#7914=DIRECTION('',(0.,-1.,0.));
#7915=DIRECTION('',(0.,0.,-1.));
#7916=DIRECTION('',(0.,-1.,0.));
#7917=DIRECTION('',(1.,0.,0.));
#7918=DIRECTION('',(0.,1.,0.));
#7919=DIRECTION('',(0.,0.,1.));
#7920=DIRECTION('',(0.,-1.,0.));
#7921=DIRECTION('',(1.,0.,0.));
#7922=DIRECTION('',(0.,-1.,0.));
#7923=DIRECTION('',(0.,0.,-1.));
#7924=DIRECTION('',(0.,1.,0.));
#7925=DIRECTION('',(1.,0.,0.));
#7926=DIRECTION('',(0.,-1.,0.));
#7927=DIRECTION('',(0.,0.,-1.));
#7928=DIRECTION('',(0.,-1.,0.));
#7929=DIRECTION('',(0.,0.,-1.));
#7930=DIRECTION('',(0.997564050259824,0.,-0.0697564737441339));
#7931=DIRECTION('',(-0.0697564737441339,0.,-0.997564050259824));
#7932=DIRECTION('',(-0.438371146789071,0.,0.89879404629917));
#7933=DIRECTION('',(-0.89879404629917,0.,-0.438371146789071));
#7934=DIRECTION('',(-0.829037572555037,0.,0.559192903470754));
#7935=DIRECTION('',(0.559192903470743,0.,0.829037572555036));
#7936=DIRECTION('',(0.559192903470751,0.,0.829037572555039));
#7937=DIRECTION('',(-0.829037572555039,0.,0.559192903470751));
#7938=DIRECTION('',(0.0697564737441302,0.,0.997564050259824));
#7939=DIRECTION('',(0.997564050259827,0.,-0.0697564737441297));
#7940=DIRECTION('',(0.559192903470752,0.,0.829037572555038));
#7941=DIRECTION('',(0.829037572555038,0.,-0.559192903470752));
#7942=DIRECTION('',(-0.898794046299171,0.,-0.43837114678907));
#7943=DIRECTION('',(-0.438371146789067,0.,0.898794046299174));
#7944=DIRECTION('',(0.997564050259824,0.,-0.0697564737441311));
#7945=DIRECTION('',(0.0697564737441311,0.,0.997564050259824));
#7946=DIRECTION('',(0.898794046299169,0.,0.438371146789073));
#7947=DIRECTION('',(0.438371146789067,0.,-0.898794046299174));
#7948=DIRECTION('',(-0.438371146789072,0.,0.898794046299169));
#7949=DIRECTION('',(-0.898794046299169,0.,-0.438371146789072));
#7950=DIRECTION('',(-0.0697564737441292,0.,-0.997564050259824));
#7951=DIRECTION('',(-0.997564050259827,0.,0.0697564737441297));
#7952=DIRECTION('',(0.829037572555038,0.,-0.559192903470753));
#7953=DIRECTION('',(-0.559192903470743,0.,-0.829037572555036));
#7954=DIRECTION('',(0.,1.,0.));
#7955=DIRECTION('',(1.64694429799224E-16,0.,-1.));
#7956=DIRECTION('',(0.,-1.,0.));
#7957=DIRECTION('',(-1.64694429799224E-16,0.,1.));
#7958=DIRECTION('',(-1.,0.,-1.64694429799224E-16));
#7959=DIRECTION('',(-1.64798730217797E-16,0.,1.));
#7960=DIRECTION('',(0.,1.,0.));
#7961=DIRECTION('',(-1.,0.,0.));
#7962=DIRECTION('',(0.,0.,1.));
#7963=DIRECTION('',(1.,0.,0.));
#7964=DIRECTION('',(1.,0.,0.));
#7965=DIRECTION('',(0.,0.,1.));
#7966=DIRECTION('',(1.,0.,0.));
#7967=DIRECTION('',(0.,0.,1.));
#7968=DIRECTION('',(1.,0.,0.));
#7969=DIRECTION('',(0.,1.,0.));
#7970=DIRECTION('',(0.,0.,1.));
#7971=DIRECTION('',(0.,0.,-1.));
#7972=DIRECTION('',(1.,0.,0.));
#7973=DIRECTION('',(0.,0.,-1.));
#7974=DIRECTION('',(0.,-1.,0.));
#7975=DIRECTION('',(0.,0.,-0.999999999999999));
#7976=DIRECTION('',(0.,-1.,0.));
#7977=DIRECTION('',(0.,0.,-0.999999999999999));
#7978=DIRECTION('',(0.,1.,0.));
#7979=DIRECTION('',(0.,0.,0.999999999999999));
#7980=DIRECTION('',(0.,-1.,0.));
#7981=DIRECTION('',(0.,0.,-1.));
#7982=DIRECTION('',(0.,-1.,0.));
#7983=DIRECTION('',(0.,0.,-1.));
#7984=DIRECTION('',(0.,1.,0.));
#7985=DIRECTION('',(0.,0.,1.));
#7986=DIRECTION('',(0.,-1.,0.));
#7987=DIRECTION('',(0.,0.,-1.));
#7988=DIRECTION('',(0.,-1.,0.));
#7989=DIRECTION('',(0.,0.,-1.));
#7990=DIRECTION('',(0.,1.,0.));
#7991=DIRECTION('',(0.,0.,1.));
#7992=DIRECTION('',(0.,-1.,0.));
#7993=DIRECTION('',(0.,0.,-1.));
#7994=DIRECTION('',(0.,-1.,0.));
#7995=DIRECTION('',(0.,0.,-1.));
#7996=DIRECTION('',(0.,1.,0.));
#7997=DIRECTION('',(0.,0.,1.));
#7998=DIRECTION('',(1.,0.,0.));
#7999=DIRECTION('',(0.,-1.,0.));
#8000=DIRECTION('',(-1.,0.,0.));
#8001=DIRECTION('',(0.,1.,0.));
#8002=DIRECTION('',(0.,0.,-1.));
#8003=DIRECTION('',(-1.,0.,0.));
#8004=DIRECTION('',(0.,-1.,0.));
#8005=DIRECTION('',(0.,0.,-1.));
#8006=DIRECTION('',(0.,-1.,0.));
#8007=DIRECTION('',(0.,0.,-1.));
#8008=DIRECTION('',(0.,1.,0.));
#8009=DIRECTION('',(0.,0.,1.));
#8010=DIRECTION('',(0.,1.,0.));
#8011=DIRECTION('',(0.,0.,-1.));
#8012=DIRECTION('',(0.,1.,0.));
#8013=DIRECTION('',(0.,0.,-1.));
#8014=DIRECTION('',(0.,1.,0.));
#8015=DIRECTION('',(0.,0.,-1.));
#8016=DIRECTION('',(0.,1.,0.));
#8017=DIRECTION('',(0.,0.,-1.));
#8018=DIRECTION('',(1.64694429799224E-16,0.,-1.));
#8019=DIRECTION('',(1.,0.,0.));
#8020=DIRECTION('',(0.,0.,1.));
#8021=DIRECTION('',(0.,-1.,0.));
#8022=DIRECTION('',(0.,0.,-1.));
#8023=DIRECTION('',(0.,-1.,0.));
#8024=DIRECTION('',(0.,0.,-1.));
#8025=DIRECTION('',(0.,-1.,0.));
#8026=DIRECTION('',(0.,0.,-1.));
#8027=DIRECTION('',(0.,-1.,0.));
#8028=DIRECTION('',(0.,0.,-1.));
#8029=DIRECTION('',(0.,-1.,0.));
#8030=DIRECTION('',(0.,0.,-1.));
#8031=DIRECTION('',(1.,0.,0.));
#8032=DIRECTION('',(0.,0.,-1.));
#8033=DIRECTION('',(-1.,0.,0.));
#8034=DIRECTION('',(-1.64694429799224E-16,0.,1.));
#8035=DIRECTION('',(0.,-1.,0.));
#8036=DIRECTION('',(0.,0.,-1.));
#8037=DIRECTION('',(0.,1.,0.));
#8038=DIRECTION('',(0.,0.,-1.));
#8039=DIRECTION('',(0.,-1.,0.));
#8040=DIRECTION('',(0.,0.,-1.));
#8041=DIRECTION('',(0.,1.,0.));
#8042=DIRECTION('',(0.,0.,1.));
#8043=DIRECTION('',(0.,-1.,0.));
#8044=DIRECTION('',(0.,-2.77140046087157E-17,-1.));
#8045=DIRECTION('',(0.,1.,0.));
#8046=DIRECTION('',(0.,-2.42497540326263E-17,1.));
#8047=DIRECTION('',(0.,1.,0.));
#8048=DIRECTION('',(0.,0.,-1.));
#8049=DIRECTION('',(0.,-1.,0.));
#8050=DIRECTION('',(0.,0.,-1.));
#8051=DIRECTION('',(0.,1.,0.));
#8052=DIRECTION('',(0.,0.,1.));
#8053=DIRECTION('',(0.,-1.,0.));
#8054=DIRECTION('',(0.,-2.77140046087157E-17,-1.));
#8055=DIRECTION('',(0.,1.,0.));
#8056=DIRECTION('',(0.,-2.42497540326263E-17,1.));
#8057=DIRECTION('',(0.,1.,0.));
#8058=DIRECTION('',(0.,0.,-1.));
#8059=DIRECTION('',(0.,-1.,0.));
#8060=DIRECTION('',(0.,0.,-1.));
#8061=DIRECTION('',(0.,1.,0.));
#8062=DIRECTION('',(0.,0.,1.));
#8063=DIRECTION('',(0.,-1.,0.));
#8064=DIRECTION('',(0.,-2.77140046087157E-17,-1.));
#8065=DIRECTION('',(0.,1.,0.));
#8066=DIRECTION('',(0.,-2.42497540326263E-17,1.));
#8067=DIRECTION('',(0.,1.,0.));
#8068=DIRECTION('',(0.,0.,-1.));
#8069=DIRECTION('',(0.,-1.,0.));
#8070=DIRECTION('',(0.,0.,-1.));
#8071=DIRECTION('',(0.,1.,0.));
#8072=DIRECTION('',(0.,0.,1.));
#8073=DIRECTION('',(0.,-1.,0.));
#8074=DIRECTION('',(0.,-2.77140046087157E-17,-1.));
#8075=DIRECTION('',(0.,1.,0.));
#8076=DIRECTION('',(0.,-2.42497540326263E-17,1.));
#8077=DIRECTION('',(0.,0.,1.));
#8078=DIRECTION('',(-1.,0.,0.));
#8079=DIRECTION('',(0.,0.,-1.));
#8080=DIRECTION('',(-1.,0.,0.));
#8081=DIRECTION('',(-1.,0.,0.));
#8082=DIRECTION('',(0.,0.,-1.));
#8083=DIRECTION('',(1.,0.,0.));
#8084=DIRECTION('',(0.,0.,-1.));
#8085=DIRECTION('',(1.,0.,0.));
#8086=DIRECTION('',(0.,0.,-1.));
#8087=DIRECTION('',(-1.64694429799224E-16,0.,1.));
#8088=DIRECTION('',(1.,0.,0.));
#8089=DIRECTION('',(-1.64694429799224E-16,0.,1.));
#8090=DIRECTION('',(1.,0.,0.));
#8091=DIRECTION('',(1.,-4.33680868994201E-15,0.));
#8092=DIRECTION('',(4.33680868994202E-15,1.,0.));
#8093=DIRECTION('',(0.,1.,0.));
#8094=DIRECTION('',(0.,0.,1.));
#8095=DIRECTION('',(0.,0.,-1.));
#8096=DIRECTION('',(-1.,0.,0.));
#8097=DIRECTION('',(0.,1.,0.));
#8098=DIRECTION('',(0.,0.,1.));
#8099=DIRECTION('',(0.,1.,0.));
#8100=DIRECTION('',(0.,0.,1.));
#8101=DIRECTION('',(1.,0.,0.));
#8102=DIRECTION('',(0.,0.,-1.));
#8103=DIRECTION('',(-1.,0.,0.));
#8104=DIRECTION('',(0.,0.,1.));
#8105=DIRECTION('',(0.,0.,1.));
#8106=DIRECTION('',(1.,0.,0.));
#8107=DIRECTION('',(-1.,0.,0.));
#8108=DIRECTION('',(0.,0.,1.));
#8109=DIRECTION('',(0.,1.,0.));
#8110=DIRECTION('',(0.,0.,1.));
#8111=DIRECTION('',(0.,0.,-1.));
#8112=DIRECTION('',(-1.,0.,0.));
#8113=DIRECTION('',(0.707106781186547,0.,0.707106781186548));
#8114=DIRECTION('',(-0.707106781186548,0.,0.707106781186547));
#8115=DIRECTION('',(1.64694429799224E-16,0.,-1.));
#8116=DIRECTION('',(-1.,0.,0.));
#8117=DIRECTION('',(0.,1.,0.));
#8118=DIRECTION('',(0.,0.,1.));
#8119=DIRECTION('',(0.,1.,0.));
#8120=DIRECTION('',(0.,0.,1.));
#8121=DIRECTION('',(0.707106781186547,0.,-0.707106781186547));
#8122=DIRECTION('',(-0.707106781186547,0.,-0.707106781186547));
#8123=DIRECTION('',(-1.,0.,0.));
#8124=DIRECTION('',(0.,0.,1.));
#8125=DIRECTION('',(0.,0.,1.));
#8126=DIRECTION('',(1.,0.,0.));
#8127=DIRECTION('',(1.,0.,0.));
#8128=DIRECTION('',(0.,0.,-1.));
#8129=DIRECTION('',(0.,0.,1.));
#8130=DIRECTION('',(1.,0.,0.));
#8131=DIRECTION('',(1.0842021724855E-16,0.,-1.));
#8132=DIRECTION('',(1.,0.,5.78241158658936E-16));
#8133=DIRECTION('',(0.,-1.,0.));
#8134=DIRECTION('',(0.,0.,-1.));
#8135=DIRECTION('',(-1.,0.,-1.38777878078145E-15));
#8136=DIRECTION('',(0.,1.,0.));
#8137=DIRECTION('',(0.,0.,-1.));
#8138=DIRECTION('',(-6.93889390390722E-16,0.,1.));
#8139=DIRECTION('',(0.,1.,0.));
#8140=DIRECTION('',(0.,0.,-1.));
#8141=DIRECTION('',(0.,-1.,0.));
#8142=DIRECTION('',(0.,0.,-1.));
#8143=DIRECTION('',(0.,1.,0.));
#8144=DIRECTION('',(0.,0.,-1.));
#8145=DIRECTION('',(1.,0.,0.));
#8146=DIRECTION('',(0.,-1.,0.));
#8147=DIRECTION('',(0.,0.,-1.));
#8148=DIRECTION('',(-1.,0.,0.));
#8149=DIRECTION('',(0.,-1.,0.));
#8150=DIRECTION('',(0.,0.,-1.));
#8151=DIRECTION('',(0.,1.,0.));
#8152=DIRECTION('',(6.93889390390722E-16,0.,-1.));
#8153=DIRECTION('',(0.,1.,0.));
#8154=DIRECTION('',(0.,0.,-1.));
#8155=DIRECTION('',(0.,1.,0.));
#8156=DIRECTION('',(-6.93889390390722E-16,0.,1.));
#8157=DIRECTION('',(-1.,0.,-6.93889390390722E-16));
#8158=DIRECTION('',(-6.93889390390723E-16,0.,1.));
#8159=DIRECTION('',(0.,1.,0.));
#8160=DIRECTION('',(1.,0.,1.38777878078145E-15));
#8161=DIRECTION('',(0.,1.,0.));
#8162=DIRECTION('',(1.,0.,0.));
#8163=DIRECTION('',(1.38777878078145E-15,0.,-1.));
#8164=DIRECTION('',(-1.,0.,-1.38777878078145E-15));
#8165=DIRECTION('',(0.,-1.,0.));
#8166=DIRECTION('',(0.,0.,-1.));
#8167=DIRECTION('',(0.,-1.,0.));
#8168=DIRECTION('',(0.,0.,-1.));
#8169=DIRECTION('',(0.,-1.,0.));
#8170=DIRECTION('',(0.,0.,-1.));
#8171=DIRECTION('',(0.,1.,0.));
#8172=DIRECTION('',(0.,0.,1.));
#8173=DIRECTION('',(0.,1.,0.));
#8174=DIRECTION('',(0.,0.,-1.));
#8175=DIRECTION('',(0.,1.,0.));
#8176=DIRECTION('',(0.,0.,-1.));
#8177=DIRECTION('',(1.,0.,0.));
#8178=DIRECTION('',(0.,0.,-1.));
#8179=DIRECTION('',(0.,-1.,0.));
#8180=DIRECTION('',(0.,0.,-1.));
#8181=DIRECTION('',(0.,1.,0.));
#8182=DIRECTION('',(0.,0.,1.));
#8183=DIRECTION('',(0.,1.,0.));
#8184=DIRECTION('',(0.,0.,1.));
#8185=DIRECTION('',(0.,-1.,0.));
#8186=DIRECTION('',(0.,0.,-0.999999999999999));
#8187=DIRECTION('',(0.,-1.,0.));
#8188=DIRECTION('',(0.,0.,-0.999999999999999));
#8189=DIRECTION('',(0.,1.,0.));
#8190=DIRECTION('',(0.,0.,0.999999999999999));
#8191=DIRECTION('',(-1.0842021724855E-16,0.,1.));
#8192=DIRECTION('',(0.,1.,0.));
#8193=DIRECTION('',(-1.0842021724855E-16,0.,1.));
#8194=DIRECTION('',(0.,-1.,0.));
#8195=DIRECTION('',(-1.,0.,-1.0842021724855E-16));
#8196=DIRECTION('',(-1.07552855510562E-16,0.,1.));
#8197=DIRECTION('',(1.,0.,0.));
#8198=DIRECTION('',(0.,-1.,0.));
#8199=DIRECTION('',(1.,0.,0.));
#8200=DIRECTION('',(0.,1.,0.));
#8201=DIRECTION('',(0.,0.,1.));
#8202=DIRECTION('',(1.,0.,0.));
#8203=DIRECTION('',(0.,0.,-1.));
#8204=DIRECTION('',(0.,-1.,0.));
#8205=DIRECTION('',(0.,0.,-1.));
#8206=DIRECTION('',(0.,1.,0.));
#8207=DIRECTION('',(1.,0.,0.));
#8208=DIRECTION('',(0.,0.,-1.));
#8209=DIRECTION('',(0.,-1.,0.));
#8210=DIRECTION('',(0.,0.,-1.));
#8211=DIRECTION('',(0.,1.,0.));
#8212=DIRECTION('',(0.,0.,1.));
#8213=DIRECTION('',(0.,-1.,0.));
#8214=DIRECTION('',(0.,0.,-1.));
#8215=DIRECTION('',(0.,-1.,0.));
#8216=DIRECTION('',(0.,0.,-1.));
#8217=DIRECTION('',(0.,1.,0.));
#8218=DIRECTION('',(0.,0.,1.));
#8219=DIRECTION('',(0.,-1.,0.));
#8220=DIRECTION('',(0.,0.,-1.));
#8221=DIRECTION('',(0.,-1.,0.));
#8222=DIRECTION('',(0.,0.,-1.));
#8223=DIRECTION('',(0.,1.,0.));
#8224=DIRECTION('',(0.,0.,1.));
#8225=DIRECTION('',(-1.,0.,-5.78241158658936E-16));
#8226=DIRECTION('',(0.,-1.,0.));
#8227=DIRECTION('',(-1.,0.,-5.78241158658936E-16));
#8228=DIRECTION('',(0.,1.,0.));
#8229=DIRECTION('',(5.78241158658936E-16,0.,-1.));
#8230=DIRECTION('',(-1.,0.,-5.759281940243E-16));
#8231=DIRECTION('',(0.,1.,0.));
#8232=DIRECTION('',(0.,0.,-1.));
#8233=DIRECTION('',(0.,1.,0.));
#8234=DIRECTION('',(0.,0.,-1.));
#8235=DIRECTION('',(0.,1.,0.));
#8236=DIRECTION('',(0.,0.,1.));
#8237=DIRECTION('',(1.,0.,5.78241158658936E-16));
#8238=DIRECTION('',(0.,0.,1.));
#8239=DIRECTION('',(-1.,0.,0.));
#8240=DIRECTION('',(1.,0.,0.));
#8241=DIRECTION('',(0.,1.,0.));
#8242=DIRECTION('',(0.,0.,-1.));
#8243=DIRECTION('',(0.,1.,0.));
#8244=DIRECTION('',(0.,0.,-1.));
#8245=DIRECTION('',(0.,0.,-1.));
#8246=DIRECTION('',(0.,1.,0.));
#8247=DIRECTION('',(0.,0.,-1.));
#8248=DIRECTION('',(-1.,0.,-1.38777878078145E-15));
#8249=DIRECTION('',(0.,-1.,0.));
#8250=DIRECTION('',(0.,0.,-1.));
#8251=DIRECTION('',(0.,1.,0.));
#8252=DIRECTION('',(0.,0.,-1.));
#8253=DIRECTION('',(0.,1.,0.));
#8254=DIRECTION('',(0.,0.,-1.));
#8255=DIRECTION('',(0.,1.,0.));
#8256=DIRECTION('',(0.,0.,-1.));
#8257=DIRECTION('',(0.,1.,0.));
#8258=DIRECTION('',(0.,0.,-1.));
#8259=DIRECTION('',(0.,-1.,0.));
#8260=DIRECTION('',(0.,0.,-1.));
#8261=DIRECTION('',(0.,-1.,0.));
#8262=DIRECTION('',(0.,0.,-1.));
#8263=DIRECTION('',(0.,1.,0.));
#8264=DIRECTION('',(0.,0.,-1.));
#8265=DIRECTION('',(0.,-1.,0.));
#8266=DIRECTION('',(0.,0.,-1.));
#8267=DIRECTION('',(0.,-1.,0.));
#8268=DIRECTION('',(0.,0.,-1.));
#8269=DIRECTION('',(0.,1.,0.));
#8270=DIRECTION('',(0.,1.,0.));
#8271=DIRECTION('',(0.,0.,-1.));
#8272=DIRECTION('',(0.,-1.,0.));
#8273=DIRECTION('',(0.,0.,-1.));
#8274=DIRECTION('',(-1.,0.,0.));
#8275=DIRECTION('',(0.,1.,0.));
#8276=DIRECTION('',(1.,0.,0.));
#8277=DIRECTION('',(0.,0.,1.));
#8278=DIRECTION('',(1.,0.,0.));
#8279=DIRECTION('',(0.,-1.,0.));
#8280=DIRECTION('',(0.,0.,-1.));
#8281=DIRECTION('',(0.,1.,0.));
#8282=DIRECTION('',(0.,0.,-1.));
#8283=DIRECTION('',(0.,-1.,0.));
#8284=DIRECTION('',(0.,0.,-1.));
#8285=DIRECTION('',(-1.,0.,0.));
#8286=DIRECTION('',(0.,-1.,0.));
#8287=DIRECTION('',(0.,0.,-1.));
#8288=DIRECTION('',(0.,1.,0.));
#8289=DIRECTION('',(0.,0.,1.));
#8290=DIRECTION('',(-1.,0.,0.));
#8291=DIRECTION('',(0.,-1.,0.));
#8292=DIRECTION('',(0.,0.,-1.));
#8293=DIRECTION('',(0.,0.,-1.));
#8294=DIRECTION('',(-1.,0.,0.));
#8295=DIRECTION('',(0.,-1.,0.));
#8296=DIRECTION('',(0.,0.,-1.));
#8297=DIRECTION('',(0.,1.,0.));
#8298=DIRECTION('',(0.,0.,1.));
#8299=DIRECTION('',(-1.,0.,0.));
#8300=DIRECTION('',(0.,0.,-1.));
#8301=DIRECTION('',(0.,0.,1.));
#8302=DIRECTION('',(-1.,0.,0.));
#8303=DIRECTION('',(0.,0.,1.));
#8304=DIRECTION('',(1.,0.,0.));
#8305=DIRECTION('',(0.,-1.,0.));
#8306=DIRECTION('',(0.,0.,-1.));
#8307=DIRECTION('',(0.,1.,0.));
#8308=DIRECTION('',(0.,0.,1.));
#8309=DIRECTION('',(0.,0.,1.));
#8310=DIRECTION('',(1.,0.,0.));
#8311=DIRECTION('',(0.,0.,-1.));
#8312=DIRECTION('',(-1.,0.,0.));
#8313=DIRECTION('',(-1.,0.,0.));
#8314=DIRECTION('',(0.,0.,1.));
#8315=DIRECTION('',(-1.,0.,-5.78241158658936E-16));
#8316=DIRECTION('',(0.,0.,1.));
#8317=DIRECTION('',(0.,-1.,0.));
#8318=DIRECTION('',(0.,0.,-1.));
#8319=DIRECTION('',(0.,1.,0.));
#8320=DIRECTION('',(0.,0.,1.));
#8321=DIRECTION('',(-1.,0.,0.));
#8322=DIRECTION('',(0.,0.,-1.));
#8323=DIRECTION('',(0.,0.,1.));
#8324=DIRECTION('',(1.,0.,0.));
#8325=DIRECTION('',(0.,0.,1.));
#8326=DIRECTION('',(-1.,0.,0.));
#8327=DIRECTION('',(0.,0.,1.));
#8328=DIRECTION('',(1.,0.,0.));
#8329=DIRECTION('',(-1.,0.,0.));
#8330=DIRECTION('',(0.,0.,1.));
#8331=DIRECTION('',(1.,0.,0.));
#8332=DIRECTION('',(0.,0.,-1.));
#8333=DIRECTION('',(0.,0.,1.));
#8334=DIRECTION('',(1.,0.,0.));
#8335=DIRECTION('',(-1.0842021724855E-16,0.,1.));
#8336=DIRECTION('',(1.,0.,0.));
#8337=DIRECTION('',(0.,1.,0.));
#8338=DIRECTION('',(0.,0.,-1.));
#8339=DIRECTION('',(0.,0.,1.));
#8340=DIRECTION('',(1.,0.,0.));
#8341=DIRECTION('',(0.,1.,0.));
#8342=DIRECTION('',(0.,0.,1.));
#8343=DIRECTION('',(0.,0.,-1.));
#8344=DIRECTION('',(-1.,0.,0.));
#8345=DIRECTION('',(1.,0.,0.));
#8346=DIRECTION('',(0.,0.,-1.));
#8347=DIRECTION('',(0.,-1.,0.));
#8348=DIRECTION('',(0.,0.,-1.));
#8349=DIRECTION('',(0.,0.,-1.));
#8350=DIRECTION('',(-1.,0.,0.));
#8351=DIRECTION('',(-6.93889390390722E-16,0.,1.));
#8352=DIRECTION('',(1.,0.,0.));
#8353=DIRECTION('',(1.,0.,0.));
#8354=DIRECTION('',(0.,0.,-1.));
#8355=DIRECTION('',(1.,0.,0.));
#8356=DIRECTION('',(0.,0.,-1.));
#8357=DIRECTION('',(1.,0.,0.));
#8358=DIRECTION('',(0.,0.,-1.));
#8359=DIRECTION('',(0.,-1.,0.));
#8360=DIRECTION('',(0.,0.,-0.999999999999999));
#8361=DIRECTION('',(0.,0.,-1.));
#8362=DIRECTION('',(-1.,0.,0.));
#8363=DIRECTION('',(0.,-1.,0.));
#8364=DIRECTION('',(0.,0.,-1.));
#8365=DIRECTION('',(1.,0.,0.));
#8366=DIRECTION('',(0.,0.,-1.));
#8367=DIRECTION('',(-1.,0.,-1.38777878078145E-15));
#8368=DIRECTION('',(0.,0.,1.));
#8369=DIRECTION('',(0.,0.,-1.));
#8370=DIRECTION('',(-1.,0.,0.));
#8371=DIRECTION('',(0.,0.,-1.));
#8372=DIRECTION('',(-1.,0.,0.));
#8373=DIRECTION('',(0.,-1.,0.));
#8374=DIRECTION('',(0.,0.,-0.999999999999999));
#8375=DIRECTION('',(0.,-1.,0.));
#8376=DIRECTION('',(0.,0.,1.));
#8377=DIRECTION('',(0.,1.,0.));
#8378=DIRECTION('',(0.,0.,1.));
#8379=DIRECTION('',(0.,1.,0.));
#8380=DIRECTION('',(0.,0.,1.));
#8381=CARTESIAN_POINT('',(0.,0.,0.));
#8382=CARTESIAN_POINT('',(45.,24.,77.9411254969543));
#8383=CARTESIAN_POINT('',(45.,24.,36.9411254969543));
#8384=CARTESIAN_POINT('',(45.,24.,77.5269119345812));
#8385=CARTESIAN_POINT('',(24.7071067811865,24.,57.2340187157678));
#8386=CARTESIAN_POINT('',(67.8822509939085,24.,100.40916292849));
#8387=CARTESIAN_POINT('',(67.1751442127219,24.,101.116269709676));
#8388=CARTESIAN_POINT('',(100.40916292849,24.,67.8822509939086));
#8389=CARTESIAN_POINT('',(57.2340187157678,24.,24.7071067811866));
#8390=CARTESIAN_POINT('',(23.5857864376269,24.,-8.94112549695428));
#8391=CARTESIAN_POINT('',(25.,24.,-10.3553390593274));
#8392=CARTESIAN_POINT('',(23.,24.,-10.3553390593274));
#8393=CARTESIAN_POINT('',(23.,24.,57.9411254969543));
#8394=CARTESIAN_POINT('',(23.,24.,-19.));
#8395=CARTESIAN_POINT('',(24.,24.,-19.));
#8396=CARTESIAN_POINT('',(1.04083408558608E-14,24.,-19.));
#8397=CARTESIAN_POINT('',(24.,24.,-19.));
#8398=CARTESIAN_POINT('',(-23.,24.,-19.));
#8399=CARTESIAN_POINT('',(-23.,24.,57.9411254969543));
#8400=CARTESIAN_POINT('',(-23.,24.,119.));
#8401=CARTESIAN_POINT('',(24.,24.,119.));
#8402=CARTESIAN_POINT('',(1.01915004213637E-14,24.,119.));
#8403=CARTESIAN_POINT('',(24.,24.,119.));
#8404=CARTESIAN_POINT('',(23.,24.,119.));
#8405=CARTESIAN_POINT('',(23.,24.,57.9411254969543));
#8406=CARTESIAN_POINT('',(23.,24.,78.9411254969543));
#8407=CARTESIAN_POINT('',(24.,24.,78.9411254969543));
#8408=CARTESIAN_POINT('',(2.99999999999998,24.,78.9411254969543));
#8409=CARTESIAN_POINT('',(2.99999999999998,24.,37.9411254969543));
#8410=CARTESIAN_POINT('',(2.99999999999998,24.,36.9411254969543));
#8411=CARTESIAN_POINT('',(44.,24.,36.9411254969543));
#8412=CARTESIAN_POINT('',(24.,24.,57.9411254969543));
#8413=CARTESIAN_POINT('',(3.99999999999998,-24.,77.9411254969543));
#8414=CARTESIAN_POINT('',(3.99999999999998,-25.,77.9411254969543));
#8415=CARTESIAN_POINT('',(3.99999999999998,-27.8105313090185,77.9411254969543));
#8416=CARTESIAN_POINT('',(3.99999999999998,-26.5857864376269,77.9411254969543));
#8417=CARTESIAN_POINT('',(4.70710678118653,-28.,77.9411254969543));
#8418=CARTESIAN_POINT('',(44.,-28.,77.9411254969543));
#8419=CARTESIAN_POINT('',(44.,-28.,77.9411254969543));
#8420=CARTESIAN_POINT('',(44.,-24.,77.9411254969543));
#8421=CARTESIAN_POINT('',(44.,-25.,77.9411254969543));
#8422=CARTESIAN_POINT('',(68.4999999999999,-0.499999999999997,77.9411254969544));
#8423=CARTESIAN_POINT('',(43.5857864376269,-25.4142135623731,77.9411254969543));
#8424=CARTESIAN_POINT('',(43.5857864376269,24.,77.9411254969543));
#8425=CARTESIAN_POINT('',(43.5857864376269,25.414213562373,77.9411254969543));
#8426=CARTESIAN_POINT('',(44.5,24.5,77.9411254969543));
#8427=CARTESIAN_POINT('',(44.,25.,77.9411254969543));
#8428=CARTESIAN_POINT('',(44.,29.,77.9411254969543));
#8429=CARTESIAN_POINT('',(44.,28.,77.9411254969543));
#8430=CARTESIAN_POINT('',(3.99999999999998,28.,77.9411254969543));
#8431=CARTESIAN_POINT('',(3.99999999999998,28.,77.9411254969543));
#8432=CARTESIAN_POINT('',(3.99999999999998,29.,77.9411254969543));
#8433=CARTESIAN_POINT('',(3.99999999999998,25.,77.9411254969543));
#8434=CARTESIAN_POINT('',(44.,25.,77.9411254969543));
#8435=CARTESIAN_POINT('',(25.,25.,77.9411254969543));
#8436=CARTESIAN_POINT('',(25.,24.,77.9411254969543));
#8437=CARTESIAN_POINT('',(25.,-25.,77.9411254969543));
#8438=CARTESIAN_POINT('',(3.99999999999998,-25.,77.9411254969543));
#8439=CARTESIAN_POINT('',(44.,24.,77.9411254969543));
#8440=CARTESIAN_POINT('',(21.3483565281115,0.,60.9359187949954));
#8441=CARTESIAN_POINT('',(21.3483565281115,-21.,60.9359187949954));
#8442=CARTESIAN_POINT('',(21.3483565281116,21.,60.9359187949954));
#8443=CARTESIAN_POINT('',(24.,21.,57.9411254969543));
#8444=CARTESIAN_POINT('',(27.9926337295582,21.,58.1837690659898));
#8445=CARTESIAN_POINT('',(27.9926337295582,0.,58.1837690659898));
#8446=CARTESIAN_POINT('',(27.9926337295581,-21.,58.1837690659898));
#8447=CARTESIAN_POINT('',(24.,-21.,57.9411254969543));
#8448=CARTESIAN_POINT('',(24.,-29.,57.9411254969543));
#8449=CARTESIAN_POINT('',(28.,-29.,57.9411254969543));
#8450=CARTESIAN_POINT('',(24.,29.,57.9411254969543));
#8451=CARTESIAN_POINT('',(28.,29.,57.9411254969543));
#8452=CARTESIAN_POINT('',(24.,24.,57.9411254969543));
#8453=CARTESIAN_POINT('',(67.1751442127219,-24.,101.116269709676));
#8454=CARTESIAN_POINT('',(100.40916292849,-24.,67.8822509939086));
#8455=CARTESIAN_POINT('',(67.8822509939085,-24.,100.40916292849));
#8456=CARTESIAN_POINT('',(45.7071067811865,-24.,78.2340187157678));
#8457=CARTESIAN_POINT('',(45.,-24.,77.5269119345812));
#8458=CARTESIAN_POINT('',(45.,-24.,37.9411254969543));
#8459=CARTESIAN_POINT('',(45.,-24.,36.9411254969543));
#8460=CARTESIAN_POINT('',(3.99999999999998,-24.,36.9411254969543));
#8461=CARTESIAN_POINT('',(2.99999999999998,-24.,36.9411254969543));
#8462=CARTESIAN_POINT('',(2.99999999999998,-24.,77.9411254969543));
#8463=CARTESIAN_POINT('',(2.99999999999998,-24.,78.9411254969543));
#8464=CARTESIAN_POINT('',(24.,-24.,78.9411254969543));
#8465=CARTESIAN_POINT('',(23.,-24.,78.9411254969543));
#8466=CARTESIAN_POINT('',(23.,-24.,119.));
#8467=CARTESIAN_POINT('',(23.,-24.,119.));
#8468=CARTESIAN_POINT('',(-2.1316282072803E-14,-24.,119.));
#8469=CARTESIAN_POINT('',(-2.15756232324615E-14,-24.,119.));
#8470=CARTESIAN_POINT('',(-24.,-24.,119.));
#8471=CARTESIAN_POINT('',(-23.,-24.,119.));
#8472=CARTESIAN_POINT('',(-23.,-24.,-19.));
#8473=CARTESIAN_POINT('',(-23.,-24.,-19.));
#8474=CARTESIAN_POINT('',(-2.1316282072803E-14,-24.,-19.));
#8475=CARTESIAN_POINT('',(-2.1316282072803E-14,-24.,-19.));
#8476=CARTESIAN_POINT('',(24.,-24.,-19.));
#8477=CARTESIAN_POINT('',(23.,-24.,-19.));
#8478=CARTESIAN_POINT('',(23.,-24.,-9.94112549695428));
#8479=CARTESIAN_POINT('',(23.,-24.,-10.3553390593273));
#8480=CARTESIAN_POINT('',(25.,-24.,-10.3553390593273));
#8481=CARTESIAN_POINT('',(23.5857864376269,-24.,-8.94112549695427));
#8482=CARTESIAN_POINT('',(100.40916292849,-24.,67.8822509939086));
#8483=CARTESIAN_POINT('',(24.,-24.,57.9411254969543));
#8484=CARTESIAN_POINT('',(60.254833995939,8.74516600406096,94.1959594928934));
#8485=CARTESIAN_POINT('',(46.,23.,79.9411254969543));
#8486=CARTESIAN_POINT('',(44.2928932188135,24.7071067811865,78.2340187157678));
#8487=CARTESIAN_POINT('',(44.2928932188135,24.,78.2340187157678));
#8488=CARTESIAN_POINT('',(44.2928932188134,-24.7071067811865,78.2340187157678));
#8489=CARTESIAN_POINT('',(76.254833995939,7.25483399593904,110.195959492893));
#8490=CARTESIAN_POINT('',(45.9999999999999,-23.,79.9411254969543));
#8491=CARTESIAN_POINT('',(67.1751442127219,-23.,101.116269709676));
#8492=CARTESIAN_POINT('',(67.1751442127219,-23.,101.116269709676));
#8493=CARTESIAN_POINT('',(67.175144212722,24.,101.116269709676));
#8494=CARTESIAN_POINT('',(67.175144212722,23.,101.116269709676));
#8495=CARTESIAN_POINT('',(67.8822509939085,23.,101.823376490863));
#8496=CARTESIAN_POINT('',(67.8822509939085,24.,101.823376490863));
#8497=CARTESIAN_POINT('',(26.,-21.,62.7695526217006));
#8498=CARTESIAN_POINT('',(21.,-21.,62.7695526217006));
#8499=CARTESIAN_POINT('',(21.,-24.,62.7695526217006));
#8500=CARTESIAN_POINT('',(21.,21.,62.7695526217005));
#8501=CARTESIAN_POINT('',(26.,21.,62.7695526217005));
#8502=CARTESIAN_POINT('',(26.,24.,62.7695526217005));
#8503=CARTESIAN_POINT('',(24.2928932188135,24.,-9.64823227814082));
#8504=CARTESIAN_POINT('',(24.2928932188134,-23.,-9.6482322781408));
#8505=CARTESIAN_POINT('',(24.2928932188135,23.,-9.64823227814083));
#8506=CARTESIAN_POINT('',(101.823376490863,23.,67.8822509939086));
#8507=CARTESIAN_POINT('',(101.116269709676,23.,67.1751442127221));
#8508=CARTESIAN_POINT('',(101.116269709676,-24.,67.1751442127221));
#8509=CARTESIAN_POINT('',(101.116269709676,-23.,67.1751442127221));
#8510=CARTESIAN_POINT('',(24.,-23.,-9.94112549695427));
#8511=CARTESIAN_POINT('',(101.823376490863,-24.,67.8822509939086));
#8512=CARTESIAN_POINT('',(24.,-24.,-19.));
#8513=CARTESIAN_POINT('',(24.,-5.86614090636317E-14,-19.));
#8514=CARTESIAN_POINT('',(24.,23.,-19.));
#8515=CARTESIAN_POINT('',(24.,23.,120.));
#8516=CARTESIAN_POINT('',(24.,23.,-10.3553390593274));
#8517=CARTESIAN_POINT('',(24.,-24.,-10.3553390593273));
#8518=CARTESIAN_POINT('',(24.,-23.,-10.3553390593273));
#8519=CARTESIAN_POINT('',(24.,-23.,-19.));
#8520=CARTESIAN_POINT('',(24.,-23.,-19.));
#8521=CARTESIAN_POINT('',(24.,-24.,-19.));
#8522=CARTESIAN_POINT('',(24.,-24.,120.));
#8523=CARTESIAN_POINT('',(24.,-20.5294372515227,123.470562748477));
#8524=CARTESIAN_POINT('',(24.,24.,78.9411254969543));
#8525=CARTESIAN_POINT('',(24.,23.,79.9411254969543));
#8526=CARTESIAN_POINT('',(24.,23.,120.));
#8527=CARTESIAN_POINT('',(24.,23.,119.));
#8528=CARTESIAN_POINT('',(24.,-24.,119.));
#8529=CARTESIAN_POINT('',(24.,-5.85830573866334E-14,119.));
#8530=CARTESIAN_POINT('',(24.,-24.,119.));
#8531=CARTESIAN_POINT('',(24.,-23.,119.));
#8532=CARTESIAN_POINT('',(24.,-23.,78.9411254969543));
#8533=CARTESIAN_POINT('',(24.,-23.,79.9411254969544));
#8534=CARTESIAN_POINT('',(24.,-3.47056274847718,99.4705627484773));
#8535=CARTESIAN_POINT('',(24.,-24.,78.9411254969543));
#8536=CARTESIAN_POINT('',(24.,-24.,78.9411254969543));
#8537=CARTESIAN_POINT('',(24.,-24.,120.));
#8538=CARTESIAN_POINT('',(-24.,24.,-19.));
#8539=CARTESIAN_POINT('',(-24.,-5.39260384428426E-30,-19.));
#8540=CARTESIAN_POINT('',(-24.,-23.,-19.));
#8541=CARTESIAN_POINT('',(-24.,-23.,119.));
#8542=CARTESIAN_POINT('',(-24.,-23.,119.));
#8543=CARTESIAN_POINT('',(-24.,24.,119.));
#8544=CARTESIAN_POINT('',(-24.,1.66244333114444E-15,119.));
#8545=CARTESIAN_POINT('',(-24.,24.,119.));
#8546=CARTESIAN_POINT('',(-24.,23.,119.));
#8547=CARTESIAN_POINT('',(-24.,23.,120.));
#8548=CARTESIAN_POINT('',(-24.,23.,-19.));
#8549=CARTESIAN_POINT('',(-24.,24.,-19.));
#8550=CARTESIAN_POINT('',(-24.,24.,120.));
#8551=CARTESIAN_POINT('',(21.,-23.9999999999999,-8.69848480983497));
#8552=CARTESIAN_POINT('',(21.,21.,-8.698484809835));
#8553=CARTESIAN_POINT('',(21.,-21.,-8.69848480983499));
#8554=CARTESIAN_POINT('',(99.7020561473031,-21.,70.0035713374683));
#8555=CARTESIAN_POINT('',(101.823376490863,-21.,72.1248916810279));
#8556=CARTESIAN_POINT('',(101.823376490863,21.,72.1248916810279));
#8557=CARTESIAN_POINT('',(101.823376490863,21.,72.1248916810279));
#8558=CARTESIAN_POINT('',(99.7020561473032,21.,70.0035713374682));
#8559=CARTESIAN_POINT('',(99.7020561473031,-24.,70.0035713374683));
#8560=CARTESIAN_POINT('',(70.0035713374681,-21.,99.7020561473033));
#8561=CARTESIAN_POINT('',(72.1248916810278,-21.,101.823376490863));
#8562=CARTESIAN_POINT('',(29.5355339059327,-21.,59.2340187157678));
#8563=CARTESIAN_POINT('',(29.5355339059328,24.,59.2340187157678));
#8564=CARTESIAN_POINT('',(29.5355339059328,21.,59.2340187157678));
#8565=CARTESIAN_POINT('',(70.0035713374682,21.,99.7020561473032));
#8566=CARTESIAN_POINT('',(72.1248916810278,21.,101.823376490863));
#8567=CARTESIAN_POINT('',(72.1248916810278,-21.,101.823376490863));
#8568=CARTESIAN_POINT('',(70.0035713374682,24.,99.7020561473032));
#8569=CARTESIAN_POINT('',(8.99999999999996,-21.,72.9411254969543));
#8570=CARTESIAN_POINT('',(8.99999999999996,-21.,74.1911254969543));
#8571=CARTESIAN_POINT('',(8.99999999999997,-21.,42.9411254969543));
#8572=CARTESIAN_POINT('',(8.99999999999997,-21.,44.1911254969543));
#8573=CARTESIAN_POINT('',(24.,-21.,42.9411254969543));
#8574=CARTESIAN_POINT('',(24.,-21.,44.1911254969543));
#8575=CARTESIAN_POINT('',(39.,-21.,42.9411254969543));
#8576=CARTESIAN_POINT('',(39.,-21.,44.1911254969543));
#8577=CARTESIAN_POINT('',(39.,-21.,57.9411254969543));
#8578=CARTESIAN_POINT('',(39.,-21.,59.1911254969543));
#8579=CARTESIAN_POINT('',(8.99999999999996,-21.,57.9411254969543));
#8580=CARTESIAN_POINT('',(8.99999999999996,-21.,59.1911254969543));
#8581=CARTESIAN_POINT('',(26.,-21.,62.7695526217006));
#8582=CARTESIAN_POINT('',(101.823376490863,-21.,72.1248916810279));
#8583=CARTESIAN_POINT('',(21.,-21.,120.));
#8584=CARTESIAN_POINT('',(21.,-21.,-23.));
#8585=CARTESIAN_POINT('',(21.,-21.,-23.));
#8586=CARTESIAN_POINT('',(-21.,-21.,-23.));
#8587=CARTESIAN_POINT('',(-21.,-21.,101.823376490863));
#8588=CARTESIAN_POINT('',(-21.,-21.,123.));
#8589=CARTESIAN_POINT('',(21.,-21.,123.));
#8590=CARTESIAN_POINT('',(21.,-21.,123.));
#8591=CARTESIAN_POINT('',(21.,-21.,120.));
#8592=CARTESIAN_POINT('',(67.8822509939085,-21.,101.823376490863));
#8593=CARTESIAN_POINT('',(8.99999999999996,21.,72.9411254969543));
#8594=CARTESIAN_POINT('',(8.99999999999996,21.,71.6911254969543));
#8595=CARTESIAN_POINT('',(8.99999999999997,21.,42.9411254969543));
#8596=CARTESIAN_POINT('',(8.99999999999997,21.,41.6911254969543));
#8597=CARTESIAN_POINT('',(24.,21.,42.9411254969543));
#8598=CARTESIAN_POINT('',(24.,21.,41.6911254969543));
#8599=CARTESIAN_POINT('',(39.,21.,42.9411254969543));
#8600=CARTESIAN_POINT('',(39.,21.,41.6911254969543));
#8601=CARTESIAN_POINT('',(39.,21.,57.9411254969543));
#8602=CARTESIAN_POINT('',(39.,21.,56.6911254969543));
#8603=CARTESIAN_POINT('',(8.99999999999996,21.,57.9411254969543));
#8604=CARTESIAN_POINT('',(8.99999999999996,21.,56.6911254969543));
#8605=CARTESIAN_POINT('',(21.,21.,67.8822509939086));
#8606=CARTESIAN_POINT('',(21.,21.,123.));
#8607=CARTESIAN_POINT('',(-21.,21.,123.));
#8608=CARTESIAN_POINT('',(-21.,21.,123.));
#8609=CARTESIAN_POINT('',(-21.,21.,120.));
#8610=CARTESIAN_POINT('',(-21.,21.,-23.));
#8611=CARTESIAN_POINT('',(-21.,21.,-23.));
#8612=CARTESIAN_POINT('',(21.,21.,-23.));
#8613=CARTESIAN_POINT('',(21.,21.,67.8822509939086));
#8614=CARTESIAN_POINT('',(72.1248916810278,21.,101.823376490863));
#8615=CARTESIAN_POINT('',(26.,21.,62.7695526217005));
#8616=CARTESIAN_POINT('',(101.823376490863,21.,67.8822509939086));
#8617=CARTESIAN_POINT('',(21.,21.,-23.));
#8618=CARTESIAN_POINT('',(21.,-24.,120.));
#8619=CARTESIAN_POINT('',(21.,21.,123.));
#8620=CARTESIAN_POINT('',(21.,-24.,120.));
#8621=CARTESIAN_POINT('',(-21.,-21.,123.));
#8622=CARTESIAN_POINT('',(-21.,-21.,-23.));
#8623=CARTESIAN_POINT('',(-21.,24.,120.));
#8624=CARTESIAN_POINT('',(26.,24.,62.7695526217005));
#8625=CARTESIAN_POINT('',(3.99999999999998,-28.,77.9411254969543));
#8626=CARTESIAN_POINT('',(3.99999999999998,-28.,37.9411254969543));
#8627=CARTESIAN_POINT('',(3.99999999999998,-28.,77.2340187157678));
#8628=CARTESIAN_POINT('',(3.99999999999998,-26.5857864376269,77.9411254969543));
#8629=CARTESIAN_POINT('',(3.99999999999998,-25.,37.9411254969543));
#8630=CARTESIAN_POINT('',(3.99999999999998,-25.,37.9411254969543));
#8631=CARTESIAN_POINT('',(3.99999999999998,-24.,37.9411254969543));
#8632=CARTESIAN_POINT('',(3.99999999999998,-24.,77.9411254969543));
#8633=CARTESIAN_POINT('',(44.,-25.,37.9411254969543));
#8634=CARTESIAN_POINT('',(44.,-25.,37.9411254969543));
#8635=CARTESIAN_POINT('',(44.,-24.,37.9411254969543));
#8636=CARTESIAN_POINT('',(44.,-28.,37.9411254969543));
#8637=CARTESIAN_POINT('',(3.99999999999997,-28.,37.9411254969543));
#8638=CARTESIAN_POINT('',(3.99999999999997,-24.,37.9411254969543));
#8639=CARTESIAN_POINT('',(44.,-25.,77.9411254969543));
#8640=CARTESIAN_POINT('',(44.,-28.,37.9411254969543));
#8641=CARTESIAN_POINT('',(44.,-24.,37.9411254969543));
#8642=CARTESIAN_POINT('',(24.,-29.,72.9411254969543));
#8643=CARTESIAN_POINT('',(24.,-29.,74.1911254969543));
#8644=CARTESIAN_POINT('',(39.,-29.,72.9411254969543));
#8645=CARTESIAN_POINT('',(39.,-29.,74.1911254969543));
#8646=CARTESIAN_POINT('',(8.99999999999996,-29.,72.9411254969543));
#8647=CARTESIAN_POINT('',(8.99999999999996,-29.,74.1911254969543));
#8648=CARTESIAN_POINT('',(8.99999999999997,-29.,42.9411254969543));
#8649=CARTESIAN_POINT('',(8.99999999999997,-29.,44.1911254969543));
#8650=CARTESIAN_POINT('',(24.,-29.,42.9411254969543));
#8651=CARTESIAN_POINT('',(24.,-29.,44.1911254969543));
#8652=CARTESIAN_POINT('',(39.,-29.,42.9411254969543));
#8653=CARTESIAN_POINT('',(39.,-29.,44.1911254969543));
#8654=CARTESIAN_POINT('',(39.,-29.,57.9411254969543));
#8655=CARTESIAN_POINT('',(39.,-29.,59.1911254969543));
#8656=CARTESIAN_POINT('',(8.99999999999996,-29.,57.9411254969543));
#8657=CARTESIAN_POINT('',(8.99999999999996,-29.,59.1911254969543));
#8658=CARTESIAN_POINT('',(24.,-29.,76.5269119345812));
#8659=CARTESIAN_POINT('',(43.,-29.,76.5269119345813));
#8660=CARTESIAN_POINT('',(5.41421356237307,-29.,76.5269119345812));
#8661=CARTESIAN_POINT('',(5.41421356237307,-29.,57.9411254969543));
#8662=CARTESIAN_POINT('',(5.41421356237307,-29.,38.9411254969543));
#8663=CARTESIAN_POINT('',(24.,-29.,38.9411254969543));
#8664=CARTESIAN_POINT('',(43.,-29.,38.9411254969543));
#8665=CARTESIAN_POINT('',(43.,-29.,57.9411254969543));
#8666=CARTESIAN_POINT('',(24.,-29.,57.9411254969543));
#8667=CARTESIAN_POINT('',(44.,25.,37.9411254969543));
#8668=CARTESIAN_POINT('',(44.,25.,37.9411254969543));
#8669=CARTESIAN_POINT('',(44.,29.,37.9411254969543));
#8670=CARTESIAN_POINT('',(44.,28.,37.9411254969543));
#8671=CARTESIAN_POINT('',(44.,28.,77.9411254969543));
#8672=CARTESIAN_POINT('',(44.,29.,77.9411254969543));
#8673=CARTESIAN_POINT('',(3.99999999999997,25.,37.9411254969543));
#8674=CARTESIAN_POINT('',(3.99999999999997,25.,37.9411254969543));
#8675=CARTESIAN_POINT('',(3.99999999999997,29.,37.9411254969543));
#8676=CARTESIAN_POINT('',(3.99999999999997,28.,37.9411254969543));
#8677=CARTESIAN_POINT('',(44.,28.,37.9411254969543));
#8678=CARTESIAN_POINT('',(44.,29.,37.9411254969543));
#8679=CARTESIAN_POINT('',(3.99999999999998,25.,77.9411254969543));
#8680=CARTESIAN_POINT('',(3.99999999999998,28.,37.9411254969543));
#8681=CARTESIAN_POINT('',(3.99999999999998,29.,37.9411254969543));
#8682=CARTESIAN_POINT('',(24.,29.,72.9411254969543));
#8683=CARTESIAN_POINT('',(24.,29.,71.6911254969543));
#8684=CARTESIAN_POINT('',(39.,29.,72.9411254969543));
#8685=CARTESIAN_POINT('',(39.,29.,71.6911254969543));
#8686=CARTESIAN_POINT('',(8.99999999999996,29.,72.9411254969543));
#8687=CARTESIAN_POINT('',(8.99999999999996,29.,71.6911254969543));
#8688=CARTESIAN_POINT('',(8.99999999999997,29.,42.9411254969543));
#8689=CARTESIAN_POINT('',(8.99999999999997,29.,41.6911254969543));
#8690=CARTESIAN_POINT('',(24.,29.,42.9411254969543));
#8691=CARTESIAN_POINT('',(24.,29.,41.6911254969543));
#8692=CARTESIAN_POINT('',(39.,29.,42.9411254969543));
#8693=CARTESIAN_POINT('',(39.,29.,41.6911254969543));
#8694=CARTESIAN_POINT('',(39.,29.,57.9411254969543));
#8695=CARTESIAN_POINT('',(39.,29.,56.6911254969543));
#8696=CARTESIAN_POINT('',(8.99999999999996,29.,57.9411254969543));
#8697=CARTESIAN_POINT('',(8.99999999999996,29.,56.6911254969543));
#8698=CARTESIAN_POINT('',(43.,29.,57.9411254969543));
#8699=CARTESIAN_POINT('',(43.,29.,76.9411254969543));
#8700=CARTESIAN_POINT('',(43.,29.,38.9411254969543));
#8701=CARTESIAN_POINT('',(24.,29.,38.9411254969543));
#8702=CARTESIAN_POINT('',(4.99999999999998,29.,38.9411254969543));
#8703=CARTESIAN_POINT('',(4.99999999999998,29.,57.9411254969543));
#8704=CARTESIAN_POINT('',(4.99999999999998,29.,76.9411254969543));
#8705=CARTESIAN_POINT('',(44.,29.,76.9411254969543));
#8706=CARTESIAN_POINT('',(24.,29.,57.9411254969543));
#8707=CARTESIAN_POINT('',(43.5857864376269,-25.4142135623731,78.9411254969543));
#8708=CARTESIAN_POINT('',(30.6666666666666,-38.3333333333334,51.2744588302877));
#8709=CARTESIAN_POINT('',(46.,-23.,78.5269119345812));
#8710=CARTESIAN_POINT('',(44.,-25.,37.9411254969543));
#8711=CARTESIAN_POINT('',(25.,-24.,78.9411254969543));
#8712=CARTESIAN_POINT('',(23.,-23.,79.9411254969543));
#8713=CARTESIAN_POINT('',(9.99999999999993,-31.,71.9411254969543));
#8714=CARTESIAN_POINT('',(24.,-24.,78.9411254969543));
#8715=CARTESIAN_POINT('',(3.99999999999997,-25.,37.9411254969543));
#8716=CARTESIAN_POINT('',(3.99999999999997,-25.,37.9411254969543));
#8717=CARTESIAN_POINT('',(3.99999999999998,-25.,77.9411254969543));
#8718=CARTESIAN_POINT('',(11.8047378541244,-35.0976310729378,70.8434944240165));
#8719=CARTESIAN_POINT('',(5.41421356237307,-28.7071067811865,77.2340187157678));
#8720=CARTESIAN_POINT('',(24.,-28.7071067811865,77.2340187157678));
#8721=CARTESIAN_POINT('',(43.2928932188134,-28.7071067811866,77.2340187157678));
#8722=CARTESIAN_POINT('',(36.6666666666666,-35.3333333333333,70.607792163621));
#8723=CARTESIAN_POINT('',(24.,-29.,76.9411254969543));
#8724=CARTESIAN_POINT('',(4.70710678118652,-28.7071067811865,57.9411254969543));
#8725=CARTESIAN_POINT('',(4.70710678118652,-28.7071067811865,38.6482322781409));
#8726=CARTESIAN_POINT('',(4.70710678118652,-28.7071067811865,76.5269119345812));
#8727=CARTESIAN_POINT('',(11.0976310729378,-35.0976310729378,70.13638764283));
#8728=CARTESIAN_POINT('',(11.3333333333333,-35.3333333333333,45.2744588302877));
#8729=CARTESIAN_POINT('',(4.99999999999998,-29.,57.9411254969543));
#8730=CARTESIAN_POINT('',(44.,-28.,76.5269119345813));
#8731=CARTESIAN_POINT('',(36.6666666666666,-35.3333333333333,45.2744588302877));
#8732=CARTESIAN_POINT('',(43.,-29.,57.9411254969543));
#8733=CARTESIAN_POINT('',(5.41421356237307,-28.,37.9411254969543));
#8734=CARTESIAN_POINT('',(24.,-29.,38.9411254969543));
#8735=CARTESIAN_POINT('',(46.,23.,78.5269119345812));
#8736=CARTESIAN_POINT('',(30.6666666666667,38.3333333333333,51.2744588302876));
#8737=CARTESIAN_POINT('',(43.5857864376269,25.414213562373,78.9411254969543));
#8738=CARTESIAN_POINT('',(44.,25.,77.9411254969543));
#8739=CARTESIAN_POINT('',(17.3333333333333,38.3333333333334,51.2744588302877));
#8740=CARTESIAN_POINT('',(44.,25.,37.9411254969543));
#8741=CARTESIAN_POINT('',(17.3333333333333,38.3333333333334,64.6077921636209));
#8742=CARTESIAN_POINT('',(3.99999999999998,25.,37.9411254969543));
#8743=CARTESIAN_POINT('',(23.,23.,79.9411254969543));
#8744=CARTESIAN_POINT('',(25.,24.,78.9411254969543));
#8745=CARTESIAN_POINT('',(44.,25.,77.9411254969543));
#8746=CARTESIAN_POINT('',(11.3333333333333,35.3333333333333,70.6077921636211));
#8747=CARTESIAN_POINT('',(36.6666666666666,35.3333333333334,70.607792163621));
#8748=CARTESIAN_POINT('',(24.,29.,76.9411254969543));
#8749=CARTESIAN_POINT('',(36.6666666666666,35.3333333333333,45.2744588302877));
#8750=CARTESIAN_POINT('',(43.,29.,57.9411254969543));
#8751=CARTESIAN_POINT('',(11.3333333333333,35.3333333333333,45.2744588302877));
#8752=CARTESIAN_POINT('',(4.99999999999998,29.,57.9411254969543));
#8753=CARTESIAN_POINT('',(24.,29.,38.9411254969543));
#8754=CARTESIAN_POINT('',(8.99999999999996,-29.,57.9411254969543));
#8755=CARTESIAN_POINT('',(8.99999999999996,-29.,57.9411254969543));
#8756=CARTESIAN_POINT('',(39.,-29.,57.9411254969543));
#8757=CARTESIAN_POINT('',(39.,-29.,57.9411254969543));
#8758=CARTESIAN_POINT('',(39.,-29.,42.9411254969543));
#8759=CARTESIAN_POINT('',(39.,-29.,42.9411254969543));
#8760=CARTESIAN_POINT('',(24.,-29.,42.9411254969543));
#8761=CARTESIAN_POINT('',(24.,-29.,42.9411254969543));
#8762=CARTESIAN_POINT('',(8.99999999999997,-29.,42.9411254969543));
#8763=CARTESIAN_POINT('',(8.99999999999997,-29.,42.9411254969543));
#8764=CARTESIAN_POINT('',(8.99999999999996,-29.,72.9411254969543));
#8765=CARTESIAN_POINT('',(8.99999999999996,-29.,72.9411254969543));
#8766=CARTESIAN_POINT('',(39.,-29.,72.9411254969543));
#8767=CARTESIAN_POINT('',(24.,-29.,72.9411254969543));
#8768=CARTESIAN_POINT('',(-2.1316282072803E-14,-25.5,-20.));
#8769=CARTESIAN_POINT('',(-1.41421356237311,-25.,-20.));
#8770=CARTESIAN_POINT('',(1.41421356237307,-25.,-20.));
#8771=CARTESIAN_POINT('',(-24.,-25.,-20.));
#8772=CARTESIAN_POINT('',(-24.0857864376269,-25.,-20.));
#8773=CARTESIAN_POINT('',(-25.5,-25.5,-20.));
#8774=CARTESIAN_POINT('',(-25.,-24.0857864376269,-20.));
#8775=CARTESIAN_POINT('',(-25.,21.0000000000001,-20.));
#8776=CARTESIAN_POINT('',(-25.,-1.41421356237309,-20.));
#8777=CARTESIAN_POINT('',(-25.5,3.5527136788005E-15,-20.));
#8778=CARTESIAN_POINT('',(-25.,1.4142135623731,-20.));
#8779=CARTESIAN_POINT('',(-25.,21.0000000000001,-20.));
#8780=CARTESIAN_POINT('',(-25.,24.0857864376269,-20.));
#8781=CARTESIAN_POINT('',(-25.5,25.5,-20.));
#8782=CARTESIAN_POINT('',(-24.0857864376269,25.,-20.));
#8783=CARTESIAN_POINT('',(21.,25.,-20.));
#8784=CARTESIAN_POINT('',(-1.41421356237308,25.,-20.));
#8785=CARTESIAN_POINT('',(1.06581410364015E-14,25.5,-20.));
#8786=CARTESIAN_POINT('',(1.41421356237311,25.,-20.));
#8787=CARTESIAN_POINT('',(21.,25.,-20.));
#8788=CARTESIAN_POINT('',(24.0857864376269,25.,-20.));
#8789=CARTESIAN_POINT('',(25.5,25.5,-20.));
#8790=CARTESIAN_POINT('',(25.,24.0857864376269,-20.));
#8791=CARTESIAN_POINT('',(25.,21.,-20.));
#8792=CARTESIAN_POINT('',(25.,1.41421356237303,-20.));
#8793=CARTESIAN_POINT('',(25.5,-6.03961325396085E-14,-20.));
#8794=CARTESIAN_POINT('',(25.,-1.41421356237315,-20.));
#8795=CARTESIAN_POINT('',(25.,21.,-20.));
#8796=CARTESIAN_POINT('',(25.,-24.0857864376269,-20.));
#8797=CARTESIAN_POINT('',(25.5,-25.5,-20.));
#8798=CARTESIAN_POINT('',(24.0857864376269,-25.,-20.));
#8799=CARTESIAN_POINT('',(-2.1316282072803E-14,-25.,-20.));
#8800=CARTESIAN_POINT('',(31.,21.,-20.));
#8801=CARTESIAN_POINT('',(31.,30.,-20.));
#8802=CARTESIAN_POINT('',(31.,-30.,-20.));
#8803=CARTESIAN_POINT('',(30.,30.,-20.));
#8804=CARTESIAN_POINT('',(30.,31.,-20.));
#8805=CARTESIAN_POINT('',(-21.,31.,-20.));
#8806=CARTESIAN_POINT('',(-30.,31.,-20.));
#8807=CARTESIAN_POINT('',(-30.,30.,-20.));
#8808=CARTESIAN_POINT('',(-31.,30.,-20.));
#8809=CARTESIAN_POINT('',(-31.,-21.,-20.));
#8810=CARTESIAN_POINT('',(-31.,-30.,-20.));
#8811=CARTESIAN_POINT('',(-30.,-30.,-20.));
#8812=CARTESIAN_POINT('',(-30.,-31.,-20.));
#8813=CARTESIAN_POINT('',(21.,-31.,-20.));
#8814=CARTESIAN_POINT('',(30.,-31.,-20.));
#8815=CARTESIAN_POINT('',(30.,-30.,-20.));
#8816=CARTESIAN_POINT('',(21.,21.,-20.));
#8817=CARTESIAN_POINT('',(-30.,-21.,-23.));
#8818=CARTESIAN_POINT('',(-30.,-30.,-23.));
#8819=CARTESIAN_POINT('',(-30.,30.,-23.));
#8820=CARTESIAN_POINT('',(-21.,30.,-23.));
#8821=CARTESIAN_POINT('',(30.,30.,-23.));
#8822=CARTESIAN_POINT('',(30.,-21.0000000000001,-23.));
#8823=CARTESIAN_POINT('',(30.,-30.,-23.));
#8824=CARTESIAN_POINT('',(-21.,-30.,-23.));
#8825=CARTESIAN_POINT('',(25.5,25.5,-23.));
#8826=CARTESIAN_POINT('',(27.,25.5,-23.));
#8827=CARTESIAN_POINT('',(25.5,-6.03961325396085E-14,-23.));
#8828=CARTESIAN_POINT('',(27.,-6.03961325396085E-14,-23.));
#8829=CARTESIAN_POINT('',(25.5,-25.5,-23.));
#8830=CARTESIAN_POINT('',(27.,-25.5,-23.));
#8831=CARTESIAN_POINT('',(1.06581410364015E-14,25.5,-23.));
#8832=CARTESIAN_POINT('',(1.50000000000001,25.5,-23.));
#8833=CARTESIAN_POINT('',(-2.1316282072803E-14,-25.5,-23.));
#8834=CARTESIAN_POINT('',(1.49999999999998,-25.5,-23.));
#8835=CARTESIAN_POINT('',(-25.5,25.5,-23.));
#8836=CARTESIAN_POINT('',(-24.,25.5,-23.));
#8837=CARTESIAN_POINT('',(-25.5,3.5527136788005E-15,-23.));
#8838=CARTESIAN_POINT('',(-24.,3.5527136788005E-15,-23.));
#8839=CARTESIAN_POINT('',(-25.5,-25.5,-23.));
#8840=CARTESIAN_POINT('',(-24.,-25.5,-23.));
#8841=CARTESIAN_POINT('',(-21.,-21.,-23.));
#8842=CARTESIAN_POINT('',(30.,31.,-20.));
#8843=CARTESIAN_POINT('',(30.,31.,-22.));
#8844=CARTESIAN_POINT('',(-21.,31.,-22.));
#8845=CARTESIAN_POINT('',(-30.,31.,-22.));
#8846=CARTESIAN_POINT('',(-30.,31.,-20.));
#8847=CARTESIAN_POINT('',(-21.,31.,-20.));
#8848=CARTESIAN_POINT('',(31.,21.,-22.));
#8849=CARTESIAN_POINT('',(31.,-30.,-22.));
#8850=CARTESIAN_POINT('',(31.,30.,-22.));
#8851=CARTESIAN_POINT('',(31.,30.,-20.));
#8852=CARTESIAN_POINT('',(31.,-30.,-20.));
#8853=CARTESIAN_POINT('',(31.,21.,-20.));
#8854=CARTESIAN_POINT('',(21.,-31.,-22.));
#8855=CARTESIAN_POINT('',(-30.,-31.,-22.));
#8856=CARTESIAN_POINT('',(30.,-31.,-22.));
#8857=CARTESIAN_POINT('',(30.,-31.,-20.));
#8858=CARTESIAN_POINT('',(-30.,-31.,-20.));
#8859=CARTESIAN_POINT('',(21.,-31.,-20.));
#8860=CARTESIAN_POINT('',(-31.,-21.,-22.));
#8861=CARTESIAN_POINT('',(-31.,30.,-22.));
#8862=CARTESIAN_POINT('',(-31.,-30.,-22.));
#8863=CARTESIAN_POINT('',(-31.,-30.,-20.));
#8864=CARTESIAN_POINT('',(-31.,30.,-20.));
#8865=CARTESIAN_POINT('',(-31.,-21.,-20.));
#8866=CARTESIAN_POINT('',(-25.5,-25.5,-20.5));
#8867=CARTESIAN_POINT('',(-24.4393398282202,-24.4393398282202,-19.4393398282202));
#8868=CARTESIAN_POINT('',(-25.5,-25.5,-20.5));
#8869=CARTESIAN_POINT('',(-25.5,-25.5,-23.));
#8870=CARTESIAN_POINT('',(-25.5,3.5527136788005E-15,-20.5));
#8871=CARTESIAN_POINT('',(-25.5,3.5527136788005E-15,-20.5));
#8872=CARTESIAN_POINT('',(-25.5,3.5527136788005E-15,-23.));
#8873=CARTESIAN_POINT('',(-25.5,25.5,-20.5));
#8874=CARTESIAN_POINT('',(-24.4393398282202,24.4393398282202,-19.4393398282202));
#8875=CARTESIAN_POINT('',(-25.5,25.5,-20.5));
#8876=CARTESIAN_POINT('',(-25.5,25.5,-23.));
#8877=CARTESIAN_POINT('',(-2.1316282072803E-14,-25.5,-20.5));
#8878=CARTESIAN_POINT('',(-2.1316282072803E-14,-25.5,-20.5));
#8879=CARTESIAN_POINT('',(-2.1316282072803E-14,-25.5,-23.));
#8880=CARTESIAN_POINT('',(1.06581410364015E-14,25.5,-20.5));
#8881=CARTESIAN_POINT('',(1.06581410364015E-14,25.5,-20.5));
#8882=CARTESIAN_POINT('',(1.06581410364015E-14,25.5,-23.));
#8883=CARTESIAN_POINT('',(25.5,-25.5,-20.5));
#8884=CARTESIAN_POINT('',(24.4393398282202,-24.4393398282202,-19.4393398282202));
#8885=CARTESIAN_POINT('',(25.5,-25.5,-20.5));
#8886=CARTESIAN_POINT('',(25.5,-25.5,-23.));
#8887=CARTESIAN_POINT('',(25.5,-6.03961325396085E-14,-20.5));
#8888=CARTESIAN_POINT('',(25.5,-6.03961325396085E-14,-20.5));
#8889=CARTESIAN_POINT('',(25.5,-6.03961325396085E-14,-23.));
#8890=CARTESIAN_POINT('',(25.5,25.5,-20.5));
#8891=CARTESIAN_POINT('',(24.4393398282202,24.4393398282202,-19.4393398282202));
#8892=CARTESIAN_POINT('',(25.5,25.5,-20.5));
#8893=CARTESIAN_POINT('',(25.5,25.5,-23.));
#8894=CARTESIAN_POINT('',(13.0000000000001,-13.,-40.));
#8895=CARTESIAN_POINT('',(30.7071067811865,-30.7071067811865,-22.2928932188134));
#8896=CARTESIAN_POINT('',(30.,-30.,-23.));
#8897=CARTESIAN_POINT('',(-30.,-30.,-23.));
#8898=CARTESIAN_POINT('',(-30.7071067811866,-30.7071067811865,-22.2928932188134));
#8899=CARTESIAN_POINT('',(-27.,-27.,-26.));
#8900=CARTESIAN_POINT('',(-21.,-30.,-23.));
#8901=CARTESIAN_POINT('',(-30.,-30.,-23.));
#8902=CARTESIAN_POINT('',(-30.,30.,-23.));
#8903=CARTESIAN_POINT('',(-30.7071067811865,30.7071067811865,-22.2928932188134));
#8904=CARTESIAN_POINT('',(-13.,13.0000000000001,-40.));
#8905=CARTESIAN_POINT('',(-30.,-21.,-23.));
#8906=CARTESIAN_POINT('',(13.,13.,-40.));
#8907=CARTESIAN_POINT('',(30.7071067811866,30.7071067811865,-22.2928932188134));
#8908=CARTESIAN_POINT('',(30.,30.,-23.));
#8909=CARTESIAN_POINT('',(30.,-30.,-23.));
#8910=CARTESIAN_POINT('',(30.,-21.0000000000001,-23.));
#8911=CARTESIAN_POINT('',(30.,30.,-23.));
#8912=CARTESIAN_POINT('',(-30.,30.,-23.));
#8913=CARTESIAN_POINT('',(-21.,30.,-23.));
#8914=CARTESIAN_POINT('',(23.,23.,-18.));
#8915=CARTESIAN_POINT('',(23.7071067811866,23.7071067811865,-18.7071067811865));
#8916=CARTESIAN_POINT('',(8.00000000000001,7.99999999999999,-2.99999999999998));
#8917=CARTESIAN_POINT('',(24.,24.,-19.));
#8918=CARTESIAN_POINT('',(-8.00000000000017,8.00000000000006,-3.00000000000005));
#8919=CARTESIAN_POINT('',(-23.7071067811865,23.7071067811865,-18.7071067811865));
#8920=CARTESIAN_POINT('',(-23.,23.,-18.));
#8921=CARTESIAN_POINT('',(24.,24.,-19.));
#8922=CARTESIAN_POINT('',(23.,23.,-18.));
#8923=CARTESIAN_POINT('',(24.,-24.,-19.));
#8924=CARTESIAN_POINT('',(-23.,23.,-18.));
#8925=CARTESIAN_POINT('',(-24.,24.,-19.));
#8926=CARTESIAN_POINT('',(23.,-23.,-18.));
#8927=CARTESIAN_POINT('',(23.7071067811865,-23.7071067811865,-18.7071067811865));
#8928=CARTESIAN_POINT('',(24.,-24.,-19.));
#8929=CARTESIAN_POINT('',(24.,-24.,-19.));
#8930=CARTESIAN_POINT('',(-8.00000000000011,-8.00000000000005,-2.99999999999999));
#8931=CARTESIAN_POINT('',(-23.7071067811866,-23.7071067811865,-18.7071067811865));
#8932=CARTESIAN_POINT('',(-23.,-23.,-18.));
#8933=CARTESIAN_POINT('',(-24.,24.,-19.));
#8934=CARTESIAN_POINT('',(23.,-23.,-18.));
#8935=CARTESIAN_POINT('',(24.,-24.,-19.));
#8936=CARTESIAN_POINT('',(-23.,-23.,-18.));
#8937=CARTESIAN_POINT('',(24.,-24.,-19.));
#8938=CARTESIAN_POINT('',(30.,31.,123.));
#8939=CARTESIAN_POINT('',(30.,30.,123.));
#8940=CARTESIAN_POINT('',(30.,-30.,123.));
#8941=CARTESIAN_POINT('',(-31.,30.,123.));
#8942=CARTESIAN_POINT('',(-30.,30.,123.));
#8943=CARTESIAN_POINT('',(-30.,-31.,123.));
#8944=CARTESIAN_POINT('',(-30.,-30.,123.));
#8945=CARTESIAN_POINT('',(31.,-30.,123.));
#8946=CARTESIAN_POINT('',(25.5,25.5,123.));
#8947=CARTESIAN_POINT('',(24.,25.5,123.));
#8948=CARTESIAN_POINT('',(25.5,-6.03961325396085E-14,123.));
#8949=CARTESIAN_POINT('',(24.,-6.03961325396085E-14,123.));
#8950=CARTESIAN_POINT('',(25.5,-25.5,123.));
#8951=CARTESIAN_POINT('',(24.,-25.5,123.));
#8952=CARTESIAN_POINT('',(1.06581410364015E-14,25.5,123.));
#8953=CARTESIAN_POINT('',(-1.49999999999999,25.5,123.));
#8954=CARTESIAN_POINT('',(-2.1316282072803E-14,-25.5,123.));
#8955=CARTESIAN_POINT('',(-1.50000000000002,-25.5,123.));
#8956=CARTESIAN_POINT('',(-25.5,25.5,123.));
#8957=CARTESIAN_POINT('',(-27.,25.5,123.));
#8958=CARTESIAN_POINT('',(-25.5,3.5527136788005E-15,123.));
#8959=CARTESIAN_POINT('',(-27.,3.5527136788005E-15,123.));
#8960=CARTESIAN_POINT('',(-25.5,-25.5,123.));
#8961=CARTESIAN_POINT('',(-27.,-25.5,123.));
#8962=CARTESIAN_POINT('',(21.,21.,123.));
#8963=CARTESIAN_POINT('',(-25.5,-25.5,120.));
#8964=CARTESIAN_POINT('',(-25.,-24.0857864376269,120.));
#8965=CARTESIAN_POINT('',(-24.0857864376269,-25.,120.));
#8966=CARTESIAN_POINT('',(-2.1316282072803E-14,-25.,120.));
#8967=CARTESIAN_POINT('',(-1.41421356237312,-25.,120.));
#8968=CARTESIAN_POINT('',(-2.1316282072803E-14,-25.5,120.));
#8969=CARTESIAN_POINT('',(1.41421356237307,-25.,120.));
#8970=CARTESIAN_POINT('',(24.,-25.,120.));
#8971=CARTESIAN_POINT('',(24.0857864376269,-25.,120.));
#8972=CARTESIAN_POINT('',(25.5,-25.5,120.));
#8973=CARTESIAN_POINT('',(25.,-24.0857864376269,120.));
#8974=CARTESIAN_POINT('',(25.,-21.0000000000001,120.));
#8975=CARTESIAN_POINT('',(25.,-1.41421356237315,120.));
#8976=CARTESIAN_POINT('',(25.5,-6.03961325396085E-14,120.));
#8977=CARTESIAN_POINT('',(25.,1.41421356237303,120.));
#8978=CARTESIAN_POINT('',(25.,-21.0000000000001,120.));
#8979=CARTESIAN_POINT('',(25.,24.0857864376269,120.));
#8980=CARTESIAN_POINT('',(25.5,25.5,120.));
#8981=CARTESIAN_POINT('',(24.0857864376269,25.,120.));
#8982=CARTESIAN_POINT('',(-21.,25.,120.));
#8983=CARTESIAN_POINT('',(1.4142135623731,25.,120.));
#8984=CARTESIAN_POINT('',(1.06581410364015E-14,25.5,120.));
#8985=CARTESIAN_POINT('',(-1.41421356237308,25.,120.));
#8986=CARTESIAN_POINT('',(-21.,25.,120.));
#8987=CARTESIAN_POINT('',(-24.0857864376269,25.,120.));
#8988=CARTESIAN_POINT('',(-25.5,25.5,120.));
#8989=CARTESIAN_POINT('',(-25.,24.0857864376269,120.));
#8990=CARTESIAN_POINT('',(-25.,-21.,120.));
#8991=CARTESIAN_POINT('',(-25.,1.4142135623731,120.));
#8992=CARTESIAN_POINT('',(-25.5,3.5527136788005E-15,120.));
#8993=CARTESIAN_POINT('',(-25.,-1.41421356237309,120.));
#8994=CARTESIAN_POINT('',(-25.,-21.,120.));
#8995=CARTESIAN_POINT('',(-31.,-21.,120.));
#8996=CARTESIAN_POINT('',(-31.,-30.,120.));
#8997=CARTESIAN_POINT('',(-31.,30.,120.));
#8998=CARTESIAN_POINT('',(-30.,30.,120.));
#8999=CARTESIAN_POINT('',(-30.,31.,120.));
#9000=CARTESIAN_POINT('',(-21.,31.,120.));
#9001=CARTESIAN_POINT('',(30.,31.,120.));
#9002=CARTESIAN_POINT('',(30.,30.,120.));
#9003=CARTESIAN_POINT('',(31.,30.,120.));
#9004=CARTESIAN_POINT('',(31.,21.,120.));
#9005=CARTESIAN_POINT('',(31.,-30.,120.));
#9006=CARTESIAN_POINT('',(30.,-30.,120.));
#9007=CARTESIAN_POINT('',(30.,-31.,120.));
#9008=CARTESIAN_POINT('',(21.,-31.,120.));
#9009=CARTESIAN_POINT('',(-30.,-31.,120.));
#9010=CARTESIAN_POINT('',(-30.,-30.,120.));
#9011=CARTESIAN_POINT('',(-21.,-21.,120.));
#9012=CARTESIAN_POINT('',(-30.,31.,120.));
#9013=CARTESIAN_POINT('',(-30.,31.,122.));
#9014=CARTESIAN_POINT('',(31.,31.,122.));
#9015=CARTESIAN_POINT('',(30.,31.,122.));
#9016=CARTESIAN_POINT('',(30.,31.,120.));
#9017=CARTESIAN_POINT('',(-21.,31.,120.));
#9018=CARTESIAN_POINT('',(31.,30.,120.));
#9019=CARTESIAN_POINT('',(31.,30.,122.));
#9020=CARTESIAN_POINT('',(31.,-31.,122.));
#9021=CARTESIAN_POINT('',(31.,-30.,122.));
#9022=CARTESIAN_POINT('',(31.,-30.,120.));
#9023=CARTESIAN_POINT('',(31.,21.,120.));
#9024=CARTESIAN_POINT('',(-31.,-31.,122.));
#9025=CARTESIAN_POINT('',(-30.,-31.,122.));
#9026=CARTESIAN_POINT('',(30.,-31.,122.));
#9027=CARTESIAN_POINT('',(-30.,-31.,120.));
#9028=CARTESIAN_POINT('',(30.,-31.,120.));
#9029=CARTESIAN_POINT('',(21.,-31.,120.));
#9030=CARTESIAN_POINT('',(-31.,31.,122.));
#9031=CARTESIAN_POINT('',(-31.,30.,122.));
#9032=CARTESIAN_POINT('',(-31.,-30.,122.));
#9033=CARTESIAN_POINT('',(-31.,30.,120.));
#9034=CARTESIAN_POINT('',(-31.,-30.,120.));
#9035=CARTESIAN_POINT('',(-31.,-21.,120.));
#9036=CARTESIAN_POINT('',(-25.5,-25.5,120.5));
#9037=CARTESIAN_POINT('',(-24.4393398282202,-24.4393398282202,119.43933982822));
#9038=CARTESIAN_POINT('',(-25.5,-25.5,120.5));
#9039=CARTESIAN_POINT('',(-25.5,-25.5,123.));
#9040=CARTESIAN_POINT('',(-25.5,3.5527136788005E-15,120.5));
#9041=CARTESIAN_POINT('',(-25.5,3.5527136788005E-15,120.5));
#9042=CARTESIAN_POINT('',(-25.5,3.5527136788005E-15,123.));
#9043=CARTESIAN_POINT('',(-25.5,25.5,120.5));
#9044=CARTESIAN_POINT('',(-24.4393398282202,24.4393398282202,119.43933982822));
#9045=CARTESIAN_POINT('',(-25.5,25.5,120.5));
#9046=CARTESIAN_POINT('',(-25.5,25.5,123.));
#9047=CARTESIAN_POINT('',(-2.1316282072803E-14,-25.5,120.5));
#9048=CARTESIAN_POINT('',(-2.1316282072803E-14,-25.5,120.5));
#9049=CARTESIAN_POINT('',(-2.1316282072803E-14,-25.5,123.));
#9050=CARTESIAN_POINT('',(1.06581410364015E-14,25.5,120.5));
#9051=CARTESIAN_POINT('',(1.06581410364015E-14,25.5,120.5));
#9052=CARTESIAN_POINT('',(1.06581410364015E-14,25.5,123.));
#9053=CARTESIAN_POINT('',(25.5,-25.5,120.5));
#9054=CARTESIAN_POINT('',(24.4393398282202,-24.4393398282202,119.43933982822));
#9055=CARTESIAN_POINT('',(25.5,-25.5,120.5));
#9056=CARTESIAN_POINT('',(25.5,-25.5,123.));
#9057=CARTESIAN_POINT('',(25.5,-6.03961325396085E-14,120.5));
#9058=CARTESIAN_POINT('',(25.5,-6.03961325396085E-14,120.5));
#9059=CARTESIAN_POINT('',(25.5,-6.03961325396085E-14,123.));
#9060=CARTESIAN_POINT('',(25.5,25.5,120.5));
#9061=CARTESIAN_POINT('',(24.4393398282202,24.4393398282202,119.43933982822));
#9062=CARTESIAN_POINT('',(25.5,25.5,120.5));
#9063=CARTESIAN_POINT('',(25.5,25.5,123.));
#9064=CARTESIAN_POINT('',(-27.6666666666667,-27.6666666666667,125.333333333333));
#9065=CARTESIAN_POINT('',(-30.7071067811866,-30.7071067811865,122.292893218813));
#9066=CARTESIAN_POINT('',(-30.,-30.,123.));
#9067=CARTESIAN_POINT('',(30.,-30.,123.));
#9068=CARTESIAN_POINT('',(30.7071067811865,-30.7071067811865,122.292893218813));
#9069=CARTESIAN_POINT('',(27.6666666666666,-27.6666666666667,125.333333333333));
#9070=CARTESIAN_POINT('',(21.,-31.,122.));
#9071=CARTESIAN_POINT('',(-13.6666666666667,13.6666666666666,139.333333333333));
#9072=CARTESIAN_POINT('',(-30.7071067811865,30.7071067811865,122.292893218813));
#9073=CARTESIAN_POINT('',(-30.,30.,123.));
#9074=CARTESIAN_POINT('',(-30.,-30.,123.));
#9075=CARTESIAN_POINT('',(-31.,-21.,122.));
#9076=CARTESIAN_POINT('',(30.,30.,123.));
#9077=CARTESIAN_POINT('',(30.7071067811866,30.7071067811865,122.292893218813));
#9078=CARTESIAN_POINT('',(27.6666666666667,27.6666666666667,125.333333333333));
#9079=CARTESIAN_POINT('',(30.,-30.,123.));
#9080=CARTESIAN_POINT('',(31.,21.,122.));
#9081=CARTESIAN_POINT('',(-30.,30.,123.));
#9082=CARTESIAN_POINT('',(30.,30.,123.));
#9083=CARTESIAN_POINT('',(-21.,31.,122.));
#9084=CARTESIAN_POINT('',(9.6666666666667,9.66666666666665,104.666666666667));
#9085=CARTESIAN_POINT('',(23.7071067811866,23.7071067811866,118.707106781187));
#9086=CARTESIAN_POINT('',(23.,23.,118.));
#9087=CARTESIAN_POINT('',(-21.,25.,120.));
#9088=CARTESIAN_POINT('',(-23.,23.,118.));
#9089=CARTESIAN_POINT('',(-23.7071067811865,23.7071067811865,118.707106781187));
#9090=CARTESIAN_POINT('',(-23.6666666666667,23.6666666666667,118.666666666667));
#9091=CARTESIAN_POINT('',(-21.,25.,120.));
#9092=CARTESIAN_POINT('',(23.,23.,118.));
#9093=CARTESIAN_POINT('',(25.,-21.0000000000001,120.));
#9094=CARTESIAN_POINT('',(-23.,23.,118.));
#9095=CARTESIAN_POINT('',(-25.,-21.,120.));
#9096=CARTESIAN_POINT('',(9.66666666666681,-9.66666666666671,104.666666666667));
#9097=CARTESIAN_POINT('',(23.7071067811865,-23.7071067811865,118.707106781187));
#9098=CARTESIAN_POINT('',(23.,-23.,118.));
#9099=CARTESIAN_POINT('',(25.,-21.0000000000001,120.));
#9100=CARTESIAN_POINT('',(-23.,-23.,118.));
#9101=CARTESIAN_POINT('',(-23.7071067811866,-23.7071067811865,118.707106781187));
#9102=CARTESIAN_POINT('',(-23.6666666666667,-23.6666666666667,118.666666666667));
#9103=CARTESIAN_POINT('',(-25.,-21.,120.));
#9104=CARTESIAN_POINT('',(23.,-23.,118.));
#9105=CARTESIAN_POINT('',(-21.,-25.,120.));
#9106=CARTESIAN_POINT('',(-23.,-23.,118.));
#9107=CARTESIAN_POINT('',(-21.,-25.,120.));
#9108=CARTESIAN_POINT('',(65.7609306503488,-31.,108.187337521542));
#9109=CARTESIAN_POINT('',(65.7609306503489,30.,108.187337521542));
#9110=CARTESIAN_POINT('',(65.7609306503488,-30.,108.187337521542));
#9111=CARTESIAN_POINT('',(108.894444302728,-30.,65.0538238691625));
#9112=CARTESIAN_POINT('',(108.187337521542,-30.,65.760930650349));
#9113=CARTESIAN_POINT('',(108.187337521542,31.,65.760930650349));
#9114=CARTESIAN_POINT('',(108.187337521542,30.,65.760930650349));
#9115=CARTESIAN_POINT('',(65.0538238691623,30.,108.894444302728));
#9116=CARTESIAN_POINT('',(72.1248916810278,-21.,101.823376490863));
#9117=CARTESIAN_POINT('',(99.7020561473032,25.,70.0035713374682));
#9118=CARTESIAN_POINT('',(102.530483272049,25.,67.1751442127221));
#9119=CARTESIAN_POINT('',(67.175144212722,25.,102.530483272049));
#9120=CARTESIAN_POINT('',(67.175144212722,21.0000000000001,102.530483272049));
#9121=CARTESIAN_POINT('',(67.1751442127219,-25.,102.530483272049));
#9122=CARTESIAN_POINT('',(101.823376490863,-25.,67.8822509939087));
#9123=CARTESIAN_POINT('',(102.530483272049,-25.,67.1751442127221));
#9124=CARTESIAN_POINT('',(102.530483272049,21.,67.1751442127221));
#9125=CARTESIAN_POINT('',(70.0035713374682,31.,99.7020561473032));
#9126=CARTESIAN_POINT('',(63.6396103067892,31.,106.066017177982));
#9127=CARTESIAN_POINT('',(106.066017177982,31.,63.6396103067893));
#9128=CARTESIAN_POINT('',(106.066017177982,30.,63.6396103067893));
#9129=CARTESIAN_POINT('',(106.773123959169,30.,62.9325035256028));
#9130=CARTESIAN_POINT('',(106.773123959169,21.,62.9325035256028));
#9131=CARTESIAN_POINT('',(106.773123959169,-30.,62.9325035256028));
#9132=CARTESIAN_POINT('',(106.066017177982,-30.,63.6396103067894));
#9133=CARTESIAN_POINT('',(106.066017177982,-31.,63.6396103067894));
#9134=CARTESIAN_POINT('',(99.7020561473031,-31.,70.0035713374683));
#9135=CARTESIAN_POINT('',(63.6396103067892,-31.,106.066017177982));
#9136=CARTESIAN_POINT('',(63.6396103067892,-30.,106.066017177982));
#9137=CARTESIAN_POINT('',(62.9325035256026,-30.,106.773123959169));
#9138=CARTESIAN_POINT('',(62.9325035256026,-21.,106.773123959169));
#9139=CARTESIAN_POINT('',(62.9325035256027,30.,106.773123959169));
#9140=CARTESIAN_POINT('',(63.6396103067892,30.,106.066017177982));
#9141=CARTESIAN_POINT('',(99.7020561473032,21.,70.0035713374682));
#9142=CARTESIAN_POINT('',(106.066017177982,-31.,63.6396103067894));
#9143=CARTESIAN_POINT('',(107.480230740355,-31.,65.0538238691625));
#9144=CARTESIAN_POINT('',(64.3467170879757,-31.,108.187337521542));
#9145=CARTESIAN_POINT('',(65.0538238691623,-31.,107.480230740355));
#9146=CARTESIAN_POINT('',(63.6396103067892,-31.,106.066017177982));
#9147=CARTESIAN_POINT('',(99.7020561473031,-31.,70.0035713374683));
#9148=CARTESIAN_POINT('',(62.9325035256026,-30.,106.773123959169));
#9149=CARTESIAN_POINT('',(64.3467170879757,-30.,108.187337521542));
#9150=CARTESIAN_POINT('',(64.3467170879758,31.,108.187337521542));
#9151=CARTESIAN_POINT('',(64.3467170879758,30.,108.187337521542));
#9152=CARTESIAN_POINT('',(62.9325035256027,30.,106.773123959169));
#9153=CARTESIAN_POINT('',(62.9325035256026,-21.,106.773123959169));
#9154=CARTESIAN_POINT('',(108.187337521542,31.,64.3467170879759));
#9155=CARTESIAN_POINT('',(65.0538238691623,31.,107.480230740355));
#9156=CARTESIAN_POINT('',(107.480230740355,31.,65.0538238691624));
#9157=CARTESIAN_POINT('',(106.066017177982,31.,63.6396103067893));
#9158=CARTESIAN_POINT('',(63.6396103067892,31.,106.066017177982));
#9159=CARTESIAN_POINT('',(70.0035713374682,31.,99.7020561473032));
#9160=CARTESIAN_POINT('',(106.773123959169,30.,62.9325035256028));
#9161=CARTESIAN_POINT('',(108.187337521542,30.,64.3467170879759));
#9162=CARTESIAN_POINT('',(108.187337521542,-31.,64.3467170879759));
#9163=CARTESIAN_POINT('',(108.187337521542,-30.,64.3467170879759));
#9164=CARTESIAN_POINT('',(106.773123959169,-30.,62.9325035256028));
#9165=CARTESIAN_POINT('',(106.773123959169,21.,62.9325035256028));
#9166=CARTESIAN_POINT('',(108.187337521542,13.6666666666667,88.8597521691095));
#9167=CARTESIAN_POINT('',(108.187337521542,30.7071067811866,64.760930650349));
#9168=CARTESIAN_POINT('',(108.187337521542,30.,65.760930650349));
#9169=CARTESIAN_POINT('',(65.7609306503489,30.,108.187337521542));
#9170=CARTESIAN_POINT('',(64.7609306503489,30.7071067811865,108.187337521542));
#9171=CARTESIAN_POINT('',(69.0607622958861,27.6666666666667,108.187337521542));
#9172=CARTESIAN_POINT('',(71.4177848998413,31.,101.116269709676));
#9173=CARTESIAN_POINT('',(108.187337521542,30.,65.760930650349));
#9174=CARTESIAN_POINT('',(108.187337521542,-13.6666666666665,88.8597521691096));
#9175=CARTESIAN_POINT('',(108.187337521542,-30.7071067811866,64.760930650349));
#9176=CARTESIAN_POINT('',(108.187337521542,-30.,65.760930650349));
#9177=CARTESIAN_POINT('',(108.187337521542,21.,64.3467170879759));
#9178=CARTESIAN_POINT('',(65.7609306503488,-30.,108.187337521542));
#9179=CARTESIAN_POINT('',(64.7609306503488,-30.7071067811865,108.187337521542));
#9180=CARTESIAN_POINT('',(69.0607622958861,-27.6666666666666,108.187337521542));
#9181=CARTESIAN_POINT('',(65.7609306503489,30.,108.187337521542));
#9182=CARTESIAN_POINT('',(64.3467170879757,-21.,108.187337521542));
#9183=CARTESIAN_POINT('',(108.187337521542,-30.,65.760930650349));
#9184=CARTESIAN_POINT('',(65.7609306503488,-30.,108.187337521542));
#9185=CARTESIAN_POINT('',(101.116269709676,-31.,71.4177848998414));
#9186=CARTESIAN_POINT('',(100.644865188885,-23.6666666666667,67.1751442127221));
#9187=CARTESIAN_POINT('',(100.702056147303,-23.7071067811866,67.1751442127221));
#9188=CARTESIAN_POINT('',(99.7020561473032,-23.,67.1751442127221));
#9189=CARTESIAN_POINT('',(99.7020561473032,23.,67.1751442127221));
#9190=CARTESIAN_POINT('',(100.702056147303,23.7071067811866,67.1751442127221));
#9191=CARTESIAN_POINT('',(100.644865188885,23.6666666666667,67.1751442127221));
#9192=CARTESIAN_POINT('',(102.530483272049,21.,67.1751442127221));
#9193=CARTESIAN_POINT('',(99.7020561473032,23.,67.175144212722));
#9194=CARTESIAN_POINT('',(67.175144212722,23.,99.7020561473032));
#9195=CARTESIAN_POINT('',(67.175144212722,23.7071067811866,100.702056147303));
#9196=CARTESIAN_POINT('',(67.1751442127219,9.66666666666673,80.845875315662));
#9197=CARTESIAN_POINT('',(99.7020561473032,25.,70.0035713374682));
#9198=CARTESIAN_POINT('',(67.1751442127219,-9.66666666666662,80.8458753156622));
#9199=CARTESIAN_POINT('',(67.1751442127219,-23.7071067811865,100.702056147303));
#9200=CARTESIAN_POINT('',(67.1751442127219,-23.,99.7020561473033));
#9201=CARTESIAN_POINT('',(99.7020561473032,-23.,67.1751442127221));
#9202=CARTESIAN_POINT('',(99.7020561473032,-25.,70.0035713374682));
#9203=CARTESIAN_POINT('',(67.175144212722,23.,99.7020561473032));
#9204=CARTESIAN_POINT('',(67.1751442127219,-23.,99.7020561473032));
#9205=CARTESIAN_POINT('',(67.175144212722,21.0000000000001,102.530483272049));
#9206=CARTESIAN_POINT('',(43.5857864376269,24.,78.9411254969543));
#9207=CARTESIAN_POINT('',(68.5893577750951,23.,101.116269709676));
#9208=CARTESIAN_POINT('',(25.,24.,78.9411254969543));
#9209=CARTESIAN_POINT('',(23.,23.,57.9411254969543));
#9210=CARTESIAN_POINT('',(24.7071067811865,-23.,57.2340187157678));
#9211=CARTESIAN_POINT('',(23.,-23.,120.));
#9212=CARTESIAN_POINT('',(30.,30.,-20.));
#9213=CARTESIAN_POINT('',(30.,-30.,-20.));
#9214=CARTESIAN_POINT('',(-30.,-30.,-20.));
#9215=CARTESIAN_POINT('',(-30.,30.,-20.));
#9216=CARTESIAN_POINT('',(-23.,-23.,57.9411254969543));
#9217=CARTESIAN_POINT('',(-23.,23.,120.));
#9218=CARTESIAN_POINT('',(23.,-23.,-10.3553390593273));
#9219=CARTESIAN_POINT('',(23.,-23.,120.));
#9220=CARTESIAN_POINT('',(23.5857864376269,-23.,-8.94112549695425));
#9221=CARTESIAN_POINT('',(101.116269709676,-23.,68.5893577750952));
#9222=CARTESIAN_POINT('',(25.,-23.,-10.3553390593273));
#9223=CARTESIAN_POINT('',(25.,-23.,-10.3553390593273));
#9224=CARTESIAN_POINT('',(25.,23.,-10.3553390593274));
#9225=CARTESIAN_POINT('',(25.,-24.0000000000001,-10.3553390593273));
#9226=CARTESIAN_POINT('',(23.5857864376269,23.,-8.94112549695428));
#9227=CARTESIAN_POINT('',(57.2340187157678,23.,24.7071067811866));
#9228=CARTESIAN_POINT('',(23.,23.,-10.3553390593274));
#9229=CARTESIAN_POINT('',(25.,23.,-10.3553390593274));
#9230=CARTESIAN_POINT('',(23.,23.,57.9411254969543));
#9231=CARTESIAN_POINT('',(106.066017177982,30.,63.6396103067893));
#9232=CARTESIAN_POINT('',(106.066017177982,-30.,63.6396103067894));
#9233=CARTESIAN_POINT('',(63.6396103067892,-30.,106.066017177982));
#9234=CARTESIAN_POINT('',(63.6396103067892,30.,106.066017177982));
#9235=CARTESIAN_POINT('',(-30.,30.,120.));
#9236=CARTESIAN_POINT('',(-30.,-30.,120.));
#9237=CARTESIAN_POINT('',(30.,30.,120.));
#9238=CARTESIAN_POINT('',(30.,-30.,120.));
#9239=CARTESIAN_POINT('',(5.41421356237307,-28.,76.5269119345812));
#9240=CARTESIAN_POINT('',(24.,-28.,76.5269119345812));
#9241=CARTESIAN_POINT('',(5.41421356237307,-28.,76.5269119345812));
#9242=CARTESIAN_POINT('',(5.41421356237307,-28.,57.9411254969543));
#9243=CARTESIAN_POINT('',(5.41421356237307,-28.,76.5269119345812));
#9244=CARTESIAN_POINT('',(5.41421356237307,-28.,76.5269119345812));
#9245=CARTESIAN_POINT('',(11.8047378541243,-34.3905242917513,70.13638764283));
#9246=CARTESIAN_POINT('',(8.99999999999996,32.,57.9411254969543));
#9247=CARTESIAN_POINT('',(8.99999999999996,32.,56.6911254969543));
#9248=CARTESIAN_POINT('',(8.99999999999996,32.,57.9411254969543));
#9249=CARTESIAN_POINT('',(7.19999999999996,32.,55.5411254969543));
#9250=CARTESIAN_POINT('',(7.19999999999987,32.,60.3411254969542));
#9251=CARTESIAN_POINT('',(16.8,32.,67.5411254969543));
#9252=CARTESIAN_POINT('',(13.9999999999999,32.,65.4411254969543));
#9253=CARTESIAN_POINT('',(24.,32.,57.9411254969543));
#9254=CARTESIAN_POINT('',(14.,32.,50.4411254969543));
#9255=CARTESIAN_POINT('',(7.19999999999997,32.,55.5411254969543));
#9256=CARTESIAN_POINT('',(24.,32.,57.9411254969543));
#9257=CARTESIAN_POINT('',(39.,32.,57.9411254969543));
#9258=CARTESIAN_POINT('',(39.,32.,56.6911254969543));
#9259=CARTESIAN_POINT('',(39.,32.,57.9411254969543));
#9260=CARTESIAN_POINT('',(40.8,32.,60.3411254969543));
#9261=CARTESIAN_POINT('',(40.8,32.,55.5411254969543));
#9262=CARTESIAN_POINT('',(31.2,32.,48.3411254969543));
#9263=CARTESIAN_POINT('',(34.,32.,50.4411254969544));
#9264=CARTESIAN_POINT('',(24.,32.,57.9411254969543));
#9265=CARTESIAN_POINT('',(34.,32.,65.4411254969543));
#9266=CARTESIAN_POINT('',(40.8,32.,60.3411254969543));
#9267=CARTESIAN_POINT('',(24.,32.,57.9411254969543));
#9268=CARTESIAN_POINT('',(31.5,32.,47.9411254969543));
#9269=CARTESIAN_POINT('',(31.5,31.5,47.9411254969543));
#9270=CARTESIAN_POINT('',(31.5,29.5,47.9411254969543));
#9271=CARTESIAN_POINT('',(41.1,31.5,55.1411254969543));
#9272=CARTESIAN_POINT('',(41.1,31.5,55.1411254969543));
#9273=CARTESIAN_POINT('',(41.1,32.,55.1411254969543));
#9274=CARTESIAN_POINT('',(41.1,29.5,55.1411254969543));
#9275=CARTESIAN_POINT('',(41.1,29.5,55.1411254969543));
#9276=CARTESIAN_POINT('',(41.1,32.,55.1411254969543));
#9277=CARTESIAN_POINT('',(6.89999999999997,32.,55.1411254969543));
#9278=CARTESIAN_POINT('',(6.89999999999997,31.5,55.1411254969543));
#9279=CARTESIAN_POINT('',(6.89999999999997,29.5,55.1411254969543));
#9280=CARTESIAN_POINT('',(16.5000000000217,31.5,47.941125496938));
#9281=CARTESIAN_POINT('',(16.5000000000217,31.5,47.941125496938));
#9282=CARTESIAN_POINT('',(16.5000000000217,32.,47.941125496938));
#9283=CARTESIAN_POINT('',(16.5000000000217,29.5,47.941125496938));
#9284=CARTESIAN_POINT('',(16.5,29.5,47.9411254969543));
#9285=CARTESIAN_POINT('',(16.5,32.,47.9411254969543));
#9286=CARTESIAN_POINT('',(6.89999999999987,32.,60.7411254969542));
#9287=CARTESIAN_POINT('',(6.89999999999987,31.5,60.7411254969542));
#9288=CARTESIAN_POINT('',(6.89999999999987,29.5,60.7411254969542));
#9289=CARTESIAN_POINT('',(8.99999999999996,31.5,57.9411254969543));
#9290=CARTESIAN_POINT('',(8.99999999999996,29.5,57.9411254969543));
#9291=CARTESIAN_POINT('',(8.99999999999996,32.,57.9411254969543));
#9292=CARTESIAN_POINT('',(16.5,32.,67.9411254969543));
#9293=CARTESIAN_POINT('',(16.5,31.5,67.9411254969543));
#9294=CARTESIAN_POINT('',(16.5,29.5,67.9411254969543));
#9295=CARTESIAN_POINT('',(6.89999999999987,31.5,60.7411254969542));
#9296=CARTESIAN_POINT('',(6.89999999999995,29.5,60.7411254969543));
#9297=CARTESIAN_POINT('',(6.89999999999995,32.,60.7411254969543));
#9298=CARTESIAN_POINT('',(24.,34.5,57.9411254969543));
#9299=CARTESIAN_POINT('',(24.,34.5,70.4411254969543));
#9300=CARTESIAN_POINT('',(24.,29.5,57.9411254969543));
#9301=CARTESIAN_POINT('',(24.,44.0000000000001,57.9411254969543));
#9302=CARTESIAN_POINT('',(24.,43.9999999999999,57.9411254969543));
#9303=CARTESIAN_POINT('',(24.,29.5,57.9411254969543));
#9304=CARTESIAN_POINT('',(31.4999999999863,29.5,67.9411254969646));
#9305=CARTESIAN_POINT('',(31.4999999999863,32.,67.9411254969646));
#9306=CARTESIAN_POINT('',(31.4999999999863,31.5,67.9411254969646));
#9307=CARTESIAN_POINT('',(24.,44.,57.9411254969543));
#9308=CARTESIAN_POINT('',(24.,44.,57.9411254969543));
#9309=CARTESIAN_POINT('',(24.,32.,57.9411254969543));
#9310=CARTESIAN_POINT('',(41.1,32.,60.7411254969543));
#9311=CARTESIAN_POINT('',(41.1,31.5,60.7411254969543));
#9312=CARTESIAN_POINT('',(41.1,29.5,60.7411254969543));
#9313=CARTESIAN_POINT('',(31.4999999999863,31.5,67.9411254969646));
#9314=CARTESIAN_POINT('',(31.5,29.5,67.9411254969543));
#9315=CARTESIAN_POINT('',(31.5,32.,67.9411254969543));
#9316=CARTESIAN_POINT('',(24.,29.,57.9411254969543));
#9317=CARTESIAN_POINT('',(19.,29.,57.9411254969543));
#9318=CARTESIAN_POINT('',(24.,35.,57.9411254969543));
#9319=CARTESIAN_POINT('',(19.,35.,57.9411254969543));
#9320=CARTESIAN_POINT('',(24.,32.,57.9411254969543));
#9321=CARTESIAN_POINT('',(39.,29.,57.9411254969543));
#9322=CARTESIAN_POINT('',(39.,29.,56.6911254969543));
#9323=CARTESIAN_POINT('',(39.,32.,57.9411254969543));
#9324=CARTESIAN_POINT('',(39.,31.5,57.9411254969543));
#9325=CARTESIAN_POINT('',(39.,29.5,57.9411254969543));
#9326=CARTESIAN_POINT('',(39.,32.,57.9411254969543));
#9327=CARTESIAN_POINT('',(8.99999999999996,29.,57.9411254969543));
#9328=CARTESIAN_POINT('',(8.99999999999996,29.,56.6911254969543));
#9329=CARTESIAN_POINT('',(8.99999999999996,32.,57.9411254969543));
#9330=CARTESIAN_POINT('',(24.,29.,57.9411254969543));
#9331=CARTESIAN_POINT('',(31.1999999999863,29.,67.5411254969646));
#9332=CARTESIAN_POINT('',(16.8,29.,67.5411254969543));
#9333=CARTESIAN_POINT('',(16.8,29.,67.5411254969543));
#9334=CARTESIAN_POINT('',(7.19999999999987,29.,60.3411254969542));
#9335=CARTESIAN_POINT('',(8.99999999999996,29.,57.9411254969543));
#9336=CARTESIAN_POINT('',(7.19999999999997,29.,55.5411254969543));
#9337=CARTESIAN_POINT('',(16.8,29.,48.3411254969543));
#9338=CARTESIAN_POINT('',(16.8000000000217,29.,48.341125496938));
#9339=CARTESIAN_POINT('',(24.,29.,57.9411254969543));
#9340=CARTESIAN_POINT('',(31.2,29.,48.3411254969543));
#9341=CARTESIAN_POINT('',(31.2,29.,48.3411254969543));
#9342=CARTESIAN_POINT('',(40.8,29.,55.5411254969543));
#9343=CARTESIAN_POINT('',(39.,29.,57.9411254969543));
#9344=CARTESIAN_POINT('',(40.8,29.,60.3411254969543));
#9345=CARTESIAN_POINT('',(31.2,29.,67.5411254969543));
#9346=CARTESIAN_POINT('',(24.,29.,57.9411254969543));
#9347=CARTESIAN_POINT('',(24.,35.,57.9411254969543));
#9348=CARTESIAN_POINT('',(24.,35.,69.9411254969543));
#9349=CARTESIAN_POINT('',(24.,35.,57.9411254969543));
#9350=CARTESIAN_POINT('',(40.8,32.,60.3411254969543));
#9351=CARTESIAN_POINT('',(31.2,32.,67.5411254969543));
#9352=CARTESIAN_POINT('',(40.8,32.,55.5411254969543));
#9353=CARTESIAN_POINT('',(39.,32.,57.9411254969543));
#9354=CARTESIAN_POINT('',(31.2,32.,48.3411254969543));
#9355=CARTESIAN_POINT('',(7.19999999999996,32.,55.5411254969543));
#9356=CARTESIAN_POINT('',(16.8,32.,48.3411254969543));
#9357=CARTESIAN_POINT('',(7.19999999999987,32.,60.3411254969542));
#9358=CARTESIAN_POINT('',(8.99999999999996,32.,57.9411254969543));
#9359=CARTESIAN_POINT('',(16.7999999999999,32.,67.5411254969543));
#9360=CARTESIAN_POINT('',(24.,35.,57.9411254969543));
#9361=CARTESIAN_POINT('',(40.8,29.,55.5411254969543));
#9362=CARTESIAN_POINT('',(31.5,29.5,47.9411254969543));
#9363=CARTESIAN_POINT('',(41.1,29.5,55.1411254969543));
#9364=CARTESIAN_POINT('',(16.5000000000217,29.5,47.941125496938));
#9365=CARTESIAN_POINT('',(24.,29.5,57.9411254969543));
#9366=CARTESIAN_POINT('',(40.8,29.,60.3411254969543));
#9367=CARTESIAN_POINT('',(39.,29.5,57.9411254969543));
#9368=CARTESIAN_POINT('',(6.89999999999997,29.5,55.1411254969543));
#9369=CARTESIAN_POINT('',(16.5,29.5,47.9411254969543));
#9370=CARTESIAN_POINT('',(31.1999999999863,29.,67.5411254969646));
#9371=CARTESIAN_POINT('',(31.5,29.5,67.9411254969543));
#9372=CARTESIAN_POINT('',(6.89999999999987,29.5,60.7411254969542));
#9373=CARTESIAN_POINT('',(8.99999999999996,29.5,57.9411254969543));
#9374=CARTESIAN_POINT('',(16.8,29.,67.5411254969543));
#9375=CARTESIAN_POINT('',(24.,29.5,57.9411254969543));
#9376=CARTESIAN_POINT('',(6.89999999999995,29.5,60.7411254969543));
#9377=CARTESIAN_POINT('',(24.,36.5,57.9411254969543));
#9378=CARTESIAN_POINT('',(24.,36.5,67.4411254969543));
#9379=CARTESIAN_POINT('',(24.,35.,57.9411254969543));
#9380=CARTESIAN_POINT('',(24.,35.,67.4411254969543));
#9381=CARTESIAN_POINT('',(24.,37.,57.9411254969543));
#9382=CARTESIAN_POINT('',(24.,37.,57.9411254969543));
#9383=CARTESIAN_POINT('',(24.,37.,66.9411254969543));
#9384=CARTESIAN_POINT('',(24.,37.,57.9411254969543));
#9385=CARTESIAN_POINT('',(24.,35.,57.9411254969543));
#9386=CARTESIAN_POINT('',(24.,37.,57.9411254969543));
#9387=CARTESIAN_POINT('',(23.9999999999999,-21.,57.9411254969543));
#9388=CARTESIAN_POINT('',(20.1999999999999,-21.,57.9411254969543));
#9389=CARTESIAN_POINT('',(21.2497293817427,-21.,56.599728889055));
#9390=CARTESIAN_POINT('',(21.2497293817427,-21.,56.599728889055));
#9391=CARTESIAN_POINT('',(23.7865482298623,-21.,54.8886229703119));
#9392=CARTESIAN_POINT('',(21.4631811518804,-21.,59.6522314156976));
#9393=CARTESIAN_POINT('',(21.4631811518804,-21.,59.6522314156976));
#9394=CARTESIAN_POINT('',(24.2134517701376,-21.,60.9936280235968));
#9395=CARTESIAN_POINT('',(24.2134517701376,-21.,60.9936280235968));
#9396=CARTESIAN_POINT('',(26.7502706182573,-21.,59.2825221048536));
#9397=CARTESIAN_POINT('',(26.7502706182573,-21.,59.2825221048536));
#9398=CARTESIAN_POINT('',(26.5368188481197,-21.,56.2300195782112));
#9399=CARTESIAN_POINT('',(26.5368188481197,-21.,56.2300195782112));
#9400=CARTESIAN_POINT('',(23.7865482298623,-21.,54.8886229703119));
#9401=CARTESIAN_POINT('',(23.9999999999999,-21.,57.9411254969543));
#9402=CARTESIAN_POINT('',(23.9999999999999,20.5,57.9411254969543));
#9403=CARTESIAN_POINT('',(22.4999999999999,20.5,54.4497074469351));
#9404=CARTESIAN_POINT('',(25.4999999999999,20.5,54.4497074469351));
#9405=CARTESIAN_POINT('',(22.4999999999999,-21.,54.4497074469351));
#9406=CARTESIAN_POINT('',(22.4999999999999,-20.5,54.4497074469351));
#9407=CARTESIAN_POINT('',(23.9999999999999,-20.5,57.9411254969543));
#9408=CARTESIAN_POINT('',(25.4999999999999,-20.5,54.4497074469351));
#9409=CARTESIAN_POINT('',(25.4999999999999,-21.,54.4497074469351));
#9410=CARTESIAN_POINT('',(23.9999999999999,26.,57.9411254969543));
#9411=CARTESIAN_POINT('',(20.1999999999999,26.,57.9411254969543));
#9412=CARTESIAN_POINT('',(23.9999999999999,-21.,57.9411254969543));
#9413=CARTESIAN_POINT('',(21.2497293817427,26.,56.599728889055));
#9414=CARTESIAN_POINT('',(21.2497293817427,26.,56.599728889055));
#9415=CARTESIAN_POINT('',(21.4631811518804,26.,59.6522314156976));
#9416=CARTESIAN_POINT('',(23.7865482298623,26.,54.8886229703119));
#9417=CARTESIAN_POINT('',(23.7865482298623,26.,54.8886229703119));
#9418=CARTESIAN_POINT('',(26.5368188481197,26.,56.2300195782112));
#9419=CARTESIAN_POINT('',(26.5368188481197,26.,56.2300195782112));
#9420=CARTESIAN_POINT('',(26.7502706182573,26.,59.2825221048536));
#9421=CARTESIAN_POINT('',(26.7502706182573,26.,59.2825221048536));
#9422=CARTESIAN_POINT('',(24.2134517701376,26.,60.9936280235968));
#9423=CARTESIAN_POINT('',(24.2134517701376,26.,60.9936280235968));
#9424=CARTESIAN_POINT('',(21.4631811518804,26.,59.6522314156976));
#9425=CARTESIAN_POINT('',(23.9999999999999,26.,57.9411254969543));
#9426=CARTESIAN_POINT('',(25.4999999999999,-20.5,58.2130526393046));
#9427=CARTESIAN_POINT('',(25.5,-20.5,-4.19848480983495));
#9428=CARTESIAN_POINT('',(25.5,20.5,-4.19848480983495));
#9429=CARTESIAN_POINT('',(25.5,20.5,-4.19848480983495));
#9430=CARTESIAN_POINT('',(25.4999999999999,20.5,58.2130526393046));
#9431=CARTESIAN_POINT('',(25.4999999999999,20.5,58.2130526393046));
#9432=CARTESIAN_POINT('',(25.5,-20.5,-4.19848480983495));
#9433=CARTESIAN_POINT('',(22.4999999999999,-20.5,-4.19848480983495));
#9434=CARTESIAN_POINT('',(22.4999999999999,20.5,-4.19848480983495));
#9435=CARTESIAN_POINT('',(22.4999999999999,20.5,-4.19848480983495));
#9436=CARTESIAN_POINT('',(25.5,20.5,-4.19848480983495));
#9437=CARTESIAN_POINT('',(25.5,20.5,-4.19848480983495));
#9438=CARTESIAN_POINT('',(22.4999999999999,20.5,-4.19848480983495));
#9439=CARTESIAN_POINT('',(22.4999999999999,-20.5,-4.19848480983495));
#9440=CARTESIAN_POINT('',(22.4999999999999,20.5,-4.19848480983495));
#9441=CARTESIAN_POINT('',(0.,20.5,0.));
#9442=CARTESIAN_POINT('',(0.,-20.5,0.));
#9443=CARTESIAN_POINT('',(21.2497293817427,-9.00000000000002,56.599728889055));
#9444=CARTESIAN_POINT('',(23.7865482298623,-9.00000000000003,54.8886229703119));
#9445=CARTESIAN_POINT('',(21.2497293817427,-9.00000000000002,56.599728889055));
#9446=CARTESIAN_POINT('',(21.2497293817427,-21.,56.599728889055));
#9447=CARTESIAN_POINT('',(23.7865482298623,-21.,54.8886229703119));
#9448=CARTESIAN_POINT('',(21.2497293817427,-21.,56.599728889055));
#9449=CARTESIAN_POINT('',(23.7865482298623,-9.00000000000003,54.8886229703119));
#9450=CARTESIAN_POINT('',(26.5368188481197,-9.00000000000003,56.2300195782112));
#9451=CARTESIAN_POINT('',(26.5368188481197,-21.,56.2300195782112));
#9452=CARTESIAN_POINT('',(23.7865482298623,-21.,54.8886229703119));
#9453=CARTESIAN_POINT('',(26.5368188481197,-9.00000000000003,56.2300195782112));
#9454=CARTESIAN_POINT('',(26.7502706182573,-9.00000000000003,59.2825221048536));
#9455=CARTESIAN_POINT('',(26.7502706182573,-21.,59.2825221048536));
#9456=CARTESIAN_POINT('',(26.5368188481197,-21.,56.2300195782112));
#9457=CARTESIAN_POINT('',(26.7502706182573,-9.00000000000003,59.2825221048536));
#9458=CARTESIAN_POINT('',(24.2134517701376,-9.00000000000003,60.9936280235968));
#9459=CARTESIAN_POINT('',(24.2134517701376,-21.,60.9936280235968));
#9460=CARTESIAN_POINT('',(26.7502706182573,-21.,59.2825221048536));
#9461=CARTESIAN_POINT('',(24.2134517701376,-9.00000000000003,60.9936280235968));
#9462=CARTESIAN_POINT('',(21.4631811518804,-9.00000000000002,59.6522314156976));
#9463=CARTESIAN_POINT('',(21.4631811518804,-21.,59.6522314156976));
#9464=CARTESIAN_POINT('',(24.2134517701376,-21.,60.9936280235968));
#9465=CARTESIAN_POINT('',(21.4631811518804,-9.00000000000002,59.6522314156976));
#9466=CARTESIAN_POINT('',(21.4631811518804,-21.,59.6522314156976));
#9467=CARTESIAN_POINT('',(-2.74267572168314E-14,-9.,1.9178656941233E-15));
#9468=CARTESIAN_POINT('',(21.4631811518804,14.,59.6522314156976));
#9469=CARTESIAN_POINT('',(21.4631811518804,14.,59.6522314156976));
#9470=CARTESIAN_POINT('',(21.2497293817427,14.,56.599728889055));
#9471=CARTESIAN_POINT('',(21.2497293817427,14.,56.599728889055));
#9472=CARTESIAN_POINT('',(21.2497293817427,14.,56.599728889055));
#9473=CARTESIAN_POINT('',(21.2497293817427,14.,56.599728889055));
#9474=CARTESIAN_POINT('',(24.2134517701376,14.,60.9936280235968));
#9475=CARTESIAN_POINT('',(24.2134517701376,14.,60.9936280235968));
#9476=CARTESIAN_POINT('',(21.4631811518804,14.,59.6522314156976));
#9477=CARTESIAN_POINT('',(21.4631811518804,14.,59.6522314156976));
#9478=CARTESIAN_POINT('',(26.7502706182573,14.,59.2825221048536));
#9479=CARTESIAN_POINT('',(26.7502706182573,14.,59.2825221048536));
#9480=CARTESIAN_POINT('',(24.2134517701376,14.,60.9936280235968));
#9481=CARTESIAN_POINT('',(24.2134517701376,14.,60.9936280235968));
#9482=CARTESIAN_POINT('',(26.5368188481197,14.,56.2300195782112));
#9483=CARTESIAN_POINT('',(26.5368188481197,14.,56.2300195782112));
#9484=CARTESIAN_POINT('',(26.7502706182573,14.,59.2825221048536));
#9485=CARTESIAN_POINT('',(26.7502706182573,14.,59.2825221048536));
#9486=CARTESIAN_POINT('',(23.7865482298623,14.,54.8886229703119));
#9487=CARTESIAN_POINT('',(23.7865482298623,14.,54.8886229703119));
#9488=CARTESIAN_POINT('',(26.5368188481197,14.,56.2300195782112));
#9489=CARTESIAN_POINT('',(26.5368188481197,14.,56.2300195782112));
#9490=CARTESIAN_POINT('',(23.7865482298623,14.,54.8886229703119));
#9491=CARTESIAN_POINT('',(23.7865482298623,14.,54.8886229703119));
#9492=CARTESIAN_POINT('',(-2.74267572168322E-14,14.,1.91786569412187E-15));
#9493=CARTESIAN_POINT('',(23.9999999999999,26.,57.9411254969543));
#9494=CARTESIAN_POINT('',(20.1999999999999,26.,57.9411254969543));
#9495=CARTESIAN_POINT('',(23.9999999999999,34.5,57.9411254969543));
#9496=CARTESIAN_POINT('',(20.1999999999999,34.5,57.9411254969543));
#9497=CARTESIAN_POINT('',(23.9999999999999,26.,57.9411254969543));
#9498=CARTESIAN_POINT('',(21.307505456507,26.,59.5763033058165));
#9499=CARTESIAN_POINT('',(21.0940536863693,26.,56.523800779174));
#9500=CARTESIAN_POINT('',(21.3195876321751,26.,59.7490864677018));
#9501=CARTESIAN_POINT('',(24.0698582504326,26.,61.0904830756012));
#9502=CARTESIAN_POINT('',(24.2255339458057,26.,61.1664111854822));
#9503=CARTESIAN_POINT('',(26.7623527939254,26.,59.4553052667391));
#9504=CARTESIAN_POINT('',(26.9059463136303,26.,59.3584502147347));
#9505=CARTESIAN_POINT('',(26.6924945434927,26.,56.3059476880923));
#9506=CARTESIAN_POINT('',(26.6804123678246,26.,56.1331645262068));
#9507=CARTESIAN_POINT('',(23.9301417495672,26.,54.7917679183075));
#9508=CARTESIAN_POINT('',(23.7744660541941,26.,54.7158398084265));
#9509=CARTESIAN_POINT('',(21.2376472060744,26.,56.4269457271696));
#9510=CARTESIAN_POINT('',(23.9999999999999,26.,57.9411254969543));
#9511=CARTESIAN_POINT('',(23.9999999999999,34.5,57.9411254969543));
#9512=CARTESIAN_POINT('',(24.2013695944694,25.9999999999999,60.8208448617114));
#9513=CARTESIAN_POINT('',(24.2013695944694,25.7,60.8208448617114));
#9514=CARTESIAN_POINT('',(24.2013695944694,16.2,60.8208448617114));
#9515=CARTESIAN_POINT('',(24.2013695944694,16.2,60.8208448617114));
#9516=CARTESIAN_POINT('',(26.5945949228842,16.2,59.2065939949726));
#9517=CARTESIAN_POINT('',(26.5945949228842,25.9999999999999,59.2065939949726));
#9518=CARTESIAN_POINT('',(26.5945949228842,25.7,59.2065939949726));
#9519=CARTESIAN_POINT('',(24.2013695944694,25.7,60.8208448617114));
#9520=CARTESIAN_POINT('',(24.2013695944694,25.9999999999999,60.8208448617114));
#9521=CARTESIAN_POINT('',(26.5945949228842,16.2,59.2065939949725));
#9522=CARTESIAN_POINT('',(26.3932253284148,16.2,56.3268746302155));
#9523=CARTESIAN_POINT('',(26.3932253284148,26.,56.3268746302155));
#9524=CARTESIAN_POINT('',(26.3932253284148,25.7,56.3268746302155));
#9525=CARTESIAN_POINT('',(26.5945949228842,25.7,59.2065939949726));
#9526=CARTESIAN_POINT('',(26.5945949228842,26.,59.2065939949725));
#9527=CARTESIAN_POINT('',(26.3932253284148,16.2,56.3268746302155));
#9528=CARTESIAN_POINT('',(23.7986304055305,16.2,55.0614061321973));
#9529=CARTESIAN_POINT('',(23.7986304055305,26.,55.0614061321973));
#9530=CARTESIAN_POINT('',(23.7986304055305,25.7,55.0614061321973));
#9531=CARTESIAN_POINT('',(26.3932253284148,25.7,56.3268746302155));
#9532=CARTESIAN_POINT('',(26.3932253284148,26.,56.3268746302155));
#9533=CARTESIAN_POINT('',(23.7986304055305,16.2,55.0614061321973));
#9534=CARTESIAN_POINT('',(21.4054050771156,16.2,56.6756569989361));
#9535=CARTESIAN_POINT('',(21.4054050771156,26.,56.6756569989361));
#9536=CARTESIAN_POINT('',(21.4054050771156,25.7,56.6756569989361));
#9537=CARTESIAN_POINT('',(23.7986304055305,25.7,55.0614061321973));
#9538=CARTESIAN_POINT('',(23.7986304055305,26.,55.0614061321973));
#9539=CARTESIAN_POINT('',(21.4054050771155,16.2,56.6756569989362));
#9540=CARTESIAN_POINT('',(21.6067746715849,16.2,59.5553763636932));
#9541=CARTESIAN_POINT('',(21.6067746715849,25.9999999999999,59.5553763636932));
#9542=CARTESIAN_POINT('',(21.6067746715849,25.7,59.5553763636932));
#9543=CARTESIAN_POINT('',(21.4054050771155,25.7,56.6756569989361));
#9544=CARTESIAN_POINT('',(21.4054050771155,25.9999999999999,56.6756569989362));
#9545=CARTESIAN_POINT('',(21.606774671585,16.2,59.5553763636932));
#9546=CARTESIAN_POINT('',(21.6067746715849,25.7,59.5553763636931));
#9547=CARTESIAN_POINT('',(21.606774671585,25.9999999999999,59.5553763636932));
#9548=CARTESIAN_POINT('',(33.0796152391283,16.,49.042546406951));
#9549=CARTESIAN_POINT('',(21.6129726709462,16.,56.7768944787777));
#9550=CARTESIAN_POINT('',(23.814739973088,16.,55.2917836813779));
#9551=CARTESIAN_POINT('',(-17.2087990501313,16.,35.2832668014506));
#9552=CARTESIAN_POINT('',(26.2017673021416,16.,56.4560146995546));
#9553=CARTESIAN_POINT('',(22.1456910862327,16.,-1.54857757594605));
#9554=CARTESIAN_POINT('',(26.3870273290535,16.,59.1053565151311));
#9555=CARTESIAN_POINT('',(35.6519025950937,16.,52.8561192407043));
#9556=CARTESIAN_POINT('',(24.1852600269118,16.,60.5904673125308));
#9557=CARTESIAN_POINT('',(-19.2253063253612,16.,39.4177194144264));
#9558=CARTESIAN_POINT('',(21.7982326978581,16.,59.426236294354));
#9559=CARTESIAN_POINT('',(17.5568964550373,16.,-1.22769779672306));
#9560=CARTESIAN_POINT('',(-1.15648231731787E-14,16.,0.));
#9561=CARTESIAN_POINT('',(26.6804123678246,25.7,56.1331645262068));
#9562=CARTESIAN_POINT('',(23.7744660541941,25.7,54.7158398084265));
#9563=CARTESIAN_POINT('',(25.2274392110093,25.7,55.4245021673166));
#9564=CARTESIAN_POINT('',(21.0940536863693,25.7,56.523800779174));
#9565=CARTESIAN_POINT('',(22.4342598702818,25.7,55.6198202938002));
#9566=CARTESIAN_POINT('',(26.9059463136303,25.7,59.3584502147347));
#9567=CARTESIAN_POINT('',(26.7931793407274,25.7,57.7458073704708));
#9568=CARTESIAN_POINT('',(21.3195876321751,25.7,59.7490864677018));
#9569=CARTESIAN_POINT('',(21.2068206592722,25.7,58.1364436234379));
#9570=CARTESIAN_POINT('',(24.2255339458057,25.7,61.1664111854822));
#9571=CARTESIAN_POINT('',(25.565740129718,25.7,60.2624307001085));
#9572=CARTESIAN_POINT('',(22.7725607889905,25.7,60.4577488265921));
#9573=CARTESIAN_POINT('',(21.7982326978581,16.2,59.426236294354));
#9574=CARTESIAN_POINT('',(24.1852600269118,16.2,60.5904673125308));
#9575=CARTESIAN_POINT('',(21.6944489009428,16.2,59.3756175544334));
#9576=CARTESIAN_POINT('',(26.3870273290535,16.2,59.1053565151311));
#9577=CARTESIAN_POINT('',(24.0895310137752,16.2,60.6550373472004));
#9578=CARTESIAN_POINT('',(21.6129726709462,16.2,56.7768944787777));
#9579=CARTESIAN_POINT('',(21.6049178871674,16.2,56.6617057041874));
#9580=CARTESIAN_POINT('',(26.2017673021416,16.2,56.4560146995546));
#9581=CARTESIAN_POINT('',(26.3950821128322,16.2,59.2205452897214));
#9582=CARTESIAN_POINT('',(23.814739973088,16.2,55.2917836813779));
#9583=CARTESIAN_POINT('',(23.9104689862246,16.2,55.2272136467083));
#9584=CARTESIAN_POINT('',(26.3055510990569,16.2,56.5066334394753));
#9585=CARTESIAN_POINT('',(23.9999999999999,-21.,57.9411254969543));
#9586=CARTESIAN_POINT('',(20.1999999999999,-21.,57.9411254969543));
#9587=CARTESIAN_POINT('',(23.9999999999999,-28.9,57.9411254969543));
#9588=CARTESIAN_POINT('',(23.9999999999999,-28.9,54.1411254969543));
#9589=CARTESIAN_POINT('',(23.9999999999999,-21.,57.9411254969543));
#9590=CARTESIAN_POINT('',(21.6067746715853,-21.,59.5553763636931));
#9591=CARTESIAN_POINT('',(21.6067746715853,-11.2,59.5553763636931));
#9592=CARTESIAN_POINT('',(21.6067746715853,-21.,59.5553763636931));
#9593=CARTESIAN_POINT('',(21.6067746715853,-11.2,59.5553763636931));
#9594=CARTESIAN_POINT('',(21.4054050771158,-11.2,56.6756569989361));
#9595=CARTESIAN_POINT('',(21.4054050771158,-21.,56.6756569989361));
#9596=CARTESIAN_POINT('',(21.4054050771158,-21.,56.6756569989361));
#9597=CARTESIAN_POINT('',(21.6067746715853,-21.,59.5553763636931));
#9598=CARTESIAN_POINT('',(21.6067746715853,-21.,59.5553763636931));
#9599=CARTESIAN_POINT('',(21.4054050771157,-11.2,56.6756569989361));
#9600=CARTESIAN_POINT('',(23.7986304055305,-11.2,55.0614061321973));
#9601=CARTESIAN_POINT('',(23.7986304055305,-21.,55.0614061321973));
#9602=CARTESIAN_POINT('',(23.7986304055305,-21.,55.0614061321973));
#9603=CARTESIAN_POINT('',(21.4054050771157,-21.,56.6756569989361));
#9604=CARTESIAN_POINT('',(21.4054050771157,-21.,56.6756569989361));
#9605=CARTESIAN_POINT('',(23.7986304055305,-11.2,55.0614061321973));
#9606=CARTESIAN_POINT('',(26.3932253284148,-11.2,56.3268746302155));
#9607=CARTESIAN_POINT('',(26.3932253284148,-21.,56.3268746302155));
#9608=CARTESIAN_POINT('',(26.3932253284148,-21.,56.3268746302155));
#9609=CARTESIAN_POINT('',(23.7986304055305,-21.,55.0614061321973));
#9610=CARTESIAN_POINT('',(23.7986304055305,-21.,55.0614061321973));
#9611=CARTESIAN_POINT('',(26.3932253284148,-11.2,56.3268746302155));
#9612=CARTESIAN_POINT('',(26.5945949228842,-11.2,59.2065939949725));
#9613=CARTESIAN_POINT('',(26.5945949228842,-21.,59.2065939949725));
#9614=CARTESIAN_POINT('',(26.5945949228842,-21.,59.2065939949725));
#9615=CARTESIAN_POINT('',(26.3932253284148,-21.,56.3268746302155));
#9616=CARTESIAN_POINT('',(26.3932253284148,-21.,56.3268746302155));
#9617=CARTESIAN_POINT('',(26.5945949228842,-11.2,59.2065939949725));
#9618=CARTESIAN_POINT('',(24.2013695944694,-11.2,60.8208448617114));
#9619=CARTESIAN_POINT('',(24.2013695944694,-21.,60.8208448617114));
#9620=CARTESIAN_POINT('',(24.2013695944694,-21.,60.8208448617114));
#9621=CARTESIAN_POINT('',(26.5945949228842,-21.,59.2065939949725));
#9622=CARTESIAN_POINT('',(26.5945949228842,-21.,59.2065939949725));
#9623=CARTESIAN_POINT('',(24.2013695944694,-11.2,60.8208448617113));
#9624=CARTESIAN_POINT('',(24.2013695944694,-21.,60.8208448617113));
#9625=CARTESIAN_POINT('',(24.2013695944694,-21.,60.8208448617113));
#9626=CARTESIAN_POINT('',(-19.225306325361,-11.,39.4177194144269));
#9627=CARTESIAN_POINT('',(21.7982326978584,-11.,59.4262362943541));
#9628=CARTESIAN_POINT('',(24.1852600269119,-11.,60.5904673125308));
#9629=CARTESIAN_POINT('',(35.6519025950941,-11.,52.8561192407038));
#9630=CARTESIAN_POINT('',(26.3870273290535,-11.,59.1053565151311));
#9631=CARTESIAN_POINT('',(22.1456910862324,-11.,-1.54857757594614));
#9632=CARTESIAN_POINT('',(26.2017673021416,-11.,56.4560146995546));
#9633=CARTESIAN_POINT('',(-17.2087990501312,-11.,35.2832668014509));
#9634=CARTESIAN_POINT('',(23.814739973088,-11.,55.2917836813779));
#9635=CARTESIAN_POINT('',(33.0796152391287,-11.,49.0425464069506));
#9636=CARTESIAN_POINT('',(21.6129726709465,-11.,56.7768944787775));
#9637=CARTESIAN_POINT('',(17.5568964550373,-11.,-1.22769779672317));
#9638=CARTESIAN_POINT('',(0.,-11.,0.));
#9639=CARTESIAN_POINT('',(23.9999999999999,-21.,57.9411254969543));
#9640=CARTESIAN_POINT('',(23.9999999999999,-31.5,57.9411254969543));
#9641=CARTESIAN_POINT('',(23.9999999999999,-31.5,53.2411254969543));
#9642=CARTESIAN_POINT('',(23.9999999999999,-28.9,57.9411254969543));
#9643=CARTESIAN_POINT('',(23.9999999999999,-28.9,53.2411254969543));
#9644=CARTESIAN_POINT('',(23.9999999999999,-31.5,57.9411254969543));
#9645=CARTESIAN_POINT('',(23.9999999999999,-31.5,57.9411254969543));
#9646=CARTESIAN_POINT('',(23.9999999999999,-31.5,54.4411254969543));
#9647=CARTESIAN_POINT('',(23.9999999999999,-31.5,57.9411254969543));
#9648=CARTESIAN_POINT('',(23.9999999999999,-28.9,57.9411254969543));
#9649=CARTESIAN_POINT('',(23.9999999999999,-35.,57.9411254969543));
#9650=CARTESIAN_POINT('',(27.4999999999999,-35.,57.9411254969543));
#9651=CARTESIAN_POINT('',(23.9999999999999,-35.,57.9411254969543));
#9652=CARTESIAN_POINT('',(23.9999999999999,-35.,57.9411254969543));
#9653=CARTESIAN_POINT('',(26.6099999999999,-35.,57.9411254969543));
#9654=CARTESIAN_POINT('',(23.9999999999999,-35.,57.9411254969543));
#9655=CARTESIAN_POINT('',(23.9999999999999,-27.,57.9411254969543));
#9656=CARTESIAN_POINT('',(26.6099999999999,-27.,57.9411254969543));
#9657=CARTESIAN_POINT('',(23.9999999999999,-27.,57.9411254969543));
#9658=CARTESIAN_POINT('',(23.9999999999999,-27.,57.9411254969543));
#9659=CARTESIAN_POINT('',(23.814739973088,-11.2,55.2917836813779));
#9660=CARTESIAN_POINT('',(21.6129726709465,-11.2,56.7768944787775));
#9661=CARTESIAN_POINT('',(33.0796152391287,-11.2,49.0425464069505));
#9662=CARTESIAN_POINT('',(21.7982326978585,-11.2,59.4262362943541));
#9663=CARTESIAN_POINT('',(17.5568964550373,-11.2,-1.22769779672317));
#9664=CARTESIAN_POINT('',(26.2017673021416,-11.2,56.4560146995546));
#9665=CARTESIAN_POINT('',(-17.2087990501312,-11.2,35.2832668014509));
#9666=CARTESIAN_POINT('',(24.1852600269119,-11.2,60.5904673125308));
#9667=CARTESIAN_POINT('',(-19.225306325361,-11.2,39.4177194144269));
#9668=CARTESIAN_POINT('',(26.3870273290535,-11.2,59.1053565151311));
#9669=CARTESIAN_POINT('',(22.1456910862324,-11.2,-1.54857757594614));
#9670=CARTESIAN_POINT('',(35.6519025950941,-11.2,52.8561192407038));
#9671=CARTESIAN_POINT('',(6.08550638274763,-32.,75.9411254969543));
#9672=CARTESIAN_POINT('',(6.08550638274763,-31.,75.9411254969543));
#9673=CARTESIAN_POINT('',(6.08550638274763,-30.,75.9411254969543));
#9674=CARTESIAN_POINT('',(6.08550638274764,-30.,34.8091972200459));
#9675=CARTESIAN_POINT('',(6.08550638274764,-30.,34.8091972200459));
#9676=CARTESIAN_POINT('',(6.08550638274764,-32.,34.8091972200459));
#9677=CARTESIAN_POINT('',(6.08550638274764,-31.,34.8091972200459));
#9678=CARTESIAN_POINT('',(6.08550638274764,-31.,33.8091972200459));
#9679=CARTESIAN_POINT('',(6.08550638274764,-32.,33.8091972200459));
#9680=CARTESIAN_POINT('',(41.5855063827476,-32.,75.9411254969543));
#9681=CARTESIAN_POINT('',(41.5855063827476,-31.,75.9411254969543));
#9682=CARTESIAN_POINT('',(41.5855063827476,-30.,75.9411254969543));
#9683=CARTESIAN_POINT('',(6.08550638274763,-30.,75.9411254969543));
#9684=CARTESIAN_POINT('',(7.08550638274763,-31.,75.9411254969543));
#9685=CARTESIAN_POINT('',(7.08550638274763,-32.,75.9411254969543));
#9686=CARTESIAN_POINT('',(6.08550638274763,-32.,75.9411254969543));
#9687=CARTESIAN_POINT('',(40.5855063827476,-32.,75.9411254969543));
#9688=CARTESIAN_POINT('',(40.5855063827476,-31.,75.9411254969543));
#9689=CARTESIAN_POINT('',(6.08550638274763,-32.,75.9411254969543));
#9690=CARTESIAN_POINT('',(41.5855063827476,-32.,34.8091972200459));
#9691=CARTESIAN_POINT('',(41.5855063827476,-31.,34.8091972200459));
#9692=CARTESIAN_POINT('',(41.5855063827476,-30.,34.8091972200459));
#9693=CARTESIAN_POINT('',(41.5855063827476,-30.,75.9411254969543));
#9694=CARTESIAN_POINT('',(41.5855063827476,-31.,75.9411254969543));
#9695=CARTESIAN_POINT('',(41.5855063827476,-32.,75.9411254969543));
#9696=CARTESIAN_POINT('',(23.9999999999999,-32.,57.9411254969543));
#9697=CARTESIAN_POINT('',(23.9999999999999,-32.,52.9411254969543));
#9698=CARTESIAN_POINT('',(23.9999999999999,-29.,57.9411254969543));
#9699=CARTESIAN_POINT('',(23.9999999999999,-29.,52.9411254969543));
#9700=CARTESIAN_POINT('',(23.9999999999999,-32.,57.9411254969543));
#9701=CARTESIAN_POINT('',(8.99999999999996,-32.,57.9411254969543));
#9702=CARTESIAN_POINT('',(8.99999999999996,-32.,56.6911254969543));
#9703=CARTESIAN_POINT('',(8.99999999999996,-29.,57.9411254969543));
#9704=CARTESIAN_POINT('',(8.99999999999996,-29.,56.6911254969543));
#9705=CARTESIAN_POINT('',(8.99999999999996,-32.,57.9411254969543));
#9706=CARTESIAN_POINT('',(24.,-32.,42.9411254969543));
#9707=CARTESIAN_POINT('',(24.,-32.,41.6911254969543));
#9708=CARTESIAN_POINT('',(24.,-29.,42.9411254969543));
#9709=CARTESIAN_POINT('',(24.,-29.,41.6911254969543));
#9710=CARTESIAN_POINT('',(24.,-32.,42.9411254969543));
#9711=CARTESIAN_POINT('',(39.,-32.,57.9411254969543));
#9712=CARTESIAN_POINT('',(39.,-32.,56.6911254969543));
#9713=CARTESIAN_POINT('',(39.,-29.,57.9411254969543));
#9714=CARTESIAN_POINT('',(39.,-29.,56.6911254969543));
#9715=CARTESIAN_POINT('',(39.,-32.,57.9411254969543));
#9716=CARTESIAN_POINT('',(41.5855063827476,-30.,33.8091972200459));
#9717=CARTESIAN_POINT('',(7.08550638274764,-30.,33.8091972200459));
#9718=CARTESIAN_POINT('',(40.5855063827476,-30.,33.8091972200459));
#9719=CARTESIAN_POINT('',(40.5855063827476,-32.,33.8091972200459));
#9720=CARTESIAN_POINT('',(40.5855063827476,-31.,33.8091972200459));
#9721=CARTESIAN_POINT('',(41.5855063827476,-31.,33.8091972200459));
#9722=CARTESIAN_POINT('',(7.08550638274764,-31.,33.8091972200459));
#9723=CARTESIAN_POINT('',(7.08550638274764,-32.,33.8091972200459));
#9724=CARTESIAN_POINT('',(41.5855063827476,-32.,33.8091972200459));
#9725=CARTESIAN_POINT('',(24.,-32.,72.9411254969543));
#9726=CARTESIAN_POINT('',(24.,-32.,71.6911254969543));
#9727=CARTESIAN_POINT('',(24.,-29.,72.9411254969543));
#9728=CARTESIAN_POINT('',(24.,-29.,71.6911254969543));
#9729=CARTESIAN_POINT('',(24.,-32.,72.9411254969543));
#9730=CARTESIAN_POINT('',(23.9999999999999,-32.,38.0411254969543));
#9731=CARTESIAN_POINT('',(23.9999999999999,-32.,36.5411254969543));
#9732=CARTESIAN_POINT('',(23.9999999999999,-32.,65.8411254969543));
#9733=CARTESIAN_POINT('',(23.9999999999999,-32.,64.3411254969543));
#9734=CARTESIAN_POINT('',(16.3918313227539,-32.,64.4411254969543));
#9735=CARTESIAN_POINT('',(16.3918313227539,-32.,62.9411254969543));
#9736=CARTESIAN_POINT('',(33.3918313227539,-32.,64.4411254969543));
#9737=CARTESIAN_POINT('',(33.3918313227539,-32.,62.9411254969543));
#9738=CARTESIAN_POINT('',(7.08550638274763,-32.,57.9411254969543));
#9739=CARTESIAN_POINT('',(7.08550638274763,-32.,34.8091972200459));
#9740=CARTESIAN_POINT('',(39.,-32.,34.8091972200459));
#9741=CARTESIAN_POINT('',(40.5855063827476,-32.,34.8091972200459));
#9742=CARTESIAN_POINT('',(40.5855063827476,-32.,57.9411254969543));
#9743=CARTESIAN_POINT('',(39.,-32.,57.9411254969543));
#9744=CARTESIAN_POINT('',(23.9999999999999,-29.,38.0411254969543));
#9745=CARTESIAN_POINT('',(23.9999999999999,-29.,36.5411254969543));
#9746=CARTESIAN_POINT('',(23.9999999999999,-29.,65.8411254969543));
#9747=CARTESIAN_POINT('',(23.9999999999999,-29.,64.3411254969543));
#9748=CARTESIAN_POINT('',(16.3918313227539,-29.,64.4411254969543));
#9749=CARTESIAN_POINT('',(16.3918313227539,-29.,62.9411254969543));
#9750=CARTESIAN_POINT('',(33.3918313227539,-29.,64.4411254969543));
#9751=CARTESIAN_POINT('',(33.3918313227539,-29.,62.9411254969543));
#9752=CARTESIAN_POINT('',(41.5855063827476,-29.,74.9411254969543));
#9753=CARTESIAN_POINT('',(7.08550638274763,-29.,74.9411254969543));
#9754=CARTESIAN_POINT('',(40.5855063827476,-29.,74.9411254969543));
#9755=CARTESIAN_POINT('',(40.5855063827476,-29.,34.8091972200459));
#9756=CARTESIAN_POINT('',(40.5855063827476,-29.,34.8091972200459));
#9757=CARTESIAN_POINT('',(6.08550638274764,-29.,34.8091972200459));
#9758=CARTESIAN_POINT('',(7.08550638274764,-29.,34.8091972200459));
#9759=CARTESIAN_POINT('',(7.08550638274763,-29.,75.9411254969543));
#9760=CARTESIAN_POINT('',(39.,-29.,57.9411254969543));
#9761=CARTESIAN_POINT('',(33.3918313227539,-29.25,64.4411254969543));
#9762=CARTESIAN_POINT('',(33.3918313227539,-29.25,63.1911254969543));
#9763=CARTESIAN_POINT('',(33.3918313227539,-31.75,64.4411254969543));
#9764=CARTESIAN_POINT('',(33.3918313227539,-31.75,63.1911254969543));
#9765=CARTESIAN_POINT('',(33.3918313227539,-32.,64.4411254969543));
#9766=CARTESIAN_POINT('',(33.3918313227539,-32.,64.4411254969543));
#9767=CARTESIAN_POINT('',(33.3918313227539,-29.,64.4411254969543));
#9768=CARTESIAN_POINT('',(16.3918313227539,-29.25,64.4411254969543));
#9769=CARTESIAN_POINT('',(16.3918313227539,-29.25,63.1911254969543));
#9770=CARTESIAN_POINT('',(16.3918313227539,-31.75,64.4411254969543));
#9771=CARTESIAN_POINT('',(16.3918313227539,-31.75,63.1911254969543));
#9772=CARTESIAN_POINT('',(16.3918313227539,-32.,64.4411254969543));
#9773=CARTESIAN_POINT('',(16.3918313227539,-32.,64.4411254969543));
#9774=CARTESIAN_POINT('',(16.3918313227539,-29.,64.4411254969543));
#9775=CARTESIAN_POINT('',(23.9999999999999,-29.25,65.8411254969543));
#9776=CARTESIAN_POINT('',(23.9999999999999,-29.25,64.5911254969543));
#9777=CARTESIAN_POINT('',(23.9999999999999,-31.75,65.8411254969543));
#9778=CARTESIAN_POINT('',(23.9999999999999,-31.75,64.5911254969543));
#9779=CARTESIAN_POINT('',(23.9999999999999,-32.,65.8411254969543));
#9780=CARTESIAN_POINT('',(23.9999999999999,-32.,65.8411254969543));
#9781=CARTESIAN_POINT('',(23.9999999999999,-29.,65.8411254969543));
#9782=CARTESIAN_POINT('',(23.9999999999999,-29.25,38.0411254969543));
#9783=CARTESIAN_POINT('',(23.9999999999999,-29.25,36.7911254969543));
#9784=CARTESIAN_POINT('',(23.9999999999999,-31.75,38.0411254969543));
#9785=CARTESIAN_POINT('',(23.9999999999999,-31.75,36.7911254969543));
#9786=CARTESIAN_POINT('',(23.9999999999999,-32.,38.0411254969543));
#9787=CARTESIAN_POINT('',(23.9999999999999,-32.,38.0411254969543));
#9788=CARTESIAN_POINT('',(23.9999999999999,-29.,38.0411254969543));
#9789=CARTESIAN_POINT('',(40.5855063827476,-31.,34.8091972200459));
#9790=CARTESIAN_POINT('',(40.5855063827476,-31.,75.9411254969543));
#9791=CARTESIAN_POINT('',(40.5855063827476,-30.,34.8091972200459));
#9792=CARTESIAN_POINT('',(7.08550638274764,-30.,34.8091972200459));
#9793=CARTESIAN_POINT('',(39.,-30.,34.8091972200459));
#9794=CARTESIAN_POINT('',(7.08550638274764,-31.,34.8091972200459));
#9795=CARTESIAN_POINT('',(7.08550638274764,-31.,33.8091972200459));
#9796=CARTESIAN_POINT('',(7.08550638274764,-31.,34.8091972200459));
#9797=CARTESIAN_POINT('',(7.08550638274764,-31.,34.8091972200459));
#9798=CARTESIAN_POINT('',(7.08550638274764,-31.,34.8091972200459));
#9799=CARTESIAN_POINT('',(7.08550638274764,-30.,34.8091972200459));
#9800=CARTESIAN_POINT('',(7.08550638274764,-32.,34.8091972200459));
#9801=CARTESIAN_POINT('',(40.5855063827476,-31.,34.8091972200459));
#9802=CARTESIAN_POINT('',(41.5855063827476,-31.,34.8091972200459));
#9803=CARTESIAN_POINT('',(7.08550638274764,-30.,34.8091972200459));
#9804=CARTESIAN_POINT('',(7.08550638274764,-30.,34.8091972200459));
#9805=CARTESIAN_POINT('',(40.5855063827476,-31.,34.8091972200459));
#9806=CARTESIAN_POINT('',(40.5855063827476,-31.,34.8091972200459));
#9807=CARTESIAN_POINT('',(7.08550638274763,-30.,74.9411254969543));
#9808=CARTESIAN_POINT('',(7.08550638274763,-30.,57.9411254969543));
#9809=CARTESIAN_POINT('',(40.5855063827476,-30.,34.8091972200459));
#9810=CARTESIAN_POINT('',(40.5855063827476,-32.,34.8091972200459));
#9811=CARTESIAN_POINT('',(40.5855063827476,-30.,74.9411254969543));
#9812=CARTESIAN_POINT('',(39.,-30.,74.9411254969543));
#9813=CARTESIAN_POINT('',(40.5855063827476,-30.,34.8091972200459));
#9814=CARTESIAN_POINT('',(40.5855063827476,-30.,34.8091972200459));
#9815=CARTESIAN_POINT('',(40.5855063827476,-30.,57.9411254969543));
#9816=CARTESIAN_POINT('',(13.8918313227539,-45.,65.8411254969543));
#9817=CARTESIAN_POINT('',(13.8918313227539,-45.,66.9411254969543));
#9818=CARTESIAN_POINT('',(13.8918313227539,-45.,36.9411254969543));
#9819=CARTESIAN_POINT('',(23.9999999999999,-45.,36.9411254969543));
#9820=CARTESIAN_POINT('',(22.9801960972813,-45.,36.9411254969543));
#9821=CARTESIAN_POINT('',(23.9999999999999,-45.,38.0411254969544));
#9822=CARTESIAN_POINT('',(22.8758735299891,-45.,39.0342718504296));
#9823=CARTESIAN_POINT('',(19.9480619123876,-45.,39.0342718504295));
#9824=CARTESIAN_POINT('',(19.9480619123876,-45.,39.0342718504295));
#9825=CARTESIAN_POINT('',(19.9480619123876,-45.,42.0342718504296));
#9826=CARTESIAN_POINT('',(16.9480619123876,-45.,42.0342718504296));
#9827=CARTESIAN_POINT('',(16.9480619123876,-45.,62.0342718504296));
#9828=CARTESIAN_POINT('',(16.9480619123876,-45.,62.0342718504296));
#9829=CARTESIAN_POINT('',(19.9480619123876,-45.,62.0342718504296));
#9830=CARTESIAN_POINT('',(17.1657424228624,-45.,63.1561890747416));
#9831=CARTESIAN_POINT('',(16.3918313227539,-45.,64.4411254969543));
#9832=CARTESIAN_POINT('',(17.8723655437394,-45.,64.2002553649514));
#9833=CARTESIAN_POINT('',(19.9480619123876,-45.,62.0342718504296));
#9834=CARTESIAN_POINT('',(19.9480619123876,-45.,65.0342718504296));
#9835=CARTESIAN_POINT('',(29.9480619123876,-45.,65.0342718504296));
#9836=CARTESIAN_POINT('',(22.7354893463913,-45.,65.0342718504296));
#9837=CARTESIAN_POINT('',(23.9999999999999,-45.,65.8411254969543));
#9838=CARTESIAN_POINT('',(22.9801960972813,-45.,66.9411254969543));
#9839=CARTESIAN_POINT('',(23.9999999999999,-45.,66.9411254969543));
#9840=CARTESIAN_POINT('',(23.9999999999999,-45.,65.8411254969543));
#9841=CARTESIAN_POINT('',(17.9480619123876,-35.,62.0342718504296));
#9842=CARTESIAN_POINT('',(17.9480619123876,-44.,62.0342718504296));
#9843=CARTESIAN_POINT('',(17.9480619123876,-35.,62.0342718504296));
#9844=CARTESIAN_POINT('',(17.9480619123876,-44.,42.0342718504296));
#9845=CARTESIAN_POINT('',(17.9480619123876,-44.,42.0342718504296));
#9846=CARTESIAN_POINT('',(17.9480619123876,-35.,42.0342718504296));
#9847=CARTESIAN_POINT('',(17.9480619123876,-40.,42.0342718504296));
#9848=CARTESIAN_POINT('',(17.9480619123876,-40.,46.7117197640154));
#9849=CARTESIAN_POINT('',(17.9480619123876,-40.,46.7117197640154));
#9850=CARTESIAN_POINT('',(17.9480619123876,-40.,46.7117197640154));
#9851=CARTESIAN_POINT('',(17.9480619123876,-35.,46.7117197640154));
#9852=CARTESIAN_POINT('',(17.9480619123876,-35.,62.0342718504296));
#9853=CARTESIAN_POINT('',(17.9480619123876,-35.,62.0342718504296));
#9854=CARTESIAN_POINT('',(19.9480619123876,-35.,40.0342718504295));
#9855=CARTESIAN_POINT('',(19.9480619123876,-44.,40.0342718504295));
#9856=CARTESIAN_POINT('',(19.9480619123876,-40.,40.0342718504296));
#9857=CARTESIAN_POINT('',(29.9480619123876,-44.,40.0342718504296));
#9858=CARTESIAN_POINT('',(29.9480619123876,-44.,40.0342718504296));
#9859=CARTESIAN_POINT('',(29.9480619123876,-35.,40.0342718504296));
#9860=CARTESIAN_POINT('',(29.9483530548129,-40.,40.0342720112538));
#9861=CARTESIAN_POINT('',(19.9480619123876,-40.,40.0342718504296));
#9862=CARTESIAN_POINT('',(19.9480619123876,-35.,40.0342718504295));
#9863=CARTESIAN_POINT('',(19.9480619123876,-44.,42.0342718504296));
#9864=CARTESIAN_POINT('',(19.9480619123876,-40.,42.0342718504296));
#9865=CARTESIAN_POINT('',(19.9480619123876,-35.,42.0342718504296));
#9866=CARTESIAN_POINT('',(31.9480619123876,-35.,42.0342718504296));
#9867=CARTESIAN_POINT('',(31.9480619123876,-44.,42.0342718504296));
#9868=CARTESIAN_POINT('',(31.9480619123876,-40.,42.0342718504296));
#9869=CARTESIAN_POINT('',(31.9480619123876,-44.,62.0342718504296));
#9870=CARTESIAN_POINT('',(31.9480619123876,-44.,62.0342718504296));
#9871=CARTESIAN_POINT('',(31.9480619123876,-35.,62.0342718504296));
#9872=CARTESIAN_POINT('',(31.9480619123876,-35.,62.0342718504296));
#9873=CARTESIAN_POINT('',(31.9480619123876,-35.,42.0342718504296));
#9874=CARTESIAN_POINT('',(31.9480619123876,-35.,46.7117197640154));
#9875=CARTESIAN_POINT('',(31.9480619123876,-35.,46.7117197640154));
#9876=CARTESIAN_POINT('',(31.9480619123876,-40.,46.7117197640154));
#9877=CARTESIAN_POINT('',(31.9480619123876,-40.,42.0342718504296));
#9878=CARTESIAN_POINT('',(31.9480619123876,-35.,42.0342718504296));
#9879=CARTESIAN_POINT('',(24.,-32.,42.9411254969543));
#9880=CARTESIAN_POINT('',(24.,-32.,41.4411254969543));
#9881=CARTESIAN_POINT('',(24.,-37.,42.9411254969543));
#9882=CARTESIAN_POINT('',(24.,-37.,44.4411254969543));
#9883=CARTESIAN_POINT('',(24.,-45.,42.9411254969543));
#9884=CARTESIAN_POINT('',(23.9999999999999,-32.,57.9411254969543));
#9885=CARTESIAN_POINT('',(23.9999999999999,-32.,54.1911254969543));
#9886=CARTESIAN_POINT('',(23.9999999999999,-35.,57.9411254969543));
#9887=CARTESIAN_POINT('',(23.9999999999999,-35.,54.1911254969543));
#9888=CARTESIAN_POINT('',(23.9999999999999,-45.,57.9411254969543));
#9889=CARTESIAN_POINT('',(12.8918313227539,-44.,35.9411254969543));
#9890=CARTESIAN_POINT('',(12.8918313227539,-44.,36.9411254969543));
#9891=CARTESIAN_POINT('',(12.8918313227539,-44.,66.9411254969543));
#9892=CARTESIAN_POINT('',(12.8918313227539,-45.,66.9411254969543));
#9893=CARTESIAN_POINT('',(12.8918313227539,-32.,66.9411254969543));
#9894=CARTESIAN_POINT('',(12.8918313227539,-32.,35.9411254969543));
#9895=CARTESIAN_POINT('',(12.8918313227539,-32.,36.9411254969543));
#9896=CARTESIAN_POINT('',(12.8918313227539,-45.,36.9411254969543));
#9897=CARTESIAN_POINT('',(12.8918313227539,-45.,35.9411254969543));
#9898=CARTESIAN_POINT('',(12.8918313227539,-32.,67.9411254969543));
#9899=CARTESIAN_POINT('',(13.8918313227539,-32.,67.9411254969543));
#9900=CARTESIAN_POINT('',(35.8918313227539,-32.,67.9411254969543));
#9901=CARTESIAN_POINT('',(13.8918313227539,-45.,67.9411254969543));
#9902=CARTESIAN_POINT('',(13.8918313227539,-44.,67.9411254969543));
#9903=CARTESIAN_POINT('',(12.8918313227539,-44.,67.9411254969543));
#9904=CARTESIAN_POINT('',(35.8918313227539,-44.,67.9411254969543));
#9905=CARTESIAN_POINT('',(35.8918313227539,-45.,67.9411254969543));
#9906=CARTESIAN_POINT('',(12.8918313227539,-45.,67.9411254969543));
#9907=CARTESIAN_POINT('',(36.8918313227539,-32.,67.9411254969543));
#9908=CARTESIAN_POINT('',(36.8918313227539,-32.,66.9411254969543));
#9909=CARTESIAN_POINT('',(36.8918313227539,-32.,36.9411254969543));
#9910=CARTESIAN_POINT('',(36.8918313227539,-45.,66.9411254969543));
#9911=CARTESIAN_POINT('',(36.8918313227539,-44.,66.9411254969543));
#9912=CARTESIAN_POINT('',(36.8918313227539,-44.,67.9411254969543));
#9913=CARTESIAN_POINT('',(36.8918313227539,-44.,36.9411254969543));
#9914=CARTESIAN_POINT('',(36.8918313227539,-45.,36.9411254969543));
#9915=CARTESIAN_POINT('',(36.8918313227539,-45.,67.9411254969543));
#9916=CARTESIAN_POINT('',(17.1657424228624,-45.,63.1561890747416));
#9917=CARTESIAN_POINT('',(17.3107045120356,-45.,63.243499052081));
#9918=CARTESIAN_POINT('',(17.4422697100621,-44.9855053951388,63.3570624201773));
#9919=CARTESIAN_POINT('',(17.5497938460545,-44.9806598323772,63.4876461869368));
#9920=CARTESIAN_POINT('',(17.6552567889025,-44.9759071570464,63.6157267169829));
#9921=CARTESIAN_POINT('',(17.7404049979459,-44.9816431327896,63.7637569620595));
#9922=CARTESIAN_POINT('',(17.7980879192476,-44.9900427117993,63.9191653597618));
#9923=CARTESIAN_POINT('',(17.8317875235572,-44.9949499266665,64.0099582910276));
#9924=CARTESIAN_POINT('',(17.8567941592125,-45.,64.1045441720839));
#9925=CARTESIAN_POINT('',(17.8723655437394,-45.,64.2002553649514));
#9926=CARTESIAN_POINT('',(16.3918313227539,-32.,64.4411254969543));
#9927=CARTESIAN_POINT('',(16.3918313227539,-32.,62.9411254969543));
#9928=CARTESIAN_POINT('',(16.3918313227539,-45.,64.4411254969543));
#9929=CARTESIAN_POINT('',(22.9801960972813,-45.,36.9411254969543));
#9930=CARTESIAN_POINT('',(23.1045726953063,-45.,36.8258166423428));
#9931=CARTESIAN_POINT('',(23.2504943316448,-44.9801276097764,36.730921012329));
#9932=CARTESIAN_POINT('',(23.4051863265428,-44.9608628320874,36.6641009169745));
#9933=CARTESIAN_POINT('',(23.5500693652824,-44.9428196260762,36.6015178565505));
#9934=CARTESIAN_POINT('',(23.7071929903493,-44.9252469047181,36.5614430936802));
#9935=CARTESIAN_POINT('',(23.8652838806726,-44.9191368973667,36.5471872227297));
#9936=CARTESIAN_POINT('',(24.0290733955819,-44.9128066455848,36.532417477409));
#9937=CARTESIAN_POINT('',(24.1982044247359,-44.9192645532868,36.5452719689074));
#9938=CARTESIAN_POINT('',(24.357383217488,-44.9341793547707,36.5843217229828));
#9939=CARTESIAN_POINT('',(24.508536630087,-44.948342190809,36.6214026901618));
#9940=CARTESIAN_POINT('',(24.6549247083075,-44.9695919126577,36.6827141105424));
#9941=CARTESIAN_POINT('',(24.7873558846719,-44.9842571745517,36.7643832712594));
#9942=CARTESIAN_POINT('',(24.8699593209387,-44.9934045751823,36.81532409575));
#9943=CARTESIAN_POINT('',(24.9483199994251,-45.,36.8748531664452));
#9944=CARTESIAN_POINT('',(25.0198039027184,-45.,36.9411254969543));
#9945=CARTESIAN_POINT('',(25.0198039027184,-45.,36.9411254969543));
#9946=CARTESIAN_POINT('',(23.9999999999999,-45.,38.0411254969544));
#9947=CARTESIAN_POINT('',(25.1241264700106,-45.,39.0342718504296));
#9948=CARTESIAN_POINT('',(25.1241264700106,-45.,39.0342718504296));
#9949=CARTESIAN_POINT('',(25.0115805404138,-45.,39.1616607877287));
#9950=CARTESIAN_POINT('',(24.8754269590513,-44.9754528584386,39.2706681492661));
#9951=CARTESIAN_POINT('',(24.728787815316,-44.9481209516802,39.352181681962));
#9952=CARTESIAN_POINT('',(24.597903344074,-44.9237255407894,39.4249375325091));
#9953=CARTESIAN_POINT('',(24.4547060339466,-44.896611092268,39.4784785726743));
#9954=CARTESIAN_POINT('',(24.3070976608503,-44.8799421665566,39.5093526683077));
#9955=CARTESIAN_POINT('',(24.1425570087407,-44.8613611345392,39.5437683570809));
#9956=CARTESIAN_POINT('',(23.9672989315073,-44.8570081926332,39.5502217334753));
#9957=CARTESIAN_POINT('',(23.8001582825676,-44.8697561186969,39.5277536575829));
#9958=CARTESIAN_POINT('',(23.6543732394641,-44.8808752388061,39.5081563338127));
#9959=CARTESIAN_POINT('',(23.5110644410216,-44.9040285654804,39.4666495993999));
#9960=CARTESIAN_POINT('',(23.378615191441,-44.9281950968217,39.4063657394363));
#9961=CARTESIAN_POINT('',(23.2326289362047,-44.9548315739912,39.3399205538642));
#9962=CARTESIAN_POINT('',(23.0953729361153,-44.9830785153158,39.2485828797267));
#9963=CARTESIAN_POINT('',(22.9767817612092,-44.9946108782871,39.1379502030064));
#9964=CARTESIAN_POINT('',(22.9415825784652,-44.9980338121775,39.1051131912438));
#9965=CARTESIAN_POINT('',(22.9078259517745,-45.,39.0704382855015));
#9966=CARTESIAN_POINT('',(22.8758735299891,-45.,39.0342718504296));
#9967=CARTESIAN_POINT('',(23.9999999999999,-32.,38.0411254969544));
#9968=CARTESIAN_POINT('',(23.9999999999999,-32.,36.5411254969543));
#9969=CARTESIAN_POINT('',(23.9999999999999,-45.,38.0411254969544));
#9970=CARTESIAN_POINT('',(23.9999999999999,-45.,65.8411254969543));
#9971=CARTESIAN_POINT('',(25.2645106536085,-45.,65.0342718504296));
#9972=CARTESIAN_POINT('',(25.0198039027184,-45.,66.9411254969543));
#9973=CARTESIAN_POINT('',(25.0198039027184,-45.,66.9411254969543));
#9974=CARTESIAN_POINT('',(24.8954273046934,-45.,67.0564343515659));
#9975=CARTESIAN_POINT('',(24.7495056683549,-44.9801276097764,67.1513299815797));
#9976=CARTESIAN_POINT('',(24.5948136734569,-44.9608628320874,67.2181500769341));
#9977=CARTESIAN_POINT('',(24.4499306347174,-44.9428196260762,67.2807331373582));
#9978=CARTESIAN_POINT('',(24.2928070096505,-44.9252469047181,67.3208079002285));
#9979=CARTESIAN_POINT('',(24.1347161193272,-44.9191368973667,67.335063771179));
#9980=CARTESIAN_POINT('',(23.9709266044179,-44.9128066455848,67.3498335164997));
#9981=CARTESIAN_POINT('',(23.8017955752638,-44.9192645532868,67.3369790250013));
#9982=CARTESIAN_POINT('',(23.6426167825117,-44.9341793547707,67.2979292709259));
#9983=CARTESIAN_POINT('',(23.4914633699128,-44.948342190809,67.2608483037469));
#9984=CARTESIAN_POINT('',(23.3450752916922,-44.9695919126577,67.1995368833663));
#9985=CARTESIAN_POINT('',(23.2126441153279,-44.9842571745517,67.1178677226493));
#9986=CARTESIAN_POINT('',(23.1300406790611,-44.9934045751823,67.0669268981587));
#9987=CARTESIAN_POINT('',(23.0516800005746,-45.,67.0073978274635));
#9988=CARTESIAN_POINT('',(22.9801960972813,-45.,66.9411254969543));
#9989=CARTESIAN_POINT('',(22.7354893463913,-45.,65.0342718504296));
#9990=CARTESIAN_POINT('',(22.81007022006,-45.,64.9173878161121));
#9991=CARTESIAN_POINT('',(22.9021495583992,-44.9791417130925,64.8100764986639));
#9992=CARTESIAN_POINT('',(23.0033529878094,-44.949366636317,64.7201015306219));
#9993=CARTESIAN_POINT('',(23.1303802258331,-44.9119939327755,64.6071678904453));
#9994=CARTESIAN_POINT('',(23.2756758620311,-44.8593338823041,64.5169004144203));
#9995=CARTESIAN_POINT('',(23.4311066221122,-44.8138463104086,64.453191664023));
#9996=CARTESIAN_POINT('',(23.5600135965039,-44.7761210540796,64.4003546177928));
#9997=CARTESIAN_POINT('',(23.6999101390321,-44.7428071410968,64.3644475603098));
#9998=CARTESIAN_POINT('',(23.8427559578987,-44.7286542884567,64.3493901614394));
#9999=CARTESIAN_POINT('',(23.9867731059087,-44.714385383076,64.3342092925911));
#10000=CARTESIAN_POINT('',(24.1375865943381,-44.7211482956731,64.3405672687651));
#10001=CARTESIAN_POINT('',(24.2786329994186,-44.745021549169,64.3672314533966));
#10002=CARTESIAN_POINT('',(24.4343128520659,-44.7713716329186,64.3966620250729));
#10003=CARTESIAN_POINT('',(24.5835327275704,-44.8165914549665,64.4506715246945));
#10004=CARTESIAN_POINT('',(24.719126818374,-44.8604549804066,64.5247453774239));
#10005=CARTESIAN_POINT('',(24.8586702474219,-44.9055960828968,64.6009767187115));
#10006=CARTESIAN_POINT('',(24.9884791680313,-44.9508021596667,64.7011488433605));
#10007=CARTESIAN_POINT('',(25.0994999789339,-44.9769453948913,64.8207825172049));
#10008=CARTESIAN_POINT('',(25.1601311784211,-44.9912228596049,64.8861174132957));
#10009=CARTESIAN_POINT('',(25.2159543081301,-45.,64.9581737669393));
#10010=CARTESIAN_POINT('',(25.2645106536085,-45.,65.0342718504296));
#10011=CARTESIAN_POINT('',(23.9999999999999,-32.,65.8411254969543));
#10012=CARTESIAN_POINT('',(23.9999999999999,-32.,64.3411254969543));
#10013=CARTESIAN_POINT('',(23.9999999999999,-45.,65.8411254969543));
#10014=CARTESIAN_POINT('',(36.8918313227539,-32.,35.9411254969543));
#10015=CARTESIAN_POINT('',(35.8918313227539,-32.,35.9411254969543));
#10016=CARTESIAN_POINT('',(13.8918313227539,-32.,35.9411254969543));
#10017=CARTESIAN_POINT('',(35.8918313227539,-45.,35.9411254969543));
#10018=CARTESIAN_POINT('',(35.8918313227539,-44.,35.9411254969543));
#10019=CARTESIAN_POINT('',(36.8918313227539,-44.,35.9411254969543));
#10020=CARTESIAN_POINT('',(13.8918313227539,-44.,35.9411254969543));
#10021=CARTESIAN_POINT('',(13.8918313227539,-45.,35.9411254969543));
#10022=CARTESIAN_POINT('',(36.8918313227539,-45.,35.9411254969543));
#10023=CARTESIAN_POINT('',(33.3918313227539,-45.,64.4411254969543));
#10024=CARTESIAN_POINT('',(31.8971560246827,-45.,64.3148490013755));
#10025=CARTESIAN_POINT('',(32.759573565366,-45.,63.0808865002252));
#10026=CARTESIAN_POINT('',(31.8971560246827,-45.,64.3148490013755));
#10027=CARTESIAN_POINT('',(31.9114237402733,-45.,64.1459687837595));
#10028=CARTESIAN_POINT('',(31.95518462843,-44.9787922549194,63.9778694695654));
#10029=CARTESIAN_POINT('',(32.024730102696,-44.9659772486282,63.8238457758262));
#10030=CARTESIAN_POINT('',(32.0913753640014,-44.9536966588138,63.6762452392732));
#10031=CARTESIAN_POINT('',(32.184144268781,-44.9512241661418,63.5368193178551));
#10032=CARTESIAN_POINT('',(32.2946855302246,-44.9612559277336,63.4182515506955));
#10033=CARTESIAN_POINT('',(32.399921843719,-44.9708062584788,63.3053739287812));
#10034=CARTESIAN_POINT('',(32.5236991956147,-44.9898331936632,63.2081614174771));
#10035=CARTESIAN_POINT('',(32.658426097575,-44.9971432259382,63.1326466948027));
#10036=CARTESIAN_POINT('',(32.691437761381,-44.9989343777005,63.1141435851708));
#10037=CARTESIAN_POINT('',(32.7252176245244,-45.,63.096855613125));
#10038=CARTESIAN_POINT('',(32.759573565366,-45.,63.0808865002252));
#10039=CARTESIAN_POINT('',(33.3918313227539,-32.,64.4411254969543));
#10040=CARTESIAN_POINT('',(33.3918313227539,-32.,62.9411254969543));
#10041=CARTESIAN_POINT('',(33.3918313227539,-45.,64.4411254969543));
#10042=CARTESIAN_POINT('',(23.9999999999999,-45.,36.9411254969543));
#10043=CARTESIAN_POINT('',(35.8918313227539,-45.,36.9411254969543));
#10044=CARTESIAN_POINT('',(35.8918313227539,-45.,65.8411254969543));
#10045=CARTESIAN_POINT('',(35.8918313227539,-45.,66.9411254969543));
#10046=CARTESIAN_POINT('',(23.9999999999999,-45.,66.9411254969543));
#10047=CARTESIAN_POINT('',(29.9480619123876,-45.,65.0342718504296));
#10048=CARTESIAN_POINT('',(29.9480619123876,-45.,65.0342718504296));
#10049=CARTESIAN_POINT('',(29.9480619123876,-45.,62.0342718504296));
#10050=CARTESIAN_POINT('',(29.9480619123876,-45.,62.0342718504296));
#10051=CARTESIAN_POINT('',(32.9480619123876,-45.,62.0342718504296));
#10052=CARTESIAN_POINT('',(32.9480619123876,-45.,42.0342718504296));
#10053=CARTESIAN_POINT('',(32.9480619123876,-45.,42.0342718504296));
#10054=CARTESIAN_POINT('',(29.9480619123876,-45.,42.0342718504296));
#10055=CARTESIAN_POINT('',(29.9480619123876,-45.,39.0342718504296));
#10056=CARTESIAN_POINT('',(19.9480619123876,-45.,39.0342718504295));
#10057=CARTESIAN_POINT('',(23.9999999999999,-45.,65.8411254969543));
#10058=CARTESIAN_POINT('',(13.8918313227539,-32.,66.9411254969543));
#10059=CARTESIAN_POINT('',(35.8918313227539,-32.,66.9411254969543));
#10060=CARTESIAN_POINT('',(35.8918313227539,-32.,36.9411254969543));
#10061=CARTESIAN_POINT('',(13.8918313227539,-32.,36.9411254969543));
#10062=CARTESIAN_POINT('',(23.9999999999999,-32.,65.8411254969543));
#10063=CARTESIAN_POINT('',(29.9480619123876,-44.,42.0342718504296));
#10064=CARTESIAN_POINT('',(29.9480619123876,-40.,42.0342718504296));
#10065=CARTESIAN_POINT('',(29.9480619123876,-35.,42.0342718504296));
#10066=CARTESIAN_POINT('',(29.9480619123876,-44.,62.0342718504296));
#10067=CARTESIAN_POINT('',(29.9480619123876,-44.,64.0342718504296));
#10068=CARTESIAN_POINT('',(29.9480619123876,-35.,64.0342718504296));
#10069=CARTESIAN_POINT('',(29.9480619123876,-35.,64.0342718504296));
#10070=CARTESIAN_POINT('',(29.9480619123876,-35.,62.0342718504296));
#10071=CARTESIAN_POINT('',(29.9480619123876,-35.,62.0342718504296));
#10072=CARTESIAN_POINT('',(19.9480619123876,-44.,64.0342718504296));
#10073=CARTESIAN_POINT('',(19.9480619123876,-44.,64.0342718504296));
#10074=CARTESIAN_POINT('',(19.9480619123876,-35.,64.0342718504296));
#10075=CARTESIAN_POINT('',(19.9480619123876,-35.,64.0342718504296));
#10076=CARTESIAN_POINT('',(29.9480619123876,-35.,64.0342718504296));
#10077=CARTESIAN_POINT('',(29.9480619123876,-35.,64.0342718504296));
#10078=CARTESIAN_POINT('',(19.9480619123876,-44.,62.0342718504296));
#10079=CARTESIAN_POINT('',(19.9480619123876,-35.,62.0342718504296));
#10080=CARTESIAN_POINT('',(19.9480619123876,-35.,62.0342718504296));
#10081=CARTESIAN_POINT('',(31.9502714820888,-35.,46.7117197640154));
#10082=CARTESIAN_POINT('',(19.9480619123876,-35.,42.0342718504296));
#10083=CARTESIAN_POINT('',(24.,-40.,42.9411254969543));
#10084=CARTESIAN_POINT('',(24.,-40.,45.4411254969543));
#10085=CARTESIAN_POINT('',(31.9502714820888,-40.,46.7117197640154));
#10086=CARTESIAN_POINT('',(29.9502714820888,-40.,42.0342718504296));
#10087=CARTESIAN_POINT('',(31.9502714820888,-40.,46.7117197640154));
#10088=CARTESIAN_POINT('',(35.8918313227539,-44.,36.9411254969543));
#10089=CARTESIAN_POINT('',(35.8918313227539,-45.,36.9411254969543));
#10090=CARTESIAN_POINT('',(35.8918313227539,-44.,36.9411254969543));
#10091=CARTESIAN_POINT('',(35.8918313227539,-44.,36.9411254969543));
#10092=CARTESIAN_POINT('',(35.8918313227539,-44.,36.9411254969543));
#10093=CARTESIAN_POINT('',(35.8918313227539,-44.,66.9411254969543));
#10094=CARTESIAN_POINT('',(35.8918313227539,-45.,66.9411254969543));
#10095=CARTESIAN_POINT('',(35.8918313227539,-44.,66.9411254969543));
#10096=CARTESIAN_POINT('',(35.8918313227539,-44.,67.9411254969543));
#10097=CARTESIAN_POINT('',(13.8918313227539,-44.,36.9411254969543));
#10098=CARTESIAN_POINT('',(36.8918313227539,-44.,36.9411254969543));
#10099=CARTESIAN_POINT('',(13.8918313227539,-44.,36.9411254969543));
#10100=CARTESIAN_POINT('',(13.8918313227539,-45.,36.9411254969543));
#10101=CARTESIAN_POINT('',(35.8918313227539,-44.,66.9411254969543));
#10102=CARTESIAN_POINT('',(35.8918313227539,-44.,66.9411254969543));
#10103=CARTESIAN_POINT('',(13.8918313227539,-44.,36.9411254969543));
#10104=CARTESIAN_POINT('',(13.8918313227539,-44.,36.9411254969543));
#10105=CARTESIAN_POINT('',(13.8918313227539,-44.,66.9411254969543));
#10106=CARTESIAN_POINT('',(12.8918313227539,-44.,66.9411254969543));
#10107=CARTESIAN_POINT('',(13.8918313227539,-44.,66.9411254969543));
#10108=CARTESIAN_POINT('',(13.8918313227539,-44.,35.9411254969543));
#10109=CARTESIAN_POINT('',(13.8918313227539,-44.,66.9411254969543));
#10110=CARTESIAN_POINT('',(13.8918313227539,-44.,66.9411254969543));
#10111=CARTESIAN_POINT('',(13.8918313227539,-45.,66.9411254969543));
#10112=CARTESIAN_POINT('',(16.9480619123876,-44.,62.0342718504296));
#10113=CARTESIAN_POINT('',(19.9480619123876,-44.,65.0342718504296));
#10114=CARTESIAN_POINT('',(19.9480619123876,-44.,62.0342718504296));
#10115=CARTESIAN_POINT('',(16.9480619123876,-44.,42.0342718504296));
#10116=CARTESIAN_POINT('',(16.9480619123876,-44.,62.0342718504296));
#10117=CARTESIAN_POINT('',(29.9480619123876,-44.,65.0342718504296));
#10118=CARTESIAN_POINT('',(29.9480619123876,-44.,65.0342718504296));
#10119=CARTESIAN_POINT('',(19.9480619123876,-44.,39.0342718504295));
#10120=CARTESIAN_POINT('',(19.9480619123876,-44.,42.0342718504296));
#10121=CARTESIAN_POINT('',(32.9480619123876,-44.,62.0342718504296));
#10122=CARTESIAN_POINT('',(29.9480619123876,-44.,62.0342718504296));
#10123=CARTESIAN_POINT('',(29.9480619123876,-44.,39.0342718504296));
#10124=CARTESIAN_POINT('',(19.9480619123876,-44.,39.0342718504295));
#10125=CARTESIAN_POINT('',(32.9480619123876,-44.,42.0342718504296));
#10126=CARTESIAN_POINT('',(32.9480619123876,-44.,42.0342718504296));
#10127=CARTESIAN_POINT('',(29.9480619123876,-44.,42.0342718504296));
#10128=CARTESIAN_POINT('',(24.,-37.,42.9411254969543));
#10129=CARTESIAN_POINT('',(24.,-37.,45.4411254969543));
#10130=CARTESIAN_POINT('',(24.,-37.,42.9411254969543));
#10131=CARTESIAN_POINT('',(24.,-40.,42.9411254969543));
#10132=MECHANICAL_DESIGN_GEOMETRIC_PRESENTATION_REPRESENTATION('',(#46,
#47,#48,#49,#50,#51,#52,#53),#10133);
#10133=(
GEOMETRIC_REPRESENTATION_CONTEXT(3)
GLOBAL_UNCERTAINTY_ASSIGNED_CONTEXT((#10134))
GLOBAL_UNIT_ASSIGNED_CONTEXT((#10140,#10136,#10135))
REPRESENTATION_CONTEXT('\X2\6321677F7BB14F53\X0\',
'TOP_LEVEL_ASSEMBLY_PART')
);
#10134=UNCERTAINTY_MEASURE_WITH_UNIT(LENGTH_MEASURE(0.0508),#10140,
'DISTANCE_ACCURACY_VALUE','Maximum Tolerance applied to model');
#10135=(
NAMED_UNIT(*)
SI_UNIT($,.STERADIAN.)
SOLID_ANGLE_UNIT()
);
#10136=(
CONVERSION_BASED_UNIT('DEGREE',#10138)
NAMED_UNIT(#10137)
PLANE_ANGLE_UNIT()
);
#10137=DIMENSIONAL_EXPONENTS(0.,0.,0.,0.,0.,0.,0.);
#10138=PLANE_ANGLE_MEASURE_WITH_UNIT(PLANE_ANGLE_MEASURE(0.0174532925),
#10139);
#10139=(
NAMED_UNIT(*)
PLANE_ANGLE_UNIT()
SI_UNIT($,.RADIAN.)
);
#10140=(
LENGTH_UNIT()
NAMED_UNIT(*)
SI_UNIT(.MILLI.,.METRE.)
);
ENDSEC;
END-ISO-10303-21;
