ISO-10303-21;
HEADER;
/* Generated by software containing ST-Developer
 * from STEP Tools, Inc. (www.steptools.com) 
 */
/* OPTION: using custom schema-name function */

FILE_DESCRIPTION(
/* description */ (''),
/* implementation_level */ '2;1');

FILE_NAME(
/* name */ '\X2\7B5B9009\X0\.stp',
/* time_stamp */ '2026-05-02T16:27:04+08:00',
/* author */ (''),
/* organization */ (''),
/* preprocessor_version */ 'ST-DEVELOPER v16.7',
/* originating_system */ 'SIEMENS PLM Software NX 12.0',
/* authorisation */ '');

FILE_SCHEMA (('AUTOMOTIVE_DESIGN { 1 0 10303 214 3 1 1 1 }'));
ENDSEC;

DATA;
#10=SHAPE_REPRESENTATION_RELATIONSHIP('None',
'relationship between \X2\7B5B9009\X0\-None and \X2\7B5B9009\X0\-None',
#22,#11);
#11=ADVANCED_BREP_SHAPE_REPRESENTATION('\X2\7B5B9009\X0\-None',(#32),#3260);
#12=SHAPE_DEFINITION_REPRESENTATION(#13,#22);
#13=PRODUCT_DEFINITION_SHAPE('','',#14);
#14=PRODUCT_DEFINITION(' ','',#16,#15);
#15=PRODUCT_DEFINITION_CONTEXT('part definition',#21,'design');
#16=PRODUCT_DEFINITION_FORMATION_WITH_SPECIFIED_SOURCE(' ',' ',#18,
 .NOT_KNOWN.);
#17=PRODUCT_RELATED_PRODUCT_CATEGORY('part','',(#18));
#18=PRODUCT('\X2\7B5B9009\X0\','\X2\7B5B9009\X0\',' ',(#19));
#19=PRODUCT_CONTEXT(' ',#21,'mechanical');
#20=APPLICATION_PROTOCOL_DEFINITION('international standard',
'automotive_design',2010,#21);
#21=APPLICATION_CONTEXT(
'core data for automotive mechanical design processes');
#22=SHAPE_REPRESENTATION('\X2\7B5B9009\X0\-None',(#1341),#3260);
#23=PRESENTATION_LAYER_ASSIGNMENT('1','Layer 1',(#32));
#24=STYLED_ITEM('',(#25),#32);
#25=PRESENTATION_STYLE_ASSIGNMENT((#26));
#26=SURFACE_STYLE_USAGE(.BOTH.,#27);
#27=SURFACE_SIDE_STYLE('',(#28));
#28=SURFACE_STYLE_FILL_AREA(#29);
#29=FILL_AREA_STYLE('',(#30));
#30=FILL_AREA_STYLE_COLOUR('',#31);
#31=COLOUR_RGB('\X2\6A598272\X0\',1.,0.6,0.);
#32=MANIFOLD_SOLID_BREP('',#33);
#33=CLOSED_SHELL('',(#108,#109,#110,#111,#112,#113,#114,#115,#116,#117,
#118,#119,#120,#121,#122,#123,#124,#125,#126,#127,#128,#129,#130,#131,#132,
#133,#134,#135,#136,#137,#138,#139,#140,#141,#142,#143,#144,#145,#146,#147,
#148,#149,#150,#151,#152,#153,#154,#155,#156,#157,#158,#159,#160,#161,#162,
#163,#164,#165,#166,#167,#168,#169,#170,#171,#172,#173,#174,#175));
#34=FACE_BOUND('',#356,.T.);
#35=FACE_BOUND('',#357,.T.);
#36=FACE_BOUND('',#358,.T.);
#37=B_SPLINE_SURFACE_WITH_KNOTS('',1,3,((#2610,#2611,#2612,#2613,#2614,
#2615,#2616,#2617,#2618,#2619,#2620,#2621,#2622,#2623),(#2624,#2625,#2626,
#2627,#2628,#2629,#2630,#2631,#2632,#2633,#2634,#2635,#2636,#2637)),
 .UNSPECIFIED.,.F.,.F.,.F.,(2,2),(4,2,2,2,2,2,4),(0.,1.),(0.,0.25,0.375,
0.5,0.625,0.75,1.),.UNSPECIFIED.);
#38=B_SPLINE_SURFACE_WITH_KNOTS('',1,3,((#2638,#2639,#2640,#2641,#2642,
#2643,#2644,#2645,#2646,#2647,#2648,#2649,#2650,#2651),(#2652,#2653,#2654,
#2655,#2656,#2657,#2658,#2659,#2660,#2661,#2662,#2663,#2664,#2665)),
 .UNSPECIFIED.,.F.,.F.,.F.,(2,2),(4,2,2,2,2,2,4),(0.,1.),(0.,0.25,0.375,
0.5,0.625,0.75,1.),.UNSPECIFIED.);
#39=B_SPLINE_SURFACE_WITH_KNOTS('',1,3,((#2666,#2667,#2668,#2669,#2670,
#2671,#2672,#2673,#2674,#2675,#2676,#2677,#2678,#2679),(#2680,#2681,#2682,
#2683,#2684,#2685,#2686,#2687,#2688,#2689,#2690,#2691,#2692,#2693)),
 .UNSPECIFIED.,.F.,.F.,.F.,(2,2),(4,2,2,2,2,2,4),(0.,1.),(0.,0.25,0.375,
0.5,0.625,0.75,1.),.UNSPECIFIED.);
#40=B_SPLINE_SURFACE_WITH_KNOTS('',1,3,((#2694,#2695,#2696,#2697,#2698,
#2699,#2700,#2701,#2702,#2703,#2704,#2705,#2706,#2707),(#2708,#2709,#2710,
#2711,#2712,#2713,#2714,#2715,#2716,#2717,#2718,#2719,#2720,#2721)),
 .UNSPECIFIED.,.F.,.F.,.F.,(2,2),(4,2,2,2,2,2,4),(0.,1.),(0.,0.25,0.375,
0.5,0.625,0.75,1.),.UNSPECIFIED.);
#41=B_SPLINE_SURFACE_WITH_KNOTS('',1,3,((#2857,#2858,#2859,#2860,#2861,
#2862,#2863,#2864,#2865,#2866,#2867,#2868,#2869,#2870,#2871,#2872,#2873,
#2874,#2875,#2876,#2877,#2878,#2879,#2880,#2881,#2882,#2883,#2884,#2885,
#2886,#2887,#2888,#2889),(#2890,#2891,#2892,#2893,#2894,#2895,#2896,#2897,
#2898,#2899,#2900,#2901,#2902,#2903,#2904,#2905,#2906,#2907,#2908,#2909,
#2910,#2911,#2912,#2913,#2914,#2915,#2916,#2917,#2918,#2919,#2920,#2921,
#2922),(#2923,#2924,#2925,#2926,#2927,#2928,#2929,#2930,#2931,#2932,#2933,
#2934,#2935,#2936,#2937,#2938,#2939,#2940,#2941,#2942,#2943,#2944,#2945,
#2946,#2947,#2948,#2949,#2950,#2951,#2952,#2953,#2954,#2955)),
 .UNSPECIFIED.,.F.,.F.,.F.,(2,1,2),(4,2,2,2,2,2,2,2,2,2,2,2,2,2,3,4),(0.,
0.929282011716341,1.),(0.,0.123758884533466,0.185638326800198,0.247517769066931,
0.309397211333664,0.371276653600397,0.433156095867129,0.495035538133862,
0.556914980400595,0.618794422667328,0.68067386493406,0.742553307200793,
0.804432749467526,0.866312191734259,0.990071076267724,1.),.UNSPECIFIED.);
#42=B_SPLINE_SURFACE_WITH_KNOTS('',1,3,((#2956,#2957,#2958,#2959,#2960,
#2961,#2962,#2963,#2964,#2965,#2966,#2967,#2968,#2969,#2970,#2971,#2972,
#2973,#2974,#2975,#2976,#2977,#2978,#2979,#2980,#2981,#2982,#2983,#2984,
#2985,#2986,#2987,#2988),(#2989,#2990,#2991,#2992,#2993,#2994,#2995,#2996,
#2997,#2998,#2999,#3000,#3001,#3002,#3003,#3004,#3005,#3006,#3007,#3008,
#3009,#3010,#3011,#3012,#3013,#3014,#3015,#3016,#3017,#3018,#3019,#3020,
#3021),(#3022,#3023,#3024,#3025,#3026,#3027,#3028,#3029,#3030,#3031,#3032,
#3033,#3034,#3035,#3036,#3037,#3038,#3039,#3040,#3041,#3042,#3043,#3044,
#3045,#3046,#3047,#3048,#3049,#3050,#3051,#3052,#3053,#3054)),
 .UNSPECIFIED.,.F.,.F.,.F.,(2,1,2),(4,3,2,2,2,2,2,2,2,2,2,2,2,2,2,4),(0.,
0.929282011716294,1.),(0.,0.009928923732257,0.133687808265725,0.195567250532459,
0.257446692799193,0.319326135065926,0.38120557733266,0.443085019599395,
0.504964461866128,0.566843904132862,0.628723346399596,0.69060278866633,
0.752482230933064,0.814361673199798,0.876241115466532,1.),.UNSPECIFIED.);
#43=B_SPLINE_SURFACE_WITH_KNOTS('',1,3,((#3055,#3056,#3057,#3058,#3059,
#3060,#3061,#3062,#3063,#3064,#3065,#3066,#3067,#3068,#3069,#3070,#3071,
#3072,#3073,#3074,#3075,#3076,#3077,#3078,#3079,#3080,#3081,#3082,#3083,
#3084,#3085,#3086,#3087),(#3088,#3089,#3090,#3091,#3092,#3093,#3094,#3095,
#3096,#3097,#3098,#3099,#3100,#3101,#3102,#3103,#3104,#3105,#3106,#3107,
#3108,#3109,#3110,#3111,#3112,#3113,#3114,#3115,#3116,#3117,#3118,#3119,
#3120),(#3121,#3122,#3123,#3124,#3125,#3126,#3127,#3128,#3129,#3130,#3131,
#3132,#3133,#3134,#3135,#3136,#3137,#3138,#3139,#3140,#3141,#3142,#3143,
#3144,#3145,#3146,#3147,#3148,#3149,#3150,#3151,#3152,#3153)),
 .UNSPECIFIED.,.F.,.F.,.F.,(2,1,2),(4,2,2,2,2,2,2,2,2,2,2,2,2,2,3,4),(0.,
0.929282011716307,1.),(0.,0.123758884533466,0.185638326800199,0.247517769066931,
0.309397211333664,0.371276653600397,0.43315609586713,0.495035538133863,
0.556914980400596,0.618794422667329,0.680673864934061,0.742553307200794,
0.804432749467527,0.86631219173426,0.990071076267726,1.),.UNSPECIFIED.);
#44=B_SPLINE_SURFACE_WITH_KNOTS('',1,3,((#3154,#3155,#3156,#3157,#3158,
#3159,#3160,#3161,#3162,#3163,#3164,#3165,#3166,#3167,#3168,#3169,#3170,
#3171,#3172,#3173,#3174,#3175,#3176,#3177,#3178,#3179,#3180,#3181,#3182,
#3183,#3184,#3185,#3186),(#3187,#3188,#3189,#3190,#3191,#3192,#3193,#3194,
#3195,#3196,#3197,#3198,#3199,#3200,#3201,#3202,#3203,#3204,#3205,#3206,
#3207,#3208,#3209,#3210,#3211,#3212,#3213,#3214,#3215,#3216,#3217,#3218,
#3219),(#3220,#3221,#3222,#3223,#3224,#3225,#3226,#3227,#3228,#3229,#3230,
#3231,#3232,#3233,#3234,#3235,#3236,#3237,#3238,#3239,#3240,#3241,#3242,
#3243,#3244,#3245,#3246,#3247,#3248,#3249,#3250,#3251,#3252)),
 .UNSPECIFIED.,.F.,.F.,.F.,(2,1,2),(4,3,2,2,2,2,2,2,2,2,2,2,2,2,2,4),(0.,
0.929282011716296,1.),(0.,0.00992892373225731,0.133687808265725,0.195567250532459,
0.257446692799193,0.319326135065927,0.381205577332661,0.443085019599395,
0.504964461866129,0.566843904132863,0.628723346399597,0.69060278866633,
0.752482230933064,0.814361673199798,0.876241115466532,1.),.UNSPECIFIED.);
#45=CYLINDRICAL_SURFACE('',#1397,10.);
#46=CYLINDRICAL_SURFACE('',#1398,10.);
#47=CYLINDRICAL_SURFACE('',#1399,10.);
#48=CYLINDRICAL_SURFACE('',#1400,10.);
#49=CYLINDRICAL_SURFACE('',#1401,10.);
#50=CYLINDRICAL_SURFACE('',#1402,10.);
#51=CYLINDRICAL_SURFACE('',#1422,19.);
#52=CYLINDRICAL_SURFACE('',#1424,8.83540160420015);
#53=CYLINDRICAL_SURFACE('',#1427,8.79452368522852);
#54=CYLINDRICAL_SURFACE('',#1437,2.);
#55=CYLINDRICAL_SURFACE('',#1438,2.);
#56=CYLINDRICAL_SURFACE('',#1439,30.);
#57=CYLINDRICAL_SURFACE('',#1440,30.);
#58=B_SPLINE_CURVE_WITH_KNOTS('',3,(#1817,#1818,#1819,#1820),
 .UNSPECIFIED.,.F.,.F.,(4,4),(0.,1.),.UNSPECIFIED.);
#59=B_SPLINE_CURVE_WITH_KNOTS('',3,(#1825,#1826,#1827,#1828),
 .UNSPECIFIED.,.F.,.F.,(4,4),(0.,1.),.UNSPECIFIED.);
#60=B_SPLINE_CURVE_WITH_KNOTS('',3,(#1842,#1843,#1844,#1845),
 .UNSPECIFIED.,.F.,.F.,(4,4),(0.,1.),.UNSPECIFIED.);
#61=B_SPLINE_CURVE_WITH_KNOTS('',3,(#1859,#1860,#1861,#1862),
 .UNSPECIFIED.,.F.,.F.,(4,4),(0.,1.),.UNSPECIFIED.);
#62=B_SPLINE_CURVE_WITH_KNOTS('',3,(#1913,#1914,#1915,#1916),
 .UNSPECIFIED.,.F.,.F.,(4,4),(0.,1.),.UNSPECIFIED.);
#63=B_SPLINE_CURVE_WITH_KNOTS('',3,(#1923,#1924,#1925,#1926),
 .UNSPECIFIED.,.F.,.F.,(4,4),(0.,1.),.UNSPECIFIED.);
#64=B_SPLINE_CURVE_WITH_KNOTS('',3,(#1933,#1934,#1935,#1936),
 .UNSPECIFIED.,.F.,.F.,(4,4),(0.,1.),.UNSPECIFIED.);
#65=B_SPLINE_CURVE_WITH_KNOTS('',3,(#1943,#1944,#1945,#1946),
 .UNSPECIFIED.,.F.,.F.,(4,4),(0.,1.),.UNSPECIFIED.);
#66=B_SPLINE_CURVE_WITH_KNOTS('',3,(#2003,#2004,#2005,#2006,#2007,#2008,
#2009,#2010,#2011,#2012,#2013,#2014,#2015,#2016,#2017,#2018,#2019,#2020,
#2021,#2022,#2023,#2024,#2025,#2026,#2027,#2028,#2029,#2030,#2031,#2032,
#2033,#2034,#2035,#2036,#2037,#2038,#2039,#2040,#2041,#2042,#2043,#2044,
#2045,#2046,#2047,#2048,#2049,#2050,#2051,#2052,#2053,#2054,#2055,#2056,
#2057,#2058,#2059,#2060,#2061,#2062,#2063),.UNSPECIFIED.,.F.,.F.,(4,2,2,
2,2,2,2,2,2,2,2,2,1,2,2,2,2,2,2,2,2,2,2,2,2,2,2,2,2,2,4),(0.,0.0624999999999949,
0.12499999999999,0.187499999999985,0.218749999999982,0.249999999999979,
0.312499999999974,0.343749999999972,0.359374999999971,0.374999999999969,
0.406249999999966,0.421874999999964,0.429687499999963,0.433593749999963,
0.437499999999963,0.468749999999968,0.484374999999971,0.492187499999972,
0.499999999999973,0.531249999999976,0.546874999999977,0.562499999999978,
0.593749999999979,0.609374999999979,0.62499999999998,0.687499999999982,
0.718749999999984,0.749999999999985,0.812499999999989,0.874999999999992,
1.),.UNSPECIFIED.);
#67=B_SPLINE_CURVE_WITH_KNOTS('',3,(#2067,#2068,#2069,#2070,#2071,#2072),
 .UNSPECIFIED.,.F.,.F.,(4,2,4),(0.,0.499999999999999,1.),.UNSPECIFIED.);
#68=B_SPLINE_CURVE_WITH_KNOTS('',3,(#2080,#2081,#2082,#2083,#2084,#2085,
#2086,#2087,#2088,#2089,#2090,#2091,#2092,#2093,#2094,#2095,#2096,#2097,
#2098,#2099,#2100,#2101,#2102,#2103,#2104,#2105,#2106,#2107,#2108,#2109,
#2110,#2111,#2112,#2113,#2114,#2115,#2116,#2117,#2118,#2119,#2120,#2121,
#2122,#2123,#2124,#2125,#2126,#2127,#2128,#2129,#2130,#2131,#2132,#2133,
#2134,#2135,#2136,#2137,#2138,#2139,#2140),.UNSPECIFIED.,.F.,.F.,(4,2,2,
2,2,2,2,2,2,2,2,2,1,2,2,2,2,2,2,2,2,2,2,2,2,2,2,2,2,2,4),(0.,0.0624999999999718,
0.124999999999944,0.187499999999915,0.218749999999901,0.249999999999887,
0.312499999999858,0.343749999999843,0.359374999999836,0.374999999999828,
0.406249999999813,0.421874999999806,0.429687499999802,0.4335937499998,0.437499999999798,
0.468749999999808,0.484374999999812,0.492187499999815,0.499999999999818,
0.531249999999832,0.546874999999839,0.562499999999845,0.593749999999857,
0.609374999999862,0.624999999999867,0.687499999999891,0.718749999999902,
0.749999999999913,0.812499999999935,0.874999999999956,1.),.UNSPECIFIED.);
#69=B_SPLINE_CURVE_WITH_KNOTS('',3,(#2144,#2145,#2146,#2147,#2148,#2149),
 .UNSPECIFIED.,.F.,.F.,(4,2,4),(0.,0.5,1.),.UNSPECIFIED.);
#70=B_SPLINE_CURVE_WITH_KNOTS('',3,(#2152,#2153,#2154,#2155,#2156,#2157,
#2158,#2159,#2160,#2161,#2162,#2163,#2164,#2165,#2166,#2167,#2168,#2169,
#2170,#2171,#2172,#2173,#2174,#2175,#2176,#2177,#2178,#2179),
 .UNSPECIFIED.,.F.,.F.,(4,2,2,2,2,2,2,2,2,2,2,2,2,4),(0.,0.062499999999997,
0.0937499999999956,0.109374999999995,0.124999999999994,0.187499999999993,
0.218749999999994,0.249999999999994,0.374999999999996,0.437499999999997,
0.499999999999998,0.625,0.75,1.),.UNSPECIFIED.);
#71=B_SPLINE_CURVE_WITH_KNOTS('',3,(#2180,#2181,#2182,#2183,#2184,#2185,
#2186,#2187,#2188,#2189,#2190,#2191,#2192,#2193,#2194,#2195,#2196,#2197,
#2198,#2199,#2200,#2201,#2202,#2203,#2204,#2205),.UNSPECIFIED.,.F.,.F.,
(4,2,2,2,2,2,2,2,2,2,2,2,4),(0.,0.125000000000008,0.187500000000011,0.250000000000014,
0.375000000000017,0.437500000000017,0.468750000000017,0.500000000000017,
0.625000000000012,0.687500000000009,0.718750000000009,0.750000000000009,
1.),.UNSPECIFIED.);
#72=B_SPLINE_CURVE_WITH_KNOTS('',3,(#2206,#2207,#2208,#2209,#2210,#2211,
#2212,#2213,#2214,#2215,#2216,#2217,#2218,#2219,#2220,#2221,#2222,#2223),
 .UNSPECIFIED.,.F.,.F.,(4,2,2,2,2,2,2,2,4),(0.,0.25,0.5,0.625,0.75,0.875000000000001,
0.937500000000001,0.96875,1.),.UNSPECIFIED.);
#73=B_SPLINE_CURVE_WITH_KNOTS('',3,(#2227,#2228,#2229,#2230,#2231,#2232,
#2233,#2234,#2235,#2236,#2237,#2238,#2239,#2240,#2241,#2242,#2243,#2244,
#2245,#2246,#2247,#2248,#2249,#2250,#2251,#2252),.UNSPECIFIED.,.F.,.F.,
(4,2,2,2,2,2,2,2,2,2,2,2,4),(0.,0.0624999999999925,0.0937499999999901,0.10937499999999,
0.12499999999999,0.187499999999991,0.218749999999991,0.249999999999992,
0.374999999999994,0.437499999999995,0.499999999999996,0.749999999999998,
1.),.UNSPECIFIED.);
#74=B_SPLINE_CURVE_WITH_KNOTS('',3,(#2253,#2254,#2255,#2256,#2257,#2258,
#2259,#2260,#2261,#2262,#2263,#2264,#2265,#2266,#2267,#2268,#2269,#2270,
#2271,#2272,#2273,#2274,#2275,#2276,#2277,#2278),.UNSPECIFIED.,.F.,.F.,
(4,2,2,2,2,2,2,2,2,2,2,2,4),(0.,0.124999999999992,0.187499999999988,0.249999999999984,
0.374999999999978,0.437499999999976,0.468749999999976,0.499999999999976,
0.624999999999977,0.687499999999979,0.71874999999998,0.74999999999998,1.),
 .UNSPECIFIED.);
#75=B_SPLINE_CURVE_WITH_KNOTS('',3,(#2279,#2280,#2281,#2282,#2283,#2284,
#2285,#2286,#2287,#2288,#2289,#2290,#2291,#2292,#2293,#2294,#2295,#2296),
 .UNSPECIFIED.,.F.,.F.,(4,2,2,2,2,2,2,2,4),(0.,0.249999999999999,0.499999999999997,
0.624999999999998,0.749999999999998,0.874999999999998,0.937499999999999,
0.968749999999999,1.),.UNSPECIFIED.);
#76=B_SPLINE_CURVE_WITH_KNOTS('',3,(#2300,#2301,#2302,#2303,#2304,#2305,
#2306,#2307,#2308,#2309,#2310,#2311,#2312,#2313,#2314,#2315,#2316,#2317,
#2318,#2319,#2320,#2321,#2322,#2323,#2324,#2325),.UNSPECIFIED.,.F.,.F.,
(4,2,2,2,2,2,2,2,2,2,2,2,4),(0.,0.124999999999993,0.18749999999999,0.21874999999999,
0.24999999999999,0.374999999999987,0.437499999999986,0.468749999999987,
0.499999999999988,0.624999999999991,0.687499999999992,0.749999999999993,
1.),.UNSPECIFIED.);
#77=B_SPLINE_CURVE_WITH_KNOTS('',3,(#2329,#2330,#2331,#2332,#2333,#2334,
#2335,#2336,#2337,#2338,#2339,#2340,#2341,#2342,#2343,#2344,#2345,#2346,
#2347,#2348,#2349,#2350,#2351,#2352,#2353,#2354,#2355,#2356,#2357,#2358),
 .UNSPECIFIED.,.F.,.F.,(4,2,2,2,2,2,2,2,2,2,2,2,2,2,4),(0.,0.124999999999996,
0.249999999999992,0.374999999999989,0.437499999999987,0.499999999999985,
0.624999999999983,0.687499999999982,0.718749999999982,0.749999999999982,
0.812499999999979,0.843749999999977,0.859374999999977,0.874999999999978,
1.),.UNSPECIFIED.);
#78=B_SPLINE_CURVE_WITH_KNOTS('',3,(#2363,#2364,#2365,#2366,#2367,#2368,
#2369,#2370),.UNSPECIFIED.,.F.,.F.,(4,2,2,4),(0.,0.25,0.500000000000001,
1.),.UNSPECIFIED.);
#79=B_SPLINE_CURVE_WITH_KNOTS('',3,(#2372,#2373,#2374,#2375,#2376,#2377,
#2378,#2379,#2380,#2381,#2382,#2383,#2384,#2385,#2386,#2387,#2388,#2389,
#2390,#2391,#2392,#2393,#2394,#2395,#2396,#2397,#2398,#2399,#2400,#2401,
#2402,#2403,#2404,#2405,#2406,#2407,#2408,#2409,#2410,#2411,#2412,#2413,
#2414,#2415,#2416,#2417,#2418,#2419,#2420,#2421,#2422,#2423,#2424,#2425,
#2426,#2427,#2428,#2429,#2430,#2431,#2432,#2433),.UNSPECIFIED.,.F.,.F.,
(4,2,2,2,2,2,2,2,2,2,2,2,2,2,2,2,2,2,2,2,2,2,2,2,2,2,2,2,2,2,4),(0.,0.0625000000000032,
0.125000000000006,0.18750000000001,0.218750000000012,0.250000000000013,
0.312500000000017,0.343750000000019,0.35937500000002,0.375000000000021,
0.406250000000021,0.421875000000021,0.437500000000021,0.468750000000022,
0.484375000000022,0.492187500000022,0.500000000000022,0.531250000000021,
0.546875000000021,0.554687500000022,0.558593750000022,0.562500000000022,
0.593750000000017,0.609375000000016,0.625000000000014,0.687500000000011,
0.718750000000009,0.750000000000008,0.812500000000006,0.875000000000004,
1.),.UNSPECIFIED.);
#80=B_SPLINE_CURVE_WITH_KNOTS('',3,(#2437,#2438,#2439,#2440,#2441,#2442,
#2443,#2444),.UNSPECIFIED.,.F.,.F.,(4,2,2,4),(0.,0.25,0.5,1.),
 .UNSPECIFIED.);
#81=B_SPLINE_CURVE_WITH_KNOTS('',3,(#2445,#2446,#2447,#2448,#2449,#2450,
#2451,#2452,#2453,#2454,#2455,#2456,#2457,#2458,#2459,#2460,#2461,#2462,
#2463,#2464,#2465,#2466,#2467,#2468,#2469,#2470),.UNSPECIFIED.,.F.,.F.,
(4,2,2,2,2,2,2,2,2,2,2,2,4),(0.,0.124999999999995,0.187499999999993,0.218749999999992,
0.249999999999991,0.374999999999992,0.437499999999993,0.468749999999991,
0.499999999999989,0.624999999999986,0.687499999999987,0.749999999999989,
1.),.UNSPECIFIED.);
#82=B_SPLINE_CURVE_WITH_KNOTS('',3,(#2474,#2475,#2476,#2477,#2478,#2479,
#2480,#2481,#2482,#2483,#2484,#2485,#2486,#2487,#2488,#2489,#2490,#2491,
#2492,#2493,#2494,#2495,#2496,#2497,#2498,#2499,#2500,#2501,#2502,#2503),
 .UNSPECIFIED.,.F.,.F.,(4,2,2,2,2,2,2,2,2,2,2,2,2,2,4),(0.,0.125000000000003,
0.250000000000006,0.37500000000001,0.437500000000011,0.500000000000011,
0.625000000000012,0.687500000000011,0.718750000000009,0.750000000000008,
0.812500000000009,0.843750000000008,0.859375000000007,0.875000000000007,
1.),.UNSPECIFIED.);
#83=B_SPLINE_CURVE_WITH_KNOTS('',3,(#2506,#2507,#2508,#2509,#2510,#2511,
#2512,#2513),.UNSPECIFIED.,.F.,.F.,(4,2,2,4),(0.,0.499999999999999,0.749999999999999,
1.),.UNSPECIFIED.);
#84=B_SPLINE_CURVE_WITH_KNOTS('',3,(#2515,#2516,#2517,#2518,#2519,#2520,
#2521,#2522,#2523,#2524,#2525,#2526,#2527,#2528,#2529,#2530,#2531,#2532,
#2533,#2534,#2535,#2536,#2537,#2538,#2539,#2540,#2541,#2542,#2543,#2544,
#2545,#2546,#2547,#2548,#2549,#2550,#2551,#2552,#2553,#2554,#2555,#2556,
#2557,#2558,#2559,#2560,#2561,#2562,#2563,#2564,#2565,#2566,#2567,#2568,
#2569,#2570,#2571,#2572,#2573,#2574,#2575,#2576),.UNSPECIFIED.,.F.,.F.,
(4,2,2,2,2,2,2,2,2,2,2,2,2,2,2,2,2,2,2,2,2,2,2,2,2,2,2,2,2,2,4),(0.,0.0624999999999939,
0.124999999999988,0.187499999999982,0.218749999999979,0.249999999999976,
0.312499999999971,0.343749999999968,0.359374999999967,0.374999999999966,
0.406249999999962,0.42187499999996,0.437499999999958,0.468749999999955,
0.484374999999952,0.492187499999951,0.49999999999995,0.531249999999945,
0.546874999999943,0.554687499999941,0.558593749999941,0.562499999999941,
0.593749999999944,0.609374999999946,0.624999999999948,0.687499999999955,
0.718749999999959,0.749999999999963,0.812499999999972,0.874999999999981,
1.),.UNSPECIFIED.);
#85=B_SPLINE_CURVE_WITH_KNOTS('',3,(#2581,#2582,#2583,#2584,#2585,#2586,
#2587,#2588),.UNSPECIFIED.,.F.,.F.,(4,2,2,4),(0.,0.499999999999999,0.75,
1.),.UNSPECIFIED.);
#86=B_SPLINE_CURVE_WITH_KNOTS('',3,(#2590,#2591,#2592,#2593),
 .UNSPECIFIED.,.F.,.F.,(4,4),(0.,1.),.UNSPECIFIED.);
#87=B_SPLINE_CURVE_WITH_KNOTS('',3,(#2595,#2596,#2597,#2598),
 .UNSPECIFIED.,.F.,.F.,(4,4),(0.,1.),.UNSPECIFIED.);
#88=B_SPLINE_CURVE_WITH_KNOTS('',3,(#2601,#2602,#2603,#2604),
 .UNSPECIFIED.,.F.,.F.,(4,4),(0.,1.),.UNSPECIFIED.);
#89=B_SPLINE_CURVE_WITH_KNOTS('',3,(#2605,#2606,#2607,#2608),
 .UNSPECIFIED.,.F.,.F.,(4,4),(0.,1.),.UNSPECIFIED.);
#90=B_SPLINE_CURVE_WITH_KNOTS('',3,(#2744,#2745,#2746,#2747,#2748,#2749,
#2750,#2751,#2752,#2753,#2754),.UNSPECIFIED.,.F.,.F.,(4,1,2,2,2,4),(0.,
0.125000000000004,0.187500000000005,0.250000000000006,0.500000000000004,
1.),.UNSPECIFIED.);
#91=B_SPLINE_CURVE_WITH_KNOTS('',3,(#2755,#2756,#2757,#2758,#2759,#2760,
#2761,#2762,#2763,#2764,#2765),.UNSPECIFIED.,.F.,.F.,(4,1,2,2,2,4),(0.,
0.125000000000005,0.187500000000006,0.250000000000008,0.500000000000007,
1.),.UNSPECIFIED.);
#92=B_SPLINE_CURVE_WITH_KNOTS('',3,(#2767,#2768,#2769,#2770,#2771,#2772,
#2773,#2774,#2775,#2776,#2777),.UNSPECIFIED.,.F.,.F.,(4,2,1,2,2,4),(0.,
0.499999999999996,0.624999999999996,0.687499999999994,0.749999999999991,
1.),.UNSPECIFIED.);
#93=B_SPLINE_CURVE_WITH_KNOTS('',3,(#2778,#2779,#2780,#2781,#2782,#2783,
#2784,#2785,#2786,#2787,#2788),.UNSPECIFIED.,.F.,.F.,(4,2,1,2,2,4),(0.,
0.499999999999982,0.624999999999977,0.687499999999976,0.749999999999975,
1.),.UNSPECIFIED.);
#94=CIRCLE('',#1348,8.79452368522852);
#95=CIRCLE('',#1349,19.);
#96=CIRCLE('',#1350,8.83540160420015);
#97=CIRCLE('',#1353,8.83540160420015);
#98=CIRCLE('',#1366,30.);
#99=CIRCLE('',#1368,2.);
#100=CIRCLE('',#1371,2.);
#101=CIRCLE('',#1384,30.);
#102=CIRCLE('',#1389,19.);
#103=CIRCLE('',#1390,8.79452368522852);
#104=CIRCLE('',#1421,19.);
#105=CIRCLE('',#1423,8.83540160420015);
#106=CIRCLE('',#1429,30.);
#107=CIRCLE('',#1435,30.);
#108=ADVANCED_FACE('',(#223),#176,.F.);
#109=ADVANCED_FACE('',(#224),#177,.F.);
#110=ADVANCED_FACE('',(#225),#178,.F.);
#111=ADVANCED_FACE('',(#226),#179,.F.);
#112=ADVANCED_FACE('',(#227),#180,.F.);
#113=ADVANCED_FACE('',(#228),#181,.F.);
#114=ADVANCED_FACE('',(#229),#182,.F.);
#115=ADVANCED_FACE('',(#230),#183,.T.);
#116=ADVANCED_FACE('',(#231),#184,.T.);
#117=ADVANCED_FACE('',(#232),#185,.T.);
#118=ADVANCED_FACE('',(#233),#186,.F.);
#119=ADVANCED_FACE('',(#234),#187,.F.);
#120=ADVANCED_FACE('',(#235),#188,.F.);
#121=ADVANCED_FACE('',(#236),#189,.T.);
#122=ADVANCED_FACE('',(#237),#190,.T.);
#123=ADVANCED_FACE('',(#238),#191,.T.);
#124=ADVANCED_FACE('',(#239),#192,.T.);
#125=ADVANCED_FACE('',(#240),#193,.F.);
#126=ADVANCED_FACE('',(#241),#194,.F.);
#127=ADVANCED_FACE('',(#242),#195,.F.);
#128=ADVANCED_FACE('',(#243),#196,.F.);
#129=ADVANCED_FACE('',(#244),#197,.F.);
#130=ADVANCED_FACE('',(#245),#198,.F.);
#131=ADVANCED_FACE('',(#246),#199,.F.);
#132=ADVANCED_FACE('',(#247),#45,.T.);
#133=ADVANCED_FACE('',(#248),#46,.T.);
#134=ADVANCED_FACE('',(#249),#47,.T.);
#135=ADVANCED_FACE('',(#250),#48,.T.);
#136=ADVANCED_FACE('',(#251),#49,.T.);
#137=ADVANCED_FACE('',(#252),#50,.T.);
#138=ADVANCED_FACE('',(#253),#200,.F.);
#139=ADVANCED_FACE('',(#254),#201,.F.);
#140=ADVANCED_FACE('',(#255),#37,.T.);
#141=ADVANCED_FACE('',(#256),#38,.T.);
#142=ADVANCED_FACE('',(#257),#39,.T.);
#143=ADVANCED_FACE('',(#258),#40,.T.);
#144=ADVANCED_FACE('',(#259),#202,.T.);
#145=ADVANCED_FACE('',(#260),#203,.T.);
#146=ADVANCED_FACE('',(#261),#204,.T.);
#147=ADVANCED_FACE('',(#262),#205,.T.);
#148=ADVANCED_FACE('',(#263),#206,.T.);
#149=ADVANCED_FACE('',(#264),#207,.F.);
#150=ADVANCED_FACE('',(#265),#208,.T.);
#151=ADVANCED_FACE('',(#266),#209,.T.);
#152=ADVANCED_FACE('',(#267),#210,.T.);
#153=ADVANCED_FACE('',(#268),#211,.T.);
#154=ADVANCED_FACE('',(#269),#51,.F.);
#155=ADVANCED_FACE('',(#270),#52,.T.);
#156=ADVANCED_FACE('',(#271),#212,.F.);
#157=ADVANCED_FACE('',(#272),#213,.F.);
#158=ADVANCED_FACE('',(#273),#53,.T.);
#159=ADVANCED_FACE('',(#274),#214,.F.);
#160=ADVANCED_FACE('',(#275),#215,.T.);
#161=ADVANCED_FACE('',(#276),#216,.T.);
#162=ADVANCED_FACE('',(#277),#217,.T.);
#163=ADVANCED_FACE('',(#278),#218,.T.);
#164=ADVANCED_FACE('',(#279),#219,.T.);
#165=ADVANCED_FACE('',(#280),#220,.T.);
#166=ADVANCED_FACE('',(#281),#41,.T.);
#167=ADVANCED_FACE('',(#282),#42,.T.);
#168=ADVANCED_FACE('',(#283),#43,.T.);
#169=ADVANCED_FACE('',(#284),#44,.T.);
#170=ADVANCED_FACE('',(#285),#54,.T.);
#171=ADVANCED_FACE('',(#286),#55,.T.);
#172=ADVANCED_FACE('',(#287),#56,.F.);
#173=ADVANCED_FACE('',(#288),#57,.F.);
#174=ADVANCED_FACE('',(#34,#35,#36),#221,.F.);
#175=ADVANCED_FACE('',(#289),#222,.F.);
#176=PLANE('',#1344);
#177=PLANE('',#1346);
#178=PLANE('',#1352);
#179=PLANE('',#1355);
#180=PLANE('',#1357);
#181=PLANE('',#1359);
#182=PLANE('',#1360);
#183=PLANE('',#1362);
#184=PLANE('',#1363);
#185=PLANE('',#1365);
#186=PLANE('',#1367);
#187=PLANE('',#1369);
#188=PLANE('',#1370);
#189=PLANE('',#1372);
#190=PLANE('',#1373);
#191=PLANE('',#1375);
#192=PLANE('',#1377);
#193=PLANE('',#1379);
#194=PLANE('',#1381);
#195=PLANE('',#1383);
#196=PLANE('',#1387);
#197=PLANE('',#1392);
#198=PLANE('',#1393);
#199=PLANE('',#1394);
#200=PLANE('',#1403);
#201=PLANE('',#1404);
#202=PLANE('',#1405);
#203=PLANE('',#1406);
#204=PLANE('',#1407);
#205=PLANE('',#1408);
#206=PLANE('',#1409);
#207=PLANE('',#1410);
#208=PLANE('',#1413);
#209=PLANE('',#1416);
#210=PLANE('',#1418);
#211=PLANE('',#1420);
#212=PLANE('',#1425);
#213=PLANE('',#1426);
#214=PLANE('',#1428);
#215=PLANE('',#1430);
#216=PLANE('',#1431);
#217=PLANE('',#1432);
#218=PLANE('',#1433);
#219=PLANE('',#1434);
#220=PLANE('',#1436);
#221=PLANE('',#1441);
#222=PLANE('',#1442);
#223=FACE_OUTER_BOUND('',#290,.T.);
#224=FACE_OUTER_BOUND('',#291,.T.);
#225=FACE_OUTER_BOUND('',#292,.T.);
#226=FACE_OUTER_BOUND('',#293,.T.);
#227=FACE_OUTER_BOUND('',#294,.T.);
#228=FACE_OUTER_BOUND('',#295,.T.);
#229=FACE_OUTER_BOUND('',#296,.T.);
#230=FACE_OUTER_BOUND('',#297,.T.);
#231=FACE_OUTER_BOUND('',#298,.T.);
#232=FACE_OUTER_BOUND('',#299,.T.);
#233=FACE_OUTER_BOUND('',#300,.T.);
#234=FACE_OUTER_BOUND('',#301,.T.);
#235=FACE_OUTER_BOUND('',#302,.T.);
#236=FACE_OUTER_BOUND('',#303,.T.);
#237=FACE_OUTER_BOUND('',#304,.T.);
#238=FACE_OUTER_BOUND('',#305,.T.);
#239=FACE_OUTER_BOUND('',#306,.T.);
#240=FACE_OUTER_BOUND('',#307,.T.);
#241=FACE_OUTER_BOUND('',#308,.T.);
#242=FACE_OUTER_BOUND('',#309,.T.);
#243=FACE_OUTER_BOUND('',#310,.T.);
#244=FACE_OUTER_BOUND('',#311,.T.);
#245=FACE_OUTER_BOUND('',#312,.T.);
#246=FACE_OUTER_BOUND('',#313,.T.);
#247=FACE_OUTER_BOUND('',#314,.T.);
#248=FACE_OUTER_BOUND('',#315,.T.);
#249=FACE_OUTER_BOUND('',#316,.T.);
#250=FACE_OUTER_BOUND('',#317,.T.);
#251=FACE_OUTER_BOUND('',#318,.T.);
#252=FACE_OUTER_BOUND('',#319,.T.);
#253=FACE_OUTER_BOUND('',#320,.T.);
#254=FACE_OUTER_BOUND('',#321,.T.);
#255=FACE_OUTER_BOUND('',#322,.T.);
#256=FACE_OUTER_BOUND('',#323,.T.);
#257=FACE_OUTER_BOUND('',#324,.T.);
#258=FACE_OUTER_BOUND('',#325,.T.);
#259=FACE_OUTER_BOUND('',#326,.T.);
#260=FACE_OUTER_BOUND('',#327,.T.);
#261=FACE_OUTER_BOUND('',#328,.T.);
#262=FACE_OUTER_BOUND('',#329,.T.);
#263=FACE_OUTER_BOUND('',#330,.T.);
#264=FACE_OUTER_BOUND('',#331,.T.);
#265=FACE_OUTER_BOUND('',#332,.T.);
#266=FACE_OUTER_BOUND('',#333,.T.);
#267=FACE_OUTER_BOUND('',#334,.T.);
#268=FACE_OUTER_BOUND('',#335,.T.);
#269=FACE_OUTER_BOUND('',#336,.T.);
#270=FACE_OUTER_BOUND('',#337,.T.);
#271=FACE_OUTER_BOUND('',#338,.T.);
#272=FACE_OUTER_BOUND('',#339,.T.);
#273=FACE_OUTER_BOUND('',#340,.T.);
#274=FACE_OUTER_BOUND('',#341,.T.);
#275=FACE_OUTER_BOUND('',#342,.T.);
#276=FACE_OUTER_BOUND('',#343,.T.);
#277=FACE_OUTER_BOUND('',#344,.T.);
#278=FACE_OUTER_BOUND('',#345,.T.);
#279=FACE_OUTER_BOUND('',#346,.T.);
#280=FACE_OUTER_BOUND('',#347,.T.);
#281=FACE_OUTER_BOUND('',#348,.T.);
#282=FACE_OUTER_BOUND('',#349,.T.);
#283=FACE_OUTER_BOUND('',#350,.T.);
#284=FACE_OUTER_BOUND('',#351,.T.);
#285=FACE_OUTER_BOUND('',#352,.T.);
#286=FACE_OUTER_BOUND('',#353,.T.);
#287=FACE_OUTER_BOUND('',#354,.T.);
#288=FACE_OUTER_BOUND('',#355,.T.);
#289=FACE_OUTER_BOUND('',#359,.T.);
#290=EDGE_LOOP('',(#387,#388,#389,#390,#391,#392));
#291=EDGE_LOOP('',(#393,#394));
#292=EDGE_LOOP('',(#395,#396,#397,#398,#399,#400,#401,#402,#403,#404,#405,
#406));
#293=EDGE_LOOP('',(#407,#408,#409));
#294=EDGE_LOOP('',(#410,#411));
#295=EDGE_LOOP('',(#412,#413));
#296=EDGE_LOOP('',(#414,#415,#416,#417));
#297=EDGE_LOOP('',(#418,#419));
#298=EDGE_LOOP('',(#420,#421,#422,#423));
#299=EDGE_LOOP('',(#424,#425));
#300=EDGE_LOOP('',(#426,#427,#428,#429,#430,#431,#432));
#301=EDGE_LOOP('',(#433,#434,#435,#436,#437));
#302=EDGE_LOOP('',(#438,#439,#440,#441));
#303=EDGE_LOOP('',(#442,#443,#444,#445,#446));
#304=EDGE_LOOP('',(#447,#448,#449,#450));
#305=EDGE_LOOP('',(#451,#452,#453));
#306=EDGE_LOOP('',(#454,#455,#456));
#307=EDGE_LOOP('',(#457,#458,#459));
#308=EDGE_LOOP('',(#460,#461,#462));
#309=EDGE_LOOP('',(#463,#464));
#310=EDGE_LOOP('',(#465,#466,#467,#468,#469,#470,#471,#472,#473,#474,#475));
#311=EDGE_LOOP('',(#476,#477,#478,#479,#480,#481,#482,#483,#484,#485,#486,
#487,#488,#489));
#312=EDGE_LOOP('',(#490,#491,#492,#493));
#313=EDGE_LOOP('',(#494,#495,#496,#497));
#314=EDGE_LOOP('',(#498,#499,#500,#501,#502,#503,#504,#505,#506,#507,#508));
#315=EDGE_LOOP('',(#509,#510,#511,#512,#513,#514,#515,#516,#517,#518,#519));
#316=EDGE_LOOP('',(#520,#521,#522,#523,#524,#525,#526,#527,#528,#529));
#317=EDGE_LOOP('',(#530,#531,#532,#533,#534,#535,#536,#537,#538,#539));
#318=EDGE_LOOP('',(#540,#541,#542,#543,#544,#545,#546,#547,#548,#549,#550));
#319=EDGE_LOOP('',(#551,#552,#553,#554,#555,#556,#557,#558,#559));
#320=EDGE_LOOP('',(#560,#561,#562,#563,#564,#565,#566,#567));
#321=EDGE_LOOP('',(#568,#569,#570,#571,#572,#573,#574,#575));
#322=EDGE_LOOP('',(#576,#577,#578,#579));
#323=EDGE_LOOP('',(#580,#581,#582,#583));
#324=EDGE_LOOP('',(#584,#585,#586,#587));
#325=EDGE_LOOP('',(#588,#589,#590,#591));
#326=EDGE_LOOP('',(#592,#593,#594,#595,#596,#597,#598,#599,#600,#601,#602,
#603,#604,#605,#606,#607));
#327=EDGE_LOOP('',(#608,#609,#610,#611));
#328=EDGE_LOOP('',(#612,#613,#614,#615,#616,#617,#618,#619));
#329=EDGE_LOOP('',(#620,#621,#622,#623,#624,#625,#626,#627));
#330=EDGE_LOOP('',(#628,#629,#630,#631));
#331=EDGE_LOOP('',(#632,#633,#634,#635,#636,#637,#638,#639,#640,#641,#642,
#643));
#332=EDGE_LOOP('',(#644,#645,#646,#647,#648));
#333=EDGE_LOOP('',(#649,#650,#651,#652,#653));
#334=EDGE_LOOP('',(#654,#655,#656,#657,#658,#659));
#335=EDGE_LOOP('',(#660,#661,#662,#663,#664,#665));
#336=EDGE_LOOP('',(#666,#667,#668,#669,#670));
#337=EDGE_LOOP('',(#671,#672,#673,#674,#675,#676));
#338=EDGE_LOOP('',(#677,#678,#679));
#339=EDGE_LOOP('',(#680,#681,#682));
#340=EDGE_LOOP('',(#683,#684,#685,#686,#687));
#341=EDGE_LOOP('',(#688,#689,#690));
#342=EDGE_LOOP('',(#691,#692,#693,#694,#695));
#343=EDGE_LOOP('',(#696,#697,#698,#699));
#344=EDGE_LOOP('',(#700,#701,#702,#703,#704,#705,#706,#707));
#345=EDGE_LOOP('',(#708,#709,#710,#711));
#346=EDGE_LOOP('',(#712,#713,#714,#715));
#347=EDGE_LOOP('',(#716,#717,#718,#719,#720));
#348=EDGE_LOOP('',(#721,#722,#723,#724,#725));
#349=EDGE_LOOP('',(#726,#727,#728,#729,#730));
#350=EDGE_LOOP('',(#731,#732,#733,#734,#735));
#351=EDGE_LOOP('',(#736,#737,#738,#739,#740));
#352=EDGE_LOOP('',(#741,#742,#743,#744,#745));
#353=EDGE_LOOP('',(#746,#747,#748,#749,#750));
#354=EDGE_LOOP('',(#751,#752,#753,#754,#755));
#355=EDGE_LOOP('',(#756,#757,#758,#759,#760));
#356=EDGE_LOOP('',(#761,#762,#763,#764));
#357=EDGE_LOOP('',(#765,#766,#767,#768));
#358=EDGE_LOOP('',(#769,#770,#771,#772,#773));
#359=EDGE_LOOP('',(#774,#775,#776,#777,#778));
#360=ELLIPSE('',#1342,10.3462441312853,10.);
#361=ELLIPSE('',#1343,10.3462441312853,10.);
#362=ELLIPSE('',#1345,34.4409942649432,8.83540160420015);
#363=ELLIPSE('',#1347,10.3462441312853,10.);
#364=ELLIPSE('',#1351,10.3462441312853,10.);
#365=ELLIPSE('',#1354,10.3462441312853,10.);
#366=ELLIPSE('',#1356,10.3462441312853,10.);
#367=ELLIPSE('',#1358,10.3462441312853,10.);
#368=ELLIPSE('',#1361,10.3462441312853,10.);
#369=ELLIPSE('',#1364,10.3462441312853,10.);
#370=ELLIPSE('',#1374,10.3462441312853,10.);
#371=ELLIPSE('',#1376,10.3462441312853,10.);
#372=ELLIPSE('',#1378,10.3462441312853,10.);
#373=ELLIPSE('',#1380,10.3462441312853,10.);
#374=ELLIPSE('',#1382,34.2816493663259,8.79452368522852);
#375=ELLIPSE('',#1385,10.3462441312853,10.);
#376=ELLIPSE('',#1386,10.3462441312853,10.);
#377=ELLIPSE('',#1388,10.3462441312853,10.);
#378=ELLIPSE('',#1391,10.3462441312853,10.);
#379=ELLIPSE('',#1395,372.919265459906,10.);
#380=ELLIPSE('',#1396,10.3462441312853,10.);
#381=ELLIPSE('',#1411,38.322826791019,30.);
#382=ELLIPSE('',#1412,3.21417256956932,2.);
#383=ELLIPSE('',#1414,37.0820393249937,30.);
#384=ELLIPSE('',#1415,3.40260323340816,2.);
#385=ELLIPSE('',#1417,2.04263597133729,2.);
#386=ELLIPSE('',#1419,2.04263597133729,2.);
#387=ORIENTED_EDGE('',*,*,#907,.F.);
#388=ORIENTED_EDGE('',*,*,#908,.T.);
#389=ORIENTED_EDGE('',*,*,#909,.F.);
#390=ORIENTED_EDGE('',*,*,#910,.T.);
#391=ORIENTED_EDGE('',*,*,#911,.F.);
#392=ORIENTED_EDGE('',*,*,#912,.T.);
#393=ORIENTED_EDGE('',*,*,#913,.F.);
#394=ORIENTED_EDGE('',*,*,#914,.T.);
#395=ORIENTED_EDGE('',*,*,#915,.T.);
#396=ORIENTED_EDGE('',*,*,#916,.T.);
#397=ORIENTED_EDGE('',*,*,#917,.F.);
#398=ORIENTED_EDGE('',*,*,#918,.T.);
#399=ORIENTED_EDGE('',*,*,#919,.T.);
#400=ORIENTED_EDGE('',*,*,#920,.T.);
#401=ORIENTED_EDGE('',*,*,#921,.T.);
#402=ORIENTED_EDGE('',*,*,#922,.T.);
#403=ORIENTED_EDGE('',*,*,#923,.T.);
#404=ORIENTED_EDGE('',*,*,#924,.T.);
#405=ORIENTED_EDGE('',*,*,#925,.F.);
#406=ORIENTED_EDGE('',*,*,#926,.T.);
#407=ORIENTED_EDGE('',*,*,#927,.F.);
#408=ORIENTED_EDGE('',*,*,#928,.T.);
#409=ORIENTED_EDGE('',*,*,#913,.T.);
#410=ORIENTED_EDGE('',*,*,#929,.T.);
#411=ORIENTED_EDGE('',*,*,#930,.T.);
#412=ORIENTED_EDGE('',*,*,#931,.T.);
#413=ORIENTED_EDGE('',*,*,#932,.T.);
#414=ORIENTED_EDGE('',*,*,#933,.T.);
#415=ORIENTED_EDGE('',*,*,#934,.T.);
#416=ORIENTED_EDGE('',*,*,#935,.T.);
#417=ORIENTED_EDGE('',*,*,#936,.F.);
#418=ORIENTED_EDGE('',*,*,#937,.T.);
#419=ORIENTED_EDGE('',*,*,#938,.T.);
#420=ORIENTED_EDGE('',*,*,#939,.F.);
#421=ORIENTED_EDGE('',*,*,#940,.F.);
#422=ORIENTED_EDGE('',*,*,#941,.T.);
#423=ORIENTED_EDGE('',*,*,#942,.F.);
#424=ORIENTED_EDGE('',*,*,#943,.T.);
#425=ORIENTED_EDGE('',*,*,#944,.T.);
#426=ORIENTED_EDGE('',*,*,#945,.T.);
#427=ORIENTED_EDGE('',*,*,#946,.T.);
#428=ORIENTED_EDGE('',*,*,#947,.T.);
#429=ORIENTED_EDGE('',*,*,#948,.T.);
#430=ORIENTED_EDGE('',*,*,#949,.F.);
#431=ORIENTED_EDGE('',*,*,#950,.T.);
#432=ORIENTED_EDGE('',*,*,#951,.F.);
#433=ORIENTED_EDGE('',*,*,#952,.T.);
#434=ORIENTED_EDGE('',*,*,#953,.T.);
#435=ORIENTED_EDGE('',*,*,#945,.F.);
#436=ORIENTED_EDGE('',*,*,#954,.F.);
#437=ORIENTED_EDGE('',*,*,#955,.T.);
#438=ORIENTED_EDGE('',*,*,#956,.T.);
#439=ORIENTED_EDGE('',*,*,#957,.T.);
#440=ORIENTED_EDGE('',*,*,#952,.F.);
#441=ORIENTED_EDGE('',*,*,#958,.T.);
#442=ORIENTED_EDGE('',*,*,#959,.F.);
#443=ORIENTED_EDGE('',*,*,#960,.T.);
#444=ORIENTED_EDGE('',*,*,#961,.T.);
#445=ORIENTED_EDGE('',*,*,#962,.T.);
#446=ORIENTED_EDGE('',*,*,#963,.T.);
#447=ORIENTED_EDGE('',*,*,#964,.F.);
#448=ORIENTED_EDGE('',*,*,#963,.F.);
#449=ORIENTED_EDGE('',*,*,#965,.T.);
#450=ORIENTED_EDGE('',*,*,#966,.F.);
#451=ORIENTED_EDGE('',*,*,#967,.T.);
#452=ORIENTED_EDGE('',*,*,#968,.T.);
#453=ORIENTED_EDGE('',*,*,#969,.T.);
#454=ORIENTED_EDGE('',*,*,#970,.T.);
#455=ORIENTED_EDGE('',*,*,#971,.T.);
#456=ORIENTED_EDGE('',*,*,#972,.T.);
#457=ORIENTED_EDGE('',*,*,#973,.T.);
#458=ORIENTED_EDGE('',*,*,#974,.T.);
#459=ORIENTED_EDGE('',*,*,#975,.F.);
#460=ORIENTED_EDGE('',*,*,#976,.T.);
#461=ORIENTED_EDGE('',*,*,#977,.T.);
#462=ORIENTED_EDGE('',*,*,#978,.F.);
#463=ORIENTED_EDGE('',*,*,#979,.F.);
#464=ORIENTED_EDGE('',*,*,#980,.T.);
#465=ORIENTED_EDGE('',*,*,#960,.F.);
#466=ORIENTED_EDGE('',*,*,#981,.T.);
#467=ORIENTED_EDGE('',*,*,#982,.T.);
#468=ORIENTED_EDGE('',*,*,#983,.T.);
#469=ORIENTED_EDGE('',*,*,#984,.T.);
#470=ORIENTED_EDGE('',*,*,#985,.T.);
#471=ORIENTED_EDGE('',*,*,#986,.T.);
#472=ORIENTED_EDGE('',*,*,#987,.T.);
#473=ORIENTED_EDGE('',*,*,#988,.T.);
#474=ORIENTED_EDGE('',*,*,#989,.T.);
#475=ORIENTED_EDGE('',*,*,#990,.F.);
#476=ORIENTED_EDGE('',*,*,#940,.T.);
#477=ORIENTED_EDGE('',*,*,#991,.T.);
#478=ORIENTED_EDGE('',*,*,#933,.F.);
#479=ORIENTED_EDGE('',*,*,#992,.T.);
#480=ORIENTED_EDGE('',*,*,#993,.F.);
#481=ORIENTED_EDGE('',*,*,#994,.F.);
#482=ORIENTED_EDGE('',*,*,#995,.T.);
#483=ORIENTED_EDGE('',*,*,#996,.F.);
#484=ORIENTED_EDGE('',*,*,#997,.F.);
#485=ORIENTED_EDGE('',*,*,#979,.T.);
#486=ORIENTED_EDGE('',*,*,#998,.T.);
#487=ORIENTED_EDGE('',*,*,#999,.F.);
#488=ORIENTED_EDGE('',*,*,#1000,.T.);
#489=ORIENTED_EDGE('',*,*,#1001,.T.);
#490=ORIENTED_EDGE('',*,*,#908,.F.);
#491=ORIENTED_EDGE('',*,*,#1002,.T.);
#492=ORIENTED_EDGE('',*,*,#915,.F.);
#493=ORIENTED_EDGE('',*,*,#1003,.T.);
#494=ORIENTED_EDGE('',*,*,#987,.F.);
#495=ORIENTED_EDGE('',*,*,#1004,.T.);
#496=ORIENTED_EDGE('',*,*,#911,.T.);
#497=ORIENTED_EDGE('',*,*,#1005,.T.);
#498=ORIENTED_EDGE('',*,*,#1006,.F.);
#499=ORIENTED_EDGE('',*,*,#1007,.T.);
#500=ORIENTED_EDGE('',*,*,#1008,.T.);
#501=ORIENTED_EDGE('',*,*,#1009,.T.);
#502=ORIENTED_EDGE('',*,*,#976,.F.);
#503=ORIENTED_EDGE('',*,*,#1010,.F.);
#504=ORIENTED_EDGE('',*,*,#924,.F.);
#505=ORIENTED_EDGE('',*,*,#1011,.F.);
#506=ORIENTED_EDGE('',*,*,#928,.F.);
#507=ORIENTED_EDGE('',*,*,#1012,.F.);
#508=ORIENTED_EDGE('',*,*,#995,.F.);
#509=ORIENTED_EDGE('',*,*,#1013,.F.);
#510=ORIENTED_EDGE('',*,*,#1014,.T.);
#511=ORIENTED_EDGE('',*,*,#1015,.T.);
#512=ORIENTED_EDGE('',*,*,#1016,.T.);
#513=ORIENTED_EDGE('',*,*,#973,.F.);
#514=ORIENTED_EDGE('',*,*,#1017,.F.);
#515=ORIENTED_EDGE('',*,*,#1018,.T.);
#516=ORIENTED_EDGE('',*,*,#1008,.F.);
#517=ORIENTED_EDGE('',*,*,#1019,.T.);
#518=ORIENTED_EDGE('',*,*,#929,.F.);
#519=ORIENTED_EDGE('',*,*,#1020,.T.);
#520=ORIENTED_EDGE('',*,*,#1021,.F.);
#521=ORIENTED_EDGE('',*,*,#1022,.T.);
#522=ORIENTED_EDGE('',*,*,#1015,.F.);
#523=ORIENTED_EDGE('',*,*,#1023,.T.);
#524=ORIENTED_EDGE('',*,*,#931,.F.);
#525=ORIENTED_EDGE('',*,*,#1024,.T.);
#526=ORIENTED_EDGE('',*,*,#1025,.F.);
#527=ORIENTED_EDGE('',*,*,#988,.F.);
#528=ORIENTED_EDGE('',*,*,#1005,.F.);
#529=ORIENTED_EDGE('',*,*,#910,.F.);
#530=ORIENTED_EDGE('',*,*,#937,.F.);
#531=ORIENTED_EDGE('',*,*,#1026,.T.);
#532=ORIENTED_EDGE('',*,*,#1027,.F.);
#533=ORIENTED_EDGE('',*,*,#1028,.T.);
#534=ORIENTED_EDGE('',*,*,#1029,.F.);
#535=ORIENTED_EDGE('',*,*,#912,.F.);
#536=ORIENTED_EDGE('',*,*,#1004,.F.);
#537=ORIENTED_EDGE('',*,*,#986,.F.);
#538=ORIENTED_EDGE('',*,*,#1030,.F.);
#539=ORIENTED_EDGE('',*,*,#1031,.T.);
#540=ORIENTED_EDGE('',*,*,#1027,.T.);
#541=ORIENTED_EDGE('',*,*,#1032,.T.);
#542=ORIENTED_EDGE('',*,*,#1033,.F.);
#543=ORIENTED_EDGE('',*,*,#1034,.T.);
#544=ORIENTED_EDGE('',*,*,#943,.F.);
#545=ORIENTED_EDGE('',*,*,#1035,.T.);
#546=ORIENTED_EDGE('',*,*,#1036,.F.);
#547=ORIENTED_EDGE('',*,*,#1037,.T.);
#548=ORIENTED_EDGE('',*,*,#1038,.F.);
#549=ORIENTED_EDGE('',*,*,#969,.F.);
#550=ORIENTED_EDGE('',*,*,#1039,.T.);
#551=ORIENTED_EDGE('',*,*,#1036,.T.);
#552=ORIENTED_EDGE('',*,*,#1040,.T.);
#553=ORIENTED_EDGE('',*,*,#1041,.F.);
#554=ORIENTED_EDGE('',*,*,#998,.F.);
#555=ORIENTED_EDGE('',*,*,#1042,.F.);
#556=ORIENTED_EDGE('',*,*,#918,.F.);
#557=ORIENTED_EDGE('',*,*,#1043,.F.);
#558=ORIENTED_EDGE('',*,*,#972,.F.);
#559=ORIENTED_EDGE('',*,*,#1044,.T.);
#560=ORIENTED_EDGE('',*,*,#1045,.T.);
#561=ORIENTED_EDGE('',*,*,#1046,.T.);
#562=ORIENTED_EDGE('',*,*,#925,.T.);
#563=ORIENTED_EDGE('',*,*,#1010,.T.);
#564=ORIENTED_EDGE('',*,*,#978,.T.);
#565=ORIENTED_EDGE('',*,*,#1047,.T.);
#566=ORIENTED_EDGE('',*,*,#1017,.T.);
#567=ORIENTED_EDGE('',*,*,#975,.T.);
#568=ORIENTED_EDGE('',*,*,#917,.T.);
#569=ORIENTED_EDGE('',*,*,#1048,.T.);
#570=ORIENTED_EDGE('',*,*,#1049,.T.);
#571=ORIENTED_EDGE('',*,*,#967,.F.);
#572=ORIENTED_EDGE('',*,*,#1038,.T.);
#573=ORIENTED_EDGE('',*,*,#1050,.T.);
#574=ORIENTED_EDGE('',*,*,#970,.F.);
#575=ORIENTED_EDGE('',*,*,#1043,.T.);
#576=ORIENTED_EDGE('',*,*,#1016,.F.);
#577=ORIENTED_EDGE('',*,*,#1022,.F.);
#578=ORIENTED_EDGE('',*,*,#1045,.F.);
#579=ORIENTED_EDGE('',*,*,#974,.F.);
#580=ORIENTED_EDGE('',*,*,#1009,.F.);
#581=ORIENTED_EDGE('',*,*,#1018,.F.);
#582=ORIENTED_EDGE('',*,*,#1047,.F.);
#583=ORIENTED_EDGE('',*,*,#977,.F.);
#584=ORIENTED_EDGE('',*,*,#1050,.F.);
#585=ORIENTED_EDGE('',*,*,#1037,.F.);
#586=ORIENTED_EDGE('',*,*,#1044,.F.);
#587=ORIENTED_EDGE('',*,*,#971,.F.);
#588=ORIENTED_EDGE('',*,*,#1049,.F.);
#589=ORIENTED_EDGE('',*,*,#1028,.F.);
#590=ORIENTED_EDGE('',*,*,#1039,.F.);
#591=ORIENTED_EDGE('',*,*,#968,.F.);
#592=ORIENTED_EDGE('',*,*,#1051,.F.);
#593=ORIENTED_EDGE('',*,*,#1052,.T.);
#594=ORIENTED_EDGE('',*,*,#954,.T.);
#595=ORIENTED_EDGE('',*,*,#951,.T.);
#596=ORIENTED_EDGE('',*,*,#1053,.F.);
#597=ORIENTED_EDGE('',*,*,#1054,.F.);
#598=ORIENTED_EDGE('',*,*,#1055,.F.);
#599=ORIENTED_EDGE('',*,*,#1056,.T.);
#600=ORIENTED_EDGE('',*,*,#961,.F.);
#601=ORIENTED_EDGE('',*,*,#990,.T.);
#602=ORIENTED_EDGE('',*,*,#1057,.F.);
#603=ORIENTED_EDGE('',*,*,#993,.T.);
#604=ORIENTED_EDGE('',*,*,#1058,.F.);
#605=ORIENTED_EDGE('',*,*,#1059,.F.);
#606=ORIENTED_EDGE('',*,*,#1060,.F.);
#607=ORIENTED_EDGE('',*,*,#1061,.F.);
#608=ORIENTED_EDGE('',*,*,#1062,.F.);
#609=ORIENTED_EDGE('',*,*,#1058,.T.);
#610=ORIENTED_EDGE('',*,*,#992,.F.);
#611=ORIENTED_EDGE('',*,*,#936,.T.);
#612=ORIENTED_EDGE('',*,*,#1013,.T.);
#613=ORIENTED_EDGE('',*,*,#1063,.T.);
#614=ORIENTED_EDGE('',*,*,#1006,.T.);
#615=ORIENTED_EDGE('',*,*,#994,.T.);
#616=ORIENTED_EDGE('',*,*,#1057,.T.);
#617=ORIENTED_EDGE('',*,*,#989,.F.);
#618=ORIENTED_EDGE('',*,*,#1025,.T.);
#619=ORIENTED_EDGE('',*,*,#1064,.T.);
#620=ORIENTED_EDGE('',*,*,#1065,.T.);
#621=ORIENTED_EDGE('',*,*,#1033,.T.);
#622=ORIENTED_EDGE('',*,*,#1066,.T.);
#623=ORIENTED_EDGE('',*,*,#1030,.T.);
#624=ORIENTED_EDGE('',*,*,#985,.F.);
#625=ORIENTED_EDGE('',*,*,#1067,.F.);
#626=ORIENTED_EDGE('',*,*,#999,.T.);
#627=ORIENTED_EDGE('',*,*,#1041,.T.);
#628=ORIENTED_EDGE('',*,*,#1068,.F.);
#629=ORIENTED_EDGE('',*,*,#941,.F.);
#630=ORIENTED_EDGE('',*,*,#1001,.F.);
#631=ORIENTED_EDGE('',*,*,#1069,.F.);
#632=ORIENTED_EDGE('',*,*,#984,.F.);
#633=ORIENTED_EDGE('',*,*,#1070,.T.);
#634=ORIENTED_EDGE('',*,*,#1071,.T.);
#635=ORIENTED_EDGE('',*,*,#1072,.T.);
#636=ORIENTED_EDGE('',*,*,#949,.T.);
#637=ORIENTED_EDGE('',*,*,#1073,.T.);
#638=ORIENTED_EDGE('',*,*,#1074,.T.);
#639=ORIENTED_EDGE('',*,*,#1075,.T.);
#640=ORIENTED_EDGE('',*,*,#1076,.T.);
#641=ORIENTED_EDGE('',*,*,#1069,.T.);
#642=ORIENTED_EDGE('',*,*,#1000,.F.);
#643=ORIENTED_EDGE('',*,*,#1067,.T.);
#644=ORIENTED_EDGE('',*,*,#1077,.F.);
#645=ORIENTED_EDGE('',*,*,#1078,.T.);
#646=ORIENTED_EDGE('',*,*,#1079,.F.);
#647=ORIENTED_EDGE('',*,*,#1080,.T.);
#648=ORIENTED_EDGE('',*,*,#1055,.T.);
#649=ORIENTED_EDGE('',*,*,#1081,.F.);
#650=ORIENTED_EDGE('',*,*,#1082,.T.);
#651=ORIENTED_EDGE('',*,*,#1083,.F.);
#652=ORIENTED_EDGE('',*,*,#1084,.T.);
#653=ORIENTED_EDGE('',*,*,#1051,.T.);
#654=ORIENTED_EDGE('',*,*,#1085,.F.);
#655=ORIENTED_EDGE('',*,*,#956,.F.);
#656=ORIENTED_EDGE('',*,*,#1086,.T.);
#657=ORIENTED_EDGE('',*,*,#1083,.T.);
#658=ORIENTED_EDGE('',*,*,#1087,.T.);
#659=ORIENTED_EDGE('',*,*,#947,.F.);
#660=ORIENTED_EDGE('',*,*,#1088,.F.);
#661=ORIENTED_EDGE('',*,*,#966,.T.);
#662=ORIENTED_EDGE('',*,*,#1089,.T.);
#663=ORIENTED_EDGE('',*,*,#1079,.T.);
#664=ORIENTED_EDGE('',*,*,#1090,.T.);
#665=ORIENTED_EDGE('',*,*,#982,.F.);
#666=ORIENTED_EDGE('',*,*,#1091,.F.);
#667=ORIENTED_EDGE('',*,*,#996,.T.);
#668=ORIENTED_EDGE('',*,*,#1092,.F.);
#669=ORIENTED_EDGE('',*,*,#1093,.T.);
#670=ORIENTED_EDGE('',*,*,#921,.F.);
#671=ORIENTED_EDGE('',*,*,#1094,.T.);
#672=ORIENTED_EDGE('',*,*,#922,.F.);
#673=ORIENTED_EDGE('',*,*,#1093,.F.);
#674=ORIENTED_EDGE('',*,*,#1095,.F.);
#675=ORIENTED_EDGE('',*,*,#927,.T.);
#676=ORIENTED_EDGE('',*,*,#914,.F.);
#677=ORIENTED_EDGE('',*,*,#1094,.F.);
#678=ORIENTED_EDGE('',*,*,#1011,.T.);
#679=ORIENTED_EDGE('',*,*,#923,.F.);
#680=ORIENTED_EDGE('',*,*,#1042,.T.);
#681=ORIENTED_EDGE('',*,*,#1096,.T.);
#682=ORIENTED_EDGE('',*,*,#919,.F.);
#683=ORIENTED_EDGE('',*,*,#997,.T.);
#684=ORIENTED_EDGE('',*,*,#1091,.T.);
#685=ORIENTED_EDGE('',*,*,#920,.F.);
#686=ORIENTED_EDGE('',*,*,#1096,.F.);
#687=ORIENTED_EDGE('',*,*,#980,.F.);
#688=ORIENTED_EDGE('',*,*,#1012,.T.);
#689=ORIENTED_EDGE('',*,*,#1095,.T.);
#690=ORIENTED_EDGE('',*,*,#1092,.T.);
#691=ORIENTED_EDGE('',*,*,#1074,.F.);
#692=ORIENTED_EDGE('',*,*,#1097,.T.);
#693=ORIENTED_EDGE('',*,*,#1081,.T.);
#694=ORIENTED_EDGE('',*,*,#1061,.T.);
#695=ORIENTED_EDGE('',*,*,#1098,.F.);
#696=ORIENTED_EDGE('',*,*,#1098,.T.);
#697=ORIENTED_EDGE('',*,*,#1060,.T.);
#698=ORIENTED_EDGE('',*,*,#1099,.F.);
#699=ORIENTED_EDGE('',*,*,#1075,.F.);
#700=ORIENTED_EDGE('',*,*,#935,.F.);
#701=ORIENTED_EDGE('',*,*,#1100,.F.);
#702=ORIENTED_EDGE('',*,*,#942,.T.);
#703=ORIENTED_EDGE('',*,*,#1068,.T.);
#704=ORIENTED_EDGE('',*,*,#1076,.F.);
#705=ORIENTED_EDGE('',*,*,#1099,.T.);
#706=ORIENTED_EDGE('',*,*,#1059,.T.);
#707=ORIENTED_EDGE('',*,*,#1062,.T.);
#708=ORIENTED_EDGE('',*,*,#934,.F.);
#709=ORIENTED_EDGE('',*,*,#991,.F.);
#710=ORIENTED_EDGE('',*,*,#939,.T.);
#711=ORIENTED_EDGE('',*,*,#1100,.T.);
#712=ORIENTED_EDGE('',*,*,#1101,.T.);
#713=ORIENTED_EDGE('',*,*,#1053,.T.);
#714=ORIENTED_EDGE('',*,*,#950,.F.);
#715=ORIENTED_EDGE('',*,*,#1072,.F.);
#716=ORIENTED_EDGE('',*,*,#1071,.F.);
#717=ORIENTED_EDGE('',*,*,#1102,.T.);
#718=ORIENTED_EDGE('',*,*,#1077,.T.);
#719=ORIENTED_EDGE('',*,*,#1054,.T.);
#720=ORIENTED_EDGE('',*,*,#1101,.F.);
#721=ORIENTED_EDGE('',*,*,#1023,.F.);
#722=ORIENTED_EDGE('',*,*,#1014,.F.);
#723=ORIENTED_EDGE('',*,*,#1064,.F.);
#724=ORIENTED_EDGE('',*,*,#1024,.F.);
#725=ORIENTED_EDGE('',*,*,#932,.F.);
#726=ORIENTED_EDGE('',*,*,#1066,.F.);
#727=ORIENTED_EDGE('',*,*,#1032,.F.);
#728=ORIENTED_EDGE('',*,*,#1026,.F.);
#729=ORIENTED_EDGE('',*,*,#938,.F.);
#730=ORIENTED_EDGE('',*,*,#1031,.F.);
#731=ORIENTED_EDGE('',*,*,#1019,.F.);
#732=ORIENTED_EDGE('',*,*,#1007,.F.);
#733=ORIENTED_EDGE('',*,*,#1063,.F.);
#734=ORIENTED_EDGE('',*,*,#1020,.F.);
#735=ORIENTED_EDGE('',*,*,#930,.F.);
#736=ORIENTED_EDGE('',*,*,#1065,.F.);
#737=ORIENTED_EDGE('',*,*,#1040,.F.);
#738=ORIENTED_EDGE('',*,*,#1035,.F.);
#739=ORIENTED_EDGE('',*,*,#944,.F.);
#740=ORIENTED_EDGE('',*,*,#1034,.F.);
#741=ORIENTED_EDGE('',*,*,#1086,.F.);
#742=ORIENTED_EDGE('',*,*,#958,.F.);
#743=ORIENTED_EDGE('',*,*,#955,.F.);
#744=ORIENTED_EDGE('',*,*,#1052,.F.);
#745=ORIENTED_EDGE('',*,*,#1084,.F.);
#746=ORIENTED_EDGE('',*,*,#962,.F.);
#747=ORIENTED_EDGE('',*,*,#1056,.F.);
#748=ORIENTED_EDGE('',*,*,#1080,.F.);
#749=ORIENTED_EDGE('',*,*,#1089,.F.);
#750=ORIENTED_EDGE('',*,*,#965,.F.);
#751=ORIENTED_EDGE('',*,*,#983,.F.);
#752=ORIENTED_EDGE('',*,*,#1090,.F.);
#753=ORIENTED_EDGE('',*,*,#1078,.F.);
#754=ORIENTED_EDGE('',*,*,#1102,.F.);
#755=ORIENTED_EDGE('',*,*,#1070,.F.);
#756=ORIENTED_EDGE('',*,*,#948,.F.);
#757=ORIENTED_EDGE('',*,*,#1087,.F.);
#758=ORIENTED_EDGE('',*,*,#1082,.F.);
#759=ORIENTED_EDGE('',*,*,#1097,.F.);
#760=ORIENTED_EDGE('',*,*,#1073,.F.);
#761=ORIENTED_EDGE('',*,*,#959,.T.);
#762=ORIENTED_EDGE('',*,*,#964,.T.);
#763=ORIENTED_EDGE('',*,*,#1088,.T.);
#764=ORIENTED_EDGE('',*,*,#981,.F.);
#765=ORIENTED_EDGE('',*,*,#953,.F.);
#766=ORIENTED_EDGE('',*,*,#957,.F.);
#767=ORIENTED_EDGE('',*,*,#1085,.T.);
#768=ORIENTED_EDGE('',*,*,#946,.F.);
#769=ORIENTED_EDGE('',*,*,#909,.T.);
#770=ORIENTED_EDGE('',*,*,#1003,.F.);
#771=ORIENTED_EDGE('',*,*,#926,.F.);
#772=ORIENTED_EDGE('',*,*,#1046,.F.);
#773=ORIENTED_EDGE('',*,*,#1021,.T.);
#774=ORIENTED_EDGE('',*,*,#907,.T.);
#775=ORIENTED_EDGE('',*,*,#1029,.T.);
#776=ORIENTED_EDGE('',*,*,#1048,.F.);
#777=ORIENTED_EDGE('',*,*,#916,.F.);
#778=ORIENTED_EDGE('',*,*,#1002,.F.);
#779=VERTEX_POINT('',#1768);
#780=VERTEX_POINT('',#1769);
#781=VERTEX_POINT('',#1771);
#782=VERTEX_POINT('',#1773);
#783=VERTEX_POINT('',#1775);
#784=VERTEX_POINT('',#1777);
#785=VERTEX_POINT('',#1781);
#786=VERTEX_POINT('',#1782);
#787=VERTEX_POINT('',#1786);
#788=VERTEX_POINT('',#1787);
#789=VERTEX_POINT('',#1789);
#790=VERTEX_POINT('',#1791);
#791=VERTEX_POINT('',#1793);
#792=VERTEX_POINT('',#1795);
#793=VERTEX_POINT('',#1797);
#794=VERTEX_POINT('',#1799);
#795=VERTEX_POINT('',#1801);
#796=VERTEX_POINT('',#1803);
#797=VERTEX_POINT('',#1805);
#798=VERTEX_POINT('',#1807);
#799=VERTEX_POINT('',#1811);
#800=VERTEX_POINT('',#1815);
#801=VERTEX_POINT('',#1816);
#802=VERTEX_POINT('',#1823);
#803=VERTEX_POINT('',#1824);
#804=VERTEX_POINT('',#1831);
#805=VERTEX_POINT('',#1832);
#806=VERTEX_POINT('',#1834);
#807=VERTEX_POINT('',#1836);
#808=VERTEX_POINT('',#1840);
#809=VERTEX_POINT('',#1841);
#810=VERTEX_POINT('',#1848);
#811=VERTEX_POINT('',#1849);
#812=VERTEX_POINT('',#1851);
#813=VERTEX_POINT('',#1853);
#814=VERTEX_POINT('',#1857);
#815=VERTEX_POINT('',#1858);
#816=VERTEX_POINT('',#1865);
#817=VERTEX_POINT('',#1866);
#818=VERTEX_POINT('',#1868);
#819=VERTEX_POINT('',#1870);
#820=VERTEX_POINT('',#1872);
#821=VERTEX_POINT('',#1874);
#822=VERTEX_POINT('',#1876);
#823=VERTEX_POINT('',#1880);
#824=VERTEX_POINT('',#1881);
#825=VERTEX_POINT('',#1884);
#826=VERTEX_POINT('',#1888);
#827=VERTEX_POINT('',#1889);
#828=VERTEX_POINT('',#1894);
#829=VERTEX_POINT('',#1895);
#830=VERTEX_POINT('',#1897);
#831=VERTEX_POINT('',#1899);
#832=VERTEX_POINT('',#1901);
#833=VERTEX_POINT('',#1905);
#834=VERTEX_POINT('',#1907);
#835=VERTEX_POINT('',#1911);
#836=VERTEX_POINT('',#1912);
#837=VERTEX_POINT('',#1917);
#838=VERTEX_POINT('',#1921);
#839=VERTEX_POINT('',#1922);
#840=VERTEX_POINT('',#1927);
#841=VERTEX_POINT('',#1931);
#842=VERTEX_POINT('',#1932);
#843=VERTEX_POINT('',#1937);
#844=VERTEX_POINT('',#1941);
#845=VERTEX_POINT('',#1942);
#846=VERTEX_POINT('',#1947);
#847=VERTEX_POINT('',#1951);
#848=VERTEX_POINT('',#1952);
#849=VERTEX_POINT('',#1956);
#850=VERTEX_POINT('',#1958);
#851=VERTEX_POINT('',#1960);
#852=VERTEX_POINT('',#1962);
#853=VERTEX_POINT('',#1964);
#854=VERTEX_POINT('',#1966);
#855=VERTEX_POINT('',#1968);
#856=VERTEX_POINT('',#1970);
#857=VERTEX_POINT('',#1972);
#858=VERTEX_POINT('',#1977);
#859=VERTEX_POINT('',#1979);
#860=VERTEX_POINT('',#1981);
#861=VERTEX_POINT('',#1983);
#862=VERTEX_POINT('',#1985);
#863=VERTEX_POINT('',#1988);
#864=VERTEX_POINT('',#1990);
#865=VERTEX_POINT('',#1992);
#866=VERTEX_POINT('',#2002);
#867=VERTEX_POINT('',#2064);
#868=VERTEX_POINT('',#2066);
#869=VERTEX_POINT('',#2078);
#870=VERTEX_POINT('',#2079);
#871=VERTEX_POINT('',#2141);
#872=VERTEX_POINT('',#2143);
#873=VERTEX_POINT('',#2151);
#874=VERTEX_POINT('',#2226);
#875=VERTEX_POINT('',#2297);
#876=VERTEX_POINT('',#2326);
#877=VERTEX_POINT('',#2328);
#878=VERTEX_POINT('',#2359);
#879=VERTEX_POINT('',#2362);
#880=VERTEX_POINT('',#2434);
#881=VERTEX_POINT('',#2436);
#882=VERTEX_POINT('',#2471);
#883=VERTEX_POINT('',#2473);
#884=VERTEX_POINT('',#2504);
#885=VERTEX_POINT('',#2577);
#886=VERTEX_POINT('',#2723);
#887=VERTEX_POINT('',#2724);
#888=VERTEX_POINT('',#2727);
#889=VERTEX_POINT('',#2729);
#890=VERTEX_POINT('',#2731);
#891=VERTEX_POINT('',#2735);
#892=VERTEX_POINT('',#2737);
#893=VERTEX_POINT('',#2739);
#894=VERTEX_POINT('',#2792);
#895=VERTEX_POINT('',#2796);
#896=VERTEX_POINT('',#2798);
#897=VERTEX_POINT('',#2801);
#898=VERTEX_POINT('',#2803);
#899=VERTEX_POINT('',#2805);
#900=VERTEX_POINT('',#2809);
#901=VERTEX_POINT('',#2811);
#902=VERTEX_POINT('',#2813);
#903=VERTEX_POINT('',#2817);
#904=VERTEX_POINT('',#2819);
#905=VERTEX_POINT('',#2821);
#906=VERTEX_POINT('',#2834);
#907=EDGE_CURVE('',#779,#780,#1103,.T.);
#908=EDGE_CURVE('',#779,#781,#1104,.T.);
#909=EDGE_CURVE('',#782,#781,#1105,.T.);
#910=EDGE_CURVE('',#782,#783,#360,.T.);
#911=EDGE_CURVE('',#784,#783,#1106,.T.);
#912=EDGE_CURVE('',#784,#780,#361,.T.);
#913=EDGE_CURVE('',#785,#786,#1107,.T.);
#914=EDGE_CURVE('',#785,#786,#362,.T.);
#915=EDGE_CURVE('',#787,#788,#1108,.T.);
#916=EDGE_CURVE('',#788,#789,#1109,.T.);
#917=EDGE_CURVE('',#790,#789,#1110,.T.);
#918=EDGE_CURVE('',#790,#791,#363,.T.);
#919=EDGE_CURVE('',#791,#792,#1111,.T.);
#920=EDGE_CURVE('',#792,#793,#94,.T.);
#921=EDGE_CURVE('',#793,#794,#95,.T.);
#922=EDGE_CURVE('',#794,#795,#96,.T.);
#923=EDGE_CURVE('',#795,#796,#1112,.T.);
#924=EDGE_CURVE('',#796,#797,#364,.T.);
#925=EDGE_CURVE('',#798,#797,#1113,.T.);
#926=EDGE_CURVE('',#798,#787,#1114,.T.);
#927=EDGE_CURVE('',#799,#786,#97,.T.);
#928=EDGE_CURVE('',#799,#785,#365,.T.);
#929=EDGE_CURVE('',#800,#801,#366,.T.);
#930=EDGE_CURVE('',#801,#800,#58,.T.);
#931=EDGE_CURVE('',#802,#803,#367,.T.);
#932=EDGE_CURVE('',#803,#802,#59,.T.);
#933=EDGE_CURVE('',#804,#805,#1115,.T.);
#934=EDGE_CURVE('',#805,#806,#1116,.T.);
#935=EDGE_CURVE('',#806,#807,#1117,.T.);
#936=EDGE_CURVE('',#804,#807,#1118,.T.);
#937=EDGE_CURVE('',#808,#809,#368,.T.);
#938=EDGE_CURVE('',#809,#808,#60,.T.);
#939=EDGE_CURVE('',#810,#811,#1119,.T.);
#940=EDGE_CURVE('',#812,#810,#1120,.T.);
#941=EDGE_CURVE('',#812,#813,#1121,.T.);
#942=EDGE_CURVE('',#811,#813,#1122,.T.);
#943=EDGE_CURVE('',#814,#815,#369,.T.);
#944=EDGE_CURVE('',#815,#814,#61,.T.);
#945=EDGE_CURVE('',#816,#817,#1123,.T.);
#946=EDGE_CURVE('',#817,#818,#1124,.T.);
#947=EDGE_CURVE('',#818,#819,#1125,.T.);
#948=EDGE_CURVE('',#819,#820,#98,.T.);
#949=EDGE_CURVE('',#821,#820,#1126,.T.);
#950=EDGE_CURVE('',#821,#822,#1127,.T.);
#951=EDGE_CURVE('',#816,#822,#1128,.T.);
#952=EDGE_CURVE('',#823,#824,#1129,.T.);
#953=EDGE_CURVE('',#824,#817,#1130,.T.);
#954=EDGE_CURVE('',#825,#816,#1131,.T.);
#955=EDGE_CURVE('',#825,#823,#99,.T.);
#956=EDGE_CURVE('',#826,#827,#1132,.T.);
#957=EDGE_CURVE('',#827,#824,#1133,.T.);
#958=EDGE_CURVE('',#823,#826,#1134,.T.);
#959=EDGE_CURVE('',#828,#829,#1135,.T.);
#960=EDGE_CURVE('',#828,#830,#1136,.T.);
#961=EDGE_CURVE('',#830,#831,#1137,.T.);
#962=EDGE_CURVE('',#831,#832,#100,.T.);
#963=EDGE_CURVE('',#832,#829,#1138,.T.);
#964=EDGE_CURVE('',#829,#833,#1139,.T.);
#965=EDGE_CURVE('',#832,#834,#1140,.T.);
#966=EDGE_CURVE('',#833,#834,#1141,.T.);
#967=EDGE_CURVE('',#835,#836,#1142,.T.);
#968=EDGE_CURVE('',#836,#837,#62,.T.);
#969=EDGE_CURVE('',#837,#835,#370,.T.);
#970=EDGE_CURVE('',#838,#839,#1143,.T.);
#971=EDGE_CURVE('',#839,#840,#63,.T.);
#972=EDGE_CURVE('',#840,#838,#371,.T.);
#973=EDGE_CURVE('',#841,#842,#372,.T.);
#974=EDGE_CURVE('',#842,#843,#64,.T.);
#975=EDGE_CURVE('',#841,#843,#1144,.T.);
#976=EDGE_CURVE('',#844,#845,#373,.T.);
#977=EDGE_CURVE('',#845,#846,#65,.T.);
#978=EDGE_CURVE('',#844,#846,#1145,.T.);
#979=EDGE_CURVE('',#847,#848,#1146,.T.);
#980=EDGE_CURVE('',#847,#848,#374,.T.);
#981=EDGE_CURVE('',#828,#849,#1147,.T.);
#982=EDGE_CURVE('',#849,#850,#1148,.T.);
#983=EDGE_CURVE('',#850,#851,#101,.T.);
#984=EDGE_CURVE('',#851,#852,#1149,.T.);
#985=EDGE_CURVE('',#852,#853,#1150,.T.);
#986=EDGE_CURVE('',#853,#854,#375,.T.);
#987=EDGE_CURVE('',#854,#855,#1151,.T.);
#988=EDGE_CURVE('',#855,#856,#376,.T.);
#989=EDGE_CURVE('',#856,#857,#1152,.T.);
#990=EDGE_CURVE('',#830,#857,#1153,.T.);
#991=EDGE_CURVE('',#810,#805,#1154,.T.);
#992=EDGE_CURVE('',#804,#858,#1155,.T.);
#993=EDGE_CURVE('',#859,#858,#1156,.T.);
#994=EDGE_CURVE('',#860,#859,#1157,.T.);
#995=EDGE_CURVE('',#860,#861,#377,.T.);
#996=EDGE_CURVE('',#862,#861,#102,.T.);
#997=EDGE_CURVE('',#847,#862,#103,.T.);
#998=EDGE_CURVE('',#848,#863,#378,.T.);
#999=EDGE_CURVE('',#864,#863,#1158,.T.);
#1000=EDGE_CURVE('',#864,#865,#1159,.T.);
#1001=EDGE_CURVE('',#865,#812,#1160,.T.);
#1002=EDGE_CURVE('',#779,#788,#1161,.T.);
#1003=EDGE_CURVE('',#787,#781,#1162,.T.);
#1004=EDGE_CURVE('',#854,#784,#1163,.T.);
#1005=EDGE_CURVE('',#783,#855,#1164,.T.);
#1006=EDGE_CURVE('',#866,#860,#1165,.T.);
#1007=EDGE_CURVE('',#866,#867,#66,.T.);
#1008=EDGE_CURVE('',#867,#868,#1166,.T.);
#1009=EDGE_CURVE('',#868,#845,#67,.T.);
#1010=EDGE_CURVE('',#797,#844,#1167,.T.);
#1011=EDGE_CURVE('',#785,#796,#379,.T.);
#1012=EDGE_CURVE('',#861,#799,#380,.T.);
#1013=EDGE_CURVE('',#869,#870,#1168,.T.);
#1014=EDGE_CURVE('',#869,#871,#68,.T.);
#1015=EDGE_CURVE('',#871,#872,#1169,.T.);
#1016=EDGE_CURVE('',#872,#842,#69,.T.);
#1017=EDGE_CURVE('',#873,#841,#1170,.T.);
#1018=EDGE_CURVE('',#873,#868,#70,.T.);
#1019=EDGE_CURVE('',#867,#801,#71,.T.);
#1020=EDGE_CURVE('',#800,#870,#72,.T.);
#1021=EDGE_CURVE('',#874,#782,#1171,.T.);
#1022=EDGE_CURVE('',#874,#872,#73,.T.);
#1023=EDGE_CURVE('',#871,#803,#74,.T.);
#1024=EDGE_CURVE('',#802,#875,#75,.T.);
#1025=EDGE_CURVE('',#856,#875,#1172,.T.);
#1026=EDGE_CURVE('',#808,#876,#76,.T.);
#1027=EDGE_CURVE('',#877,#876,#1173,.T.);
#1028=EDGE_CURVE('',#877,#878,#77,.T.);
#1029=EDGE_CURVE('',#780,#878,#1174,.T.);
#1030=EDGE_CURVE('',#879,#853,#1175,.T.);
#1031=EDGE_CURVE('',#879,#809,#78,.T.);
#1032=EDGE_CURVE('',#876,#880,#79,.T.);
#1033=EDGE_CURVE('',#881,#880,#1176,.T.);
#1034=EDGE_CURVE('',#881,#815,#80,.T.);
#1035=EDGE_CURVE('',#814,#882,#81,.T.);
#1036=EDGE_CURVE('',#883,#882,#1177,.T.);
#1037=EDGE_CURVE('',#883,#884,#82,.T.);
#1038=EDGE_CURVE('',#835,#884,#1178,.T.);
#1039=EDGE_CURVE('',#837,#877,#83,.T.);
#1040=EDGE_CURVE('',#882,#885,#84,.T.);
#1041=EDGE_CURVE('',#863,#885,#1179,.T.);
#1042=EDGE_CURVE('',#791,#848,#1180,.T.);
#1043=EDGE_CURVE('',#838,#790,#1181,.T.);
#1044=EDGE_CURVE('',#840,#883,#85,.T.);
#1045=EDGE_CURVE('',#843,#874,#86,.T.);
#1046=EDGE_CURVE('',#874,#798,#1182,.T.);
#1047=EDGE_CURVE('',#846,#873,#87,.T.);
#1048=EDGE_CURVE('',#789,#878,#1183,.T.);
#1049=EDGE_CURVE('',#878,#836,#88,.T.);
#1050=EDGE_CURVE('',#884,#839,#89,.T.);
#1051=EDGE_CURVE('',#886,#887,#1184,.T.);
#1052=EDGE_CURVE('',#886,#825,#1185,.T.);
#1053=EDGE_CURVE('',#888,#822,#1186,.T.);
#1054=EDGE_CURVE('',#889,#888,#1187,.T.);
#1055=EDGE_CURVE('',#890,#889,#1188,.T.);
#1056=EDGE_CURVE('',#890,#831,#1189,.T.);
#1057=EDGE_CURVE('',#859,#857,#1190,.T.);
#1058=EDGE_CURVE('',#891,#858,#1191,.T.);
#1059=EDGE_CURVE('',#892,#891,#1192,.T.);
#1060=EDGE_CURVE('',#893,#892,#1193,.T.);
#1061=EDGE_CURVE('',#887,#893,#1194,.T.);
#1062=EDGE_CURVE('',#891,#807,#1195,.T.);
#1063=EDGE_CURVE('',#870,#866,#90,.T.);
#1064=EDGE_CURVE('',#875,#869,#91,.T.);
#1065=EDGE_CURVE('',#885,#881,#92,.T.);
#1066=EDGE_CURVE('',#880,#879,#93,.T.);
#1067=EDGE_CURVE('',#864,#852,#1196,.T.);
#1068=EDGE_CURVE('',#813,#894,#1197,.T.);
#1069=EDGE_CURVE('',#894,#865,#1198,.T.);
#1070=EDGE_CURVE('',#851,#895,#1199,.T.);
#1071=EDGE_CURVE('',#895,#896,#1200,.T.);
#1072=EDGE_CURVE('',#896,#821,#1201,.T.);
#1073=EDGE_CURVE('',#820,#897,#1202,.T.);
#1074=EDGE_CURVE('',#897,#898,#1203,.T.);
#1075=EDGE_CURVE('',#898,#899,#1204,.T.);
#1076=EDGE_CURVE('',#899,#894,#1205,.T.);
#1077=EDGE_CURVE('',#900,#889,#1206,.T.);
#1078=EDGE_CURVE('',#900,#901,#381,.T.);
#1079=EDGE_CURVE('',#902,#901,#1207,.T.);
#1080=EDGE_CURVE('',#902,#890,#382,.T.);
#1081=EDGE_CURVE('',#903,#887,#1208,.T.);
#1082=EDGE_CURVE('',#903,#904,#383,.T.);
#1083=EDGE_CURVE('',#905,#904,#1209,.T.);
#1084=EDGE_CURVE('',#905,#886,#384,.T.);
#1085=EDGE_CURVE('',#827,#818,#1210,.T.);
#1086=EDGE_CURVE('',#826,#905,#385,.T.);
#1087=EDGE_CURVE('',#904,#819,#1211,.T.);
#1088=EDGE_CURVE('',#833,#849,#1212,.T.);
#1089=EDGE_CURVE('',#834,#902,#386,.T.);
#1090=EDGE_CURVE('',#901,#850,#1213,.T.);
#1091=EDGE_CURVE('',#862,#793,#1214,.T.);
#1092=EDGE_CURVE('',#906,#861,#104,.T.);
#1093=EDGE_CURVE('',#906,#794,#1215,.T.);
#1094=EDGE_CURVE('',#785,#795,#1216,.T.);
#1095=EDGE_CURVE('',#799,#906,#105,.T.);
#1096=EDGE_CURVE('',#848,#792,#1217,.T.);
#1097=EDGE_CURVE('',#897,#903,#106,.T.);
#1098=EDGE_CURVE('',#898,#893,#1218,.T.);
#1099=EDGE_CURVE('',#899,#892,#1219,.T.);
#1100=EDGE_CURVE('',#811,#806,#1220,.T.);
#1101=EDGE_CURVE('',#896,#888,#1221,.T.);
#1102=EDGE_CURVE('',#895,#900,#107,.T.);
#1103=LINE('',#1767,#1222);
#1104=LINE('',#1770,#1223);
#1105=LINE('',#1772,#1224);
#1106=LINE('',#1776,#1225);
#1107=LINE('',#1780,#1226);
#1108=LINE('',#1785,#1227);
#1109=LINE('',#1788,#1228);
#1110=LINE('',#1790,#1229);
#1111=LINE('',#1794,#1230);
#1112=LINE('',#1802,#1231);
#1113=LINE('',#1806,#1232);
#1114=LINE('',#1808,#1233);
#1115=LINE('',#1830,#1234);
#1116=LINE('',#1833,#1235);
#1117=LINE('',#1835,#1236);
#1118=LINE('',#1837,#1237);
#1119=LINE('',#1847,#1238);
#1120=LINE('',#1850,#1239);
#1121=LINE('',#1852,#1240);
#1122=LINE('',#1854,#1241);
#1123=LINE('',#1864,#1242);
#1124=LINE('',#1867,#1243);
#1125=LINE('',#1869,#1244);
#1126=LINE('',#1873,#1245);
#1127=LINE('',#1875,#1246);
#1128=LINE('',#1877,#1247);
#1129=LINE('',#1879,#1248);
#1130=LINE('',#1882,#1249);
#1131=LINE('',#1883,#1250);
#1132=LINE('',#1887,#1251);
#1133=LINE('',#1890,#1252);
#1134=LINE('',#1891,#1253);
#1135=LINE('',#1893,#1254);
#1136=LINE('',#1896,#1255);
#1137=LINE('',#1898,#1256);
#1138=LINE('',#1902,#1257);
#1139=LINE('',#1904,#1258);
#1140=LINE('',#1906,#1259);
#1141=LINE('',#1908,#1260);
#1142=LINE('',#1910,#1261);
#1143=LINE('',#1920,#1262);
#1144=LINE('',#1938,#1263);
#1145=LINE('',#1948,#1264);
#1146=LINE('',#1950,#1265);
#1147=LINE('',#1955,#1266);
#1148=LINE('',#1957,#1267);
#1149=LINE('',#1961,#1268);
#1150=LINE('',#1963,#1269);
#1151=LINE('',#1967,#1270);
#1152=LINE('',#1971,#1271);
#1153=LINE('',#1973,#1272);
#1154=LINE('',#1975,#1273);
#1155=LINE('',#1976,#1274);
#1156=LINE('',#1978,#1275);
#1157=LINE('',#1980,#1276);
#1158=LINE('',#1989,#1277);
#1159=LINE('',#1991,#1278);
#1160=LINE('',#1993,#1279);
#1161=LINE('',#1995,#1280);
#1162=LINE('',#1996,#1281);
#1163=LINE('',#1998,#1282);
#1164=LINE('',#1999,#1283);
#1165=LINE('',#2001,#1284);
#1166=LINE('',#2065,#1285);
#1167=LINE('',#2073,#1286);
#1168=LINE('',#2077,#1287);
#1169=LINE('',#2142,#1288);
#1170=LINE('',#2150,#1289);
#1171=LINE('',#2225,#1290);
#1172=LINE('',#2298,#1291);
#1173=LINE('',#2327,#1292);
#1174=LINE('',#2360,#1293);
#1175=LINE('',#2361,#1294);
#1176=LINE('',#2435,#1295);
#1177=LINE('',#2472,#1296);
#1178=LINE('',#2505,#1297);
#1179=LINE('',#2578,#1298);
#1180=LINE('',#2579,#1299);
#1181=LINE('',#2580,#1300);
#1182=LINE('',#2594,#1301);
#1183=LINE('',#2600,#1302);
#1184=LINE('',#2722,#1303);
#1185=LINE('',#2725,#1304);
#1186=LINE('',#2726,#1305);
#1187=LINE('',#2728,#1306);
#1188=LINE('',#2730,#1307);
#1189=LINE('',#2732,#1308);
#1190=LINE('',#2733,#1309);
#1191=LINE('',#2734,#1310);
#1192=LINE('',#2736,#1311);
#1193=LINE('',#2738,#1312);
#1194=LINE('',#2740,#1313);
#1195=LINE('',#2742,#1314);
#1196=LINE('',#2789,#1315);
#1197=LINE('',#2791,#1316);
#1198=LINE('',#2793,#1317);
#1199=LINE('',#2795,#1318);
#1200=LINE('',#2797,#1319);
#1201=LINE('',#2799,#1320);
#1202=LINE('',#2800,#1321);
#1203=LINE('',#2802,#1322);
#1204=LINE('',#2804,#1323);
#1205=LINE('',#2806,#1324);
#1206=LINE('',#2808,#1325);
#1207=LINE('',#2812,#1326);
#1208=LINE('',#2816,#1327);
#1209=LINE('',#2820,#1328);
#1210=LINE('',#2824,#1329);
#1211=LINE('',#2826,#1330);
#1212=LINE('',#2828,#1331);
#1213=LINE('',#2830,#1332);
#1214=LINE('',#2832,#1333);
#1215=LINE('',#2835,#1334);
#1216=LINE('',#2837,#1335);
#1217=LINE('',#2841,#1336);
#1218=LINE('',#2846,#1337);
#1219=LINE('',#2848,#1338);
#1220=LINE('',#2850,#1339);
#1221=LINE('',#2853,#1340);
#1222=VECTOR('',#1445,1.);
#1223=VECTOR('',#1446,1.);
#1224=VECTOR('',#1447,1.);
#1225=VECTOR('',#1450,1.);
#1226=VECTOR('',#1455,1.);
#1227=VECTOR('',#1460,1.);
#1228=VECTOR('',#1461,1.);
#1229=VECTOR('',#1462,1.);
#1230=VECTOR('',#1465,1.);
#1231=VECTOR('',#1472,1.);
#1232=VECTOR('',#1475,1.);
#1233=VECTOR('',#1476,1.);
#1234=VECTOR('',#1493,1.);
#1235=VECTOR('',#1494,1.);
#1236=VECTOR('',#1495,1.);
#1237=VECTOR('',#1496,1.);
#1238=VECTOR('',#1503,1.);
#1239=VECTOR('',#1504,1.);
#1240=VECTOR('',#1505,1.);
#1241=VECTOR('',#1506,1.);
#1242=VECTOR('',#1513,1.);
#1243=VECTOR('',#1514,1.);
#1244=VECTOR('',#1515,1.);
#1245=VECTOR('',#1518,1.);
#1246=VECTOR('',#1519,1.);
#1247=VECTOR('',#1520,1.);
#1248=VECTOR('',#1523,1.);
#1249=VECTOR('',#1524,1.);
#1250=VECTOR('',#1525,1.);
#1251=VECTOR('',#1530,1.);
#1252=VECTOR('',#1531,1.);
#1253=VECTOR('',#1532,1.);
#1254=VECTOR('',#1535,1.);
#1255=VECTOR('',#1536,1.);
#1256=VECTOR('',#1537,1.);
#1257=VECTOR('',#1540,1.);
#1258=VECTOR('',#1543,1.);
#1259=VECTOR('',#1544,1.);
#1260=VECTOR('',#1545,1.);
#1261=VECTOR('',#1548,1.);
#1262=VECTOR('',#1553,1.);
#1263=VECTOR('',#1560,1.);
#1264=VECTOR('',#1565,1.);
#1265=VECTOR('',#1568,1.);
#1266=VECTOR('',#1573,1.);
#1267=VECTOR('',#1574,1.);
#1268=VECTOR('',#1577,1.);
#1269=VECTOR('',#1578,1.);
#1270=VECTOR('',#1581,1.);
#1271=VECTOR('',#1584,1.);
#1272=VECTOR('',#1585,1.);
#1273=VECTOR('',#1588,1.);
#1274=VECTOR('',#1589,1.);
#1275=VECTOR('',#1590,1.);
#1276=VECTOR('',#1591,1.);
#1277=VECTOR('',#1600,1.);
#1278=VECTOR('',#1601,1.);
#1279=VECTOR('',#1602,1.);
#1280=VECTOR('',#1605,1.);
#1281=VECTOR('',#1606,1.);
#1282=VECTOR('',#1609,1.);
#1283=VECTOR('',#1610,1.);
#1284=VECTOR('',#1613,1.);
#1285=VECTOR('',#1614,1.);
#1286=VECTOR('',#1615,1.);
#1287=VECTOR('',#1622,1.);
#1288=VECTOR('',#1623,1.);
#1289=VECTOR('',#1624,1.);
#1290=VECTOR('',#1627,1.);
#1291=VECTOR('',#1628,1.);
#1292=VECTOR('',#1631,1.);
#1293=VECTOR('',#1632,1.);
#1294=VECTOR('',#1633,1.);
#1295=VECTOR('',#1636,1.);
#1296=VECTOR('',#1637,1.);
#1297=VECTOR('',#1638,1.);
#1298=VECTOR('',#1641,1.);
#1299=VECTOR('',#1642,1.);
#1300=VECTOR('',#1643,1.);
#1301=VECTOR('',#1646,1.);
#1302=VECTOR('',#1649,1.);
#1303=VECTOR('',#1652,1.);
#1304=VECTOR('',#1653,1.);
#1305=VECTOR('',#1654,1.);
#1306=VECTOR('',#1655,1.);
#1307=VECTOR('',#1656,1.);
#1308=VECTOR('',#1657,1.);
#1309=VECTOR('',#1658,1.);
#1310=VECTOR('',#1659,1.);
#1311=VECTOR('',#1660,1.);
#1312=VECTOR('',#1661,1.);
#1313=VECTOR('',#1662,1.);
#1314=VECTOR('',#1665,1.);
#1315=VECTOR('',#1670,1.);
#1316=VECTOR('',#1673,1.);
#1317=VECTOR('',#1674,1.);
#1318=VECTOR('',#1677,1.);
#1319=VECTOR('',#1678,1.);
#1320=VECTOR('',#1679,1.);
#1321=VECTOR('',#1680,1.);
#1322=VECTOR('',#1681,1.);
#1323=VECTOR('',#1682,1.);
#1324=VECTOR('',#1683,1.);
#1325=VECTOR('',#1686,1.);
#1326=VECTOR('',#1689,1.);
#1327=VECTOR('',#1694,1.);
#1328=VECTOR('',#1697,1.);
#1329=VECTOR('',#1702,1.);
#1330=VECTOR('',#1705,1.);
#1331=VECTOR('',#1708,1.);
#1332=VECTOR('',#1711,1.);
#1333=VECTOR('',#1714,1.);
#1334=VECTOR('',#1717,1.);
#1335=VECTOR('',#1720,1.);
#1336=VECTOR('',#1727,1.);
#1337=VECTOR('',#1736,1.);
#1338=VECTOR('',#1739,1.);
#1339=VECTOR('',#1742,1.);
#1340=VECTOR('',#1747,1.);
#1341=AXIS2_PLACEMENT_3D('',#1766,#1443,#1444);
#1342=AXIS2_PLACEMENT_3D('',#1774,#1448,#1449);
#1343=AXIS2_PLACEMENT_3D('',#1778,#1451,#1452);
#1344=AXIS2_PLACEMENT_3D('',#1779,#1453,#1454);
#1345=AXIS2_PLACEMENT_3D('',#1783,#1456,#1457);
#1346=AXIS2_PLACEMENT_3D('',#1784,#1458,#1459);
#1347=AXIS2_PLACEMENT_3D('',#1792,#1463,#1464);
#1348=AXIS2_PLACEMENT_3D('',#1796,#1466,#1467);
#1349=AXIS2_PLACEMENT_3D('',#1798,#1468,#1469);
#1350=AXIS2_PLACEMENT_3D('',#1800,#1470,#1471);
#1351=AXIS2_PLACEMENT_3D('',#1804,#1473,#1474);
#1352=AXIS2_PLACEMENT_3D('',#1809,#1477,#1478);
#1353=AXIS2_PLACEMENT_3D('',#1810,#1479,#1480);
#1354=AXIS2_PLACEMENT_3D('',#1812,#1481,#1482);
#1355=AXIS2_PLACEMENT_3D('',#1813,#1483,#1484);
#1356=AXIS2_PLACEMENT_3D('',#1814,#1485,#1486);
#1357=AXIS2_PLACEMENT_3D('',#1821,#1487,#1488);
#1358=AXIS2_PLACEMENT_3D('',#1822,#1489,#1490);
#1359=AXIS2_PLACEMENT_3D('',#1829,#1491,#1492);
#1360=AXIS2_PLACEMENT_3D('',#1838,#1497,#1498);
#1361=AXIS2_PLACEMENT_3D('',#1839,#1499,#1500);
#1362=AXIS2_PLACEMENT_3D('',#1846,#1501,#1502);
#1363=AXIS2_PLACEMENT_3D('',#1855,#1507,#1508);
#1364=AXIS2_PLACEMENT_3D('',#1856,#1509,#1510);
#1365=AXIS2_PLACEMENT_3D('',#1863,#1511,#1512);
#1366=AXIS2_PLACEMENT_3D('',#1871,#1516,#1517);
#1367=AXIS2_PLACEMENT_3D('',#1878,#1521,#1522);
#1368=AXIS2_PLACEMENT_3D('',#1885,#1526,#1527);
#1369=AXIS2_PLACEMENT_3D('',#1886,#1528,#1529);
#1370=AXIS2_PLACEMENT_3D('',#1892,#1533,#1534);
#1371=AXIS2_PLACEMENT_3D('',#1900,#1538,#1539);
#1372=AXIS2_PLACEMENT_3D('',#1903,#1541,#1542);
#1373=AXIS2_PLACEMENT_3D('',#1909,#1546,#1547);
#1374=AXIS2_PLACEMENT_3D('',#1918,#1549,#1550);
#1375=AXIS2_PLACEMENT_3D('',#1919,#1551,#1552);
#1376=AXIS2_PLACEMENT_3D('',#1928,#1554,#1555);
#1377=AXIS2_PLACEMENT_3D('',#1929,#1556,#1557);
#1378=AXIS2_PLACEMENT_3D('',#1930,#1558,#1559);
#1379=AXIS2_PLACEMENT_3D('',#1939,#1561,#1562);
#1380=AXIS2_PLACEMENT_3D('',#1940,#1563,#1564);
#1381=AXIS2_PLACEMENT_3D('',#1949,#1566,#1567);
#1382=AXIS2_PLACEMENT_3D('',#1953,#1569,#1570);
#1383=AXIS2_PLACEMENT_3D('',#1954,#1571,#1572);
#1384=AXIS2_PLACEMENT_3D('',#1959,#1575,#1576);
#1385=AXIS2_PLACEMENT_3D('',#1965,#1579,#1580);
#1386=AXIS2_PLACEMENT_3D('',#1969,#1582,#1583);
#1387=AXIS2_PLACEMENT_3D('',#1974,#1586,#1587);
#1388=AXIS2_PLACEMENT_3D('',#1982,#1592,#1593);
#1389=AXIS2_PLACEMENT_3D('',#1984,#1594,#1595);
#1390=AXIS2_PLACEMENT_3D('',#1986,#1596,#1597);
#1391=AXIS2_PLACEMENT_3D('',#1987,#1598,#1599);
#1392=AXIS2_PLACEMENT_3D('',#1994,#1603,#1604);
#1393=AXIS2_PLACEMENT_3D('',#1997,#1607,#1608);
#1394=AXIS2_PLACEMENT_3D('',#2000,#1611,#1612);
#1395=AXIS2_PLACEMENT_3D('',#2074,#1616,#1617);
#1396=AXIS2_PLACEMENT_3D('',#2075,#1618,#1619);
#1397=AXIS2_PLACEMENT_3D('',#2076,#1620,#1621);
#1398=AXIS2_PLACEMENT_3D('',#2224,#1625,#1626);
#1399=AXIS2_PLACEMENT_3D('',#2299,#1629,#1630);
#1400=AXIS2_PLACEMENT_3D('',#2371,#1634,#1635);
#1401=AXIS2_PLACEMENT_3D('',#2514,#1639,#1640);
#1402=AXIS2_PLACEMENT_3D('',#2589,#1644,#1645);
#1403=AXIS2_PLACEMENT_3D('',#2599,#1647,#1648);
#1404=AXIS2_PLACEMENT_3D('',#2609,#1650,#1651);
#1405=AXIS2_PLACEMENT_3D('',#2741,#1663,#1664);
#1406=AXIS2_PLACEMENT_3D('',#2743,#1666,#1667);
#1407=AXIS2_PLACEMENT_3D('',#2766,#1668,#1669);
#1408=AXIS2_PLACEMENT_3D('',#2790,#1671,#1672);
#1409=AXIS2_PLACEMENT_3D('',#2794,#1675,#1676);
#1410=AXIS2_PLACEMENT_3D('',#2807,#1684,#1685);
#1411=AXIS2_PLACEMENT_3D('',#2810,#1687,#1688);
#1412=AXIS2_PLACEMENT_3D('',#2814,#1690,#1691);
#1413=AXIS2_PLACEMENT_3D('',#2815,#1692,#1693);
#1414=AXIS2_PLACEMENT_3D('',#2818,#1695,#1696);
#1415=AXIS2_PLACEMENT_3D('',#2822,#1698,#1699);
#1416=AXIS2_PLACEMENT_3D('',#2823,#1700,#1701);
#1417=AXIS2_PLACEMENT_3D('',#2825,#1703,#1704);
#1418=AXIS2_PLACEMENT_3D('',#2827,#1706,#1707);
#1419=AXIS2_PLACEMENT_3D('',#2829,#1709,#1710);
#1420=AXIS2_PLACEMENT_3D('',#2831,#1712,#1713);
#1421=AXIS2_PLACEMENT_3D('',#2833,#1715,#1716);
#1422=AXIS2_PLACEMENT_3D('',#2836,#1718,#1719);
#1423=AXIS2_PLACEMENT_3D('',#2838,#1721,#1722);
#1424=AXIS2_PLACEMENT_3D('',#2839,#1723,#1724);
#1425=AXIS2_PLACEMENT_3D('',#2840,#1725,#1726);
#1426=AXIS2_PLACEMENT_3D('',#2842,#1728,#1729);
#1427=AXIS2_PLACEMENT_3D('',#2843,#1730,#1731);
#1428=AXIS2_PLACEMENT_3D('',#2844,#1732,#1733);
#1429=AXIS2_PLACEMENT_3D('',#2845,#1734,#1735);
#1430=AXIS2_PLACEMENT_3D('',#2847,#1737,#1738);
#1431=AXIS2_PLACEMENT_3D('',#2849,#1740,#1741);
#1432=AXIS2_PLACEMENT_3D('',#2851,#1743,#1744);
#1433=AXIS2_PLACEMENT_3D('',#2852,#1745,#1746);
#1434=AXIS2_PLACEMENT_3D('',#2854,#1748,#1749);
#1435=AXIS2_PLACEMENT_3D('',#2855,#1750,#1751);
#1436=AXIS2_PLACEMENT_3D('',#2856,#1752,#1753);
#1437=AXIS2_PLACEMENT_3D('',#3253,#1754,#1755);
#1438=AXIS2_PLACEMENT_3D('',#3254,#1756,#1757);
#1439=AXIS2_PLACEMENT_3D('',#3255,#1758,#1759);
#1440=AXIS2_PLACEMENT_3D('',#3256,#1760,#1761);
#1441=AXIS2_PLACEMENT_3D('',#3257,#1762,#1763);
#1442=AXIS2_PLACEMENT_3D('',#3258,#1764,#1765);
#1443=DIRECTION('',(0.,0.,1.));
#1444=DIRECTION('',(1.,0.,0.));
#1445=DIRECTION('',(1.,-6.80786931653164E-15,0.));
#1446=DIRECTION('',(0.,1.,0.));
#1447=DIRECTION('',(-1.,-4.16333634234434E-15,7.00633040821293E-30));
#1448=DIRECTION('',(0.,0.,-1.));
#1449=DIRECTION('',(1.,4.4816724995849E-15,0.));
#1450=DIRECTION('',(0.,1.,0.));
#1451=DIRECTION('',(0.,0.,-1.));
#1452=DIRECTION('',(1.,1.04572358323648E-14,0.));
#1453=DIRECTION('',(0.,0.,1.));
#1454=DIRECTION('',(1.,0.,0.));
#1455=DIRECTION('',(4.53346439569179E-16,-1.,1.70803542250024E-15));
#1456=DIRECTION('',(0.966534316521851,0.,-0.256537355926264));
#1457=DIRECTION('',(-0.256537355926264,-1.76717514660704E-15,-0.966534316521851));
#1458=DIRECTION('',(-0.966534316521851,0.,0.256537355926264));
#1459=DIRECTION('',(0.256537355926264,0.,0.966534316521851));
#1460=DIRECTION('',(0.,-1.,2.29701315439688E-15));
#1461=DIRECTION('',(1.,-6.80786931653165E-15,1.56377653734881E-29));
#1462=DIRECTION('',(0.,-1.,0.));
#1463=DIRECTION('',(0.,2.29701315439688E-15,1.));
#1464=DIRECTION('',(1.,4.41728065332667E-15,-1.01465517673542E-29));
#1465=DIRECTION('',(-1.,-1.91417762866406E-15,4.39689119289357E-30));
#1466=DIRECTION('',(0.,2.29701315439688E-15,1.));
#1467=DIRECTION('',(0.,1.,-3.15600669337531E-15));
#1468=DIRECTION('',(0.,-2.29701315439688E-15,-1.));
#1469=DIRECTION('',(0.,1.,-2.92163953848725E-15));
#1470=DIRECTION('',(0.,2.29701315439688E-15,1.));
#1471=DIRECTION('',(0.,1.,-3.14140509498001E-15));
#1472=DIRECTION('',(0.994521895368273,0.104528463267655,-2.40103255134695E-16));
#1473=DIRECTION('',(0.,2.29701315439688E-15,1.));
#1474=DIRECTION('',(-1.,8.65426413712947E-15,-1.98789585646115E-29));
#1475=DIRECTION('',(0.,-1.,0.));
#1476=DIRECTION('',(-1.,-4.16333634234434E-15,9.56323834454352E-30));
#1477=DIRECTION('',(0.,-2.29701315439688E-15,-1.));
#1478=DIRECTION('',(0.,1.,-2.3037127760972E-15));
#1479=DIRECTION('',(-8.75811540203011E-47,1.70803542250024E-15,1.));
#1480=DIRECTION('',(0.,1.,-3.14140509498001E-15));
#1481=DIRECTION('',(0.,1.70803542250024E-15,1.));
#1482=DIRECTION('',(1.,-1.95354955110111E-15,3.33673183289014E-30));
#1483=DIRECTION('',(0.,1.70803542250024E-15,1.));
#1484=DIRECTION('',(0.,-1.,1.72084568816899E-15));
#1485=DIRECTION('',(0.,0.,1.));
#1486=DIRECTION('',(1.,4.4816724995849E-15,0.));
#1487=DIRECTION('',(0.,0.,1.));
#1488=DIRECTION('',(1.,0.,0.));
#1489=DIRECTION('',(0.,0.,1.));
#1490=DIRECTION('',(1.,4.29214903567211E-15,0.));
#1491=DIRECTION('',(0.,0.,1.));
#1492=DIRECTION('',(1.,0.,0.));
#1493=DIRECTION('',(-1.,0.,0.));
#1494=DIRECTION('',(4.66045112948995E-15,-1.18952466924124E-15,-1.));
#1495=DIRECTION('',(1.,4.3837192549457E-30,3.68526972857313E-15));
#1496=DIRECTION('',(-7.12326065014631E-17,-1.18952466924124E-15,-1.));
#1497=DIRECTION('',(0.,1.,-1.18952466924124E-15));
#1498=DIRECTION('',(0.,1.19002030452009E-15,1.));
#1499=DIRECTION('',(0.,6.93889390390722E-15,1.));
#1500=DIRECTION('',(-1.,1.58029123586109E-14,-1.09654732229145E-28));
#1501=DIRECTION('',(0.,-6.93889390390722E-15,-1.));
#1502=DIRECTION('',(0.,1.,-6.93889390390723E-15));
#1503=DIRECTION('',(4.66045112948995E-15,-2.77555756156289E-15,-1.));
#1504=DIRECTION('',(-1.,0.,0.));
#1505=DIRECTION('',(-7.12326065014631E-17,-2.77555756156289E-15,-1.));
#1506=DIRECTION('',(1.,1.022867826154E-29,3.68526972857313E-15));
#1507=DIRECTION('',(0.,1.,-2.77555756156289E-15));
#1508=DIRECTION('',(0.,2.77555756156289E-15,1.));
#1509=DIRECTION('',(0.,1.38777878078144E-14,1.));
#1510=DIRECTION('',(-1.,4.20156796836084E-14,-5.83084687250218E-28));
#1511=DIRECTION('',(0.,-1.38777878078144E-14,-1.));
#1512=DIRECTION('',(0.,1.,-1.38777878078145E-14));
#1513=DIRECTION('',(0.,1.,0.));
#1514=DIRECTION('',(-1.,-4.16333634234434E-15,0.));
#1515=DIRECTION('',(0.203249470626685,-0.979126984966696,0.));
#1516=DIRECTION('',(0.,0.,1.));
#1517=DIRECTION('',(-1.,0.,0.));
#1518=DIRECTION('',(-1.,0.,-3.55840713020883E-16));
#1519=DIRECTION('',(0.,1.,0.));
#1520=DIRECTION('',(1.,0.,-1.9328797834349E-16));
#1521=DIRECTION('',(0.,0.,-1.));
#1522=DIRECTION('',(-1.,0.,0.));
#1523=DIRECTION('',(0.,1.,0.));
#1524=DIRECTION('',(-1.77920356510442E-16,-1.70803542250024E-15,-1.));
#1525=DIRECTION('',(-1.77920356510442E-16,0.,-1.));
#1526=DIRECTION('',(1.,0.,-1.77920356510442E-16));
#1527=DIRECTION('',(0.,0.,-1.));
#1528=DIRECTION('',(1.,0.,-1.77920356510442E-16));
#1529=DIRECTION('',(-1.80411241501588E-16,0.,-1.));
#1530=DIRECTION('',(-0.203249470626685,0.979126984966696,-1.44648873097833E-16));
#1531=DIRECTION('',(1.,4.16333634234434E-15,7.11681426041767E-16));
#1532=DIRECTION('',(-1.,0.,-7.11681426041767E-16));
#1533=DIRECTION('',(-7.11681426041767E-16,0.,1.));
#1534=DIRECTION('',(1.,0.,7.07767178198537E-16));
#1535=DIRECTION('',(0.,1.70803542250024E-15,1.));
#1536=DIRECTION('',(0.,-1.,0.));
#1537=DIRECTION('',(0.,0.,1.));
#1538=DIRECTION('',(1.,0.,0.));
#1539=DIRECTION('',(0.,0.,1.));
#1540=DIRECTION('',(0.,1.,0.));
#1541=DIRECTION('',(-1.,0.,0.));
#1542=DIRECTION('',(0.,0.,1.));
#1543=DIRECTION('',(-1.,-4.16333634234434E-15,0.));
#1544=DIRECTION('',(-1.,0.,0.));
#1545=DIRECTION('',(0.203249470626685,-0.979126984966696,0.));
#1546=DIRECTION('',(0.,0.,-1.));
#1547=DIRECTION('',(-1.,0.,0.));
#1548=DIRECTION('',(0.,-1.,0.));
#1549=DIRECTION('',(0.,0.,-1.));
#1550=DIRECTION('',(1.,1.0083763124066E-14,0.));
#1551=DIRECTION('',(0.,0.,1.));
#1552=DIRECTION('',(1.,0.,0.));
#1553=DIRECTION('',(0.,-1.,0.));
#1554=DIRECTION('',(0.,0.,-1.));
#1555=DIRECTION('',(1.,1.30715447904561E-14,0.));
#1556=DIRECTION('',(0.,0.,1.));
#1557=DIRECTION('',(1.,0.,0.));
#1558=DIRECTION('',(0.,0.,-1.));
#1559=DIRECTION('',(-1.,-4.4816724995849E-15,0.));
#1560=DIRECTION('',(0.,1.,0.));
#1561=DIRECTION('',(0.,0.,-1.));
#1562=DIRECTION('',(-1.,0.,0.));
#1563=DIRECTION('',(0.,0.,-1.));
#1564=DIRECTION('',(-1.,0.,0.));
#1565=DIRECTION('',(0.,1.,0.));
#1566=DIRECTION('',(0.,0.,-1.));
#1567=DIRECTION('',(-1.,0.,0.));
#1568=DIRECTION('',(4.53346439569179E-16,-1.,1.70803542250024E-15));
#1569=DIRECTION('',(0.966534316521851,0.,-0.256537355926264));
#1570=DIRECTION('',(-0.256537355926264,-1.76717514660704E-15,-0.966534316521851));
#1571=DIRECTION('',(-0.966534316521851,0.,0.256537355926264));
#1572=DIRECTION('',(0.256537355926264,0.,0.966534316521851));
#1573=DIRECTION('',(-1.,-4.16333634234434E-15,0.));
#1574=DIRECTION('',(0.203249470626684,-0.979126984966696,0.));
#1575=DIRECTION('',(0.,0.,1.));
#1576=DIRECTION('',(-1.,0.,0.));
#1577=DIRECTION('',(1.,0.,0.));
#1578=DIRECTION('',(0.,1.,0.));
#1579=DIRECTION('',(0.,0.,-1.));
#1580=DIRECTION('',(-1.,-1.0340177222301E-14,0.));
#1581=DIRECTION('',(0.,1.,0.));
#1582=DIRECTION('',(0.,0.,-1.));
#1583=DIRECTION('',(1.,4.29214903567211E-15,0.));
#1584=DIRECTION('',(0.,1.,0.));
#1585=DIRECTION('',(1.,0.,0.));
#1586=DIRECTION('',(0.,0.,-1.));
#1587=DIRECTION('',(-1.,0.,0.));
#1588=DIRECTION('',(7.9602156140001E-30,1.,-1.70803542250024E-15));
#1589=DIRECTION('',(0.,1.,0.));
#1590=DIRECTION('',(-1.,0.,0.));
#1591=DIRECTION('',(0.,1.,0.));
#1592=DIRECTION('',(0.,1.70803542250024E-15,1.));
#1593=DIRECTION('',(1.,-1.95354955110111E-15,3.33673183289014E-30));
#1594=DIRECTION('',(0.,-1.70803542250024E-15,-1.));
#1595=DIRECTION('',(0.,1.,-1.46081976924363E-15));
#1596=DIRECTION('',(-8.75811540203011E-47,1.70803542250024E-15,1.));
#1597=DIRECTION('',(0.,1.,-3.15600669337531E-15));
#1598=DIRECTION('',(0.,1.70803542250024E-15,1.));
#1599=DIRECTION('',(-1.,-4.02201378167876E-15,6.86974200889147E-30));
#1600=DIRECTION('',(0.,1.,0.));
#1601=DIRECTION('',(-1.,0.,0.));
#1602=DIRECTION('',(0.,1.,0.));
#1603=DIRECTION('',(0.,1.70803542250024E-15,1.));
#1604=DIRECTION('',(0.,-1.,1.72084568816899E-15));
#1605=DIRECTION('',(0.,1.70803542250024E-15,1.));
#1606=DIRECTION('',(0.,-1.70803542250024E-15,-1.));
#1607=DIRECTION('',(1.,0.,0.));
#1608=DIRECTION('',(0.,0.,-1.));
#1609=DIRECTION('',(-0.256537355926264,-2.68267163073224E-15,-0.966534316521851));
#1610=DIRECTION('',(0.256537355926264,1.14971641317096E-15,0.966534316521851));
#1611=DIRECTION('',(-0.966534316521851,0.,0.256537355926264));
#1612=DIRECTION('',(0.256537355926264,0.,0.966534316521851));
#1613=DIRECTION('',(0.256537355926263,1.14971641317096E-15,0.966534316521851));
#1614=DIRECTION('',(-0.256537355926264,0.,-0.966534316521851));
#1615=DIRECTION('',(-0.256537355926264,0.,-0.966534316521851));
#1616=DIRECTION('',(0.104528463267655,-0.994521895368274,1.69655955950532E-15));
#1617=DIRECTION('',(-0.253825653009218,-0.0266781511503469,-0.966882006309789));
#1618=DIRECTION('',(0.,1.70803542250024E-15,1.));
#1619=DIRECTION('',(1.,-1.95354955110111E-15,3.33673183289014E-30));
#1620=DIRECTION('',(-0.256537355926264,0.,-0.966534316521851));
#1621=DIRECTION('',(-0.96653431652185,0.,0.256537355926265));
#1622=DIRECTION('',(0.256537355926263,1.14971641317096E-15,0.966534316521851));
#1623=DIRECTION('',(-0.256537355926264,-1.14971641317096E-15,-0.966534316521851));
#1624=DIRECTION('',(-0.256537355926264,-1.14971641317096E-15,-0.966534316521851));
#1625=DIRECTION('',(-0.256537355926264,-1.14971641317096E-15,-0.966534316521851));
#1626=DIRECTION('',(-0.966534316521851,0.,0.256537355926265));
#1627=DIRECTION('',(-0.256537355926264,-1.14971641317096E-15,-0.966534316521851));
#1628=DIRECTION('',(0.256537355926263,1.10109656485279E-15,0.966534316521851));
#1629=DIRECTION('',(0.256537355926264,1.14971641317096E-15,0.966534316521851));
#1630=DIRECTION('',(0.966534316521851,0.,-0.256537355926264));
#1631=DIRECTION('',(0.256537355926264,2.63476678018345E-15,0.966534316521851));
#1632=DIRECTION('',(0.256537355926264,2.68267163073224E-15,0.966534316521851));
#1633=DIRECTION('',(-0.256537355926263,-2.65264172441808E-15,-0.966534316521851));
#1634=DIRECTION('',(-0.256537355926264,-2.65264172441808E-15,-0.966534316521851));
#1635=DIRECTION('',(-0.966534316521851,0.,0.256537355926264));
#1636=DIRECTION('',(-0.256537355926263,-2.63476678018345E-15,-0.966534316521851));
#1637=DIRECTION('',(0.256537355926264,2.68267163073224E-15,0.966534316521851));
#1638=DIRECTION('',(0.256537355926264,2.58686192963466E-15,0.966534316521851));
#1639=DIRECTION('',(-0.256537355926264,-2.63476678018345E-15,-0.966534316521851));
#1640=DIRECTION('',(-0.966534316521851,0.,0.256537355926264));
#1641=DIRECTION('',(-0.256537355926263,-2.68267163073225E-15,-0.966534316521851));
#1642=DIRECTION('',(-0.256537355926264,-3.35333953841535E-15,-0.966534316521851));
#1643=DIRECTION('',(0.256537355926264,3.35333953841535E-15,0.966534316521851));
#1644=DIRECTION('',(-0.256537355926264,-2.68267163073224E-15,-0.966534316521851));
#1645=DIRECTION('',(-0.966534316521851,0.,0.256537355926264));
#1646=DIRECTION('',(0.256537355926263,2.71892614677812E-15,0.966534316521851));
#1647=DIRECTION('',(-0.966534316521851,0.,0.256537355926263));
#1648=DIRECTION('',(0.256537355926263,0.,0.966534316521851));
#1649=DIRECTION('',(-0.256537355926263,9.55979442731826E-17,-0.966534316521851));
#1650=DIRECTION('',(-0.966534316521851,0.,0.256537355926263));
#1651=DIRECTION('',(0.256537355926263,0.,0.966534316521851));
#1652=DIRECTION('',(0.809016994374947,0.,0.587785252292474));
#1653=DIRECTION('',(1.,0.,7.11681426041767E-16));
#1654=DIRECTION('',(0.256537355926263,0.,0.966534316521851));
#1655=DIRECTION('',(1.,0.,1.57542341550926E-15));
#1656=DIRECTION('',(0.782823254756107,0.,0.622244125575369));
#1657=DIRECTION('',(1.,0.,0.));
#1658=DIRECTION('',(-0.256537355926263,0.,-0.966534316521851));
#1659=DIRECTION('',(7.12326065014631E-17,0.,1.));
#1660=DIRECTION('',(-1.,0.,-3.68526972857313E-15));
#1661=DIRECTION('',(0.256537355926261,0.,0.966534316521852));
#1662=DIRECTION('',(1.,0.,2.80514270459675E-15));
#1663=DIRECTION('',(0.,-1.,0.));
#1664=DIRECTION('',(0.,0.,-1.));
#1665=DIRECTION('',(0.,-1.,0.));
#1666=DIRECTION('',(1.,0.,-7.12326065014631E-17));
#1667=DIRECTION('',(-7.11236625150491E-17,0.,-1.));
#1668=DIRECTION('',(-0.966534316521851,0.,0.256537355926263));
#1669=DIRECTION('',(0.256537355926263,0.,0.966534316521851));
#1670=DIRECTION('',(-0.256537355926263,0.,-0.966534316521851));
#1671=DIRECTION('',(-0.966534316521851,0.,0.256537355926263));
#1672=DIRECTION('',(0.256537355926263,0.,0.966534316521851));
#1673=DIRECTION('',(0.,-1.,0.));
#1674=DIRECTION('',(7.12326065014631E-17,0.,1.));
#1675=DIRECTION('',(1.,0.,-7.12326065014631E-17));
#1676=DIRECTION('',(-7.11236625150491E-17,0.,-1.));
#1677=DIRECTION('',(3.54557989683644E-16,0.,1.));
#1678=DIRECTION('',(1.,0.,1.57542341550926E-15));
#1679=DIRECTION('',(0.256537355926263,0.,0.966534316521851));
#1680=DIRECTION('',(3.54557989683644E-16,0.,1.));
#1681=DIRECTION('',(1.,0.,2.80514270459675E-15));
#1682=DIRECTION('',(0.256537355926261,0.,0.966534316521852));
#1683=DIRECTION('',(-1.,0.,-3.68526972857313E-15));
#1684=DIRECTION('',(0.,-1.,0.));
#1685=DIRECTION('',(0.,0.,-1.));
#1686=DIRECTION('',(0.,1.,0.));
#1687=DIRECTION('',(0.622244125575369,0.,-0.782823254756107));
#1688=DIRECTION('',(0.782823254756107,0.,0.622244125575369));
#1689=DIRECTION('',(0.200647808271613,-0.966593826529587,0.159489283497949));
#1690=DIRECTION('',(-0.622244125575369,0.,0.782823254756107));
#1691=DIRECTION('',(-0.782823254756107,0.,-0.622244125575369));
#1692=DIRECTION('',(0.622244125575369,0.,-0.782823254756107));
#1693=DIRECTION('',(-0.782823254756107,0.,-0.622244125575369));
#1694=DIRECTION('',(0.,1.,0.));
#1695=DIRECTION('',(0.587785252292474,0.,-0.809016994374947));
#1696=DIRECTION('',(0.809016994374947,0.,0.587785252292474));
#1697=DIRECTION('',(0.201069013134867,-0.968622924300615,0.146085189106549));
#1698=DIRECTION('',(-0.587785252292474,0.,0.809016994374947));
#1699=DIRECTION('',(-0.809016994374947,0.,-0.587785252292474));
#1700=DIRECTION('',(0.587785252292474,0.,-0.809016994374947));
#1701=DIRECTION('',(-0.809016994374947,0.,-0.587785252292474));
#1702=DIRECTION('',(-9.96586709946299E-32,-1.70803542250024E-15,-1.));
#1703=DIRECTION('',(-0.979126984966696,-0.203249470626685,3.471572954348E-16));
#1704=DIRECTION('',(-0.203249470626684,0.979126984966696,-5.17390032450088E-15));
#1705=DIRECTION('',(-3.54557989683644E-16,-1.02782523604827E-32,-1.));
#1706=DIRECTION('',(0.979126984966696,0.203249470626684,-3.47157295434799E-16));
#1707=DIRECTION('',(-0.203249470626684,0.979126984966696,0.));
#1708=DIRECTION('',(-9.96586709946299E-32,-1.70803542250024E-15,-1.));
#1709=DIRECTION('',(-0.979126984966696,-0.203249470626685,3.47157295434799E-16));
#1710=DIRECTION('',(-0.203249470626684,0.979126984966696,-1.67238357344898E-15));
#1711=DIRECTION('',(-3.54557989683644E-16,-1.02782523604827E-32,-1.));
#1712=DIRECTION('',(0.979126984966696,0.203249470626684,-3.47157295434799E-16));
#1713=DIRECTION('',(-0.203249470626684,0.979126984966696,0.));
#1714=DIRECTION('',(0.,1.70803542250024E-15,1.));
#1715=DIRECTION('',(0.,1.70803542250024E-15,1.));
#1716=DIRECTION('',(0.,1.,-1.46081976924363E-15));
#1717=DIRECTION('',(0.,1.70803542250024E-15,1.));
#1718=DIRECTION('',(0.,-1.70803542250024E-15,-1.));
#1719=DIRECTION('',(0.,1.,-2.92163953848725E-15));
#1720=DIRECTION('',(0.,1.70803542250024E-15,1.));
#1721=DIRECTION('',(8.75811540203011E-47,-1.70803542250024E-15,-1.));
#1722=DIRECTION('',(0.,1.,-3.14140509498001E-15));
#1723=DIRECTION('',(0.,-1.70803542250024E-15,-1.));
#1724=DIRECTION('',(0.,1.,0.));
#1725=DIRECTION('',(-0.104528463267655,0.994521895368273,-1.69867862574109E-15));
#1726=DIRECTION('',(-0.994521895368273,-0.104528463267655,0.));
#1727=DIRECTION('',(0.,1.70803542250024E-15,1.));
#1728=DIRECTION('',(1.91417762866406E-15,-1.,1.70803542250024E-15));
#1729=DIRECTION('',(1.,1.9151347174784E-15,0.));
#1730=DIRECTION('',(0.,-1.70803542250024E-15,-1.));
#1731=DIRECTION('',(0.,1.,0.));
#1732=DIRECTION('',(0.,-1.70803542250024E-15,-1.));
#1733=DIRECTION('',(0.,1.,-1.72084568816899E-15));
#1734=DIRECTION('',(2.80514270459675E-15,0.,-1.));
#1735=DIRECTION('',(-1.,0.,-2.77555756156289E-15));
#1736=DIRECTION('',(0.,1.,0.));
#1737=DIRECTION('',(2.80514270459675E-15,0.,-1.));
#1738=DIRECTION('',(-1.,0.,-2.80331313717852E-15));
#1739=DIRECTION('',(0.,1.,0.));
#1740=DIRECTION('',(0.966534316521852,0.,-0.256537355926261));
#1741=DIRECTION('',(-0.256537355926261,0.,-0.966534316521852));
#1742=DIRECTION('',(0.,1.,0.));
#1743=DIRECTION('',(-3.68526972857313E-15,0.,1.));
#1744=DIRECTION('',(1.,0.,3.69149155687865E-15));
#1745=DIRECTION('',(1.,0.,4.66045112948995E-15));
#1746=DIRECTION('',(4.66033461821169E-15,0.,-1.));
#1747=DIRECTION('',(0.,1.,0.));
#1748=DIRECTION('',(0.966534316521851,0.,-0.256537355926263));
#1749=DIRECTION('',(-0.256537355926263,0.,-0.966534316521851));
#1750=DIRECTION('',(1.57542341550926E-15,0.,-1.));
#1751=DIRECTION('',(-1.,0.,-1.38777878078145E-15));
#1752=DIRECTION('',(1.57542341550926E-15,0.,-1.));
#1753=DIRECTION('',(-1.,0.,-1.58206781009085E-15));
#1754=DIRECTION('',(-1.,0.,-7.11681426041767E-16));
#1755=DIRECTION('',(-7.11681426041764E-16,0.,1.));
#1756=DIRECTION('',(-1.,0.,0.));
#1757=DIRECTION('',(0.,0.,1.));
#1758=DIRECTION('',(3.54557989683644E-16,0.,1.));
#1759=DIRECTION('',(1.,0.,-3.54557989683644E-16));
#1760=DIRECTION('',(3.54557989683644E-16,0.,1.));
#1761=DIRECTION('',(1.,0.,-3.54557989683644E-16));
#1762=DIRECTION('',(4.16333634234434E-15,-1.,1.70803542250024E-15));
#1763=DIRECTION('',(1.,4.16333634234434E-15,0.));
#1764=DIRECTION('',(6.80786931653165E-15,1.,-1.70803542250024E-15));
#1765=DIRECTION('',(-1.,6.80705491973299E-15,0.));
#1766=CARTESIAN_POINT('',(0.,0.,0.));
#1767=CARTESIAN_POINT('',(79.6537558687148,-40.25,-7.68615940125093E-15));
#1768=CARTESIAN_POINT('',(0.,-40.2499999999995,-7.68615940125093E-15));
#1769=CARTESIAN_POINT('',(79.6537558687148,-40.25,1.57784335671424E-13));
#1770=CARTESIAN_POINT('',(0.,0.,0.));
#1771=CARTESIAN_POINT('',(0.,40.2499999999997,-1.4518301091252E-13));
#1772=CARTESIAN_POINT('',(79.653755868715,40.25,-1.4518301091252E-13));
#1773=CARTESIAN_POINT('',(79.653755868715,40.25,-1.44861388597882E-13));
#1774=CARTESIAN_POINT('',(79.6537558687147,30.25,0.));
#1775=CARTESIAN_POINT('',(90.,30.25,0.));
#1776=CARTESIAN_POINT('',(90.,-114.75,0.));
#1777=CARTESIAN_POINT('',(90.,-30.25,0.));
#1778=CARTESIAN_POINT('',(79.6537558687147,-30.25,0.));
#1779=CARTESIAN_POINT('',(146.269,0.,0.));
#1780=CARTESIAN_POINT('',(145.738160377358,2.44896589584328E-13,210.));
#1781=CARTESIAN_POINT('',(145.738160377358,26.2500000000002,210.));
#1782=CARTESIAN_POINT('',(145.738160377358,25.256327633159,210.));
#1783=CARTESIAN_POINT('',(136.91673898881,25.7531638165797,176.764269235772));
#1784=CARTESIAN_POINT('',(90.,-114.75,0.));
#1785=CARTESIAN_POINT('',(0.,36.2500000000003,212.));
#1786=CARTESIAN_POINT('',(0.,40.25,212.));
#1787=CARTESIAN_POINT('',(0.,-40.2499999999991,212.));
#1788=CARTESIAN_POINT('',(146.268999999999,-40.2500000000001,212.));
#1789=CARTESIAN_POINT('',(135.922755868715,-40.25,212.));
#1790=CARTESIAN_POINT('',(135.922755868715,-34.7499999999999,212.));
#1791=CARTESIAN_POINT('',(135.922755868715,-36.2499999999995,212.));
#1792=CARTESIAN_POINT('',(135.922755868715,-26.2499999999994,212.));
#1793=CARTESIAN_POINT('',(146.269,-26.2499999999994,212.));
#1794=CARTESIAN_POINT('',(146.269,-26.2499999999994,212.));
#1795=CARTESIAN_POINT('',(145.738160377358,-26.2499999999994,212.));
#1796=CARTESIAN_POINT('',(136.975067343737,-25.5071357229331,212.));
#1797=CARTESIAN_POINT('',(140.384950608704,-17.4005739999001,212.));
#1798=CARTESIAN_POINT('',(147.751783009552,0.113128646251265,212.));
#1799=CARTESIAN_POINT('',(140.355955231625,17.6146066261031,212.));
#1800=CARTESIAN_POINT('',(136.91673898881,25.7531638165798,212.));
#1801=CARTESIAN_POINT('',(145.738160377358,26.2500000000002,212.));
#1802=CARTESIAN_POINT('',(147.302758394399,26.4144458780795,212.));
#1803=CARTESIAN_POINT('',(146.268839061546,26.3057765772736,212.));
#1804=CARTESIAN_POINT('',(135.922755868715,26.2500000000003,212.));
#1805=CARTESIAN_POINT('',(135.922755868715,36.2500000000003,212.));
#1806=CARTESIAN_POINT('',(135.922755868715,30.2500000000001,212.));
#1807=CARTESIAN_POINT('',(135.922755868715,40.2500000000003,212.));
#1808=CARTESIAN_POINT('',(146.269,40.2500000000006,212.));
#1809=CARTESIAN_POINT('',(146.269,36.2500000000003,212.));
#1810=CARTESIAN_POINT('',(136.91673898881,25.7531638165797,210.));
#1811=CARTESIAN_POINT('',(141.708632225297,18.3300862393471,210.));
#1812=CARTESIAN_POINT('',(135.391916246073,26.2500000000002,210.));
#1813=CARTESIAN_POINT('',(146.269,2.45137243837235E-13,210.));
#1814=CARTESIAN_POINT('',(116.81252945362,28.2500000000002,140.));
#1815=CARTESIAN_POINT('',(117.359062383767,18.2639617710357,140.));
#1816=CARTESIAN_POINT('',(121.338785961657,19.2577099496792,140.));
#1817=CARTESIAN_POINT('',(121.338785961643,19.2577099496873,140.));
#1818=CARTESIAN_POINT('',(120.120285029127,18.6078026847131,140.));
#1819=CARTESIAN_POINT('',(118.7506831456,18.2657965384329,140.));
#1820=CARTESIAN_POINT('',(117.359062383767,18.2639617710357,140.));
#1821=CARTESIAN_POINT('',(146.269,16.2500000000002,140.));
#1822=CARTESIAN_POINT('',(98.2331426611675,30.2500000000001,70.));
#1823=CARTESIAN_POINT('',(98.7796755913122,20.2639617710355,70.));
#1824=CARTESIAN_POINT('',(102.759399169205,21.2577099496796,70.));
#1825=CARTESIAN_POINT('',(102.759399169191,21.2577099496877,70.));
#1826=CARTESIAN_POINT('',(101.540898236644,20.6078026846964,70.));
#1827=CARTESIAN_POINT('',(100.171296353111,20.2657965384324,70.));
#1828=CARTESIAN_POINT('',(98.7796755913122,20.2639617710355,70.));
#1829=CARTESIAN_POINT('',(146.269,18.2500000000001,70.));
#1830=CARTESIAN_POINT('',(146.269,16.2500000000002,210.));
#1831=CARTESIAN_POINT('',(5.2654198113208,16.2500000000002,210.));
#1832=CARTESIAN_POINT('',(4.99999999999884,16.2500000000002,210.));
#1833=CARTESIAN_POINT('',(4.99999999999884,16.2500000000002,209.999999999999));
#1834=CARTESIAN_POINT('',(4.99999999999917,16.2500000000002,145.000000000001));
#1835=CARTESIAN_POINT('',(146.269,16.2500000000002,145.000000000002));
#1836=CARTESIAN_POINT('',(5.2654198113208,16.2500000000002,145.000000000001));
#1837=CARTESIAN_POINT('',(5.26541981132081,16.2500000000002,210.));
#1838=CARTESIAN_POINT('',(146.269,16.2500000000002,210.));
#1839=CARTESIAN_POINT('',(98.2331426611676,-30.2499999999998,70.0000000000002));
#1840=CARTESIAN_POINT('',(102.759399169205,-21.2577099496794,70.0000000000001));
#1841=CARTESIAN_POINT('',(98.7796755913121,-20.2639617710353,70.0000000000001));
#1842=CARTESIAN_POINT('',(98.7796755913121,-20.2639617710353,70.0000000000001));
#1843=CARTESIAN_POINT('',(100.170554123374,-20.2657955598473,70.0000000000001));
#1844=CARTESIAN_POINT('',(101.540249008754,-20.6074564084556,70.0000000000001));
#1845=CARTESIAN_POINT('',(102.759399169191,-21.2577099496875,70.0000000000001));
#1846=CARTESIAN_POINT('',(146.269,-18.2499999999998,70.0000000000001));
#1847=CARTESIAN_POINT('',(4.99999999999884,-16.2499999999994,209.999999999999));
#1848=CARTESIAN_POINT('',(4.99999999999884,-16.2499999999994,210.));
#1849=CARTESIAN_POINT('',(4.99999999999917,-16.2499999999996,145.000000000001));
#1850=CARTESIAN_POINT('',(146.269,-16.2499999999994,210.));
#1851=CARTESIAN_POINT('',(5.2654198113208,-16.2499999999995,210.));
#1852=CARTESIAN_POINT('',(5.26541981132081,-16.2499999999994,210.));
#1853=CARTESIAN_POINT('',(5.2654198113208,-16.2499999999996,145.000000000001));
#1854=CARTESIAN_POINT('',(146.269,-16.2499999999996,145.000000000002));
#1855=CARTESIAN_POINT('',(146.269,-16.2499999999994,210.));
#1856=CARTESIAN_POINT('',(116.81252945362,-28.2499999999996,140.));
#1857=CARTESIAN_POINT('',(121.338785961658,-19.2577099496793,140.));
#1858=CARTESIAN_POINT('',(117.359062383765,-18.2639617710351,140.));
#1859=CARTESIAN_POINT('',(117.359062383765,-18.2639617710351,140.));
#1860=CARTESIAN_POINT('',(118.749940915791,-18.2657955598471,140.));
#1861=CARTESIAN_POINT('',(120.119635801176,-18.6074564084388,140.));
#1862=CARTESIAN_POINT('',(121.338785961644,-19.2577099496873,140.));
#1863=CARTESIAN_POINT('',(146.269,-16.2499999999996,140.));
#1864=CARTESIAN_POINT('',(44.,45.2500000000001,75.));
#1865=CARTESIAN_POINT('',(44.,35.2500000000001,75.));
#1866=CARTESIAN_POINT('',(44.,40.25,75.));
#1867=CARTESIAN_POINT('',(5.00000000000003,40.2499999999998,75.));
#1868=CARTESIAN_POINT('',(5.5383073545221,40.2499999999998,75.));
#1869=CARTESIAN_POINT('',(4.52103448389329,45.1505752174215,75.));
#1870=CARTESIAN_POINT('',(16.1452426723704,-10.8474841188005,75.));
#1871=CARTESIAN_POINT('',(45.5190522213713,-4.74999999999995,75.));
#1872=CARTESIAN_POINT('',(45.5190522213713,-34.75,75.));
#1873=CARTESIAN_POINT('',(-2.66880534765663E-14,-34.75,75.));
#1874=CARTESIAN_POINT('',(76.7985046289441,-34.75,75.0000000000005));
#1875=CARTESIAN_POINT('',(76.7985046289441,-44.7499999999999,75.0000000000005));
#1876=CARTESIAN_POINT('',(76.7985046289441,35.2500000000001,75.0000000000005));
#1877=CARTESIAN_POINT('',(1.44965983757618E-14,35.2500000000001,75.0000000000005));
#1878=CARTESIAN_POINT('',(5.00000000000001,45.2500000000001,75.));
#1879=CARTESIAN_POINT('',(44.,45.2500000000001,114.));
#1880=CARTESIAN_POINT('',(44.,37.2500000000001,114.));
#1881=CARTESIAN_POINT('',(44.,40.25,114.));
#1882=CARTESIAN_POINT('',(44.,40.25,75.));
#1883=CARTESIAN_POINT('',(44.,35.2500000000001,75.));
#1884=CARTESIAN_POINT('',(44.,35.2500000000001,116.));
#1885=CARTESIAN_POINT('',(44.,37.2500000000001,116.));
#1886=CARTESIAN_POINT('',(44.,45.2500000000001,75.));
#1887=CARTESIAN_POINT('',(6.13213802898438,37.389300603961,114.));
#1888=CARTESIAN_POINT('',(6.16105437430806,37.2500000000001,114.));
#1889=CARTESIAN_POINT('',(5.53830735452211,40.2499999999999,114.));
#1890=CARTESIAN_POINT('',(44.,40.25,114.));
#1891=CARTESIAN_POINT('',(6.57621905416537,37.2500000000001,114.));
#1892=CARTESIAN_POINT('',(44.,45.2500000000001,114.));
#1893=CARTESIAN_POINT('',(46.,40.2499999999999,43.9999999999999));
#1894=CARTESIAN_POINT('',(46.,40.2499999999999,3.));
#1895=CARTESIAN_POINT('',(46.,40.2499999999999,43.9999999999999));
#1896=CARTESIAN_POINT('',(46.,45.2500000000001,2.99999999999992));
#1897=CARTESIAN_POINT('',(46.,35.2500000000001,3.));
#1898=CARTESIAN_POINT('',(46.,35.2500000000001,43.9999999999999));
#1899=CARTESIAN_POINT('',(46.,35.2500000000001,45.9999999999999));
#1900=CARTESIAN_POINT('',(46.,37.2500000000001,45.9999999999999));
#1901=CARTESIAN_POINT('',(46.,37.2500000000001,43.9999999999999));
#1902=CARTESIAN_POINT('',(46.,45.2500000000001,43.9999999999999));
#1903=CARTESIAN_POINT('',(46.,45.2500000000001,43.9999999999999));
#1904=CARTESIAN_POINT('',(5.00000000000002,40.2499999999998,43.9999999999999));
#1905=CARTESIAN_POINT('',(5.53830735452211,40.2499999999997,43.9999999999999));
#1906=CARTESIAN_POINT('',(5.,37.2500000000001,43.9999999999999));
#1907=CARTESIAN_POINT('',(6.16105437430803,37.2500000000001,43.9999999999999));
#1908=CARTESIAN_POINT('',(4.52103448389328,45.1505752174215,43.9999999999999));
#1909=CARTESIAN_POINT('',(5.,45.2500000000001,43.9999999999999));
#1910=CARTESIAN_POINT('',(98.2331426611678,-40.2499999999998,70.0000000000002));
#1911=CARTESIAN_POINT('',(98.2331426611676,-38.2499999999998,70.0000000000002));
#1912=CARTESIAN_POINT('',(98.2331426611678,-38.5440686162206,70.0000000000002));
#1913=CARTESIAN_POINT('',(98.2331430165232,-38.5440686162206,70.0000000000002));
#1914=CARTESIAN_POINT('',(99.3657142951815,-38.4860202150087,70.0000000000002));
#1915=CARTESIAN_POINT('',(100.478252628073,-38.2126500051756,70.0000000000002));
#1916=CARTESIAN_POINT('',(101.501532280771,-37.7378881571798,70.0000000000002));
#1917=CARTESIAN_POINT('',(101.501541955244,-37.7379182199218,70.0000000000002));
#1918=CARTESIAN_POINT('',(98.2331426611676,-28.2499999999998,70.0000000000002));
#1919=CARTESIAN_POINT('',(146.269,-40.2499999999998,70.0000000000002));
#1920=CARTESIAN_POINT('',(116.812529453621,-38.2499999999996,140.));
#1921=CARTESIAN_POINT('',(116.81252945362,-36.2499999999996,140.));
#1922=CARTESIAN_POINT('',(116.812529453621,-36.5440686162204,140.));
#1923=CARTESIAN_POINT('',(116.812529808976,-36.5440686162204,140.));
#1924=CARTESIAN_POINT('',(117.945101087578,-36.4860202150114,140.));
#1925=CARTESIAN_POINT('',(119.057639420475,-36.2126500051988,140.));
#1926=CARTESIAN_POINT('',(120.080919073223,-35.7378881571797,140.));
#1927=CARTESIAN_POINT('',(120.080928747696,-35.7379182199217,140.));
#1928=CARTESIAN_POINT('',(116.81252945362,-26.2499999999997,140.));
#1929=CARTESIAN_POINT('',(146.269,-38.2499999999996,140.));
#1930=CARTESIAN_POINT('',(98.2331426611675,28.2500000000001,70.));
#1931=CARTESIAN_POINT('',(98.2331426611675,38.2500000000001,70.));
#1932=CARTESIAN_POINT('',(101.501541955244,37.737918219922,70.));
#1933=CARTESIAN_POINT('',(101.501532280771,37.73788815718,70.));
#1934=CARTESIAN_POINT('',(100.47889971847,38.21234978047,70.));
#1935=CARTESIAN_POINT('',(99.3664367194938,38.4859831881329,70.));
#1936=CARTESIAN_POINT('',(98.2331430165232,38.5440686162209,70.));
#1937=CARTESIAN_POINT('',(98.2331426611677,38.5440686162209,70.));
#1938=CARTESIAN_POINT('',(98.2331426611677,40.2500000000001,70.));
#1939=CARTESIAN_POINT('',(146.269,40.2500000000001,70.));
#1940=CARTESIAN_POINT('',(116.81252945362,26.2500000000003,140.));
#1941=CARTESIAN_POINT('',(116.81252945362,36.2500000000002,140.));
#1942=CARTESIAN_POINT('',(120.080928747696,35.7379182199224,140.));
#1943=CARTESIAN_POINT('',(120.080919073223,35.7378881571804,140.));
#1944=CARTESIAN_POINT('',(119.05828651099,36.212349780439,140.));
#1945=CARTESIAN_POINT('',(117.945823512022,36.4859831881292,140.));
#1946=CARTESIAN_POINT('',(116.812529808976,36.544068616221,140.));
#1947=CARTESIAN_POINT('',(116.81252945362,36.544068616221,140.));
#1948=CARTESIAN_POINT('',(116.81252945362,38.2500000000002,140.));
#1949=CARTESIAN_POINT('',(146.269,38.2500000000002,140.));
#1950=CARTESIAN_POINT('',(145.738160377358,2.44896589584328E-13,210.));
#1951=CARTESIAN_POINT('',(145.738160377358,-24.7642714458711,210.));
#1952=CARTESIAN_POINT('',(145.738160377358,-26.2499999999994,210.));
#1953=CARTESIAN_POINT('',(136.975067343737,-25.5071357229331,176.984028094905));
#1954=CARTESIAN_POINT('',(90.,-114.75,0.));
#1955=CARTESIAN_POINT('',(146.269,40.2500000000003,3.));
#1956=CARTESIAN_POINT('',(5.5383073545221,40.2499999999997,2.99999999999996));
#1957=CARTESIAN_POINT('',(15.3320819723031,-6.93019182723698,3.));
#1958=CARTESIAN_POINT('',(16.1452426723704,-10.8474841188005,3.));
#1959=CARTESIAN_POINT('',(45.5190522213713,-4.74999999999995,3.));
#1960=CARTESIAN_POINT('',(45.5190522213713,-34.7499999999999,3.));
#1961=CARTESIAN_POINT('',(5.26541981132078,-34.7499999999999,3.));
#1962=CARTESIAN_POINT('',(70.103771171392,-34.7499999999999,3.));
#1963=CARTESIAN_POINT('',(70.103771171392,-34.7499999999999,3.));
#1964=CARTESIAN_POINT('',(70.103771171392,-30.25,3.));
#1965=CARTESIAN_POINT('',(80.450015302677,-30.25,3.));
#1966=CARTESIAN_POINT('',(90.7962594339623,-30.25,3.));
#1967=CARTESIAN_POINT('',(90.7962594339623,20.25,3.));
#1968=CARTESIAN_POINT('',(90.7962594339623,30.25,3.));
#1969=CARTESIAN_POINT('',(80.450015302677,30.25,3.));
#1970=CARTESIAN_POINT('',(70.103771171392,30.25,3.));
#1971=CARTESIAN_POINT('',(70.103771171392,-34.7499999999999,3.));
#1972=CARTESIAN_POINT('',(70.103771171392,35.2500000000001,3.));
#1973=CARTESIAN_POINT('',(5.26541981132078,35.2500000000001,3.));
#1974=CARTESIAN_POINT('',(146.269,20.25,3.));
#1975=CARTESIAN_POINT('',(4.99999999999884,2.45137243837236E-13,210.));
#1976=CARTESIAN_POINT('',(5.2654198113208,-34.7499999999999,210.));
#1977=CARTESIAN_POINT('',(5.2654198113208,35.2500000000001,210.));
#1978=CARTESIAN_POINT('',(125.045672114788,35.2500000000001,210.));
#1979=CARTESIAN_POINT('',(125.045672114788,35.2500000000001,210.));
#1980=CARTESIAN_POINT('',(125.045672114788,-34.7499999999999,210.));
#1981=CARTESIAN_POINT('',(125.045672114788,26.2500000000002,210.));
#1982=CARTESIAN_POINT('',(135.391916246073,26.2500000000002,210.));
#1983=CARTESIAN_POINT('',(138.51367810227,16.7160626556976,210.));
#1984=CARTESIAN_POINT('',(147.751783009552,0.113128646251262,210.));
#1985=CARTESIAN_POINT('',(140.384950608704,-17.4005739999001,210.));
#1986=CARTESIAN_POINT('',(136.975067343737,-25.5071357229331,210.));
#1987=CARTESIAN_POINT('',(135.391916246073,-26.2499999999994,210.));
#1988=CARTESIAN_POINT('',(125.045672114788,-26.2499999999994,210.));
#1989=CARTESIAN_POINT('',(125.045672114788,-34.7499999999999,210.));
#1990=CARTESIAN_POINT('',(125.045672114788,-34.7499999999999,210.));
#1991=CARTESIAN_POINT('',(125.045672114788,-34.7499999999999,210.));
#1992=CARTESIAN_POINT('',(5.2654198113208,-34.7499999999999,210.));
#1993=CARTESIAN_POINT('',(5.2654198113208,-34.7499999999999,210.));
#1994=CARTESIAN_POINT('',(146.269,2.45137243837235E-13,210.));
#1995=CARTESIAN_POINT('',(0.,-40.2499999999995,6.87484257556338E-14));
#1996=CARTESIAN_POINT('',(0.,40.2499999999997,-6.87484257556341E-14));
#1997=CARTESIAN_POINT('',(0.,0.,0.));
#1998=CARTESIAN_POINT('',(90.,-30.25,-2.3903243323856E-14));
#1999=CARTESIAN_POINT('',(90.,30.25,-1.61129853301732E-13));
#2000=CARTESIAN_POINT('',(90.,-114.75,0.));
#2001=CARTESIAN_POINT('',(125.045672114788,26.2500000000002,210.));
#2002=CARTESIAN_POINT('',(107.137950203567,26.2500000000002,142.53057553575));
#2003=CARTESIAN_POINT('',(107.137969912626,26.2500000000002,142.530649791923));
#2004=CARTESIAN_POINT('',(107.137988738473,25.5828986912154,142.530720720488));
#2005=CARTESIAN_POINT('',(107.206409074722,24.9115932404823,142.527393600055));
#2006=CARTESIAN_POINT('',(107.482211800554,23.5881298218815,142.513370211187));
#2007=CARTESIAN_POINT('',(107.705732308965,22.899194924268,142.501853962596));
#2008=CARTESIAN_POINT('',(108.223789427056,21.7162494865486,142.475632933997));
#2009=CARTESIAN_POINT('',(108.54786027652,21.1344826325357,142.459441795105));
#2010=CARTESIAN_POINT('',(109.13444647163,20.3001451270602,142.429760056905));
#2011=CARTESIAN_POINT('',(109.346668464658,20.0284546537031,142.418981143866));
#2012=CARTESIAN_POINT('',(109.804260008811,19.502250303479,142.3957167431));
#2013=CARTESIAN_POINT('',(110.088413617486,19.21160768129,142.381268482566));
#2014=CARTESIAN_POINT('',(110.756706824312,18.5889996620159,142.347454895019));
#2015=CARTESIAN_POINT('',(111.268159323438,18.1877350185671,142.321963216547));
#2016=CARTESIAN_POINT('',(112.139604870143,17.6421644684626,142.277873476685));
#2017=CARTESIAN_POINT('',(112.447375247309,17.4697776151386,142.262225220772));
#2018=CARTESIAN_POINT('',(112.934639507592,17.2305107819523,142.237411344956));
#2019=CARTESIAN_POINT('',(113.101321069329,17.1539781688436,142.228918587514));
#2020=CARTESIAN_POINT('',(113.4430465348,17.0082535622501,142.21153206237));
#2021=CARTESIAN_POINT('',(113.656537425789,16.9250955672841,142.200692766057));
#2022=CARTESIAN_POINT('',(114.078520831053,16.7718058286796,142.17933965784));
#2023=CARTESIAN_POINT('',(114.385483827252,16.6740609891081,142.163861884789));
#2024=CARTESIAN_POINT('',(114.885163244631,16.5436504531975,142.138576282963));
#2025=CARTESIAN_POINT('',(115.058249294839,16.502898021362,142.129806351732));
#2026=CARTESIAN_POINT('',(115.327620536239,16.4471814880006,142.116151886909));
#2027=CARTESIAN_POINT('',(115.46473997292,16.4206776970769,142.109200220496));
#2028=CARTESIAN_POINT('',(115.605484281758,16.3964686121373,142.102068764664));
#2029=CARTESIAN_POINT('',(115.700115186123,16.3808692041777,142.097275612252));
#2030=CARTESIAN_POINT('',(115.781408893482,16.368283665259,142.093160406746));
#2031=CARTESIAN_POINT('',(115.912242769458,16.3485839214699,142.086539559121));
#2032=CARTESIAN_POINT('',(116.14110690817,16.3142809616382,142.075201525986));
#2033=CARTESIAN_POINT('',(116.656388106961,16.2714876481822,142.049183410833));
#2034=CARTESIAN_POINT('',(116.856826098908,16.2590180288173,142.039005297687));
#2035=CARTESIAN_POINT('',(117.200396922475,16.2504028512149,142.021507235392));
#2036=CARTESIAN_POINT('',(117.322065972295,16.2492346952384,142.015304554366));
#2037=CARTESIAN_POINT('',(117.579558847751,16.2517976480007,142.002195330917));
#2038=CARTESIAN_POINT('',(117.753062861719,16.2573790166871,141.993381706045));
#2039=CARTESIAN_POINT('',(118.278550296819,16.2831797613468,141.966788700085));
#2040=CARTESIAN_POINT('',(118.659338764508,16.3272118756478,141.947414201579));
#2041=CARTESIAN_POINT('',(119.169635935082,16.4092000958303,141.921596013171));
#2042=CARTESIAN_POINT('',(119.329628202189,16.439225464988,141.9135197148));
#2043=CARTESIAN_POINT('',(119.629532136605,16.5019691343039,141.898391351471));
#2044=CARTESIAN_POINT('',(119.717437869832,16.5215332908641,141.893970439094));
#2045=CARTESIAN_POINT('',(120.26352247225,16.6596505082919,141.866336981598));
#2046=CARTESIAN_POINT('',(120.607162317829,16.7675599151418,141.848903037758));
#2047=CARTESIAN_POINT('',(121.0913820815,16.9453245731875,141.824397942211));
#2048=CARTESIAN_POINT('',(121.247596222809,17.0072374446128,141.816500105897));
#2049=CARTESIAN_POINT('',(121.549688021667,17.1351738449239,141.801232642192));
#2050=CARTESIAN_POINT('',(121.668018506477,17.1879859877961,141.79525677136));
#2051=CARTESIAN_POINT('',(122.509634583693,17.5916077212218,141.752671953237));
#2052=CARTESIAN_POINT('',(123.118836416407,17.9739783211847,141.721493844719));
#2053=CARTESIAN_POINT('',(123.931574653429,18.6004843169107,141.680369281374));
#2054=CARTESIAN_POINT('',(124.185761986683,18.8181852035734,141.667570028686));
#2055=CARTESIAN_POINT('',(124.661100572309,19.265886338128,141.643679312235));
#2056=CARTESIAN_POINT('',(124.854191383792,19.4639201002849,141.63400657549));
#2057=CARTESIAN_POINT('',(125.553901753084,20.2608601539191,141.598605208619));
#2058=CARTESIAN_POINT('',(125.95450566099,20.8304729953085,141.578137494145));
#2059=CARTESIAN_POINT('',(126.620284629872,22.0133330054692,141.544447726118));
#2060=CARTESIAN_POINT('',(126.876614172223,22.5988567596746,141.531662505615));
#2061=CARTESIAN_POINT('',(127.501208390493,24.5417675421989,141.500047880728));
#2062=CARTESIAN_POINT('',(127.642113907139,25.9131893681305,141.492711729748));
#2063=CARTESIAN_POINT('',(127.504986675137,27.2499984742237,141.499790573332));
#2064=CARTESIAN_POINT('',(127.504986526923,27.2500000000003,141.499790612671));
#2065=CARTESIAN_POINT('',(126.542406433574,27.2500000000003,137.873158190022));
#2066=CARTESIAN_POINT('',(126.542406433574,27.2500000000003,137.873158190022));
#2067=CARTESIAN_POINT('',(126.542422495729,27.2499755998414,137.873209146913));
#2068=CARTESIAN_POINT('',(126.441627514451,29.1828436332391,138.250674448191));
#2069=CARTESIAN_POINT('',(125.797695715677,30.9602901965052,138.644315992342));
#2070=CARTESIAN_POINT('',(123.499506064929,33.9975987702852,139.412676890443));
#2071=CARTESIAN_POINT('',(121.903797309997,35.1306429784683,139.758142639121));
#2072=CARTESIAN_POINT('',(120.080924446252,35.7379168987254,139.999968325773));
#2073=CARTESIAN_POINT('',(136.107752518836,36.2500000000003,212.696996389234));
#2074=CARTESIAN_POINT('',(145.738160377358,26.2500000000003,248.980677741427));
#2075=CARTESIAN_POINT('',(135.391916246073,26.2500000000002,210.));
#2076=CARTESIAN_POINT('',(136.107752518836,26.2500000000003,212.696996389234));
#2077=CARTESIAN_POINT('',(106.466285322335,28.2500000000002,140.));
#2078=CARTESIAN_POINT('',(88.5585634111142,28.2500000000001,72.5305755357499));
#2079=CARTESIAN_POINT('',(107.186264801547,28.2500000000008,142.712606401266));
#2080=CARTESIAN_POINT('',(88.5585831201735,28.2500000000001,72.5306497919234));
#2081=CARTESIAN_POINT('',(88.5586019460198,27.582898688877,72.5307207204884));
#2082=CARTESIAN_POINT('',(88.627022282723,26.9115932369984,72.527393599935));
#2083=CARTESIAN_POINT('',(88.9028250090033,25.5881298184924,72.5133702109481));
#2084=CARTESIAN_POINT('',(89.126345515549,24.8991949263589,72.5018539624643));
#2085=CARTESIAN_POINT('',(89.6444026355662,23.7162494844575,72.4756329341277));
#2086=CARTESIAN_POINT('',(89.9684734858983,23.134482629594,72.4594417951992));
#2087=CARTESIAN_POINT('',(90.5550596812839,22.3001451243146,72.4297600569262));
#2088=CARTESIAN_POINT('',(90.7672816742322,22.0284546512641,72.4189811438593));
#2089=CARTESIAN_POINT('',(91.2248732177545,21.5022503020208,72.3957167430673));
#2090=CARTESIAN_POINT('',(91.5090268273844,21.211607679102,72.3812684824574));
#2091=CARTESIAN_POINT('',(92.1773200271572,20.5889996663915,72.3474548952361));
#2092=CARTESIAN_POINT('',(92.6887725231802,20.187735024238,72.3219632170723));
#2093=CARTESIAN_POINT('',(93.5602180693832,19.6421644733206,72.2778734773438));
#2094=CARTESIAN_POINT('',(93.8679884470709,19.469777619278,72.2622252214208));
#2095=CARTESIAN_POINT('',(94.3552527093423,19.2305107846838,72.2374113454638));
#2096=CARTESIAN_POINT('',(94.5219342719418,19.1539781710515,72.228918587954));
#2097=CARTESIAN_POINT('',(94.86365973956,19.0082535633682,72.2115320626268));
#2098=CARTESIAN_POINT('',(95.0771506380367,18.9250955655813,72.2006927658699));
#2099=CARTESIAN_POINT('',(95.4991340291991,18.7718058320849,72.1793396582139));
#2100=CARTESIAN_POINT('',(95.8060970204134,18.6740609933695,72.1638618854242));
#2101=CARTESIAN_POINT('',(96.3057764376073,18.5436504567399,72.1385762836475));
#2102=CARTESIAN_POINT('',(96.4788624889676,18.5028980243378,72.1298063523759));
#2103=CARTESIAN_POINT('',(96.7482337339782,18.4471814899269,72.1161518873901));
#2104=CARTESIAN_POINT('',(96.8853531729354,18.4206776984293,72.1092002208703));
#2105=CARTESIAN_POINT('',(97.0260974847621,18.3964686129023,72.1020687648922));
#2106=CARTESIAN_POINT('',(97.1207283912792,18.3808692045553,72.0972756123724));
#2107=CARTESIAN_POINT('',(97.2020221153142,18.368283663108,72.093160406023));
#2108=CARTESIAN_POINT('',(97.3328558627259,18.3485839386769,72.0865395649035));
#2109=CARTESIAN_POINT('',(97.5617199434472,18.3142809817063,72.0752015348861));
#2110=CARTESIAN_POINT('',(98.077001141536,18.2714876596763,72.0491834199191));
#2111=CARTESIAN_POINT('',(98.2774391476935,18.2590180356607,72.0390053060702));
#2112=CARTESIAN_POINT('',(98.6210100144723,18.2504028526835,72.0215072415119));
#2113=CARTESIAN_POINT('',(98.7426790823421,18.2492346952048,72.0153045595314));
#2114=CARTESIAN_POINT('',(99.000172001146,18.2517976465238,72.0021953337823));
#2115=CARTESIAN_POINT('',(99.1736760663767,18.2573790165445,71.9933817062363));
#2116=CARTESIAN_POINT('',(99.6991635159233,18.2831797619164,71.966788699321));
#2117=CARTESIAN_POINT('',(100.079951989284,18.3272118778419,71.9474142004612));
#2118=CARTESIAN_POINT('',(100.590249159723,18.4092000988777,71.92159601209));
#2119=CARTESIAN_POINT('',(100.750241425351,18.4392254680684,71.913519713823));
#2120=CARTESIAN_POINT('',(101.050145354026,18.5019691365718,71.898391350866));
#2121=CARTESIAN_POINT('',(101.138051084629,18.5215332927026,71.893970438652));
#2122=CARTESIAN_POINT('',(101.684135665297,18.6596505046143,71.8663369824818));
#2123=CARTESIAN_POINT('',(102.027775504052,18.7675599080961,71.8489030389703));
#2124=CARTESIAN_POINT('',(102.511995268102,18.9453245650953,71.8243979433222));
#2125=CARTESIAN_POINT('',(102.6682094113,19.0072374368311,71.8165001068775));
#2126=CARTESIAN_POINT('',(102.970301217255,19.1351738395712,71.8012326427715));
#2127=CARTESIAN_POINT('',(103.088631715699,19.1879859886044,71.7952567712373));
#2128=CARTESIAN_POINT('',(103.930247784537,19.5916077179876,71.7526719537301));
#2129=CARTESIAN_POINT('',(104.539449614652,19.9739783149476,71.7214938452594));
#2130=CARTESIAN_POINT('',(105.352187852341,20.6004843097953,71.6803692817365));
#2131=CARTESIAN_POINT('',(105.606375186567,20.8181851967565,71.6675700289514));
#2132=CARTESIAN_POINT('',(106.081713775273,21.2658863334747,71.6436793123263));
#2133=CARTESIAN_POINT('',(106.274804593552,21.4639201028421,71.6340065752522));
#2134=CARTESIAN_POINT('',(106.974514956206,22.2608601488039,71.5986052090946));
#2135=CARTESIAN_POINT('',(107.375118862976,22.8304729867764,71.5781374945732));
#2136=CARTESIAN_POINT('',(108.040897833015,24.0133329962771,71.5444477262394));
#2137=CARTESIAN_POINT('',(108.297227380633,24.5988567625628,71.5316625053204));
#2138=CARTESIAN_POINT('',(108.921821596314,26.5417675364214,71.5000478813184));
#2139=CARTESIAN_POINT('',(109.062727115304,27.9131893621037,71.4927117297161));
#2140=CARTESIAN_POINT('',(108.925599882685,29.2499984742234,71.4997905733319));
#2141=CARTESIAN_POINT('',(108.92559973447,29.25,71.4997906126709));
#2142=CARTESIAN_POINT('',(107.963019641121,29.2499999999999,67.8731581900222));
#2143=CARTESIAN_POINT('',(107.963019641121,29.2499999999999,67.8731581900222));
#2144=CARTESIAN_POINT('',(107.963035703276,29.2499755998411,67.8732091469125));
#2145=CARTESIAN_POINT('',(107.862240721998,31.1828436332417,68.2506744481917));
#2146=CARTESIAN_POINT('',(107.218308923224,32.9602901965054,68.6443159923421));
#2147=CARTESIAN_POINT('',(104.920119272477,35.997598770284,69.4126768904424));
#2148=CARTESIAN_POINT('',(103.324410517546,37.1306429784674,69.758142639121));
#2149=CARTESIAN_POINT('',(101.5015376538,37.737916898725,69.9999683257725));
#2150=CARTESIAN_POINT('',(101.394450402684,38.2500000000001,81.9105944872234));
#2151=CARTESIAN_POINT('',(116.362810664711,38.2500000000002,138.305632173154));
#2152=CARTESIAN_POINT('',(116.362810696519,38.2500000000002,138.305632171803));
#2153=CARTESIAN_POINT('',(116.835367895607,38.2499999985642,138.285555120043));
#2154=CARTESIAN_POINT('',(117.249240094819,38.218470476984,138.267787470547));
#2155=CARTESIAN_POINT('',(117.779520704931,38.1551836696812,138.245263699361));
#2156=CARTESIAN_POINT('',(117.941268171562,38.131332850581,138.238423763552));
#2157=CARTESIAN_POINT('',(118.1615366675,38.0944999930859,138.22912167557));
#2158=CARTESIAN_POINT('',(118.231236317589,38.082040326786,138.226180013353));
#2159=CARTESIAN_POINT('',(118.363237457661,38.057198306555,138.220601962261));
#2160=CARTESIAN_POINT('',(118.387456315345,38.052705669592,138.219583680815));
#2161=CARTESIAN_POINT('',(118.871023047913,37.9525236474993,138.199036820069));
#2162=CARTESIAN_POINT('',(119.233788462913,37.8544977402909,138.18357466726));
#2163=CARTESIAN_POINT('',(119.741083276995,37.6906957911039,138.162035902799));
#2164=CARTESIAN_POINT('',(119.904058628446,37.633289433663,138.155126936656));
#2165=CARTESIAN_POINT('',(120.217843595206,37.514388802319,138.141828987291));
#2166=CARTESIAN_POINT('',(120.334991198655,37.4674993645644,138.136870243759));
#2167=CARTESIAN_POINT('',(121.227406959769,37.0803211814287,138.098948817462));
#2168=CARTESIAN_POINT('',(121.872681284753,36.7045593609652,138.071105123837));
#2169=CARTESIAN_POINT('',(122.731790084007,36.0836494136498,138.034623240356));
#2170=CARTESIAN_POINT('',(123.000170133883,35.8670852618373,138.023304940125));
#2171=CARTESIAN_POINT('',(123.501468629976,35.4209777194481,138.002215641143));
#2172=CARTESIAN_POINT('',(123.701677438,35.2267883895473,137.993833010753));
#2173=CARTESIAN_POINT('',(124.447336197744,34.4210346218374,137.962153804217));
#2174=CARTESIAN_POINT('',(124.874618889567,33.8415881189972,137.943760672453));
#2175=CARTESIAN_POINT('',(125.585235520434,32.6347334764177,137.913569044708));
#2176=CARTESIAN_POINT('',(125.858209938811,32.0383731203931,137.902196383747));
#2177=CARTESIAN_POINT('',(126.529844055848,30.0412206041059,137.873696255579));
#2178=CARTESIAN_POINT('',(126.683910981404,28.6265093964206,137.86701700349));
#2179=CARTESIAN_POINT('',(126.542406401924,27.2499996741831,137.873158198423));
#2180=CARTESIAN_POINT('',(127.505086424451,27.2498129359368,141.500240281338));
#2181=CARTESIAN_POINT('',(127.443118462685,26.8583411803982,141.420164865342));
#2182=CARTESIAN_POINT('',(127.354579111012,26.4518916264437,141.336787402492));
#2183=CARTESIAN_POINT('',(127.173519197788,25.8259042411375,141.208996018977));
#2184=CARTESIAN_POINT('',(127.105124973144,25.6145472555318,141.165944455633));
#2185=CARTESIAN_POINT('',(126.950899142358,25.1877792058069,141.079292245379));
#2186=CARTESIAN_POINT('',(126.843984426741,24.9243872679388,141.026013573743));
#2187=CARTESIAN_POINT('',(126.621635653622,24.4183470940841,140.923938910177));
#2188=CARTESIAN_POINT('',(126.4418614192,24.0576429630836,140.851401561581));
#2189=CARTESIAN_POINT('',(126.111555392675,23.4921022717066,140.739402781862));
#2190=CARTESIAN_POINT('',(125.991339410388,23.2995542713318,140.701539461714));
#2191=CARTESIAN_POINT('',(125.794181877109,23.0064585432573,140.644390178024));
#2192=CARTESIAN_POINT('',(125.725657476709,22.9080511251675,140.625281267833));
#2193=CARTESIAN_POINT('',(125.582728807457,22.7101578712503,140.587016659777));
#2194=CARTESIAN_POINT('',(125.479583369023,22.5736339103436,140.56075893238));
#2195=CARTESIAN_POINT('',(125.235914288972,22.2596221381492,140.500547182879));
#2196=CARTESIAN_POINT('',(124.977931694214,21.9411701428317,140.439760850934));
#2197=CARTESIAN_POINT('',(124.357560289274,21.3140568885865,140.324846480055));
#2198=CARTESIAN_POINT('',(124.168458645748,21.1393298005515,140.293674890343));
#2199=CARTESIAN_POINT('',(123.920211905804,20.9211391378706,140.255262372511));
#2200=CARTESIAN_POINT('',(123.843326897778,20.8557360552428,140.243858844545));
#2201=CARTESIAN_POINT('',(123.702357074272,20.738500129603,140.22356844648));
#2202=CARTESIAN_POINT('',(123.681517433543,20.7210340519879,140.220525967842));
#2203=CARTESIAN_POINT('',(122.776889776475,20.0021247314989,140.098276535592));
#2204=CARTESIAN_POINT('',(122.003429311125,19.5657229443612,140.036214295248));
#2205=CARTESIAN_POINT('',(121.338816200749,19.2577239632032,140.000001647631));
#2206=CARTESIAN_POINT('',(117.358551516638,18.2639353140887,140.000025789525));
#2207=CARTESIAN_POINT('',(115.957692092486,18.1914215236773,140.070752399404));
#2208=CARTESIAN_POINT('',(114.622209101977,18.3952910163149,140.206870627606));
#2209=CARTESIAN_POINT('',(112.097776683921,19.3242143348025,140.584444923556));
#2210=CARTESIAN_POINT('',(110.916231207044,20.0753043841821,140.830132685258));
#2211=CARTESIAN_POINT('',(109.517307602961,21.4507200629845,141.215923650407));
#2212=CARTESIAN_POINT('',(109.095447931477,21.9621976138326,141.351143139623));
#2213=CARTESIAN_POINT('',(108.363576131327,23.0754717452205,141.628735429891));
#2214=CARTESIAN_POINT('',(108.043180918943,23.7044732153416,141.777222211965));
#2215=CARTESIAN_POINT('',(107.57633391246,24.9224379165498,142.051435192794));
#2216=CARTESIAN_POINT('',(107.396774991463,25.5929200844015,142.195063422491));
#2217=CARTESIAN_POINT('',(107.24201734958,26.5770890142927,142.395483679051));
#2218=CARTESIAN_POINT('',(107.207203873258,26.9086026594173,142.461386306718));
#2219=CARTESIAN_POINT('',(107.180608080774,27.4098375715036,142.558989020471));
#2220=CARTESIAN_POINT('',(107.176045588309,27.5763791559569,142.591086452399));
#2221=CARTESIAN_POINT('',(107.175477625296,27.9122516683119,142.655238347252));
#2222=CARTESIAN_POINT('',(107.177743715946,28.0407575153129,142.680502220505));
#2223=CARTESIAN_POINT('',(107.186264801547,28.2500000000002,142.712606401266));
#2224=CARTESIAN_POINT('',(101.394450402684,28.2500000000001,81.9105944872234));
#2225=CARTESIAN_POINT('',(84.0377993446084,40.25,16.5173935362181));
#2226=CARTESIAN_POINT('',(97.783424268955,40.2500000000001,68.305641508975));
#2227=CARTESIAN_POINT('',(97.7834239040657,40.2500000000001,68.3056321718026));
#2228=CARTESIAN_POINT('',(98.2559810844359,40.2499999985641,68.2855551208386));
#2229=CARTESIAN_POINT('',(98.6698532743715,40.2184704793619,68.2677874717179));
#2230=CARTESIAN_POINT('',(99.2001338846519,40.1551836734815,68.2452637004871));
#2231=CARTESIAN_POINT('',(99.3618813536699,40.131332854528,68.2384237645665));
#2232=CARTESIAN_POINT('',(99.5821498566066,40.0944999963191,68.2291216762918));
#2233=CARTESIAN_POINT('',(99.6518495095968,40.0820403296274,68.2261800139564));
#2234=CARTESIAN_POINT('',(99.783850656598,40.0571983082539,68.2206019625904));
#2235=CARTESIAN_POINT('',(99.8080695281646,40.0527056684977,68.2195836805561));
#2236=CARTESIAN_POINT('',(100.291636234371,39.9525236518761,68.1990368211061));
#2237=CARTESIAN_POINT('',(100.654401639371,39.8544977491762,68.1835746686714));
#2238=CARTESIAN_POINT('',(101.161696453954,39.6906958015591,68.1620359040772));
#2239=CARTESIAN_POINT('',(101.324671808145,39.6332894437903,68.1551269377775));
#2240=CARTESIAN_POINT('',(101.638456785255,39.5143888093595,68.1418289879452));
#2241=CARTESIAN_POINT('',(101.755604408094,39.467499363733,68.1368702435857));
#2242=CARTESIAN_POINT('',(102.648020159749,39.0803211847538,68.0989488181555));
#2243=CARTESIAN_POINT('',(103.293294481765,38.7045593675863,68.0711051246606));
#2244=CARTESIAN_POINT('',(104.152403281757,38.0836494213034,68.0346232409837));
#2245=CARTESIAN_POINT('',(104.420783332729,37.8670852691988,68.0233049406268));
#2246=CARTESIAN_POINT('',(104.922081832311,37.4209777245023,68.002215641376));
#2247=CARTESIAN_POINT('',(105.122963571439,37.2260612304107,67.9938044215586));
#2248=CARTESIAN_POINT('',(106.362363541552,35.8867740799098,67.9411486899697));
#2249=CARTESIAN_POINT('',(107.05670066379,34.7007760355626,67.91176742239));
#2250=CARTESIAN_POINT('',(107.951234525835,32.0369390234976,67.8734415020346));
#2251=CARTESIAN_POINT('',(108.10527293151,30.6337929162559,67.8669845086127));
#2252=CARTESIAN_POINT('',(107.963019609471,29.2499996741828,67.8731581984227));
#2253=CARTESIAN_POINT('',(108.925699631998,29.2498129359365,71.5002402813383));
#2254=CARTESIAN_POINT('',(108.863731670232,28.8583411803967,71.4201648653412));
#2255=CARTESIAN_POINT('',(108.775192318558,28.4518916264417,71.3367874024914));
#2256=CARTESIAN_POINT('',(108.594132405335,27.8259042411357,71.2089960189764));
#2257=CARTESIAN_POINT('',(108.525738180691,27.6145472555301,71.1659444556329));
#2258=CARTESIAN_POINT('',(108.371512349905,27.1877792058059,71.0792922453788));
#2259=CARTESIAN_POINT('',(108.264597634289,26.9243872679389,71.0260135737435));
#2260=CARTESIAN_POINT('',(108.042248861169,26.4183470940837,70.9239389101774));
#2261=CARTESIAN_POINT('',(107.862474626747,26.057642963083,70.8514015615807));
#2262=CARTESIAN_POINT('',(107.532168600222,25.4921022717061,70.7394027818621));
#2263=CARTESIAN_POINT('',(107.411952617935,25.2995542713313,70.7015394617141));
#2264=CARTESIAN_POINT('',(107.214795084656,25.0064585432571,70.6443901780236));
#2265=CARTESIAN_POINT('',(107.146270684256,24.9080511251673,70.6252812678326));
#2266=CARTESIAN_POINT('',(107.003342015004,24.7101578712503,70.5870166597766));
#2267=CARTESIAN_POINT('',(106.900196576571,24.5736339103446,70.5607589323801));
#2268=CARTESIAN_POINT('',(106.656527496517,24.2596221381462,70.5005471828779));
#2269=CARTESIAN_POINT('',(106.398544901772,23.9411701428425,70.4397608509361));
#2270=CARTESIAN_POINT('',(105.778173496817,23.3140568885817,70.3248464800544));
#2271=CARTESIAN_POINT('',(105.589071853287,23.1393298005444,70.2936748903419));
#2272=CARTESIAN_POINT('',(105.340825113343,22.9211391378637,70.25526237251));
#2273=CARTESIAN_POINT('',(105.263940105318,22.8557360552367,70.2438588445434));
#2274=CARTESIAN_POINT('',(105.122970281815,22.7385001295993,70.2235684464797));
#2275=CARTESIAN_POINT('',(105.102130641091,22.7210340519888,70.220525967842));
#2276=CARTESIAN_POINT('',(104.197502984018,22.0021247314955,70.0982765355918));
#2277=CARTESIAN_POINT('',(103.424042518667,21.5657229443591,70.0362142952475));
#2278=CARTESIAN_POINT('',(102.759429408297,21.2577239632036,70.000001647631));
#2279=CARTESIAN_POINT('',(98.7791647241839,20.2639353140885,70.0000257895247));
#2280=CARTESIAN_POINT('',(97.3783053000312,20.1914215236773,70.0707523994045));
#2281=CARTESIAN_POINT('',(96.0428223095231,20.3952910163149,70.2068706276062));
#2282=CARTESIAN_POINT('',(93.5183898914669,21.3242143348032,70.5844449235566));
#2283=CARTESIAN_POINT('',(92.3368444145901,22.0753043841826,70.8301326852575));
#2284=CARTESIAN_POINT('',(90.9379208105078,23.450720062985,71.2159236504068));
#2285=CARTESIAN_POINT('',(90.5160611390234,23.9621976138331,71.3511431396232));
#2286=CARTESIAN_POINT('',(89.7841893388734,25.0754717452209,71.6287354298912));
#2287=CARTESIAN_POINT('',(89.46379412649,25.7044732153418,71.7772222119653));
#2288=CARTESIAN_POINT('',(88.9969471200075,26.9224379165502,72.0514351927937));
#2289=CARTESIAN_POINT('',(88.8173881990097,27.5929200844064,72.1950634224923));
#2290=CARTESIAN_POINT('',(88.6626305571273,28.5770890142904,72.3954836790502));
#2291=CARTESIAN_POINT('',(88.6278170808061,28.908602659409,72.461386306716));
#2292=CARTESIAN_POINT('',(88.6012212883212,29.4098375715078,72.5589890204721));
#2293=CARTESIAN_POINT('',(88.5966587958563,29.5763791559568,72.5910864523992));
#2294=CARTESIAN_POINT('',(88.5960908328433,29.9122516683118,72.6552383472521));
#2295=CARTESIAN_POINT('',(88.5983569234933,30.0407575153078,72.6805022205038));
#2296=CARTESIAN_POINT('',(88.6068780090939,30.2500000000005,72.7126064012664));
#2297=CARTESIAN_POINT('',(88.606878009094,30.2500000000007,72.7126064012662));
#2298=CARTESIAN_POINT('',(87.8868985298825,30.2500000000001,70.));
#2299=CARTESIAN_POINT('',(80.3346568347814,30.25,2.56537355926248));
#2300=CARTESIAN_POINT('',(102.759429408297,-21.2577239632033,70.0000016476311));
#2301=CARTESIAN_POINT('',(103.092379751536,-21.4120218018899,70.018143049396));
#2302=CARTESIAN_POINT('',(103.451894224313,-21.5985495315451,70.0430244049574));
#2303=CARTESIAN_POINT('',(104.01892632874,-21.9409229111861,70.0936641794973));
#2304=CARTESIAN_POINT('',(104.212512604698,-22.0654844961057,70.1127773062398));
#2305=CARTESIAN_POINT('',(104.507735684364,-22.269743118375,70.1453328665272));
#2306=CARTESIAN_POINT('',(104.606946858702,-22.3407314595934,70.1568333726531));
#2307=CARTESIAN_POINT('',(104.806592313849,-22.4887948086052,70.1812335732218));
#2308=CARTESIAN_POINT('',(104.951124566258,-22.6009663597204,70.2001046415552));
#2309=CARTESIAN_POINT('',(105.234822291343,-22.8267541794658,70.2385206729708));
#2310=CARTESIAN_POINT('',(105.602974226431,-23.1361794464998,70.2922165750985));
#2311=CARTESIAN_POINT('',(106.187488386285,-23.7282186466547,70.4007569342004));
#2312=CARTESIAN_POINT('',(106.354111915496,-23.9117361393262,70.4349767177113));
#2313=CARTESIAN_POINT('',(106.567844671114,-24.1597298850471,70.4817417190666));
#2314=CARTESIAN_POINT('',(106.633048066937,-24.2378720983583,70.4965711582631));
#2315=CARTESIAN_POINT('',(106.752278760612,-24.3842920593502,70.5244718795479));
#2316=CARTESIAN_POINT('',(106.777754418691,-24.4157336705158,70.5304783678013));
#2317=CARTESIAN_POINT('',(107.164728782273,-24.914990488646,70.6262272277602));
#2318=CARTESIAN_POINT('',(107.425196094235,-25.3084746715876,70.7030295558938));
#2319=CARTESIAN_POINT('',(107.755227612605,-25.8742588928118,70.8150877643147));
#2320=CARTESIAN_POINT('',(107.855139838797,-26.0588387530006,70.8519127577363));
#2321=CARTESIAN_POINT('',(108.036999515522,-26.4180261782042,70.9239148993991));
#2322=CARTESIAN_POINT('',(108.098208687019,-26.5453557973818,70.9495537221026));
#2323=CARTESIAN_POINT('',(108.572238189389,-27.6259629798226,71.1675482733921));
#2324=CARTESIAN_POINT('',(108.802014386334,-28.4684530384332,71.3404133769691));
#2325=CARTESIAN_POINT('',(108.925699631998,-29.2498129359367,71.5002402813385));
#2326=CARTESIAN_POINT('',(108.925599882685,-29.2499984742235,71.499790573332));
#2327=CARTESIAN_POINT('',(108.527525593034,-29.2500000000002,70.0000000000002));
#2328=CARTESIAN_POINT('',(107.963019609471,-29.2499996741826,67.8731581984229));
#2329=CARTESIAN_POINT('',(107.963019609471,-29.2499996741826,67.8731581984229));
#2330=CARTESIAN_POINT('',(108.033770324109,-29.938239213229,67.870087669315));
#2331=CARTESIAN_POINT('',(108.031402924207,-30.6359645637767,67.8700167897053));
#2332=CARTESIAN_POINT('',(107.877813979061,-32.0203290333655,67.8765691763236));
#2333=CARTESIAN_POINT('',(107.716147680987,-32.7379560396629,67.8836376474694));
#2334=CARTESIAN_POINT('',(107.289254689754,-34.0073551902643,67.90175503458));
#2335=CARTESIAN_POINT('',(107.005869902718,-34.6346912863847,67.9135688276817));
#2336=CARTESIAN_POINT('',(106.472911524137,-35.5398347064457,67.936211461711));
#2337=CARTESIAN_POINT('',(106.277334209842,-35.8355368791548,67.9445645523429));
#2338=CARTESIAN_POINT('',(105.850582869512,-36.4104244764741,67.9628148518378));
#2339=CARTESIAN_POINT('',(105.586670446248,-36.7249826093309,67.9741034202158));
#2340=CARTESIAN_POINT('',(104.939189803889,-37.424646182269,68.0016129852912));
#2341=CARTESIAN_POINT('',(104.438808713945,-37.8766496827459,68.0224616275144));
#2342=CARTESIAN_POINT('',(103.579702659079,-38.4975634700552,68.0589427825804));
#2343=CARTESIAN_POINT('',(103.275335206476,-38.6949395992299,68.0719472315264));
#2344=CARTESIAN_POINT('',(102.792099470116,-38.9715499839403,68.0926367667671));
#2345=CARTESIAN_POINT('',(102.62658135405,-39.0605072412859,68.0997283282638));
#2346=CARTESIAN_POINT('',(102.28682060878,-39.2310448385029,68.1142605270937));
#2347=CARTESIAN_POINT('',(102.078893741492,-39.3272389657377,68.1231325798252));
#2348=CARTESIAN_POINT('',(101.644475192291,-39.5157132523352,68.141592715849));
#2349=CARTESIAN_POINT('',(101.330838554119,-39.6360793405479,68.1548545989374));
#2350=CARTESIAN_POINT('',(100.823544461511,-39.7998835493031,68.1763931719052));
#2351=CARTESIAN_POINT('',(100.648319044429,-39.8516802492951,68.1838436779172));
#2352=CARTESIAN_POINT('',(100.376324448095,-39.9239465329723,68.195416723659));
#2353=CARTESIAN_POINT('',(100.284134564785,-39.9471297036272,68.1993403385262));
#2354=CARTESIAN_POINT('',(100.096724256709,-39.9914720862565,68.2073142600006));
#2355=CARTESIAN_POINT('',(99.9634081664204,-40.0205236789415,68.2129832817654));
#2356=CARTESIAN_POINT('',(99.4357804932896,-40.1298339550258,68.2354025238722));
#2357=CARTESIAN_POINT('',(98.7285813647853,-40.2499999971277,68.2654762387301));
#2358=CARTESIAN_POINT('',(97.7834239040658,-40.2499999999998,68.3056321718027));
#2359=CARTESIAN_POINT('',(97.7834263267268,-40.2499999999999,68.3056414206747));
#2360=CARTESIAN_POINT('',(98.9140436272343,-40.2499999999998,72.5653735592628));
#2361=CARTESIAN_POINT('',(70.103771171392,-30.25,2.99999999999999));
#2362=CARTESIAN_POINT('',(88.6068780090941,-30.2499999999998,72.7126064012663));
#2363=CARTESIAN_POINT('',(88.6068780090939,-30.2499999999998,72.7126064012665));
#2364=CARTESIAN_POINT('',(88.551813610062,-28.89784697495,72.5051448754747));
#2365=CARTESIAN_POINT('',(88.7425468364104,-27.5867945931816,72.2009860450017));
#2366=CARTESIAN_POINT('',(89.7170446138214,-25.0431170243256,71.6283468634129));
#2367=CARTESIAN_POINT('',(90.4455408515925,-23.9355601505597,71.351853346573));
#2368=CARTESIAN_POINT('',(93.3138202275939,-21.1132804917182,70.5604205497642));
#2369=CARTESIAN_POINT('',(95.9753695684562,-20.1188002557285,70.1415838379222));
#2370=CARTESIAN_POINT('',(98.7791647241838,-20.2639353140882,70.0000257895248));
#2371=CARTESIAN_POINT('',(80.3346568347814,-30.25,2.56537355926242));
#2372=CARTESIAN_POINT('',(108.925599882685,-29.2499984742235,71.499790573332));
#2373=CARTESIAN_POINT('',(108.994161894084,-28.581609563922,71.4962512343736));
#2374=CARTESIAN_POINT('',(108.993900949217,-27.9046080242652,71.4961339417307));
#2375=CARTESIAN_POINT('',(108.853636971678,-26.5608568994278,71.503299815522));
#2376=CARTESIAN_POINT('',(108.704717223618,-25.8664270059594,71.5110356434438));
#2377=CARTESIAN_POINT('',(108.306133681435,-24.6265603684055,71.5312129511959));
#2378=CARTESIAN_POINT('',(108.040918616156,-24.0133762827252,71.5444473285106));
#2379=CARTESIAN_POINT('',(107.541588474822,-23.1262289447861,71.5697135702037));
#2380=CARTESIAN_POINT('',(107.358275965161,-22.8359815917207,71.5790251456455));
#2381=CARTESIAN_POINT('',(106.958126766687,-22.2704789333373,71.5993704654006));
#2382=CARTESIAN_POINT('',(106.713202703769,-21.9632368587941,71.6118256525096));
#2383=CARTESIAN_POINT('',(106.097718735773,-21.2622266368999,71.6429670545802));
#2384=CARTESIAN_POINT('',(105.623136275162,-20.8093510596847,71.6666598074769));
#2385=CARTESIAN_POINT('',(104.810400870647,-20.1828413401432,71.7077836190192));
#2386=CARTESIAN_POINT('',(104.522755825363,-19.9828705271624,71.7224018881406));
#2387=CARTESIAN_POINT('',(104.06646306468,-19.7006157839396,71.7456218861013));
#2388=CARTESIAN_POINT('',(103.910234497299,-19.6094842881071,71.7535755788663));
#2389=CARTESIAN_POINT('',(103.589645660661,-19.4338953809319,71.7698757779409));
#2390=CARTESIAN_POINT('',(103.397716030828,-19.3362164761425,71.7796173195442));
#2391=CARTESIAN_POINT('',(102.975432726746,-19.1336980511577,71.8009847841194));
#2392=CARTESIAN_POINT('',(102.673446523343,-19.0045975395615,71.816227467554));
#2393=CARTESIAN_POINT('',(102.189227571671,-18.8268306399881,71.8407323475809));
#2394=CARTESIAN_POINT('',(102.022624545053,-18.7702317476147,71.8491714895129));
#2395=CARTESIAN_POINT('',(101.679072521147,-18.6636239972829,71.8665788768856));
#2396=CARTESIAN_POINT('',(101.450085560032,-18.6004539135981,71.8781805269608));
#2397=CARTESIAN_POINT('',(101.060066714492,-18.5018092628226,71.8979168058645));
#2398=CARTESIAN_POINT('',(100.760389726396,-18.4365375886461,71.9129879355636));
#2399=CARTESIAN_POINT('',(100.25009288411,-18.3545472977743,71.9388060368365));
#2400=CARTESIAN_POINT('',(100.069881042408,-18.329912933657,71.9479427046815));
#2401=CARTESIAN_POINT('',(99.7844657665028,-18.2992799577626,71.9624245929899));
#2402=CARTESIAN_POINT('',(99.6868131203294,-18.2901246346367,71.9673808310215));
#2403=CARTESIAN_POINT('',(99.4865193241313,-18.274334469656,71.9775405906342));
#2404=CARTESIAN_POINT('',(99.4215527420315,-18.2695494367771,71.9808375558263));
#2405=CARTESIAN_POINT('',(98.707656813305,-18.2344980809848,72.0169653009613));
#2406=CARTESIAN_POINT('',(98.2487463511708,-18.2572239770743,72.0405115704038));
#2407=CARTESIAN_POINT('',(97.7334652147587,-18.3000180517113,72.0665296690006));
#2408=CARTESIAN_POINT('',(97.5903609292356,-18.3160768529593,72.0737029344675));
#2409=CARTESIAN_POINT('',(97.4183306171101,-18.3375721867272,72.0823087081693));
#2410=CARTESIAN_POINT('',(97.3680889451803,-18.3443272172582,72.0848189653603));
#2411=CARTESIAN_POINT('',(97.303326669685,-18.3533816810733,72.0880607622658));
#2412=CARTESIAN_POINT('',(97.2835059794504,-18.3562215211622,72.0890540885828));
#2413=CARTESIAN_POINT('',(97.2473901636024,-18.3614837476841,72.090868294121));
#2414=CARTESIAN_POINT('',(97.2646699459131,-18.3588507381333,72.0899901275189));
#2415=CARTESIAN_POINT('',(96.8316732179365,-18.4240473384714,72.111901792937));
#2416=CARTESIAN_POINT('',(96.4723820516661,-18.5001699279782,72.130145384024));
#2417=CARTESIAN_POINT('',(95.9727020542375,-18.6305782115066,72.1554311398064));
#2418=CARTESIAN_POINT('',(95.8126635681242,-18.6767661758627,72.1635187677852));
#2419=CARTESIAN_POINT('',(95.5055567838775,-18.7729256669778,72.1790314418479));
#2420=CARTESIAN_POINT('',(95.3969123555463,-18.8089389010976,72.184512387494));
#2421=CARTESIAN_POINT('',(94.5014094199366,-19.1342393343536,72.2298257666138));
#2422=CARTESIAN_POINT('',(93.85074132148,-19.4602853688788,72.26317457653));
#2423=CARTESIAN_POINT('',(92.9792933388169,-20.0058519757319,72.3072649629433));
#2424=CARTESIAN_POINT('',(92.7060893904285,-20.1971764258112,72.3210119655182));
#2425=CARTESIAN_POINT('',(92.1937293637789,-20.5925138699703,72.3467416308336));
#2426=CARTESIAN_POINT('',(91.9933261464452,-20.7604156624623,72.356764912691));
#2427=CARTESIAN_POINT('',(91.2087213890358,-21.4913836996701,72.396462034769));
#2428=CARTESIAN_POINT('',(90.7506185130961,-22.021995295082,72.4198641524582));
#2429=CARTESIAN_POINT('',(89.9684984750473,-23.1344416606164,72.4594411600145));
#2430=CARTESIAN_POINT('',(89.6605201281254,-23.6794471291243,72.4748184264422));
#2431=CARTESIAN_POINT('',(88.8350819704225,-25.564272357975,72.5165934920042));
#2432=CARTESIAN_POINT('',(88.5586207727402,-26.9157664082091,72.5307916523464));
#2433=CARTESIAN_POINT('',(88.5585831201736,-28.2499999999998,72.5306497919235));
#2434=CARTESIAN_POINT('',(88.5585634111135,-28.2499999999998,72.5305755357476));
#2435=CARTESIAN_POINT('',(70.103771171392,-28.25,2.99999999999998));
#2436=CARTESIAN_POINT('',(107.186264801547,-28.2499999999996,142.712606401266));
#2437=CARTESIAN_POINT('',(107.186264801547,-28.2499999999996,142.712606401267));
#2438=CARTESIAN_POINT('',(107.131200402513,-26.8978469749104,142.505144875469));
#2439=CARTESIAN_POINT('',(107.321933628863,-25.5867945931811,142.200986045002));
#2440=CARTESIAN_POINT('',(108.296431406274,-23.0431170243257,141.628346863413));
#2441=CARTESIAN_POINT('',(109.024927644045,-21.9355601505595,141.351853346573));
#2442=CARTESIAN_POINT('',(111.893207020047,-19.1132804917181,140.560420549764));
#2443=CARTESIAN_POINT('',(114.55475636091,-18.1188002557284,140.141583837922));
#2444=CARTESIAN_POINT('',(117.358551516636,-18.263935314088,140.000025789525));
#2445=CARTESIAN_POINT('',(121.33881620075,-19.2577239632032,140.000001647631));
#2446=CARTESIAN_POINT('',(121.67176654399,-19.4120218018903,140.018143049396));
#2447=CARTESIAN_POINT('',(122.031281016768,-19.5985495315458,140.043024404958));
#2448=CARTESIAN_POINT('',(122.598313121195,-19.940922911187,140.093664179498));
#2449=CARTESIAN_POINT('',(122.791899397152,-20.0654844961065,140.11277730624));
#2450=CARTESIAN_POINT('',(123.087122476818,-20.2697431183756,140.145332866527));
#2451=CARTESIAN_POINT('',(123.186333651156,-20.3407314595939,140.156833372653));
#2452=CARTESIAN_POINT('',(123.385979106302,-20.4887948086054,140.181233573222));
#2453=CARTESIAN_POINT('',(123.530511358713,-20.6009663597221,140.200104641556));
#2454=CARTESIAN_POINT('',(123.814209083787,-20.8267541794586,140.23852067297));
#2455=CARTESIAN_POINT('',(124.182361018888,-21.1361794465034,140.292216575099));
#2456=CARTESIAN_POINT('',(124.766875178736,-21.7282186466528,140.4007569342));
#2457=CARTESIAN_POINT('',(124.933498707946,-21.9117361393232,140.434976717711));
#2458=CARTESIAN_POINT('',(125.147231463565,-22.159729885044,140.481741719066));
#2459=CARTESIAN_POINT('',(125.212434859388,-22.2378720983554,140.496571158263));
#2460=CARTESIAN_POINT('',(125.331665553064,-22.3842920593483,140.524471879548));
#2461=CARTESIAN_POINT('',(125.357141211144,-22.4157336705156,140.530478367801));
#2462=CARTESIAN_POINT('',(125.744115574726,-22.9149904886459,140.62622722776));
#2463=CARTESIAN_POINT('',(126.004582886688,-23.3084746715877,140.703029555894));
#2464=CARTESIAN_POINT('',(126.334614405058,-23.8742588928119,140.815087764315));
#2465=CARTESIAN_POINT('',(126.43452663125,-24.0588387530006,140.851912757736));
#2466=CARTESIAN_POINT('',(126.616386307975,-24.4180261782041,140.923914899399));
#2467=CARTESIAN_POINT('',(126.677595479472,-24.5453557973819,140.949553722103));
#2468=CARTESIAN_POINT('',(127.151624981841,-25.6259629798207,141.167548273392));
#2469=CARTESIAN_POINT('',(127.381401178787,-26.4684530384311,141.340413376969));
#2470=CARTESIAN_POINT('',(127.505086424451,-27.2498129359363,141.500240281338));
#2471=CARTESIAN_POINT('',(127.504986675137,-27.2499984742231,141.499790573332));
#2472=CARTESIAN_POINT('',(127.106912385487,-27.2499999999997,140.));
#2473=CARTESIAN_POINT('',(126.542406401924,-27.2499996741825,137.873158198423));
#2474=CARTESIAN_POINT('',(126.542406401924,-27.2499996741825,137.873158198423));
#2475=CARTESIAN_POINT('',(126.613157116104,-27.9382392087771,137.870087669335));
#2476=CARTESIAN_POINT('',(126.610789716873,-28.6359645570542,137.870016789496));
#2477=CARTESIAN_POINT('',(126.457200772624,-30.0203290267437,137.876569175876));
#2478=CARTESIAN_POINT('',(126.295534472161,-30.7379560431703,137.883637647145));
#2479=CARTESIAN_POINT('',(125.868641483485,-32.0073551867565,137.901755034904));
#2480=CARTESIAN_POINT('',(125.585256697765,-32.634691281392,137.913568827989));
#2481=CARTESIAN_POINT('',(125.052298319668,-33.5398347017415,137.93621146189));
#2482=CARTESIAN_POINT('',(124.856721005288,-33.835536874959,137.944564552461));
#2483=CARTESIAN_POINT('',(124.429969664058,-34.4104244739458,137.962814851863));
#2484=CARTESIAN_POINT('',(124.166057238898,-34.7249826091293,137.974103420248));
#2485=CARTESIAN_POINT('',(123.518576595948,-35.4246461826716,138.001612985227));
#2486=CARTESIAN_POINT('',(123.018195505735,-35.8766496832757,138.022461627437));
#2487=CARTESIAN_POINT('',(122.159089450819,-36.4975634705166,138.058942782516));
#2488=CARTESIAN_POINT('',(121.85472199826,-36.6949395996263,138.071947231472));
#2489=CARTESIAN_POINT('',(121.371486262069,-36.9715499842049,138.092636766731));
#2490=CARTESIAN_POINT('',(121.205968146076,-37.060507241501,138.099728328234));
#2491=CARTESIAN_POINT('',(120.866207400991,-37.2310448386131,138.114260527079));
#2492=CARTESIAN_POINT('',(120.658280522067,-37.3272389708895,138.123132580319));
#2493=CARTESIAN_POINT('',(120.223862008499,-37.5157132420311,138.141592714861));
#2494=CARTESIAN_POINT('',(119.91022538311,-37.6360793273381,138.154854597215));
#2495=CARTESIAN_POINT('',(119.402931291106,-37.7998835379822,138.176393170022));
#2496=CARTESIAN_POINT('',(119.227705871133,-37.8516802396283,138.183843676137));
#2497=CARTESIAN_POINT('',(118.955711265621,-37.9239465265634,138.195416722321));
#2498=CARTESIAN_POINT('',(118.863521378445,-37.9471296984326,138.199340337384));
#2499=CARTESIAN_POINT('',(118.676111060999,-37.991472083608,138.207314259351));
#2500=CARTESIAN_POINT('',(118.54279494817,-38.0205236811561,138.21298328217));
#2501=CARTESIAN_POINT('',(118.015167371369,-38.1298339373077,138.235402520634));
#2502=CARTESIAN_POINT('',(117.30796824466,-38.2499999971275,138.265476235016));
#2503=CARTESIAN_POINT('',(116.362810696519,-38.2499999999996,138.305632171803));
#2504=CARTESIAN_POINT('',(116.362810664712,-38.2499999999996,138.305632173159));
#2505=CARTESIAN_POINT('',(117.493430419687,-38.2499999999996,142.565373559263));
#2506=CARTESIAN_POINT('',(101.5015376538,-37.7379168987248,69.9999683257727));
#2507=CARTESIAN_POINT('',(103.320484699829,-37.1319508298061,69.7586634453629));
#2508=CARTESIAN_POINT('',(104.940921034448,-35.9657802113227,69.4048789181103));
#2509=CARTESIAN_POINT('',(106.621520465831,-33.751151885838,68.8442593180823));
#2510=CARTESIAN_POINT('',(107.090560109466,-32.8852618824346,68.6401831147984));
#2511=CARTESIAN_POINT('',(107.717101016078,-31.1565774133078,68.2571604438597));
#2512=CARTESIAN_POINT('',(107.912358562904,-30.2217722449488,68.0629890527774));
#2513=CARTESIAN_POINT('',(107.963035703276,-29.2499755998409,67.8732091469127));
#2514=CARTESIAN_POINT('',(80.3346568347814,-28.25,2.56537355926242));
#2515=CARTESIAN_POINT('',(127.504986675137,-27.2499984742231,141.499790573332));
#2516=CARTESIAN_POINT('',(127.573548686992,-26.5816095594858,141.49625123435));
#2517=CARTESIAN_POINT('',(127.573287741483,-25.9046080175664,141.496133941926));
#2518=CARTESIAN_POINT('',(127.433023763075,-24.5608568928209,141.503299815948));
#2519=CARTESIAN_POINT('',(127.284104018721,-23.8664270139145,141.511035643664));
#2520=CARTESIAN_POINT('',(126.885520471238,-22.6265603604496,141.531212950976));
#2521=CARTESIAN_POINT('',(126.620305403142,-22.0133762713607,141.544447328576));
#2522=CARTESIAN_POINT('',(126.120975260736,-21.1262289340335,141.569713570554));
#2523=CARTESIAN_POINT('',(125.93766275124,-20.8359815821109,141.579025146067));
#2524=CARTESIAN_POINT('',(125.537513554664,-20.2704789275228,141.59937046578));
#2525=CARTESIAN_POINT('',(125.292589498747,-19.9632368616368,141.611825652494));
#2526=CARTESIAN_POINT('',(124.677105523174,-19.2622266312134,141.642967054611));
#2527=CARTESIAN_POINT('',(124.202523059038,-18.8093510521302,141.66665980779));
#2528=CARTESIAN_POINT('',(123.389787653841,-18.1828413334843,141.707783619513));
#2529=CARTESIAN_POINT('',(123.102142609095,-17.9828705214048,141.722401888655));
#2530=CARTESIAN_POINT('',(122.645849850602,-17.7006157800607,141.745621886525));
#2531=CARTESIAN_POINT('',(122.489621284181,-17.6094842849414,141.75357557924));
#2532=CARTESIAN_POINT('',(122.169032449954,-17.4338953792933,141.769875778166));
#2533=CARTESIAN_POINT('',(121.977102822085,-17.3362164755645,141.779617319638));
#2534=CARTESIAN_POINT('',(121.55481952159,-17.1336980523128,141.800984783932));
#2535=CARTESIAN_POINT('',(121.252833319484,-17.0045975410691,141.816227467246));
#2536=CARTESIAN_POINT('',(120.768614367879,-16.8268306413087,141.840732347255));
#2537=CARTESIAN_POINT('',(120.602011340972,-16.7702317487553,141.849171489208));
#2538=CARTESIAN_POINT('',(120.258459315831,-16.6636239979272,141.866578876685));
#2539=CARTESIAN_POINT('',(120.029472335807,-16.600453909382,141.878180527767));
#2540=CARTESIAN_POINT('',(119.639453540301,-16.501809271254,141.897916804251));
#2541=CARTESIAN_POINT('',(119.339776569524,-16.4365375985202,141.912987932974));
#2542=CARTESIAN_POINT('',(118.829479727639,-16.3545473051198,141.93880603414));
#2543=CARTESIAN_POINT('',(118.649267881808,-16.3299129394146,141.947942702176));
#2544=CARTESIAN_POINT('',(118.363852593191,-16.2992799610821,141.962424591144));
#2545=CARTESIAN_POINT('',(118.266199941695,-16.2901246371363,141.967380829456));
#2546=CARTESIAN_POINT('',(118.065906132673,-16.2743344707069,141.977540589758));
#2547=CARTESIAN_POINT('',(118.000939543897,-16.2695494372397,141.980837555303));
#2548=CARTESIAN_POINT('',(117.287043568105,-16.2344980791335,142.016965303055));
#2549=CARTESIAN_POINT('',(116.828133087116,-16.2572239798938,142.040511573552));
#2550=CARTESIAN_POINT('',(116.312851950934,-16.3000180573301,142.066529672088));
#2551=CARTESIAN_POINT('',(116.169747670192,-16.3160768589263,142.073702937273));
#2552=CARTESIAN_POINT('',(115.997717372182,-16.3375721916402,142.082308710191));
#2553=CARTESIAN_POINT('',(115.947475706115,-16.3443272215644,142.08481896706));
#2554=CARTESIAN_POINT('',(115.882713441142,-16.3533816840637,142.088060763395));
#2555=CARTESIAN_POINT('',(115.862892754703,-16.3562215236469,142.089054089507));
#2556=CARTESIAN_POINT('',(115.826776947023,-16.3614837490246,142.090868294605));
#2557=CARTESIAN_POINT('',(115.844056732696,-16.3588507389887,142.089990127851));
#2558=CARTESIAN_POINT('',(115.411060055751,-16.4240473316268,142.111901790281));
#2559=CARTESIAN_POINT('',(115.051768911286,-16.5001699127857,142.130145380272));
#2560=CARTESIAN_POINT('',(114.552088913006,-16.6305781930068,142.15543113628));
#2561=CARTESIAN_POINT('',(114.392050421037,-16.6767661577642,142.16351876464));
#2562=CARTESIAN_POINT('',(114.08494361442,-16.7729256542132,142.179031439949));
#2563=CARTESIAN_POINT('',(113.976299146096,-16.8089389017956,142.184512387663));
#2564=CARTESIAN_POINT('',(113.080796220002,-17.1342393315606,142.229825765938));
#2565=CARTESIAN_POINT('',(112.430128124668,-17.4602853630758,142.263174575698));
#2566=CARTESIAN_POINT('',(111.55868014137,-18.0058519689006,142.307264962279));
#2567=CARTESIAN_POINT('',(111.285476191897,-18.1971764192032,142.321011964974));
#2568=CARTESIAN_POINT('',(110.773116161687,-18.5925138653941,142.346741630562));
#2569=CARTESIAN_POINT('',(110.572712937015,-18.7604156642258,142.356764912824));
#2570=CARTESIAN_POINT('',(109.788108185255,-19.4913836961426,142.396462034503));
#2571=CARTESIAN_POINT('',(109.330005310443,-20.021995289053,142.419864152259));
#2572=CARTESIAN_POINT('',(108.547885271569,-21.1344416539992,142.459441160035));
#2573=CARTESIAN_POINT('',(108.239906919214,-21.679447132413,142.474818426804));
#2574=CARTESIAN_POINT('',(107.414468765603,-23.5642723513971,142.516593491281));
#2575=CARTESIAN_POINT('',(107.138007565193,-24.9157664010516,142.530791652347));
#2576=CARTESIAN_POINT('',(107.137969912626,-26.2499999999996,142.530649791924));
#2577=CARTESIAN_POINT('',(107.137950203564,-26.2499999999996,142.530575535739));
#2578=CARTESIAN_POINT('',(70.103771171392,-26.25,2.99999999999998));
#2579=CARTESIAN_POINT('',(127.158773584906,-26.2499999999997,140.));
#2580=CARTESIAN_POINT('',(136.603656834781,-36.2499999999994,214.565373559263));
#2581=CARTESIAN_POINT('',(120.080924446252,-35.7379168987247,139.999968325773));
#2582=CARTESIAN_POINT('',(121.899871492282,-35.1319508298058,139.758663445363));
#2583=CARTESIAN_POINT('',(123.520307826901,-33.9657802113221,139.40487891811));
#2584=CARTESIAN_POINT('',(125.200907258283,-31.7511518858382,138.844259318082));
#2585=CARTESIAN_POINT('',(125.669946901918,-30.8852618824342,138.640183114798));
#2586=CARTESIAN_POINT('',(126.29648780853,-29.156577413308,138.25716044386));
#2587=CARTESIAN_POINT('',(126.491745355357,-28.221772244949,138.062989052777));
#2588=CARTESIAN_POINT('',(126.542422495729,-27.2499755998407,137.873209146913));
#2589=CARTESIAN_POINT('',(80.3346568347814,-26.25,2.56537355926241));
#2590=CARTESIAN_POINT('',(98.2331422845294,38.5440700556486,69.9999985809713));
#2591=CARTESIAN_POINT('',(98.0954053585386,39.0638092681608,69.4810586973754));
#2592=CARTESIAN_POINT('',(97.945499221415,39.6324775217597,68.9162698959005));
#2593=CARTESIAN_POINT('',(97.7834238731588,40.2500748164451,68.3056321765468));
#2594=CARTESIAN_POINT('',(79.653755868715,40.25,-8.31227731103036E-14));
#2595=CARTESIAN_POINT('',(116.812529076982,36.5440700556486,139.999998580971));
#2596=CARTESIAN_POINT('',(116.674792150991,37.0638092681626,139.481058697374));
#2597=CARTESIAN_POINT('',(116.524886013867,37.6324775217615,138.916269895899));
#2598=CARTESIAN_POINT('',(116.362810665612,38.2500748164451,138.305632176547));
#2599=CARTESIAN_POINT('',(79.653755868715,30.2500000000001,-5.6843418860808E-14));
#2600=CARTESIAN_POINT('',(135.922755868715,-40.25,212.));
#2601=CARTESIAN_POINT('',(97.7834238731589,-40.2500748164448,68.305632176547));
#2602=CARTESIAN_POINT('',(97.9454992214151,-39.6324775217594,68.9162698959006));
#2603=CARTESIAN_POINT('',(98.0954053585386,-39.0638092681606,69.4810586973755));
#2604=CARTESIAN_POINT('',(98.2331422845294,-38.5440700556483,69.9999985809715));
#2605=CARTESIAN_POINT('',(116.362810665612,-38.2500748164446,138.305632176547));
#2606=CARTESIAN_POINT('',(116.524886013867,-37.6324775217614,138.916269895898));
#2607=CARTESIAN_POINT('',(116.674792150991,-37.0638092681626,139.481058697373));
#2608=CARTESIAN_POINT('',(116.812529076982,-36.5440700556481,139.999998580971));
#2609=CARTESIAN_POINT('',(135.922755868715,-34.7499999999999,212.));
#2610=CARTESIAN_POINT('',(96.9296469347292,40.2151187990991,68.3419057159094));
#2611=CARTESIAN_POINT('',(98.4914098587388,40.3442580699181,68.2755527006101));
#2612=CARTESIAN_POINT('',(100.082102426634,40.1139474031883,68.2079705812812));
#2613=CARTESIAN_POINT('',(102.268820748645,39.2703221821709,68.1150657286655));
#2614=CARTESIAN_POINT('',(102.964304017077,38.9069508891131,68.0855174462462));
#2615=CARTESIAN_POINT('',(104.252598309108,38.0348469942094,68.0307830114898));
#2616=CARTESIAN_POINT('',(104.845223258623,37.5261856629245,68.005604764691));
#2617=CARTESIAN_POINT('',(105.89646362764,36.3902222020743,67.9609417961852));
#2618=CARTESIAN_POINT('',(106.35499759211,35.7630080923477,67.9414605351743));
#2619=CARTESIAN_POINT('',(107.113934307943,34.4228875621553,67.9092163713882));
#2620=CARTESIAN_POINT('',(107.414283111945,33.7101692461882,67.8964557606189));
#2621=CARTESIAN_POINT('',(108.054387309394,31.4991485307672,67.869260311839));
#2622=CARTESIAN_POINT('',(108.129764896783,29.9291147129743,67.8660578217987));
#2623=CARTESIAN_POINT('',(107.842130101245,28.4231609275655,67.8782782655649));
#2624=CARTESIAN_POINT('',(97.066311724652,38.5266611307098,70.));
#2625=CARTESIAN_POINT('',(98.3780819485346,38.633919458963,70.));
#2626=CARTESIAN_POINT('',(99.7141510282981,38.4426318889671,70.));
#2627=CARTESIAN_POINT('',(101.550839509356,37.7419478136727,70.));
#2628=CARTESIAN_POINT('',(102.134996190333,37.4401449825871,70.));
#2629=CARTESIAN_POINT('',(103.217072135298,36.7158075658347,70.));
#2630=CARTESIAN_POINT('',(103.714835112498,36.2933321739868,70.));
#2631=CARTESIAN_POINT('',(104.597802554631,35.3498427071822,70.));
#2632=CARTESIAN_POINT('',(104.982938603096,34.8289017383011,70.));
#2633=CARTESIAN_POINT('',(105.620391682817,33.7158469190841,70.));
#2634=CARTESIAN_POINT('',(105.872663401237,33.1238893042656,70.));
#2635=CARTESIAN_POINT('',(106.41030558571,31.2874968172273,70.));
#2636=CARTESIAN_POINT('',(106.473617417935,29.9834844836188,70.));
#2637=CARTESIAN_POINT('',(106.23202456518,28.7326946624814,70.));
#2638=CARTESIAN_POINT('',(115.509033727182,38.2151187990991,138.341905715909));
#2639=CARTESIAN_POINT('',(117.070796651192,38.3442580699182,138.27555270061));
#2640=CARTESIAN_POINT('',(118.661489219087,38.1139474031884,138.207970581281));
#2641=CARTESIAN_POINT('',(120.848207541098,37.270322182171,138.115065728666));
#2642=CARTESIAN_POINT('',(121.54369080953,36.9069508891132,138.085517446246));
#2643=CARTESIAN_POINT('',(122.831985101561,36.0348469942096,138.03078301149));
#2644=CARTESIAN_POINT('',(123.424610051076,35.5261856629247,138.005604764691));
#2645=CARTESIAN_POINT('',(124.475850420093,34.3902222020745,137.960941796185));
#2646=CARTESIAN_POINT('',(124.934384384563,33.7630080923479,137.941460535174));
#2647=CARTESIAN_POINT('',(125.693321100395,32.4228875621555,137.909216371388));
#2648=CARTESIAN_POINT('',(125.993669904398,31.7101692461885,137.896455760619));
#2649=CARTESIAN_POINT('',(126.633774101846,29.4991485307675,137.869260311839));
#2650=CARTESIAN_POINT('',(126.709151689236,27.9291147129747,137.866057821799));
#2651=CARTESIAN_POINT('',(126.421516893698,26.4231609275659,137.878278265565));
#2652=CARTESIAN_POINT('',(115.645698517105,36.5266611307099,140.));
#2653=CARTESIAN_POINT('',(116.957468740987,36.6339194589631,140.));
#2654=CARTESIAN_POINT('',(118.293537820751,36.4426318889672,140.));
#2655=CARTESIAN_POINT('',(120.130226301809,35.7419478136728,140.));
#2656=CARTESIAN_POINT('',(120.714382982785,35.4401449825872,140.));
#2657=CARTESIAN_POINT('',(121.796458927751,34.7158075658348,140.));
#2658=CARTESIAN_POINT('',(122.29422190495,34.2933321739869,140.));
#2659=CARTESIAN_POINT('',(123.177189347084,33.3498427071824,140.));
#2660=CARTESIAN_POINT('',(123.562325395549,32.8289017383013,140.));
#2661=CARTESIAN_POINT('',(124.19977847527,31.7158469190843,140.));
#2662=CARTESIAN_POINT('',(124.45205019369,31.1238893042658,140.));
#2663=CARTESIAN_POINT('',(124.989692378163,29.2874968172276,140.));
#2664=CARTESIAN_POINT('',(125.053004210388,27.9834844836191,140.));
#2665=CARTESIAN_POINT('',(124.811411357633,26.7326946624817,140.));
#2666=CARTESIAN_POINT('',(126.421516893698,-26.4231609275652,137.878278265565));
#2667=CARTESIAN_POINT('',(126.709151689236,-27.929114712974,137.866057821799));
#2668=CARTESIAN_POINT('',(126.633774101847,-29.4991485307668,137.869260311839));
#2669=CARTESIAN_POINT('',(125.993669904398,-31.7101692461879,137.896455760619));
#2670=CARTESIAN_POINT('',(125.693321100396,-32.4228875621549,137.909216371388));
#2671=CARTESIAN_POINT('',(124.934384384563,-33.7630080923472,137.941460535175));
#2672=CARTESIAN_POINT('',(124.475850420093,-34.3902222020739,137.960941796185));
#2673=CARTESIAN_POINT('',(123.424610051076,-35.5261856629241,138.005604764691));
#2674=CARTESIAN_POINT('',(122.831985101561,-36.034846994209,138.03078301149));
#2675=CARTESIAN_POINT('',(121.54369080953,-36.9069508891126,138.085517446246));
#2676=CARTESIAN_POINT('',(120.848207541098,-37.2703221821704,138.115065728666));
#2677=CARTESIAN_POINT('',(118.661489219087,-38.1139474031879,138.207970581281));
#2678=CARTESIAN_POINT('',(117.070796651192,-38.3442580699176,138.27555270061));
#2679=CARTESIAN_POINT('',(115.509033727182,-38.2151187990986,138.34190571591));
#2680=CARTESIAN_POINT('',(124.811411357633,-26.732694662481,140.));
#2681=CARTESIAN_POINT('',(125.053004210388,-27.9834844836185,140.));
#2682=CARTESIAN_POINT('',(124.989692378163,-29.287496817227,140.));
#2683=CARTESIAN_POINT('',(124.45205019369,-31.1238893042652,140.));
#2684=CARTESIAN_POINT('',(124.19977847527,-31.7158469190836,140.));
#2685=CARTESIAN_POINT('',(123.562325395549,-32.8289017383007,140.));
#2686=CARTESIAN_POINT('',(123.177189347084,-33.3498427071818,140.));
#2687=CARTESIAN_POINT('',(122.29422190495,-34.2933321739863,140.));
#2688=CARTESIAN_POINT('',(121.796458927751,-34.7158075658342,140.));
#2689=CARTESIAN_POINT('',(120.714382982785,-35.4401449825867,140.));
#2690=CARTESIAN_POINT('',(120.130226301809,-35.7419478136722,140.));
#2691=CARTESIAN_POINT('',(118.293537820751,-36.4426318889667,140.));
#2692=CARTESIAN_POINT('',(116.957468740987,-36.6339194589626,140.));
#2693=CARTESIAN_POINT('',(115.645698517105,-36.5266611307093,140.));
#2694=CARTESIAN_POINT('',(107.842130101245,-28.4231609275654,67.8782782655651));
#2695=CARTESIAN_POINT('',(108.129764896783,-29.9291147129742,67.8660578217989));
#2696=CARTESIAN_POINT('',(108.054387309394,-31.4991485307669,67.8692603118391));
#2697=CARTESIAN_POINT('',(107.414283111945,-33.710169246188,67.8964557606191));
#2698=CARTESIAN_POINT('',(107.113934307943,-34.4228875621551,67.9092163713883));
#2699=CARTESIAN_POINT('',(106.35499759211,-35.7630080923474,67.9414605351745));
#2700=CARTESIAN_POINT('',(105.89646362764,-36.3902222020741,67.9609417961853));
#2701=CARTESIAN_POINT('',(104.845223258623,-37.5261856629243,68.0056047646912));
#2702=CARTESIAN_POINT('',(104.252598309108,-38.0348469942092,68.0307830114899));
#2703=CARTESIAN_POINT('',(102.964304017077,-38.9069508891128,68.0855174462463));
#2704=CARTESIAN_POINT('',(102.268820748645,-39.2703221821706,68.1150657286657));
#2705=CARTESIAN_POINT('',(100.082102426634,-40.1139474031881,68.2079705812812));
#2706=CARTESIAN_POINT('',(98.4914098587389,-40.3442580699178,68.2755527006102));
#2707=CARTESIAN_POINT('',(96.9296469347293,-40.2151187990988,68.3419057159096));
#2708=CARTESIAN_POINT('',(106.23202456518,-28.7326946624812,70.0000000000002));
#2709=CARTESIAN_POINT('',(106.473617417935,-29.9834844836186,70.0000000000001));
#2710=CARTESIAN_POINT('',(106.41030558571,-31.2874968172271,70.0000000000002));
#2711=CARTESIAN_POINT('',(105.872663401237,-33.1238893042654,70.0000000000002));
#2712=CARTESIAN_POINT('',(105.620391682817,-33.7158469190838,70.0000000000001));
#2713=CARTESIAN_POINT('',(104.982938603096,-34.8289017383009,70.0000000000002));
#2714=CARTESIAN_POINT('',(104.597802554631,-35.349842707182,70.0000000000001));
#2715=CARTESIAN_POINT('',(103.714835112498,-36.2933321739865,70.0000000000002));
#2716=CARTESIAN_POINT('',(103.217072135298,-36.7158075658344,70.0000000000001));
#2717=CARTESIAN_POINT('',(102.134996190333,-37.4401449825868,70.0000000000002));
#2718=CARTESIAN_POINT('',(101.550839509356,-37.7419478136724,70.0000000000001));
#2719=CARTESIAN_POINT('',(99.7141510282982,-38.4426318889668,70.0000000000002));
#2720=CARTESIAN_POINT('',(98.3780819485347,-38.6339194589628,70.0000000000001));
#2721=CARTESIAN_POINT('',(97.0663117246521,-38.5266611307095,70.0000000000002));
#2722=CARTESIAN_POINT('',(-52.4827639147611,35.2500000000001,72.236327388634));
#2723=CARTESIAN_POINT('',(7.75276384094239,35.2500000000001,116.));
#2724=CARTESIAN_POINT('',(40.7859299322506,35.2500000000001,140.));
#2725=CARTESIAN_POINT('',(44.,35.2500000000001,116.));
#2726=CARTESIAN_POINT('',(53.1478745225936,35.2500000000001,-14.1064988278858));
#2727=CARTESIAN_POINT('',(75.4714055723402,35.2500000000001,70.0000000000001));
#2728=CARTESIAN_POINT('',(-1.10279639085648E-13,35.2500000000001,70.));
#2729=CARTESIAN_POINT('',(37.7096774193549,35.2500000000001,70.));
#2730=CARTESIAN_POINT('',(-19.4967767929089,35.2500000000001,24.5282030620466));
#2731=CARTESIAN_POINT('',(7.51612903225807,35.2500000000001,45.9999999999999));
#2732=CARTESIAN_POINT('',(0.,35.2500000000001,45.9999999999999));
#2733=CARTESIAN_POINT('',(70.103771171392,35.2500000000001,3.));
#2734=CARTESIAN_POINT('',(5.2654198113208,35.2500000000001,210.));
#2735=CARTESIAN_POINT('',(5.26541981132079,35.2500000000001,145.000000000001));
#2736=CARTESIAN_POINT('',(-5.34364110643107E-13,35.2500000000001,145.000000000001));
#2737=CARTESIAN_POINT('',(95.377891421397,35.2500000000001,145.000000000001));
#2738=CARTESIAN_POINT('',(53.1478745225938,35.2500000000001,-14.1064988278858));
#2739=CARTESIAN_POINT('',(94.0507923647929,35.2500000000001,140.));
#2740=CARTESIAN_POINT('',(-3.92719978643544E-13,35.2500000000001,140.));
#2741=CARTESIAN_POINT('',(0.,35.2500000000001,0.));
#2742=CARTESIAN_POINT('',(5.26541981132079,-34.7499999999999,145.000000000001));
#2743=CARTESIAN_POINT('',(5.2654198113208,-34.7499999999999,210.));
#2744=CARTESIAN_POINT('',(107.186264801547,28.2500000000008,142.712606401266));
#2745=CARTESIAN_POINT('',(107.180319541766,28.1040091031816,142.690206943775));
#2746=CARTESIAN_POINT('',(107.173353566295,27.9323823350886,142.663961821243));
#2747=CARTESIAN_POINT('',(107.169315462126,27.8317949326993,142.648747794266));
#2748=CARTESIAN_POINT('',(107.167274030746,27.7805231901516,142.641056464182));
#2749=CARTESIAN_POINT('',(107.167768897963,27.7944585851323,142.64292093396));
#2750=CARTESIAN_POINT('',(107.159967190483,27.58682184033,142.613527093911));
#2751=CARTESIAN_POINT('',(107.154781917383,27.421551753549,142.593990974605));
#2752=CARTESIAN_POINT('',(107.142177345754,26.9196168882716,142.546501785436));
#2753=CARTESIAN_POINT('',(107.137997693561,26.5848702905154,142.530754459824));
#2754=CARTESIAN_POINT('',(107.138041436928,26.2500003385213,142.530919268044));
#2755=CARTESIAN_POINT('',(88.606878009094,30.2500000000007,72.7126064012662));
#2756=CARTESIAN_POINT('',(88.600932749316,30.1040091032516,72.6902069437861));
#2757=CARTESIAN_POINT('',(88.5939667738474,29.9323823352112,72.6639618212615));
#2758=CARTESIAN_POINT('',(88.5899286696766,29.8317949327955,72.6487477942803));
#2759=CARTESIAN_POINT('',(88.5878872382956,29.7805231902129,72.6410564641914));
#2760=CARTESIAN_POINT('',(88.5883821055093,29.7944585851052,72.6429209339581));
#2761=CARTESIAN_POINT('',(88.5805803980322,29.586821840438,72.6135270939194));
#2762=CARTESIAN_POINT('',(88.5753951249298,29.4215517535704,72.5939909746048));
#2763=CARTESIAN_POINT('',(88.562790553301,28.9196168882285,72.5465017854363));
#2764=CARTESIAN_POINT('',(88.558610901108,28.5848702904723,72.5307544598236));
#2765=CARTESIAN_POINT('',(88.5586546444747,28.2500003385212,72.5309192680437));
#2766=CARTESIAN_POINT('',(70.103771171392,-34.7499999999999,3.));
#2767=CARTESIAN_POINT('',(107.138041436928,-26.2500003385207,142.530919268044));
#2768=CARTESIAN_POINT('',(107.137997736817,-26.5845391511623,142.530754622796));
#2769=CARTESIAN_POINT('',(107.142267079839,-26.9228609387675,142.546839869037));
#2770=CARTESIAN_POINT('',(107.152658721923,-27.3370849300444,142.585991588844));
#2771=CARTESIAN_POINT('',(107.156170988606,-27.4615549167836,142.599224461948));
#2772=CARTESIAN_POINT('',(107.160275416375,-27.5863290875572,142.614688370797));
#2773=CARTESIAN_POINT('',(107.163143292906,-27.6695794645249,142.625493429083));
#2774=CARTESIAN_POINT('',(107.165841594205,-27.7431583909535,142.635659592964));
#2775=CARTESIAN_POINT('',(107.167676405512,-27.7920226170403,142.642572457899));
#2776=CARTESIAN_POINT('',(107.174361820539,-27.9577122049832,142.667760536338));
#2777=CARTESIAN_POINT('',(107.186264801547,-28.2499999999996,142.712606401266));
#2778=CARTESIAN_POINT('',(88.5586546444748,-28.2500003385209,72.5309192680439));
#2779=CARTESIAN_POINT('',(88.5586109443641,-28.5845391509201,72.530754622796));
#2780=CARTESIAN_POINT('',(88.5628802874097,-28.922860939459,72.5468398691247));
#2781=CARTESIAN_POINT('',(88.5732719294645,-29.3370849298717,72.5859915888215));
#2782=CARTESIAN_POINT('',(88.5767841961428,-29.4615549164814,72.5992244619095));
#2783=CARTESIAN_POINT('',(88.5808886239138,-29.5863290873197,72.6146883707661));
#2784=CARTESIAN_POINT('',(88.5837565004485,-29.6695794643739,72.6254934290636));
#2785=CARTESIAN_POINT('',(88.5864548017535,-29.7431583909774,72.6356595929671));
#2786=CARTESIAN_POINT('',(88.5882896130556,-29.7920226169456,72.6425724578844));
#2787=CARTESIAN_POINT('',(88.5949750280823,-29.9577122048885,72.667760536323));
#2788=CARTESIAN_POINT('',(88.6068780090941,-30.2499999999998,72.7126064012663));
#2789=CARTESIAN_POINT('',(70.103771171392,-34.7499999999999,3.));
#2790=CARTESIAN_POINT('',(70.103771171392,-34.7499999999999,3.));
#2791=CARTESIAN_POINT('',(5.26541981132079,-34.7499999999999,145.000000000001));
#2792=CARTESIAN_POINT('',(5.26541981132079,-34.7499999999999,145.000000000001));
#2793=CARTESIAN_POINT('',(5.2654198113208,-34.7499999999999,210.));
#2794=CARTESIAN_POINT('',(5.2654198113208,-34.7499999999999,210.));
#2795=CARTESIAN_POINT('',(45.5190522213713,-34.75,-1.61391436479142E-14));
#2796=CARTESIAN_POINT('',(45.5190522213713,-34.75,70.));
#2797=CARTESIAN_POINT('',(-1.10279639085648E-13,-34.75,70.));
#2798=CARTESIAN_POINT('',(75.4714055723402,-34.75,70.0000000000001));
#2799=CARTESIAN_POINT('',(53.1478745225936,-34.75,-14.1064988278858));
#2800=CARTESIAN_POINT('',(45.5190522213713,-34.75,-1.61391436479142E-14));
#2801=CARTESIAN_POINT('',(45.5190522213713,-34.75,140.));
#2802=CARTESIAN_POINT('',(-3.92719978643544E-13,-34.75,140.));
#2803=CARTESIAN_POINT('',(94.0507923647929,-34.75,140.));
#2804=CARTESIAN_POINT('',(53.1478745225938,-34.75,-14.1064988278858));
#2805=CARTESIAN_POINT('',(95.377891421397,-34.75,145.000000000001));
#2806=CARTESIAN_POINT('',(-5.34364110643107E-13,-34.75,145.000000000001));
#2807=CARTESIAN_POINT('',(0.,-34.75,0.));
#2808=CARTESIAN_POINT('',(37.7096774193549,45.2500000000001,70.));
#2809=CARTESIAN_POINT('',(37.7096774193549,-33.7157326025362,70.));
#2810=CARTESIAN_POINT('',(45.5190522213713,-4.74999999999995,76.2074517657054));
#2811=CARTESIAN_POINT('',(16.1452426723704,-10.8474841188005,52.8590390472687));
#2812=CARTESIAN_POINT('',(4.53321784904507,45.0918834946286,43.6289680338563));
#2813=CARTESIAN_POINT('',(6.54397947238992,35.4053098485475,45.2272657344637));
#2814=CARTESIAN_POINT('',(7.51612903225806,37.2500000000001,45.9999999999999));
#2815=CARTESIAN_POINT('',(5.,45.2500000000001,43.9999999999999));
#2816=CARTESIAN_POINT('',(40.7859299322506,45.2500000000001,140.));
#2817=CARTESIAN_POINT('',(40.7859299322506,-34.3742730441816,140.));
#2818=CARTESIAN_POINT('',(45.5190522213713,-4.74999999999995,143.438814633296));
#2819=CARTESIAN_POINT('',(16.1452426723704,-10.8474841188005,122.097492786417));
#2820=CARTESIAN_POINT('',(4.53125603068274,45.1013342906984,113.659437571545));
#2821=CARTESIAN_POINT('',(6.53325598767841,35.4569687936929,115.113975681367));
#2822=CARTESIAN_POINT('',(7.75276384094238,37.2500000000001,116.));
#2823=CARTESIAN_POINT('',(5.00000000000003,45.2500000000001,114.));
#2824=CARTESIAN_POINT('',(5.5383073545221,40.2499999999997,2.13504427812537E-14));
#2825=CARTESIAN_POINT('',(6.16105437430805,37.2500000000001,116.));
#2826=CARTESIAN_POINT('',(16.1452426723704,-10.8474841188005,1.69028678087582E-13));
#2827=CARTESIAN_POINT('',(23.1828062484584,-44.7499999999999,1.66533453693773E-13));
#2828=CARTESIAN_POINT('',(5.5383073545221,40.2499999999997,2.13504427812537E-14));
#2829=CARTESIAN_POINT('',(6.16105437430803,37.2500000000001,45.9999999999999));
#2830=CARTESIAN_POINT('',(16.1452426723704,-10.8474841188005,1.69028678087582E-13));
#2831=CARTESIAN_POINT('',(23.1828062484584,-44.7499999999999,1.66533453693773E-13));
#2832=CARTESIAN_POINT('',(140.384950608704,-17.4005739999,252.));
#2833=CARTESIAN_POINT('',(147.751783009552,0.113128646251262,210.));
#2834=CARTESIAN_POINT('',(140.355955231625,17.6146066261031,210.));
#2835=CARTESIAN_POINT('',(140.355955231625,17.6146066261031,252.));
#2836=CARTESIAN_POINT('',(147.751783009552,0.113128646251334,252.));
#2837=CARTESIAN_POINT('',(145.738160377358,26.2500000000003,252.));
#2838=CARTESIAN_POINT('',(136.91673898881,25.7531638165797,210.));
#2839=CARTESIAN_POINT('',(136.91673898881,25.7531638165798,252.));
#2840=CARTESIAN_POINT('',(145.738160377358,26.2500000000003,252.));
#2841=CARTESIAN_POINT('',(145.738160377358,-26.2499999999994,252.));
#2842=CARTESIAN_POINT('',(160.238160377358,-26.2499999999993,252.));
#2843=CARTESIAN_POINT('',(136.975067343737,-25.507135722933,252.));
#2844=CARTESIAN_POINT('',(147.751783009552,0.113128646251262,210.));
#2845=CARTESIAN_POINT('',(45.5190522213713,-4.74999999999995,140.));
#2846=CARTESIAN_POINT('',(94.0507923647929,-44.7499999999999,140.));
#2847=CARTESIAN_POINT('',(94.0507923647929,-44.7499999999999,140.));
#2848=CARTESIAN_POINT('',(95.377891421397,-44.7499999999999,145.000000000001));
#2849=CARTESIAN_POINT('',(95.377891421397,-44.7499999999999,145.000000000001));
#2850=CARTESIAN_POINT('',(4.99999999999916,-44.7499999999999,145.000000000001));
#2851=CARTESIAN_POINT('',(4.99999999999893,-44.7499999999999,145.000000000001));
#2852=CARTESIAN_POINT('',(4.99999999999885,-44.7499999999999,212.));
#2853=CARTESIAN_POINT('',(75.4714055723402,-44.7499999999999,70.0000000000001));
#2854=CARTESIAN_POINT('',(76.7985046289441,-44.7499999999999,75.0000000000005));
#2855=CARTESIAN_POINT('',(45.5190522213713,-4.74999999999995,70.));
#2856=CARTESIAN_POINT('',(75.4714055723402,-44.7499999999999,70.0000000000001));
#2857=CARTESIAN_POINT('',(106.736038457531,30.3621732861296,70.));
#2858=CARTESIAN_POINT('',(107.062220719675,29.2161061655996,70.));
#2859=CARTESIAN_POINT('',(107.117212393099,27.9994595304815,70.));
#2860=CARTESIAN_POINT('',(106.789240503418,26.2449910837161,70.));
#2861=CARTESIAN_POINT('',(106.612100372133,25.6721672899807,70.));
#2862=CARTESIAN_POINT('',(106.130987903044,24.5784427751727,70.));
#2863=CARTESIAN_POINT('',(105.827039005537,24.0576753831451,70.));
#2864=CARTESIAN_POINT('',(105.107355800721,23.094030265695,70.));
#2865=CARTESIAN_POINT('',(104.691671197763,22.6512190937239,70.));
#2866=CARTESIAN_POINT('',(103.769130078585,21.8654723106568,70.));
#2867=CARTESIAN_POINT('',(103.262352637966,21.522621368038,70.));
#2868=CARTESIAN_POINT('',(102.182702116048,20.9537032082983,70.));
#2869=CARTESIAN_POINT('',(101.60996504262,20.7277968855285,70.));
#2870=CARTESIAN_POINT('',(100.426840509299,20.40405735018,70.));
#2871=CARTESIAN_POINT('',(99.8165501211314,20.3062768978646,70.));
#2872=CARTESIAN_POINT('',(98.5886310120474,20.2437201020112,70.));
#2873=CARTESIAN_POINT('',(97.9710870949539,20.2789480788393,70.));
#2874=CARTESIAN_POINT('',(96.7593064086277,20.4806782767534,70.));
#2875=CARTESIAN_POINT('',(96.1651719110976,20.6471378934945,70.));
#2876=CARTESIAN_POINT('',(95.0296246447281,21.1032019771993,70.));
#2877=CARTESIAN_POINT('',(94.4883646275251,21.3926602619157,70.));
#2878=CARTESIAN_POINT('',(93.4854724994335,22.080315131804,70.));
#2879=CARTESIAN_POINT('',(93.0239282342952,22.4784355527783,70.));
#2880=CARTESIAN_POINT('',(92.2034205701681,23.3636150733253,70.));
#2881=CARTESIAN_POINT('',(91.8445138387342,23.8506130387882,70.));
#2882=CARTESIAN_POINT('',(91.2471066694939,24.889391969301,70.));
#2883=CARTESIAN_POINT('',(91.0086440434912,25.4410427267987,70.));
#2884=CARTESIAN_POINT('',(90.4916620564509,27.1524646814822,70.));
#2885=CARTESIAN_POINT('',(90.4140185829561,28.367957313866,70.));
#2886=CARTESIAN_POINT('',(90.6137396793068,29.5408167766541,70.));
#2887=CARTESIAN_POINT('',(90.6297628968792,29.6349129071954,70.));
#2888=CARTESIAN_POINT('',(90.6457861144516,29.7290090377366,70.));
#2889=CARTESIAN_POINT('',(90.6618093320239,29.8231051682779,70.));
#2890=CARTESIAN_POINT('',(108.61325400674,30.8948211812461,71.5156776213544));
#2891=CARTESIAN_POINT('',(109.01627949086,29.4597388348247,71.4952819078762));
#2892=CARTESIAN_POINT('',(109.084226304503,27.9362782235665,71.4918433567239));
#2893=CARTESIAN_POINT('',(108.678989587735,25.739367904736,71.5123509729708));
#2894=CARTESIAN_POINT('',(108.46011812943,25.0220893933935,71.5234272937694));
#2895=CARTESIAN_POINT('',(107.865663408073,23.6525494120067,71.5535105729918));
#2896=CARTESIAN_POINT('',(107.490109106703,23.0004548901478,71.572516065766));
#2897=CARTESIAN_POINT('',(106.600880274584,21.7937977306785,71.6175168341815));
#2898=CARTESIAN_POINT('',(106.087267157645,21.239318429838,71.6435090018842));
#2899=CARTESIAN_POINT('',(104.947390394451,20.2554220096739,71.7011941875079));
#2900=CARTESIAN_POINT('',(104.321224453654,19.8261109110253,71.7328822608965));
#2901=CARTESIAN_POINT('',(102.987225872586,19.1137229591432,71.8003912743752));
#2902=CARTESIAN_POINT('',(102.27956128514,18.8308475765713,71.8362037098983));
#2903=CARTESIAN_POINT('',(100.817711904589,18.4254673996691,71.9101828062303));
#2904=CARTESIAN_POINT('',(100.063647053,18.3030286712544,71.9483433972176));
#2905=CARTESIAN_POINT('',(98.5464502250638,18.2246963015532,72.0251234347384));
#2906=CARTESIAN_POINT('',(97.7834230314243,18.2688080701661,72.0637375785847));
#2907=CARTESIAN_POINT('',(96.2861665754922,18.5214105928381,72.139508503456));
#2908=CARTESIAN_POINT('',(95.5520636800629,18.7298479980443,72.1766588894952));
#2909=CARTESIAN_POINT('',(94.1489999924367,19.3009223311008,72.2476630470287));
#2910=CARTESIAN_POINT('',(93.480227942633,19.663376210454,72.281507266929));
#2911=CARTESIAN_POINT('',(92.2410707830615,20.5244438971281,72.3442166869951));
#2912=CARTESIAN_POINT('',(91.6707942153817,21.022962332603,72.3730763942246));
#2913=CARTESIAN_POINT('',(90.6569883254407,22.1313664396427,72.4243815728509));
#2914=CARTESIAN_POINT('',(90.2135290206694,22.7411755603405,72.4468235009068));
#2915=CARTESIAN_POINT('',(89.4753824641937,24.0419137790866,72.484178522522));
#2916=CARTESIAN_POINT('',(89.1807419311282,24.7326798370696,72.4990892518139));
#2917=CARTESIAN_POINT('',(88.5419674209971,26.8756882001173,72.5314154009016));
#2918=CARTESIAN_POINT('',(88.4460324094358,28.3977037912771,72.5362703370915));
#2919=CARTESIAN_POINT('',(88.6928045392771,29.8663349732817,72.52378206066));
#2920=CARTESIAN_POINT('',(88.7126025656223,29.9841602676187,72.5227801516278));
#2921=CARTESIAN_POINT('',(88.7324005919675,30.1019855619556,72.5217782425955));
#2922=CARTESIAN_POINT('',(88.7521986183127,30.2198108562925,72.5207763335633));
#2923=CARTESIAN_POINT('',(108.756109356936,30.9353554723776,71.6310200802822));
#2924=CARTESIAN_POINT('',(109.164982579421,29.4782791832125,71.6090722611906));
#2925=CARTESIAN_POINT('',(109.233915274037,27.9314701514572,71.6053720376752));
#2926=CARTESIAN_POINT('',(108.822798734925,25.7008901836607,71.6274402752911));
#2927=CARTESIAN_POINT('',(108.600751539376,24.9726187262605,71.639359499659));
#2928=CARTESIAN_POINT('',(107.997671518091,23.5820892985182,71.6717321043615));
#2929=CARTESIAN_POINT('',(107.616668074214,22.9200008347648,71.6921839075112));
#2930=CARTESIAN_POINT('',(106.714536887875,21.6948505563891,71.7406092163497));
#2931=CARTESIAN_POINT('',(106.193471450309,21.1318733557405,71.7685793775871));
#2932=CARTESIAN_POINT('',(105.037055531796,20.1328978276866,71.8306543826947));
#2933=CARTESIAN_POINT('',(104.401804174031,19.6970071458501,71.8647539057556));
#2934=CARTESIAN_POINT('',(103.048449807701,18.9737012003431,71.9374003280769));
#2935=CARTESIAN_POINT('',(102.330517290568,18.6864904951749,71.9759380755761));
#2936=CARTESIAN_POINT('',(100.847457060962,18.2748974982029,72.0555469514601));
#2937=CARTESIAN_POINT('',(100.082451030385,18.1505822848695,72.0966115481124));
#2938=CARTESIAN_POINT('',(98.5432402840964,18.0710494003273,72.179234515686));
#2939=CARTESIAN_POINT('',(97.7691418714765,18.1158372219311,72.2207871803878));
#2940=CARTESIAN_POINT('',(96.2501608240042,18.3723111081082,72.3023242422443));
#2941=CARTESIAN_POINT('',(95.505406389647,18.5839430061761,72.3423017577571));
#2942=CARTESIAN_POINT('',(94.081984809685,19.1637695730685,72.4187093031935));
#2943=CARTESIAN_POINT('',(93.4035091453554,19.5317783878893,72.4551290546507));
#2944=CARTESIAN_POINT('',(92.1463723116728,20.4060427203513,72.5226106364262));
#2945=CARTESIAN_POINT('',(91.5678212593907,20.9122014044523,72.5536665557979));
#2946=CARTESIAN_POINT('',(90.5393054520123,22.0375928129711,72.6088760379351));
#2947=CARTESIAN_POINT('',(90.0894117303307,22.656747813313,72.6330257877129));
#2948=CARTESIAN_POINT('',(89.340554962948,23.9774210288013,72.6732235114869));
#2949=CARTESIAN_POINT('',(89.0416393136924,24.6787737053411,72.6892689412961));
#2950=CARTESIAN_POINT('',(88.3935964414146,26.8546256209222,72.7240550973608));
#2951=CARTESIAN_POINT('',(88.2962694511447,28.3999674862744,72.7292794922471));
#2952=CARTESIAN_POINT('',(88.5466221457587,29.8911067774542,72.7158408629892));
#2953=CARTESIAN_POINT('',(88.5667074335372,30.0107378516364,72.7147627090815));
#2954=CARTESIAN_POINT('',(88.5867927213156,30.1303689258185,72.7136845551738));
#2955=CARTESIAN_POINT('',(88.606878009094,30.2500000000007,72.7126064012662));
#2956=CARTESIAN_POINT('',(90.6618093320239,-29.8231051682771,70.0000000000002));
#2957=CARTESIAN_POINT('',(90.6457861144516,-29.7290090377361,70.0000000000002));
#2958=CARTESIAN_POINT('',(90.6297628968793,-29.634912907195,70.0000000000002));
#2959=CARTESIAN_POINT('',(90.6137396793069,-29.5408167766539,70.0000000000002));
#2960=CARTESIAN_POINT('',(90.4140185829562,-28.3679573138657,70.0000000000001));
#2961=CARTESIAN_POINT('',(90.491662056451,-27.1524646814819,70.0000000000002));
#2962=CARTESIAN_POINT('',(91.0086440434913,-25.4410427267984,70.0000000000001));
#2963=CARTESIAN_POINT('',(91.247106669494,-24.8893919693007,70.0000000000001));
#2964=CARTESIAN_POINT('',(91.8445138387343,-23.8506130387879,70.0000000000001));
#2965=CARTESIAN_POINT('',(92.2034205701682,-23.3636150733249,70.0000000000001));
#2966=CARTESIAN_POINT('',(93.0239282342953,-22.478435552778,70.0000000000001));
#2967=CARTESIAN_POINT('',(93.4854724994337,-22.0803151318037,70.0000000000001));
#2968=CARTESIAN_POINT('',(94.4883646275253,-21.3926602619154,70.0000000000001));
#2969=CARTESIAN_POINT('',(95.0296246447284,-21.103201977199,70.0000000000001));
#2970=CARTESIAN_POINT('',(96.1651719110978,-20.6471378934941,70.0000000000001));
#2971=CARTESIAN_POINT('',(96.759306408628,-20.4806782767531,70.0000000000001));
#2972=CARTESIAN_POINT('',(97.9710870949542,-20.278948078839,70.0000000000001));
#2973=CARTESIAN_POINT('',(98.5886310120477,-20.243720102011,70.0000000000001));
#2974=CARTESIAN_POINT('',(99.8165501211317,-20.3062768978643,70.0000000000001));
#2975=CARTESIAN_POINT('',(100.4268405093,-20.4040573501798,70.0000000000001));
#2976=CARTESIAN_POINT('',(101.60996504262,-20.7277968855283,70.0000000000001));
#2977=CARTESIAN_POINT('',(102.182702116049,-20.9537032082981,70.0000000000001));
#2978=CARTESIAN_POINT('',(103.262352637967,-21.5226213680379,70.0000000000001));
#2979=CARTESIAN_POINT('',(103.769130078586,-21.8654723106567,70.0000000000001));
#2980=CARTESIAN_POINT('',(104.691671197764,-22.6512190937239,70.0000000000001));
#2981=CARTESIAN_POINT('',(105.107355800721,-23.094030265695,70.0000000000001));
#2982=CARTESIAN_POINT('',(105.827039005537,-24.0576753831452,70.0000000000001));
#2983=CARTESIAN_POINT('',(106.130987903045,-24.5784427751729,70.0000000000001));
#2984=CARTESIAN_POINT('',(106.612100372133,-25.6721672899809,70.0000000000001));
#2985=CARTESIAN_POINT('',(106.789240503418,-26.2449910837163,70.0000000000001));
#2986=CARTESIAN_POINT('',(107.117212393099,-27.9994595304817,70.0000000000001));
#2987=CARTESIAN_POINT('',(107.062220719675,-29.2161061655999,70.0000000000001));
#2988=CARTESIAN_POINT('',(106.736038457531,-30.3621732861298,70.0000000000002));
#2989=CARTESIAN_POINT('',(88.7521986183127,-30.2198108562917,72.5207763335634));
#2990=CARTESIAN_POINT('',(88.7324005919675,-30.101985561955,72.5217782425957));
#2991=CARTESIAN_POINT('',(88.7126025656224,-29.9841602676182,72.5227801516279));
#2992=CARTESIAN_POINT('',(88.6928045392772,-29.8663349732815,72.5237820606602));
#2993=CARTESIAN_POINT('',(88.4460324094359,-28.3977037912768,72.5362703370917));
#2994=CARTESIAN_POINT('',(88.5419674209971,-26.8756882001169,72.5314154009017));
#2995=CARTESIAN_POINT('',(89.1807419311283,-24.7326798370692,72.499089251814));
#2996=CARTESIAN_POINT('',(89.4753824641938,-24.0419137790862,72.4841785225221));
#2997=CARTESIAN_POINT('',(90.2135290206695,-22.7411755603401,72.4468235009069));
#2998=CARTESIAN_POINT('',(90.6569883254409,-22.1313664396422,72.4243815728509));
#2999=CARTESIAN_POINT('',(91.6707942153818,-21.0229623326027,72.3730763942247));
#3000=CARTESIAN_POINT('',(92.2410707830617,-20.5244438971277,72.3442166869952));
#3001=CARTESIAN_POINT('',(93.4802279426332,-19.6633762104536,72.2815072669291));
#3002=CARTESIAN_POINT('',(94.148999992437,-19.3009223311004,72.2476630470287));
#3003=CARTESIAN_POINT('',(95.5520636800632,-18.729847998044,72.1766588894953));
#3004=CARTESIAN_POINT('',(96.2861665754926,-18.5214105928378,72.1395085034561));
#3005=CARTESIAN_POINT('',(97.7834230314246,-18.2688080701658,72.0637375785847));
#3006=CARTESIAN_POINT('',(98.5464502250642,-18.2246963015529,72.0251234347384));
#3007=CARTESIAN_POINT('',(100.063647053,-18.3030286712542,71.9483433972177));
#3008=CARTESIAN_POINT('',(100.81771190459,-18.4254673996688,71.9101828062303));
#3009=CARTESIAN_POINT('',(102.27956128514,-18.8308475765711,71.8362037098984));
#3010=CARTESIAN_POINT('',(102.987225872587,-19.1137229591431,71.8003912743753));
#3011=CARTESIAN_POINT('',(104.321224453655,-19.8261109110252,71.7328822608966));
#3012=CARTESIAN_POINT('',(104.947390394452,-20.2554220096739,71.7011941875079));
#3013=CARTESIAN_POINT('',(106.087267157646,-21.2393184298381,71.6435090018843));
#3014=CARTESIAN_POINT('',(106.600880274584,-21.7937977306787,71.6175168341815));
#3015=CARTESIAN_POINT('',(107.490109106703,-23.000454890148,71.5725160657661));
#3016=CARTESIAN_POINT('',(107.865663408073,-23.6525494120069,71.5535105729919));
#3017=CARTESIAN_POINT('',(108.460118129431,-25.0220893933938,71.5234272937695));
#3018=CARTESIAN_POINT('',(108.678989587736,-25.7393679047363,71.5123509729709));
#3019=CARTESIAN_POINT('',(109.084226304503,-27.9362782235669,71.4918433567241));
#3020=CARTESIAN_POINT('',(109.01627949086,-29.4597388348252,71.4952819078763));
#3021=CARTESIAN_POINT('',(108.61325400674,-30.8948211812465,71.5156776213545));
#3022=CARTESIAN_POINT('',(88.6068780090939,-30.2499999999998,72.7126064012665));
#3023=CARTESIAN_POINT('',(88.5867927213155,-30.1303689258179,72.7136845551741));
#3024=CARTESIAN_POINT('',(88.5667074335371,-30.0107378516359,72.7147627090818));
#3025=CARTESIAN_POINT('',(88.5466221457587,-29.891106777454,72.7158408629895));
#3026=CARTESIAN_POINT('',(88.2962694511446,-28.3999674862742,72.7292794922474));
#3027=CARTESIAN_POINT('',(88.3935964414145,-26.8546256209218,72.7240550973611));
#3028=CARTESIAN_POINT('',(89.0416393136924,-24.6787737053408,72.6892689412963));
#3029=CARTESIAN_POINT('',(89.340554962948,-23.9774210288009,72.6732235114872));
#3030=CARTESIAN_POINT('',(90.0894117303307,-22.6567478133126,72.6330257877131));
#3031=CARTESIAN_POINT('',(90.5393054520124,-22.0375928129706,72.6088760379353));
#3032=CARTESIAN_POINT('',(91.5678212593907,-20.9122014044518,72.5536665557981));
#3033=CARTESIAN_POINT('',(92.146372311673,-20.4060427203508,72.5226106364264));
#3034=CARTESIAN_POINT('',(93.4035091453556,-19.5317783878889,72.4551290546509));
#3035=CARTESIAN_POINT('',(94.0819848096853,-19.163769573068,72.4187093031937));
#3036=CARTESIAN_POINT('',(95.5054063896473,-18.5839430061756,72.3423017577572));
#3037=CARTESIAN_POINT('',(96.2501608240045,-18.3723111081078,72.3023242422444));
#3038=CARTESIAN_POINT('',(97.7691418714768,-18.1158372219306,72.220787180388));
#3039=CARTESIAN_POINT('',(98.5432402840968,-18.0710494003269,72.1792345156862));
#3040=CARTESIAN_POINT('',(100.082451030385,-18.1505822848691,72.0966115481126));
#3041=CARTESIAN_POINT('',(100.847457060962,-18.2748974982026,72.0555469514603));
#3042=CARTESIAN_POINT('',(102.330517290569,-18.6864904951746,71.9759380755763));
#3043=CARTESIAN_POINT('',(103.048449807702,-18.9737012003428,71.9374003280771));
#3044=CARTESIAN_POINT('',(104.401804174032,-19.69700714585,71.8647539057558));
#3045=CARTESIAN_POINT('',(105.037055531796,-20.1328978276866,71.8306543826949));
#3046=CARTESIAN_POINT('',(106.19347145031,-21.1318733557405,71.7685793775873));
#3047=CARTESIAN_POINT('',(106.714536887876,-21.6948505563892,71.7406092163499));
#3048=CARTESIAN_POINT('',(107.616668074214,-22.920000834765,71.6921839075114));
#3049=CARTESIAN_POINT('',(107.997671518092,-23.5820892985184,71.6717321043617));
#3050=CARTESIAN_POINT('',(108.600751539376,-24.9726187262607,71.6393594996592));
#3051=CARTESIAN_POINT('',(108.822798734926,-25.700890183661,71.6274402752913));
#3052=CARTESIAN_POINT('',(109.233915274037,-27.9314701514576,71.6053720376754));
#3053=CARTESIAN_POINT('',(109.164982579421,-29.478279183213,71.6090722611908));
#3054=CARTESIAN_POINT('',(108.756109356936,-30.935355472378,71.6310200802824));
#3055=CARTESIAN_POINT('',(125.315425249983,28.36217328613,140.));
#3056=CARTESIAN_POINT('',(125.641607512128,27.2161061656,140.));
#3057=CARTESIAN_POINT('',(125.696599185552,25.9994595304819,140.));
#3058=CARTESIAN_POINT('',(125.368627295871,24.2449910837164,140.));
#3059=CARTESIAN_POINT('',(125.191487164586,23.6721672899811,140.));
#3060=CARTESIAN_POINT('',(124.710374695497,22.5784427751731,140.));
#3061=CARTESIAN_POINT('',(124.40642579799,22.0576753831454,140.));
#3062=CARTESIAN_POINT('',(123.686742593174,21.0940302656953,140.));
#3063=CARTESIAN_POINT('',(123.271057990216,20.6512190937242,140.));
#3064=CARTESIAN_POINT('',(122.348516871038,19.8654723106571,140.));
#3065=CARTESIAN_POINT('',(121.841739430419,19.5226213680382,140.));
#3066=CARTESIAN_POINT('',(120.762088908501,18.9537032082985,140.));
#3067=CARTESIAN_POINT('',(120.189351835073,18.7277968855287,140.));
#3068=CARTESIAN_POINT('',(119.006227301752,18.4040573501802,140.));
#3069=CARTESIAN_POINT('',(118.395936913584,18.3062768978647,140.));
#3070=CARTESIAN_POINT('',(117.1680178045,18.2437201020114,140.));
#3071=CARTESIAN_POINT('',(116.550473887407,18.2789480788394,140.));
#3072=CARTESIAN_POINT('',(115.338693201081,18.4806782767535,140.));
#3073=CARTESIAN_POINT('',(114.744558703551,18.6471378934946,140.));
#3074=CARTESIAN_POINT('',(113.609011437181,19.1032019771995,140.));
#3075=CARTESIAN_POINT('',(113.067751419978,19.3926602619159,140.));
#3076=CARTESIAN_POINT('',(112.064859291886,20.0803151318041,140.));
#3077=CARTESIAN_POINT('',(111.603315026748,20.4784355527784,140.));
#3078=CARTESIAN_POINT('',(110.782807362621,21.3636150733254,140.));
#3079=CARTESIAN_POINT('',(110.423900631187,21.8506130387883,140.));
#3080=CARTESIAN_POINT('',(109.826493461947,22.8893919693011,140.));
#3081=CARTESIAN_POINT('',(109.588030835944,23.4410427267988,140.));
#3082=CARTESIAN_POINT('',(109.071048848904,25.1524646814823,140.));
#3083=CARTESIAN_POINT('',(108.993405375409,26.3679573138661,140.));
#3084=CARTESIAN_POINT('',(109.19312647176,27.5408167766542,140.));
#3085=CARTESIAN_POINT('',(109.209149689332,27.6349129071955,140.));
#3086=CARTESIAN_POINT('',(109.225172906904,27.7290090377367,140.));
#3087=CARTESIAN_POINT('',(109.241196124477,27.823105168278,140.));
#3088=CARTESIAN_POINT('',(127.192640799193,28.8948211812466,141.515677621354));
#3089=CARTESIAN_POINT('',(127.595666283313,27.4597388348252,141.495281907876));
#3090=CARTESIAN_POINT('',(127.663613096956,25.9362782235669,141.491843356724));
#3091=CARTESIAN_POINT('',(127.258376380188,23.7393679047364,141.512350972971));
#3092=CARTESIAN_POINT('',(127.039504921883,23.0220893933939,141.523427293769));
#3093=CARTESIAN_POINT('',(126.445050200526,21.6525494120071,141.553510572992));
#3094=CARTESIAN_POINT('',(126.069495899156,21.0004548901482,141.572516065766));
#3095=CARTESIAN_POINT('',(125.180267067037,19.7937977306788,141.617516834181));
#3096=CARTESIAN_POINT('',(124.666653950098,19.2393184298383,141.643509001884));
#3097=CARTESIAN_POINT('',(123.526777186904,18.2554220096742,141.701194187508));
#3098=CARTESIAN_POINT('',(122.900611246107,17.8261109110255,141.732882260897));
#3099=CARTESIAN_POINT('',(121.566612665039,17.1137229591435,141.800391274375));
#3100=CARTESIAN_POINT('',(120.858948077593,16.8308475765715,141.836203709898));
#3101=CARTESIAN_POINT('',(119.397098697042,16.4254673996693,141.91018280623));
#3102=CARTESIAN_POINT('',(118.643033845453,16.3030286712546,141.948343397218));
#3103=CARTESIAN_POINT('',(117.125837017517,16.2246963015534,142.025123434738));
#3104=CARTESIAN_POINT('',(116.362809823877,16.2688080701663,142.063737578585));
#3105=CARTESIAN_POINT('',(114.865553367945,16.5214105928383,142.139508503456));
#3106=CARTESIAN_POINT('',(114.131450472516,16.7298479980445,142.176658889495));
#3107=CARTESIAN_POINT('',(112.72838678489,17.3009223311009,142.247663047029));
#3108=CARTESIAN_POINT('',(112.059614735086,17.6633762104541,142.281507266929));
#3109=CARTESIAN_POINT('',(110.820457575514,18.5244438971282,142.344216686995));
#3110=CARTESIAN_POINT('',(110.250181007835,19.0229623326031,142.373076394225));
#3111=CARTESIAN_POINT('',(109.236375117894,20.1313664396427,142.424381572851));
#3112=CARTESIAN_POINT('',(108.792915813122,20.7411755603405,142.446823500907));
#3113=CARTESIAN_POINT('',(108.054769256647,22.0419137790867,142.484178522522));
#3114=CARTESIAN_POINT('',(107.760128723581,22.7326798370696,142.499089251814));
#3115=CARTESIAN_POINT('',(107.12135421345,24.8756882001173,142.531415400902));
#3116=CARTESIAN_POINT('',(107.025419201889,26.3977037912772,142.536270337092));
#3117=CARTESIAN_POINT('',(107.27219133173,27.8663349732819,142.52378206066));
#3118=CARTESIAN_POINT('',(107.291989358075,27.9841602676188,142.522780151628));
#3119=CARTESIAN_POINT('',(107.31178738442,28.1019855619557,142.521778242595));
#3120=CARTESIAN_POINT('',(107.331585410766,28.2198108562926,142.520776333563));
#3121=CARTESIAN_POINT('',(127.335496149389,28.9353554723781,141.631020080282));
#3122=CARTESIAN_POINT('',(127.744369371874,27.478279183213,141.609072261191));
#3123=CARTESIAN_POINT('',(127.81330206649,25.9314701514577,141.605372037675));
#3124=CARTESIAN_POINT('',(127.402185527378,23.7008901836611,141.627440275291));
#3125=CARTESIAN_POINT('',(127.180138331829,22.9726187262609,141.639359499659));
#3126=CARTESIAN_POINT('',(126.577058310544,21.5820892985186,141.671732104362));
#3127=CARTESIAN_POINT('',(126.196054866667,20.9200008347652,141.692183907511));
#3128=CARTESIAN_POINT('',(125.293923680328,19.6948505563894,141.74060921635));
#3129=CARTESIAN_POINT('',(124.772858242762,19.1318733557407,141.768579377587));
#3130=CARTESIAN_POINT('',(123.616442324249,18.1328978276869,141.830654382695));
#3131=CARTESIAN_POINT('',(122.981190966484,17.6970071458503,141.864753905756));
#3132=CARTESIAN_POINT('',(121.627836600154,16.9737012003432,141.937400328077));
#3133=CARTESIAN_POINT('',(120.909904083021,16.686490495175,141.975938075576));
#3134=CARTESIAN_POINT('',(119.426843853415,16.274897498203,142.05554695146));
#3135=CARTESIAN_POINT('',(118.661837822838,16.1505822848696,142.096611548112));
#3136=CARTESIAN_POINT('',(117.122627076549,16.0710494003274,142.179234515686));
#3137=CARTESIAN_POINT('',(116.34852866393,16.1158372219311,142.220787180388));
#3138=CARTESIAN_POINT('',(114.829547616457,16.3723111081083,142.302324242244));
#3139=CARTESIAN_POINT('',(114.0847931821,16.5839430061761,142.342301757757));
#3140=CARTESIAN_POINT('',(112.661371602138,17.1637695730686,142.418709303194));
#3141=CARTESIAN_POINT('',(111.982895937808,17.5317783878894,142.455129054651));
#3142=CARTESIAN_POINT('',(110.725759104126,18.4060427203513,142.522610636426));
#3143=CARTESIAN_POINT('',(110.147208051844,18.9122014044523,142.553666555798));
#3144=CARTESIAN_POINT('',(109.118692244465,20.0375928129711,142.608876037935));
#3145=CARTESIAN_POINT('',(108.668798522783,20.6567478133131,142.633025787713));
#3146=CARTESIAN_POINT('',(107.919941755401,21.9774210288013,142.673223511487));
#3147=CARTESIAN_POINT('',(107.621026106145,22.6787737053412,142.689268941296));
#3148=CARTESIAN_POINT('',(106.972983233867,24.8546256209222,142.724055097361));
#3149=CARTESIAN_POINT('',(106.875656243597,26.3999674862745,142.729279492247));
#3150=CARTESIAN_POINT('',(107.126008938211,27.8911067774543,142.715840862989));
#3151=CARTESIAN_POINT('',(107.14609422599,28.0107378516365,142.714762709082));
#3152=CARTESIAN_POINT('',(107.166179513768,28.1303689258186,142.713684555174));
#3153=CARTESIAN_POINT('',(107.186264801547,28.2500000000007,142.712606401266));
#3154=CARTESIAN_POINT('',(109.241196124477,-27.823105168277,140.));
#3155=CARTESIAN_POINT('',(109.225172906904,-27.7290090377359,140.));
#3156=CARTESIAN_POINT('',(109.209149689332,-27.6349129071948,140.));
#3157=CARTESIAN_POINT('',(109.19312647176,-27.5408167766537,140.));
#3158=CARTESIAN_POINT('',(108.993405375409,-26.3679573138655,140.));
#3159=CARTESIAN_POINT('',(109.071048848904,-25.1524646814818,140.));
#3160=CARTESIAN_POINT('',(109.588030835944,-23.4410427267983,140.));
#3161=CARTESIAN_POINT('',(109.826493461947,-22.8893919693005,140.));
#3162=CARTESIAN_POINT('',(110.423900631187,-21.8506130387877,140.));
#3163=CARTESIAN_POINT('',(110.782807362621,-21.3636150733248,140.));
#3164=CARTESIAN_POINT('',(111.603315026748,-20.4784355527778,140.));
#3165=CARTESIAN_POINT('',(112.064859291886,-20.0803151318035,140.));
#3166=CARTESIAN_POINT('',(113.067751419978,-19.3926602619152,140.));
#3167=CARTESIAN_POINT('',(113.609011437181,-19.1032019771988,140.));
#3168=CARTESIAN_POINT('',(114.744558703551,-18.647137893494,140.));
#3169=CARTESIAN_POINT('',(115.338693201081,-18.4806782767529,140.));
#3170=CARTESIAN_POINT('',(116.550473887407,-18.2789480788388,140.));
#3171=CARTESIAN_POINT('',(117.1680178045,-18.2437201020108,140.));
#3172=CARTESIAN_POINT('',(118.395936913584,-18.3062768978641,140.));
#3173=CARTESIAN_POINT('',(119.006227301752,-18.4040573501796,140.));
#3174=CARTESIAN_POINT('',(120.189351835073,-18.7277968855281,140.));
#3175=CARTESIAN_POINT('',(120.762088908501,-18.9537032082979,140.));
#3176=CARTESIAN_POINT('',(121.841739430419,-19.5226213680376,140.));
#3177=CARTESIAN_POINT('',(122.348516871038,-19.8654723106565,140.));
#3178=CARTESIAN_POINT('',(123.271057990216,-20.6512190937236,140.));
#3179=CARTESIAN_POINT('',(123.686742593174,-21.0940302656947,140.));
#3180=CARTESIAN_POINT('',(124.40642579799,-22.0576753831448,140.));
#3181=CARTESIAN_POINT('',(124.710374695498,-22.5784427751726,140.));
#3182=CARTESIAN_POINT('',(125.191487164586,-23.6721672899806,140.));
#3183=CARTESIAN_POINT('',(125.368627295871,-24.2449910837159,140.));
#3184=CARTESIAN_POINT('',(125.696599185552,-25.9994595304814,140.));
#3185=CARTESIAN_POINT('',(125.641607512128,-27.2161061655995,140.));
#3186=CARTESIAN_POINT('',(125.315425249983,-28.3621732861295,140.));
#3187=CARTESIAN_POINT('',(107.331585410766,-28.2198108562915,142.520776333564));
#3188=CARTESIAN_POINT('',(107.31178738442,-28.1019855619548,142.521778242596));
#3189=CARTESIAN_POINT('',(107.291989358075,-27.9841602676181,142.522780151628));
#3190=CARTESIAN_POINT('',(107.27219133173,-27.8663349732813,142.52378206066));
#3191=CARTESIAN_POINT('',(107.025419201889,-26.3977037912767,142.536270337092));
#3192=CARTESIAN_POINT('',(107.12135421345,-24.8756882001168,142.531415400902));
#3193=CARTESIAN_POINT('',(107.760128723581,-22.7326798370691,142.499089251814));
#3194=CARTESIAN_POINT('',(108.054769256647,-22.041913779086,142.484178522522));
#3195=CARTESIAN_POINT('',(108.792915813122,-20.7411755603399,142.446823500907));
#3196=CARTESIAN_POINT('',(109.236375117894,-20.1313664396421,142.424381572851));
#3197=CARTESIAN_POINT('',(110.250181007835,-19.0229623326026,142.373076394225));
#3198=CARTESIAN_POINT('',(110.820457575515,-18.5244438971275,142.344216686995));
#3199=CARTESIAN_POINT('',(112.059614735086,-17.6633762104535,142.281507266929));
#3200=CARTESIAN_POINT('',(112.72838678489,-17.3009223311003,142.247663047029));
#3201=CARTESIAN_POINT('',(114.131450472516,-16.7298479980438,142.176658889495));
#3202=CARTESIAN_POINT('',(114.865553367945,-16.5214105928376,142.139508503456));
#3203=CARTESIAN_POINT('',(116.362809823877,-16.2688080701656,142.063737578585));
#3204=CARTESIAN_POINT('',(117.125837017517,-16.2246963015527,142.025123434738));
#3205=CARTESIAN_POINT('',(118.643033845453,-16.303028671254,141.948343397218));
#3206=CARTESIAN_POINT('',(119.397098697042,-16.4254673996686,141.91018280623));
#3207=CARTESIAN_POINT('',(120.858948077593,-16.8308475765709,141.836203709898));
#3208=CARTESIAN_POINT('',(121.56661266504,-17.1137229591429,141.800391274375));
#3209=CARTESIAN_POINT('',(122.900611246107,-17.8261109110249,141.732882260897));
#3210=CARTESIAN_POINT('',(123.526777186904,-18.2554220096736,141.701194187508));
#3211=CARTESIAN_POINT('',(124.666653950098,-19.2393184298378,141.643509001884));
#3212=CARTESIAN_POINT('',(125.180267067037,-19.7937977306783,141.617516834182));
#3213=CARTESIAN_POINT('',(126.069495899156,-21.0004548901476,141.572516065766));
#3214=CARTESIAN_POINT('',(126.445050200526,-21.6525494120065,141.553510572992));
#3215=CARTESIAN_POINT('',(127.039504921883,-23.0220893933934,141.52342729377));
#3216=CARTESIAN_POINT('',(127.258376380188,-23.7393679047359,141.512350972971));
#3217=CARTESIAN_POINT('',(127.663613096956,-25.9362782235665,141.491843356724));
#3218=CARTESIAN_POINT('',(127.595666283313,-27.4597388348247,141.495281907876));
#3219=CARTESIAN_POINT('',(127.192640799193,-28.8948211812461,141.515677621355));
#3220=CARTESIAN_POINT('',(107.186264801547,-28.2499999999996,142.712606401267));
#3221=CARTESIAN_POINT('',(107.166179513768,-28.1303689258177,142.713684555174));
#3222=CARTESIAN_POINT('',(107.14609422599,-28.0107378516357,142.714762709082));
#3223=CARTESIAN_POINT('',(107.126008938212,-27.8911067774538,142.71584086299));
#3224=CARTESIAN_POINT('',(106.875656243597,-26.399967486274,142.729279492247));
#3225=CARTESIAN_POINT('',(106.972983233867,-24.8546256209217,142.724055097361));
#3226=CARTESIAN_POINT('',(107.621026106145,-22.6787737053406,142.689268941296));
#3227=CARTESIAN_POINT('',(107.919941755401,-21.9774210288007,142.673223511487));
#3228=CARTESIAN_POINT('',(108.668798522783,-20.6567478133125,142.633025787713));
#3229=CARTESIAN_POINT('',(109.118692244465,-20.0375928129705,142.608876037935));
#3230=CARTESIAN_POINT('',(110.147208051843,-18.9122014044517,142.553666555798));
#3231=CARTESIAN_POINT('',(110.725759104126,-18.4060427203506,142.522610636426));
#3232=CARTESIAN_POINT('',(111.982895937808,-17.5317783878887,142.455129054651));
#3233=CARTESIAN_POINT('',(112.661371602138,-17.1637695730679,142.418709303194));
#3234=CARTESIAN_POINT('',(114.0847931821,-16.5839430061754,142.342301757757));
#3235=CARTESIAN_POINT('',(114.829547616457,-16.3723111081076,142.302324242244));
#3236=CARTESIAN_POINT('',(116.34852866393,-16.1158372219304,142.220787180388));
#3237=CARTESIAN_POINT('',(117.12262707655,-16.0710494003267,142.179234515686));
#3238=CARTESIAN_POINT('',(118.661837822838,-16.1505822848689,142.096611548113));
#3239=CARTESIAN_POINT('',(119.426843853415,-16.2748974982024,142.05554695146));
#3240=CARTESIAN_POINT('',(120.909904083021,-16.6864904951744,141.975938075576));
#3241=CARTESIAN_POINT('',(121.627836600155,-16.9737012003426,141.937400328077));
#3242=CARTESIAN_POINT('',(122.981190966485,-17.6970071458497,141.864753905756));
#3243=CARTESIAN_POINT('',(123.616442324249,-18.1328978276863,141.830654382695));
#3244=CARTESIAN_POINT('',(124.772858242763,-19.1318733557401,141.768579377587));
#3245=CARTESIAN_POINT('',(125.293923680328,-19.6948505563888,141.74060921635));
#3246=CARTESIAN_POINT('',(126.196054866667,-20.9200008347645,141.692183907511));
#3247=CARTESIAN_POINT('',(126.577058310544,-21.582089298518,141.671732104362));
#3248=CARTESIAN_POINT('',(127.180138331829,-22.9726187262603,141.639359499659));
#3249=CARTESIAN_POINT('',(127.402185527378,-23.7008901836606,141.627440275291));
#3250=CARTESIAN_POINT('',(127.81330206649,-25.9314701514573,141.605372037675));
#3251=CARTESIAN_POINT('',(127.744369371874,-27.4782791832125,141.609072261191));
#3252=CARTESIAN_POINT('',(127.335496149389,-28.9353554723777,141.631020080283));
#3253=CARTESIAN_POINT('',(-8.2555045420845E-14,37.2500000000001,116.));
#3254=CARTESIAN_POINT('',(5.,37.2500000000001,45.9999999999999));
#3255=CARTESIAN_POINT('',(45.5190522213713,-4.74999999999995,-1.61391436479142E-14));
#3256=CARTESIAN_POINT('',(45.5190522213713,-4.74999999999995,-1.61391436479142E-14));
#3257=CARTESIAN_POINT('',(79.653755868715,40.2500000000005,310.));
#3258=CARTESIAN_POINT('',(79.6537558687148,-40.2499999999995,310.));
#3259=MECHANICAL_DESIGN_GEOMETRIC_PRESENTATION_REPRESENTATION('',(#24),
#3260);
#3260=(
GEOMETRIC_REPRESENTATION_CONTEXT(3)
GLOBAL_UNCERTAINTY_ASSIGNED_CONTEXT((#3261))
GLOBAL_UNIT_ASSIGNED_CONTEXT((#3267,#3263,#3262))
REPRESENTATION_CONTEXT('\X2\7B5B9009\X0\','TOP_LEVEL_ASSEMBLY_PART')
);
#3261=UNCERTAINTY_MEASURE_WITH_UNIT(LENGTH_MEASURE(0.0508),#3267,
'DISTANCE_ACCURACY_VALUE','Maximum Tolerance applied to model');
#3262=(
NAMED_UNIT(*)
SI_UNIT($,.STERADIAN.)
SOLID_ANGLE_UNIT()
);
#3263=(
CONVERSION_BASED_UNIT('DEGREE',#3265)
NAMED_UNIT(#3264)
PLANE_ANGLE_UNIT()
);
#3264=DIMENSIONAL_EXPONENTS(0.,0.,0.,0.,0.,0.,0.);
#3265=PLANE_ANGLE_MEASURE_WITH_UNIT(PLANE_ANGLE_MEASURE(0.0174532925),#3266);
#3266=(
NAMED_UNIT(*)
PLANE_ANGLE_UNIT()
SI_UNIT($,.RADIAN.)
);
#3267=(
LENGTH_UNIT()
NAMED_UNIT(*)
SI_UNIT(.MILLI.,.METRE.)
);
ENDSEC;
END-ISO-10303-21;
