ISO-10303-21;
HEADER;
/* Generated by software containing ST-Developer
 * from STEP Tools, Inc. (www.steptools.com) 
 */
/* OPTION: using custom schema-name function */

FILE_DESCRIPTION(
/* description */ (''),
/* implementation_level */ '2;1');

FILE_NAME(
/* name */ '\X2\7BB14F534E00\X0\.stp',
/* time_stamp */ '2026-05-02T16:23:41+08:00',
/* author */ (''),
/* organization */ (''),
/* preprocessor_version */ 'ST-DEVELOPER v16.7',
/* originating_system */ 'SIEMENS PLM Software NX 12.0',
/* authorisation */ '');

FILE_SCHEMA (('AUTOMOTIVE_DESIGN { 1 0 10303 214 3 1 1 1 }'));
ENDSEC;

DATA;
#10=SHAPE_REPRESENTATION_RELATIONSHIP('None',
'relationship between \X2\7BB14F53\X0\1-None and \X2\7BB14F53\X0\1-Non
e',#22,#11);
#11=ADVANCED_BREP_SHAPE_REPRESENTATION('\X2\7BB14F53\X0\1-None',(#46,#47,
#48),#2737);
#12=SHAPE_DEFINITION_REPRESENTATION(#13,#22);
#13=PRODUCT_DEFINITION_SHAPE('','',#14);
#14=PRODUCT_DEFINITION(' ','',#16,#15);
#15=PRODUCT_DEFINITION_CONTEXT('part definition',#21,'design');
#16=PRODUCT_DEFINITION_FORMATION_WITH_SPECIFIED_SOURCE(' ',' ',#18,
 .NOT_KNOWN.);
#17=PRODUCT_RELATED_PRODUCT_CATEGORY('part','',(#18));
#18=PRODUCT('\X2\7BB14F53\X0\1','\X2\7BB14F53\X0\1',' ',(#19));
#19=PRODUCT_CONTEXT(' ',#21,'mechanical');
#20=APPLICATION_PROTOCOL_DEFINITION('international standard',
'automotive_design',2010,#21);
#21=APPLICATION_CONTEXT(
'core data for automotive mechanical design processes');
#22=SHAPE_REPRESENTATION('\X2\7BB14F53\X0\1-None',(#1623),#2737);
#23=PRESENTATION_LAYER_ASSIGNMENT('1','Layer 1',(#46,#47,#48));
#24=STYLED_ITEM('',(#27),#46);
#25=STYLED_ITEM('',(#28),#47);
#26=STYLED_ITEM('',(#29),#48);
#27=PRESENTATION_STYLE_ASSIGNMENT((#30));
#28=PRESENTATION_STYLE_ASSIGNMENT((#31));
#29=PRESENTATION_STYLE_ASSIGNMENT((#32));
#30=SURFACE_STYLE_USAGE(.BOTH.,#33);
#31=SURFACE_STYLE_USAGE(.BOTH.,#34);
#32=SURFACE_STYLE_USAGE(.BOTH.,#35);
#33=SURFACE_SIDE_STYLE('',(#36));
#34=SURFACE_SIDE_STYLE('',(#37));
#35=SURFACE_SIDE_STYLE('',(#38));
#36=SURFACE_STYLE_FILL_AREA(#39);
#37=SURFACE_STYLE_FILL_AREA(#40);
#38=SURFACE_STYLE_FILL_AREA(#41);
#39=FILL_AREA_STYLE('',(#42));
#40=FILL_AREA_STYLE('',(#43));
#41=FILL_AREA_STYLE('',(#44));
#42=FILL_AREA_STYLE_COLOUR('',#45);
#43=FILL_AREA_STYLE_COLOUR('',#45);
#44=FILL_AREA_STYLE_COLOUR('',#45);
#45=COLOUR_RGB('\X2\6A598272\X0\',1.,0.6,0.);
#46=MANIFOLD_SOLID_BREP('',#49);
#47=MANIFOLD_SOLID_BREP('',#50);
#48=MANIFOLD_SOLID_BREP('',#51);
#49=CLOSED_SHELL('',(#393,#394,#395,#396,#397,#398,#399,#400,#401,#402,
#403,#404,#405,#406,#407,#408,#409,#410,#411,#412,#413,#414,#415,#416,#417,
#418,#419,#420,#421,#422,#423,#424,#425,#426,#427,#428,#429,#430,#431,#432,
#433,#434,#435,#436,#437,#438,#439,#440,#441,#442,#443,#444,#445,#446,#447,
#448,#449,#450,#451,#452,#453,#454,#455,#456,#457,#458));
#50=CLOSED_SHELL('',(#459,#460,#461,#462,#463,#464,#465,#466,#467,#468,
#469,#470,#471,#472,#473,#474,#475,#476,#477));
#51=CLOSED_SHELL('',(#478,#479,#480,#481));
#52=VERTEX_LOOP('',#1268);
#53=VERTEX_LOOP('',#1271);
#54=VERTEX_LOOP('',#1274);
#55=CONICAL_SURFACE('',#1706,3.,45.0000000000001);
#56=CONICAL_SURFACE('',#1707,3.,45.0000000000001);
#57=CONICAL_SURFACE('',#1709,2.5,59.);
#58=CONICAL_SURFACE('',#1712,3.,45.0000000000001);
#59=CONICAL_SURFACE('',#1714,2.5,59.);
#60=CONICAL_SURFACE('',#1717,3.,45.);
#61=CONICAL_SURFACE('',#1719,2.5,59.);
#62=CONICAL_SURFACE('',#1722,3.,45.);
#63=CONICAL_SURFACE('',#1740,195.918706235714,14.0362434679265);
#64=CONICAL_SURFACE('',#1742,55.9192700013098,14.0362434679265);
#65=CONICAL_SURFACE('',#1743,55.9192700013098,8.64539930953354);
#66=CONICAL_SURFACE('',#1744,195.918706235714,8.64539930953345);
#67=CYLINDRICAL_SURFACE('',#1662,3.4);
#68=CYLINDRICAL_SURFACE('',#1663,31.9825038080425);
#69=CYLINDRICAL_SURFACE('',#1664,38.9467973605242);
#70=CYLINDRICAL_SURFACE('',#1666,4.67554170676962);
#71=CYLINDRICAL_SURFACE('',#1668,12.880398867595);
#72=CYLINDRICAL_SURFACE('',#1670,9.30756026900054);
#73=CYLINDRICAL_SURFACE('',#1671,62.9667110288964);
#74=CYLINDRICAL_SURFACE('',#1683,55.9192700013098);
#75=CYLINDRICAL_SURFACE('',#1685,195.918706235714);
#76=CYLINDRICAL_SURFACE('',#1694,21.);
#77=CYLINDRICAL_SURFACE('',#1695,19.8737446790398);
#78=CYLINDRICAL_SURFACE('',#1696,25.5922439517194);
#79=CYLINDRICAL_SURFACE('',#1698,15.7863258993262);
#80=CYLINDRICAL_SURFACE('',#1699,30.);
#81=CYLINDRICAL_SURFACE('',#1701,48.9467973605242);
#82=CYLINDRICAL_SURFACE('',#1705,2.5);
#83=CYLINDRICAL_SURFACE('',#1711,2.5);
#84=CYLINDRICAL_SURFACE('',#1716,2.5);
#85=CYLINDRICAL_SURFACE('',#1721,2.5);
#86=CYLINDRICAL_SURFACE('',#1736,13.2807445125643);
#87=CYLINDRICAL_SURFACE('',#1737,12.8964964400613);
#88=CYLINDRICAL_SURFACE('',#1748,5.);
#89=CYLINDRICAL_SURFACE('',#1752,5.);
#90=CYLINDRICAL_SURFACE('',#1756,5.);
#91=CYLINDRICAL_SURFACE('',#1760,4.);
#92=CYLINDRICAL_SURFACE('',#1763,3.);
#93=CYLINDRICAL_SURFACE('',#1766,3.);
#94=CYLINDRICAL_SURFACE('',#1769,3.);
#95=CYLINDRICAL_SURFACE('',#1772,5.);
#96=CYLINDRICAL_SURFACE('',#1775,3.);
#97=CYLINDRICAL_SURFACE('',#1786,2.);
#98=CYLINDRICAL_SURFACE('',#1787,2.);
#99=CYLINDRICAL_SURFACE('',#1788,2.);
#100=CYLINDRICAL_SURFACE('',#1789,2.);
#101=CYLINDRICAL_SURFACE('',#1792,7.5);
#102=CYLINDRICAL_SURFACE('',#1795,3.4);
#103=B_SPLINE_CURVE_WITH_KNOTS('',3,(#2330,#2331,#2332,#2333),
 .UNSPECIFIED.,.F.,.F.,(4,4),(0.,1.),.UNSPECIFIED.);
#104=B_SPLINE_CURVE_WITH_KNOTS('',3,(#2335,#2336,#2337,#2338),
 .UNSPECIFIED.,.F.,.F.,(4,4),(0.,1.),.UNSPECIFIED.);
#105=B_SPLINE_CURVE_WITH_KNOTS('',3,(#2466,#2467,#2468,#2469),
 .UNSPECIFIED.,.F.,.F.,(4,4),(0.,1.),.UNSPECIFIED.);
#106=B_SPLINE_CURVE_WITH_KNOTS('',3,(#2500,#2501,#2502,#2503),
 .UNSPECIFIED.,.F.,.F.,(4,4),(0.,1.),.UNSPECIFIED.);
#107=B_SPLINE_CURVE_WITH_KNOTS('',3,(#2507,#2508,#2509,#2510),
 .UNSPECIFIED.,.F.,.F.,(4,4),(0.,1.),.UNSPECIFIED.);
#108=B_SPLINE_CURVE_WITH_KNOTS('',3,(#2512,#2513,#2514,#2515,#2516,#2517,
#2518,#2519),.UNSPECIFIED.,.F.,.F.,(4,2,2,4),(0.,0.5,0.75,1.),
 .UNSPECIFIED.);
#109=FACE_OUTER_BOUND('',#621,.T.);
#110=FACE_OUTER_BOUND('',#622,.T.);
#111=FACE_OUTER_BOUND('',#623,.T.);
#112=FACE_OUTER_BOUND('',#624,.T.);
#113=FACE_OUTER_BOUND('',#627,.T.);
#114=FACE_OUTER_BOUND('',#630,.T.);
#115=FACE_OUTER_BOUND('',#639,.T.);
#116=FACE_OUTER_BOUND('',#640,.T.);
#117=FACE_OUTER_BOUND('',#641,.T.);
#118=FACE_OUTER_BOUND('',#642,.T.);
#119=FACE_OUTER_BOUND('',#643,.T.);
#120=FACE_OUTER_BOUND('',#644,.T.);
#121=FACE_OUTER_BOUND('',#645,.T.);
#122=FACE_OUTER_BOUND('',#646,.T.);
#123=FACE_OUTER_BOUND('',#647,.T.);
#124=FACE_OUTER_BOUND('',#648,.T.);
#125=FACE_OUTER_BOUND('',#655,.T.);
#126=FACE_OUTER_BOUND('',#658,.T.);
#127=FACE_OUTER_BOUND('',#659,.T.);
#128=FACE_OUTER_BOUND('',#660,.T.);
#129=FACE_OUTER_BOUND('',#661,.T.);
#130=FACE_OUTER_BOUND('',#664,.T.);
#131=FACE_OUTER_BOUND('',#665,.T.);
#132=FACE_OUTER_BOUND('',#666,.T.);
#133=FACE_OUTER_BOUND('',#667,.T.);
#134=FACE_OUTER_BOUND('',#670,.T.);
#135=FACE_OUTER_BOUND('',#671,.T.);
#136=FACE_OUTER_BOUND('',#672,.T.);
#137=FACE_OUTER_BOUND('',#694,.T.);
#138=FACE_OUTER_BOUND('',#695,.T.);
#139=FACE_OUTER_BOUND('',#696,.T.);
#140=FACE_OUTER_BOUND('',#697,.T.);
#141=FACE_OUTER_BOUND('',#698,.T.);
#142=FACE_OUTER_BOUND('',#699,.T.);
#143=FACE_OUTER_BOUND('',#700,.T.);
#144=FACE_OUTER_BOUND('',#701,.T.);
#145=FACE_OUTER_BOUND('',#702,.T.);
#146=FACE_OUTER_BOUND('',#703,.T.);
#147=FACE_OUTER_BOUND('',#704,.T.);
#148=FACE_OUTER_BOUND('',#705,.T.);
#149=FACE_OUTER_BOUND('',#706,.T.);
#150=FACE_OUTER_BOUND('',#707,.T.);
#151=FACE_OUTER_BOUND('',#708,.T.);
#152=FACE_OUTER_BOUND('',#709,.T.);
#153=FACE_OUTER_BOUND('',#710,.T.);
#154=FACE_OUTER_BOUND('',#711,.T.);
#155=FACE_OUTER_BOUND('',#712,.T.);
#156=FACE_OUTER_BOUND('',#713,.T.);
#157=FACE_OUTER_BOUND('',#714,.T.);
#158=FACE_OUTER_BOUND('',#715,.T.);
#159=FACE_OUTER_BOUND('',#716,.T.);
#160=FACE_OUTER_BOUND('',#725,.T.);
#161=LINE('',#2272,#277);
#162=LINE('',#2275,#278);
#163=LINE('',#2277,#279);
#164=LINE('',#2279,#280);
#165=LINE('',#2281,#281);
#166=LINE('',#2284,#282);
#167=LINE('',#2286,#283);
#168=LINE('',#2288,#284);
#169=LINE('',#2290,#285);
#170=LINE('',#2293,#286);
#171=LINE('',#2295,#287);
#172=LINE('',#2297,#288);
#173=LINE('',#2298,#289);
#174=LINE('',#2300,#290);
#175=LINE('',#2302,#291);
#176=LINE('',#2307,#292);
#177=LINE('',#2308,#293);
#178=LINE('',#2323,#294);
#179=LINE('',#2325,#295);
#180=LINE('',#2326,#296);
#181=LINE('',#2328,#297);
#182=LINE('',#2340,#298);
#183=LINE('',#2342,#299);
#184=LINE('',#2344,#300);
#185=LINE('',#2351,#301);
#186=LINE('',#2355,#302);
#187=LINE('',#2359,#303);
#188=LINE('',#2364,#304);
#189=LINE('',#2368,#305);
#190=LINE('',#2370,#306);
#191=LINE('',#2373,#307);
#192=LINE('',#2374,#308);
#193=LINE('',#2383,#309);
#194=LINE('',#2386,#310);
#195=LINE('',#2388,#311);
#196=LINE('',#2390,#312);
#197=LINE('',#2400,#313);
#198=LINE('',#2404,#314);
#199=LINE('',#2408,#315);
#200=LINE('',#2410,#316);
#201=LINE('',#2412,#317);
#202=LINE('',#2414,#318);
#203=LINE('',#2417,#319);
#204=LINE('',#2418,#320);
#205=LINE('',#2420,#321);
#206=LINE('',#2422,#322);
#207=LINE('',#2424,#323);
#208=LINE('',#2426,#324);
#209=LINE('',#2428,#325);
#210=LINE('',#2430,#326);
#211=LINE('',#2432,#327);
#212=LINE('',#2435,#328);
#213=LINE('',#2437,#329);
#214=LINE('',#2449,#330);
#215=LINE('',#2451,#331);
#216=LINE('',#2453,#332);
#217=LINE('',#2455,#333);
#218=LINE('',#2458,#334);
#219=LINE('',#2460,#335);
#220=LINE('',#2462,#336);
#221=LINE('',#2464,#337);
#222=LINE('',#2471,#338);
#223=LINE('',#2473,#339);
#224=LINE('',#2494,#340);
#225=LINE('',#2495,#341);
#226=LINE('',#2496,#342);
#227=LINE('',#2498,#343);
#228=LINE('',#2505,#344);
#229=LINE('',#2520,#345);
#230=LINE('',#2523,#346);
#231=LINE('',#2525,#347);
#232=LINE('',#2527,#348);
#233=LINE('',#2529,#349);
#234=LINE('',#2531,#350);
#235=LINE('',#2564,#351);
#236=LINE('',#2565,#352);
#237=LINE('',#2567,#353);
#238=LINE('',#2569,#354);
#239=LINE('',#2571,#355);
#240=LINE('',#2573,#356);
#241=LINE('',#2575,#357);
#242=LINE('',#2577,#358);
#243=LINE('',#2579,#359);
#244=LINE('',#2581,#360);
#245=LINE('',#2583,#361);
#246=LINE('',#2585,#362);
#247=LINE('',#2590,#363);
#248=LINE('',#2592,#364);
#249=LINE('',#2594,#365);
#250=LINE('',#2598,#366);
#251=LINE('',#2601,#367);
#252=LINE('',#2602,#368);
#253=LINE('',#2604,#369);
#254=LINE('',#2606,#370);
#255=LINE('',#2612,#371);
#256=LINE('',#2613,#372);
#257=LINE('',#2615,#373);
#258=LINE('',#2617,#374);
#259=LINE('',#2620,#375);
#260=LINE('',#2626,#376);
#261=LINE('',#2629,#377);
#262=LINE('',#2632,#378);
#263=LINE('',#2634,#379);
#264=LINE('',#2636,#380);
#265=LINE('',#2640,#381);
#266=LINE('',#2644,#382);
#267=LINE('',#2646,#383);
#268=LINE('',#2648,#384);
#269=LINE('',#2652,#385);
#270=LINE('',#2656,#386);
#271=LINE('',#2658,#387);
#272=LINE('',#2660,#388);
#273=LINE('',#2664,#389);
#274=LINE('',#2668,#390);
#275=LINE('',#2670,#391);
#276=LINE('',#2672,#392);
#277=VECTOR('',#1808,1.);
#278=VECTOR('',#1809,1.);
#279=VECTOR('',#1810,1.);
#280=VECTOR('',#1811,1.);
#281=VECTOR('',#1814,1.);
#282=VECTOR('',#1815,1.);
#283=VECTOR('',#1816,1.);
#284=VECTOR('',#1817,1.);
#285=VECTOR('',#1820,1.);
#286=VECTOR('',#1821,1.);
#287=VECTOR('',#1822,1.);
#288=VECTOR('',#1823,1.);
#289=VECTOR('',#1824,1.);
#290=VECTOR('',#1825,1.);
#291=VECTOR('',#1826,1.);
#292=VECTOR('',#1831,1.);
#293=VECTOR('',#1832,1.);
#294=VECTOR('',#1847,1.);
#295=VECTOR('',#1848,1.);
#296=VECTOR('',#1849,1.);
#297=VECTOR('',#1852,1.);
#298=VECTOR('',#1853,1.);
#299=VECTOR('',#1854,1.);
#300=VECTOR('',#1855,1.);
#301=VECTOR('',#1862,1.);
#302=VECTOR('',#1865,1.);
#303=VECTOR('',#1868,1.);
#304=VECTOR('',#1873,1.);
#305=VECTOR('',#1876,1.);
#306=VECTOR('',#1879,1.);
#307=VECTOR('',#1880,1.);
#308=VECTOR('',#1881,1.);
#309=VECTOR('',#1892,1.);
#310=VECTOR('',#1893,1.);
#311=VECTOR('',#1894,1.);
#312=VECTOR('',#1895,1.);
#313=VECTOR('',#1904,1.);
#314=VECTOR('',#1907,1.);
#315=VECTOR('',#1910,1.);
#316=VECTOR('',#1913,1.);
#317=VECTOR('',#1914,1.);
#318=VECTOR('',#1915,1.);
#319=VECTOR('',#1920,1.);
#320=VECTOR('',#1921,1.);
#321=VECTOR('',#1924,1.);
#322=VECTOR('',#1927,1.);
#323=VECTOR('',#1930,1.);
#324=VECTOR('',#1933,1.);
#325=VECTOR('',#1936,1.);
#326=VECTOR('',#1939,1.);
#327=VECTOR('',#1942,1.);
#328=VECTOR('',#1947,1.);
#329=VECTOR('',#1948,1.);
#330=VECTOR('',#1961,1.);
#331=VECTOR('',#1962,1.);
#332=VECTOR('',#1965,1.);
#333=VECTOR('',#1968,1.);
#334=VECTOR('',#1969,1.);
#335=VECTOR('',#1970,1.);
#336=VECTOR('',#1971,1.);
#337=VECTOR('',#1974,1.);
#338=VECTOR('',#1975,1.);
#339=VECTOR('',#1978,1.);
#340=VECTOR('',#2003,1.);
#341=VECTOR('',#2004,1.);
#342=VECTOR('',#2005,1.);
#343=VECTOR('',#2008,1.);
#344=VECTOR('',#2013,1.);
#345=VECTOR('',#2016,1.);
#346=VECTOR('',#2021,1.);
#347=VECTOR('',#2024,1.);
#348=VECTOR('',#2027,1.);
#349=VECTOR('',#2028,1.);
#350=VECTOR('',#2029,1.);
#351=VECTOR('',#2072,1.);
#352=VECTOR('',#2073,1.);
#353=VECTOR('',#2076,1.);
#354=VECTOR('',#2077,1.);
#355=VECTOR('',#2078,1.);
#356=VECTOR('',#2081,1.);
#357=VECTOR('',#2082,1.);
#358=VECTOR('',#2083,1.);
#359=VECTOR('',#2086,1.);
#360=VECTOR('',#2087,1.);
#361=VECTOR('',#2088,1.);
#362=VECTOR('',#2091,1.);
#363=VECTOR('',#2096,1.);
#364=VECTOR('',#2097,1.);
#365=VECTOR('',#2098,1.);
#366=VECTOR('',#2103,1.);
#367=VECTOR('',#2104,1.);
#368=VECTOR('',#2105,1.);
#369=VECTOR('',#2108,1.);
#370=VECTOR('',#2109,1.);
#371=VECTOR('',#2116,1.);
#372=VECTOR('',#2117,1.);
#373=VECTOR('',#2120,1.);
#374=VECTOR('',#2123,1.);
#375=VECTOR('',#2128,1.);
#376=VECTOR('',#2137,1.);
#377=VECTOR('',#2142,1.);
#378=VECTOR('',#2143,1.);
#379=VECTOR('',#2144,1.);
#380=VECTOR('',#2145,1.);
#381=VECTOR('',#2150,1.);
#382=VECTOR('',#2155,1.);
#383=VECTOR('',#2156,1.);
#384=VECTOR('',#2157,1.);
#385=VECTOR('',#2162,1.);
#386=VECTOR('',#2167,1.);
#387=VECTOR('',#2168,1.);
#388=VECTOR('',#2169,1.);
#389=VECTOR('',#2174,1.);
#390=VECTOR('',#2179,1.);
#391=VECTOR('',#2180,1.);
#392=VECTOR('',#2181,1.);
#393=ADVANCED_FACE('',(#523,#524),#482,.F.);
#394=ADVANCED_FACE('',(#109),#483,.F.);
#395=ADVANCED_FACE('',(#110),#484,.F.);
#396=ADVANCED_FACE('',(#111),#485,.F.);
#397=ADVANCED_FACE('',(#112),#486,.F.);
#398=ADVANCED_FACE('',(#525,#526),#487,.F.);
#399=ADVANCED_FACE('',(#113),#488,.F.);
#400=ADVANCED_FACE('',(#527,#528),#489,.F.);
#401=ADVANCED_FACE('',(#114),#490,.F.);
#402=ADVANCED_FACE('',(#529,#530,#531,#532),#491,.T.);
#403=ADVANCED_FACE('',(#533,#534),#492,.F.);
#404=ADVANCED_FACE('',(#535,#536),#67,.F.);
#405=ADVANCED_FACE('',(#115),#68,.F.);
#406=ADVANCED_FACE('',(#116),#69,.F.);
#407=ADVANCED_FACE('',(#117),#493,.T.);
#408=ADVANCED_FACE('',(#118),#70,.F.);
#409=ADVANCED_FACE('',(#119),#494,.T.);
#410=ADVANCED_FACE('',(#120),#71,.F.);
#411=ADVANCED_FACE('',(#121),#495,.T.);
#412=ADVANCED_FACE('',(#122),#72,.F.);
#413=ADVANCED_FACE('',(#123),#73,.T.);
#414=ADVANCED_FACE('',(#124),#496,.F.);
#415=ADVANCED_FACE('',(#537,#538,#539,#540,#541,#542),#497,.T.);
#416=ADVANCED_FACE('',(#125),#498,.F.);
#417=ADVANCED_FACE('',(#543,#544),#499,.F.);
#418=ADVANCED_FACE('',(#126),#500,.F.);
#419=ADVANCED_FACE('',(#127),#74,.T.);
#420=ADVANCED_FACE('',(#128),#75,.F.);
#421=ADVANCED_FACE('',(#129),#501,.T.);
#422=ADVANCED_FACE('',(#545,#546),#76,.F.);
#423=ADVANCED_FACE('',(#130),#77,.T.);
#424=ADVANCED_FACE('',(#131),#78,.F.);
#425=ADVANCED_FACE('',(#132),#502,.F.);
#426=ADVANCED_FACE('',(#133),#79,.T.);
#427=ADVANCED_FACE('',(#547,#548),#80,.F.);
#428=ADVANCED_FACE('',(#134),#503,.F.);
#429=ADVANCED_FACE('',(#135),#81,.F.);
#430=ADVANCED_FACE('',(#136),#504,.F.);
#431=ADVANCED_FACE('',(#549,#550),#82,.F.);
#432=ADVANCED_FACE('',(#551,#552),#55,.F.);
#433=ADVANCED_FACE('',(#553,#554),#56,.F.);
#434=ADVANCED_FACE('',(#555,#556),#57,.F.);
#435=ADVANCED_FACE('',(#557,#558),#83,.F.);
#436=ADVANCED_FACE('',(#559,#560),#58,.F.);
#437=ADVANCED_FACE('',(#561,#562),#59,.F.);
#438=ADVANCED_FACE('',(#563,#564),#84,.F.);
#439=ADVANCED_FACE('',(#565,#566),#60,.F.);
#440=ADVANCED_FACE('',(#567,#568),#61,.F.);
#441=ADVANCED_FACE('',(#569,#570),#85,.F.);
#442=ADVANCED_FACE('',(#571,#572),#62,.F.);
#443=ADVANCED_FACE('',(#137),#505,.F.);
#444=ADVANCED_FACE('',(#138),#506,.F.);
#445=ADVANCED_FACE('',(#139),#507,.F.);
#446=ADVANCED_FACE('',(#140),#508,.F.);
#447=ADVANCED_FACE('',(#141),#509,.T.);
#448=ADVANCED_FACE('',(#142),#510,.F.);
#449=ADVANCED_FACE('',(#143),#511,.F.);
#450=ADVANCED_FACE('',(#144),#512,.F.);
#451=ADVANCED_FACE('',(#145),#513,.F.);
#452=ADVANCED_FACE('',(#146),#86,.T.);
#453=ADVANCED_FACE('',(#147),#87,.F.);
#454=ADVANCED_FACE('',(#148),#514,.F.);
#455=ADVANCED_FACE('',(#149),#63,.F.);
#456=ADVANCED_FACE('',(#150),#64,.T.);
#457=ADVANCED_FACE('',(#151),#65,.T.);
#458=ADVANCED_FACE('',(#152),#66,.F.);
#459=ADVANCED_FACE('',(#153),#515,.F.);
#460=ADVANCED_FACE('',(#154),#88,.T.);
#461=ADVANCED_FACE('',(#155),#516,.F.);
#462=ADVANCED_FACE('',(#156),#89,.T.);
#463=ADVANCED_FACE('',(#157),#517,.F.);
#464=ADVANCED_FACE('',(#158),#90,.T.);
#465=ADVANCED_FACE('',(#159),#518,.F.);
#466=ADVANCED_FACE('',(#573,#574),#91,.F.);
#467=ADVANCED_FACE('',(#575,#576),#92,.F.);
#468=ADVANCED_FACE('',(#577,#578),#93,.F.);
#469=ADVANCED_FACE('',(#579,#580),#94,.F.);
#470=ADVANCED_FACE('',(#160),#95,.T.);
#471=ADVANCED_FACE('',(#581,#582),#96,.F.);
#472=ADVANCED_FACE('',(#583,#584,#585,#586,#587,#588,#589,#590,#591,#592),
#519,.T.);
#473=ADVANCED_FACE('',(#593,#594,#595,#596,#597,#598,#599,#600,#601,#602),
#520,.F.);
#474=ADVANCED_FACE('',(#603,#604),#97,.F.);
#475=ADVANCED_FACE('',(#605,#606),#98,.F.);
#476=ADVANCED_FACE('',(#607,#608),#99,.F.);
#477=ADVANCED_FACE('',(#609,#610),#100,.F.);
#478=ADVANCED_FACE('',(#611,#612),#101,.T.);
#479=ADVANCED_FACE('',(#613,#614),#102,.F.);
#480=ADVANCED_FACE('',(#615,#616),#521,.T.);
#481=ADVANCED_FACE('',(#617,#618),#522,.F.);
#482=PLANE('',#1627);
#483=PLANE('',#1628);
#484=PLANE('',#1629);
#485=PLANE('',#1630);
#486=PLANE('',#1632);
#487=PLANE('',#1639);
#488=PLANE('',#1640);
#489=PLANE('',#1648);
#490=PLANE('',#1651);
#491=PLANE('',#1660);
#492=PLANE('',#1661);
#493=PLANE('',#1665);
#494=PLANE('',#1667);
#495=PLANE('',#1669);
#496=PLANE('',#1672);
#497=PLANE('',#1678);
#498=PLANE('',#1679);
#499=PLANE('',#1680);
#500=PLANE('',#1681);
#501=PLANE('',#1693);
#502=PLANE('',#1697);
#503=PLANE('',#1700);
#504=PLANE('',#1702);
#505=PLANE('',#1723);
#506=PLANE('',#1724);
#507=PLANE('',#1725);
#508=PLANE('',#1726);
#509=PLANE('',#1727);
#510=PLANE('',#1730);
#511=PLANE('',#1731);
#512=PLANE('',#1734);
#513=PLANE('',#1735);
#514=PLANE('',#1738);
#515=PLANE('',#1745);
#516=PLANE('',#1749);
#517=PLANE('',#1753);
#518=PLANE('',#1757);
#519=PLANE('',#1780);
#520=PLANE('',#1785);
#521=PLANE('',#1796);
#522=PLANE('',#1797);
#523=FACE_BOUND('',#619,.T.);
#524=FACE_BOUND('',#620,.T.);
#525=FACE_BOUND('',#625,.T.);
#526=FACE_BOUND('',#626,.T.);
#527=FACE_BOUND('',#628,.T.);
#528=FACE_BOUND('',#629,.T.);
#529=FACE_BOUND('',#631,.T.);
#530=FACE_BOUND('',#632,.T.);
#531=FACE_BOUND('',#633,.T.);
#532=FACE_BOUND('',#634,.T.);
#533=FACE_BOUND('',#635,.T.);
#534=FACE_BOUND('',#636,.T.);
#535=FACE_BOUND('',#637,.T.);
#536=FACE_BOUND('',#638,.T.);
#537=FACE_BOUND('',#649,.T.);
#538=FACE_BOUND('',#650,.T.);
#539=FACE_BOUND('',#651,.T.);
#540=FACE_BOUND('',#652,.T.);
#541=FACE_BOUND('',#653,.T.);
#542=FACE_BOUND('',#654,.T.);
#543=FACE_BOUND('',#656,.T.);
#544=FACE_BOUND('',#657,.T.);
#545=FACE_BOUND('',#662,.T.);
#546=FACE_BOUND('',#663,.T.);
#547=FACE_BOUND('',#668,.T.);
#548=FACE_BOUND('',#669,.T.);
#549=FACE_BOUND('',#673,.T.);
#550=FACE_BOUND('',#674,.T.);
#551=FACE_BOUND('',#675,.T.);
#552=FACE_BOUND('',#676,.T.);
#553=FACE_BOUND('',#677,.T.);
#554=FACE_BOUND('',#678,.T.);
#555=FACE_BOUND('',#679,.T.);
#556=FACE_BOUND('',#52,.T.);
#557=FACE_BOUND('',#680,.T.);
#558=FACE_BOUND('',#681,.T.);
#559=FACE_BOUND('',#682,.T.);
#560=FACE_BOUND('',#683,.T.);
#561=FACE_BOUND('',#684,.T.);
#562=FACE_BOUND('',#53,.T.);
#563=FACE_BOUND('',#685,.T.);
#564=FACE_BOUND('',#686,.T.);
#565=FACE_BOUND('',#687,.T.);
#566=FACE_BOUND('',#688,.T.);
#567=FACE_BOUND('',#689,.T.);
#568=FACE_BOUND('',#54,.T.);
#569=FACE_BOUND('',#690,.T.);
#570=FACE_BOUND('',#691,.T.);
#571=FACE_BOUND('',#692,.T.);
#572=FACE_BOUND('',#693,.T.);
#573=FACE_BOUND('',#717,.T.);
#574=FACE_BOUND('',#718,.T.);
#575=FACE_BOUND('',#719,.T.);
#576=FACE_BOUND('',#720,.T.);
#577=FACE_BOUND('',#721,.T.);
#578=FACE_BOUND('',#722,.T.);
#579=FACE_BOUND('',#723,.T.);
#580=FACE_BOUND('',#724,.T.);
#581=FACE_BOUND('',#726,.T.);
#582=FACE_BOUND('',#727,.T.);
#583=FACE_BOUND('',#728,.T.);
#584=FACE_BOUND('',#729,.T.);
#585=FACE_BOUND('',#730,.T.);
#586=FACE_BOUND('',#731,.T.);
#587=FACE_BOUND('',#732,.T.);
#588=FACE_BOUND('',#733,.T.);
#589=FACE_BOUND('',#734,.T.);
#590=FACE_BOUND('',#735,.T.);
#591=FACE_BOUND('',#736,.T.);
#592=FACE_BOUND('',#737,.T.);
#593=FACE_BOUND('',#738,.T.);
#594=FACE_BOUND('',#739,.T.);
#595=FACE_BOUND('',#740,.T.);
#596=FACE_BOUND('',#741,.T.);
#597=FACE_BOUND('',#742,.T.);
#598=FACE_BOUND('',#743,.T.);
#599=FACE_BOUND('',#744,.T.);
#600=FACE_BOUND('',#745,.T.);
#601=FACE_BOUND('',#746,.T.);
#602=FACE_BOUND('',#747,.T.);
#603=FACE_BOUND('',#748,.T.);
#604=FACE_BOUND('',#749,.T.);
#605=FACE_BOUND('',#750,.T.);
#606=FACE_BOUND('',#751,.T.);
#607=FACE_BOUND('',#752,.T.);
#608=FACE_BOUND('',#753,.T.);
#609=FACE_BOUND('',#754,.T.);
#610=FACE_BOUND('',#755,.T.);
#611=FACE_BOUND('',#756,.T.);
#612=FACE_BOUND('',#757,.T.);
#613=FACE_BOUND('',#758,.T.);
#614=FACE_BOUND('',#759,.T.);
#615=FACE_BOUND('',#760,.T.);
#616=FACE_BOUND('',#761,.T.);
#617=FACE_BOUND('',#762,.T.);
#618=FACE_BOUND('',#763,.T.);
#619=EDGE_LOOP('',(#764));
#620=EDGE_LOOP('',(#765,#766));
#621=EDGE_LOOP('',(#767,#768,#769,#770));
#622=EDGE_LOOP('',(#771,#772,#773,#774));
#623=EDGE_LOOP('',(#775,#776,#777,#778,#779,#780,#781,#782));
#624=EDGE_LOOP('',(#783,#784,#785,#786,#787));
#625=EDGE_LOOP('',(#788));
#626=EDGE_LOOP('',(#789,#790,#791,#792,#793,#794,#795,#796,#797));
#627=EDGE_LOOP('',(#798,#799,#800,#801,#802,#803,#804));
#628=EDGE_LOOP('',(#805,#806,#807,#808,#809,#810,#811,#812,#813));
#629=EDGE_LOOP('',(#814,#815,#816,#817,#818));
#630=EDGE_LOOP('',(#819,#820,#821,#822,#823,#824,#825));
#631=EDGE_LOOP('',(#826));
#632=EDGE_LOOP('',(#827));
#633=EDGE_LOOP('',(#828,#829,#830,#831));
#634=EDGE_LOOP('',(#832,#833,#834,#835,#836,#837,#838,#839,#840));
#635=EDGE_LOOP('',(#841,#842,#843,#844));
#636=EDGE_LOOP('',(#845,#846,#847,#848));
#637=EDGE_LOOP('',(#849));
#638=EDGE_LOOP('',(#850));
#639=EDGE_LOOP('',(#851,#852,#853,#854));
#640=EDGE_LOOP('',(#855,#856,#857,#858));
#641=EDGE_LOOP('',(#859,#860,#861,#862));
#642=EDGE_LOOP('',(#863,#864,#865,#866));
#643=EDGE_LOOP('',(#867,#868,#869,#870));
#644=EDGE_LOOP('',(#871,#872,#873,#874));
#645=EDGE_LOOP('',(#875,#876,#877,#878));
#646=EDGE_LOOP('',(#879,#880,#881,#882));
#647=EDGE_LOOP('',(#883,#884,#885,#886));
#648=EDGE_LOOP('',(#887,#888,#889,#890));
#649=EDGE_LOOP('',(#891));
#650=EDGE_LOOP('',(#892));
#651=EDGE_LOOP('',(#893));
#652=EDGE_LOOP('',(#894));
#653=EDGE_LOOP('',(#895));
#654=EDGE_LOOP('',(#896,#897,#898,#899));
#655=EDGE_LOOP('',(#900,#901,#902,#903));
#656=EDGE_LOOP('',(#904,#905,#906,#907));
#657=EDGE_LOOP('',(#908,#909,#910,#911));
#658=EDGE_LOOP('',(#912,#913,#914,#915));
#659=EDGE_LOOP('',(#916,#917,#918,#919));
#660=EDGE_LOOP('',(#920,#921,#922,#923));
#661=EDGE_LOOP('',(#924,#925,#926,#927,#928,#929,#930));
#662=EDGE_LOOP('',(#931,#932,#933,#934,#935,#936));
#663=EDGE_LOOP('',(#937));
#664=EDGE_LOOP('',(#938,#939,#940,#941));
#665=EDGE_LOOP('',(#942,#943,#944,#945,#946));
#666=EDGE_LOOP('',(#947,#948,#949,#950,#951));
#667=EDGE_LOOP('',(#952,#953,#954,#955,#956,#957));
#668=EDGE_LOOP('',(#958,#959,#960,#961,#962,#963));
#669=EDGE_LOOP('',(#964));
#670=EDGE_LOOP('',(#965,#966,#967,#968));
#671=EDGE_LOOP('',(#969,#970,#971,#972));
#672=EDGE_LOOP('',(#973,#974,#975,#976,#977,#978,#979,#980));
#673=EDGE_LOOP('',(#981));
#674=EDGE_LOOP('',(#982));
#675=EDGE_LOOP('',(#983));
#676=EDGE_LOOP('',(#984));
#677=EDGE_LOOP('',(#985));
#678=EDGE_LOOP('',(#986));
#679=EDGE_LOOP('',(#987));
#680=EDGE_LOOP('',(#988));
#681=EDGE_LOOP('',(#989));
#682=EDGE_LOOP('',(#990));
#683=EDGE_LOOP('',(#991));
#684=EDGE_LOOP('',(#992));
#685=EDGE_LOOP('',(#993));
#686=EDGE_LOOP('',(#994));
#687=EDGE_LOOP('',(#995));
#688=EDGE_LOOP('',(#996));
#689=EDGE_LOOP('',(#997));
#690=EDGE_LOOP('',(#998));
#691=EDGE_LOOP('',(#999));
#692=EDGE_LOOP('',(#1000));
#693=EDGE_LOOP('',(#1001));
#694=EDGE_LOOP('',(#1002,#1003,#1004,#1005));
#695=EDGE_LOOP('',(#1006,#1007,#1008,#1009));
#696=EDGE_LOOP('',(#1010,#1011,#1012,#1013,#1014,#1015,#1016,#1017));
#697=EDGE_LOOP('',(#1018,#1019,#1020,#1021,#1022,#1023,#1024,#1025));
#698=EDGE_LOOP('',(#1026,#1027,#1028,#1029));
#699=EDGE_LOOP('',(#1030,#1031,#1032,#1033,#1034));
#700=EDGE_LOOP('',(#1035,#1036,#1037,#1038));
#701=EDGE_LOOP('',(#1039,#1040,#1041,#1042,#1043));
#702=EDGE_LOOP('',(#1044,#1045,#1046,#1047,#1048,#1049,#1050,#1051));
#703=EDGE_LOOP('',(#1052,#1053,#1054,#1055));
#704=EDGE_LOOP('',(#1056,#1057,#1058,#1059));
#705=EDGE_LOOP('',(#1060,#1061,#1062,#1063,#1064,#1065,#1066,#1067));
#706=EDGE_LOOP('',(#1068,#1069,#1070,#1071,#1072));
#707=EDGE_LOOP('',(#1073,#1074,#1075,#1076));
#708=EDGE_LOOP('',(#1077,#1078,#1079,#1080,#1081));
#709=EDGE_LOOP('',(#1082,#1083,#1084,#1085));
#710=EDGE_LOOP('',(#1086,#1087,#1088,#1089));
#711=EDGE_LOOP('',(#1090,#1091,#1092,#1093));
#712=EDGE_LOOP('',(#1094,#1095,#1096,#1097));
#713=EDGE_LOOP('',(#1098,#1099,#1100,#1101));
#714=EDGE_LOOP('',(#1102,#1103,#1104,#1105));
#715=EDGE_LOOP('',(#1106,#1107,#1108,#1109));
#716=EDGE_LOOP('',(#1110,#1111,#1112,#1113));
#717=EDGE_LOOP('',(#1114));
#718=EDGE_LOOP('',(#1115));
#719=EDGE_LOOP('',(#1116));
#720=EDGE_LOOP('',(#1117));
#721=EDGE_LOOP('',(#1118));
#722=EDGE_LOOP('',(#1119));
#723=EDGE_LOOP('',(#1120));
#724=EDGE_LOOP('',(#1121));
#725=EDGE_LOOP('',(#1122,#1123,#1124,#1125));
#726=EDGE_LOOP('',(#1126));
#727=EDGE_LOOP('',(#1127));
#728=EDGE_LOOP('',(#1128));
#729=EDGE_LOOP('',(#1129));
#730=EDGE_LOOP('',(#1130));
#731=EDGE_LOOP('',(#1131));
#732=EDGE_LOOP('',(#1132,#1133,#1134,#1135,#1136,#1137,#1138,#1139));
#733=EDGE_LOOP('',(#1140));
#734=EDGE_LOOP('',(#1141));
#735=EDGE_LOOP('',(#1142));
#736=EDGE_LOOP('',(#1143));
#737=EDGE_LOOP('',(#1144));
#738=EDGE_LOOP('',(#1145));
#739=EDGE_LOOP('',(#1146));
#740=EDGE_LOOP('',(#1147));
#741=EDGE_LOOP('',(#1148));
#742=EDGE_LOOP('',(#1149,#1150,#1151,#1152,#1153,#1154,#1155,#1156));
#743=EDGE_LOOP('',(#1157));
#744=EDGE_LOOP('',(#1158));
#745=EDGE_LOOP('',(#1159));
#746=EDGE_LOOP('',(#1160));
#747=EDGE_LOOP('',(#1161));
#748=EDGE_LOOP('',(#1162));
#749=EDGE_LOOP('',(#1163));
#750=EDGE_LOOP('',(#1164));
#751=EDGE_LOOP('',(#1165));
#752=EDGE_LOOP('',(#1166));
#753=EDGE_LOOP('',(#1167));
#754=EDGE_LOOP('',(#1168));
#755=EDGE_LOOP('',(#1169));
#756=EDGE_LOOP('',(#1170));
#757=EDGE_LOOP('',(#1171));
#758=EDGE_LOOP('',(#1172));
#759=EDGE_LOOP('',(#1173));
#760=EDGE_LOOP('',(#1174));
#761=EDGE_LOOP('',(#1175));
#762=EDGE_LOOP('',(#1176));
#763=EDGE_LOOP('',(#1177));
#764=ORIENTED_EDGE('',*,*,#1331,.T.);
#765=ORIENTED_EDGE('',*,*,#1332,.T.);
#766=ORIENTED_EDGE('',*,*,#1333,.T.);
#767=ORIENTED_EDGE('',*,*,#1334,.F.);
#768=ORIENTED_EDGE('',*,*,#1335,.F.);
#769=ORIENTED_EDGE('',*,*,#1336,.T.);
#770=ORIENTED_EDGE('',*,*,#1337,.T.);
#771=ORIENTED_EDGE('',*,*,#1338,.T.);
#772=ORIENTED_EDGE('',*,*,#1339,.F.);
#773=ORIENTED_EDGE('',*,*,#1340,.F.);
#774=ORIENTED_EDGE('',*,*,#1341,.T.);
#775=ORIENTED_EDGE('',*,*,#1342,.T.);
#776=ORIENTED_EDGE('',*,*,#1343,.T.);
#777=ORIENTED_EDGE('',*,*,#1344,.F.);
#778=ORIENTED_EDGE('',*,*,#1345,.F.);
#779=ORIENTED_EDGE('',*,*,#1341,.F.);
#780=ORIENTED_EDGE('',*,*,#1346,.F.);
#781=ORIENTED_EDGE('',*,*,#1347,.F.);
#782=ORIENTED_EDGE('',*,*,#1348,.T.);
#783=ORIENTED_EDGE('',*,*,#1349,.F.);
#784=ORIENTED_EDGE('',*,*,#1350,.F.);
#785=ORIENTED_EDGE('',*,*,#1338,.F.);
#786=ORIENTED_EDGE('',*,*,#1345,.T.);
#787=ORIENTED_EDGE('',*,*,#1351,.F.);
#788=ORIENTED_EDGE('',*,*,#1352,.T.);
#789=ORIENTED_EDGE('',*,*,#1353,.F.);
#790=ORIENTED_EDGE('',*,*,#1354,.F.);
#791=ORIENTED_EDGE('',*,*,#1355,.F.);
#792=ORIENTED_EDGE('',*,*,#1356,.F.);
#793=ORIENTED_EDGE('',*,*,#1357,.F.);
#794=ORIENTED_EDGE('',*,*,#1358,.T.);
#795=ORIENTED_EDGE('',*,*,#1359,.T.);
#796=ORIENTED_EDGE('',*,*,#1336,.F.);
#797=ORIENTED_EDGE('',*,*,#1360,.F.);
#798=ORIENTED_EDGE('',*,*,#1358,.F.);
#799=ORIENTED_EDGE('',*,*,#1361,.F.);
#800=ORIENTED_EDGE('',*,*,#1362,.T.);
#801=ORIENTED_EDGE('',*,*,#1363,.T.);
#802=ORIENTED_EDGE('',*,*,#1364,.T.);
#803=ORIENTED_EDGE('',*,*,#1365,.T.);
#804=ORIENTED_EDGE('',*,*,#1366,.T.);
#805=ORIENTED_EDGE('',*,*,#1367,.F.);
#806=ORIENTED_EDGE('',*,*,#1368,.F.);
#807=ORIENTED_EDGE('',*,*,#1369,.F.);
#808=ORIENTED_EDGE('',*,*,#1370,.F.);
#809=ORIENTED_EDGE('',*,*,#1371,.F.);
#810=ORIENTED_EDGE('',*,*,#1372,.F.);
#811=ORIENTED_EDGE('',*,*,#1373,.F.);
#812=ORIENTED_EDGE('',*,*,#1374,.F.);
#813=ORIENTED_EDGE('',*,*,#1375,.F.);
#814=ORIENTED_EDGE('',*,*,#1340,.T.);
#815=ORIENTED_EDGE('',*,*,#1376,.T.);
#816=ORIENTED_EDGE('',*,*,#1377,.T.);
#817=ORIENTED_EDGE('',*,*,#1378,.T.);
#818=ORIENTED_EDGE('',*,*,#1346,.T.);
#819=ORIENTED_EDGE('',*,*,#1379,.T.);
#820=ORIENTED_EDGE('',*,*,#1380,.T.);
#821=ORIENTED_EDGE('',*,*,#1334,.T.);
#822=ORIENTED_EDGE('',*,*,#1381,.T.);
#823=ORIENTED_EDGE('',*,*,#1365,.F.);
#824=ORIENTED_EDGE('',*,*,#1382,.T.);
#825=ORIENTED_EDGE('',*,*,#1383,.T.);
#826=ORIENTED_EDGE('',*,*,#1384,.T.);
#827=ORIENTED_EDGE('',*,*,#1385,.F.);
#828=ORIENTED_EDGE('',*,*,#1386,.F.);
#829=ORIENTED_EDGE('',*,*,#1387,.F.);
#830=ORIENTED_EDGE('',*,*,#1388,.T.);
#831=ORIENTED_EDGE('',*,*,#1389,.T.);
#832=ORIENTED_EDGE('',*,*,#1390,.T.);
#833=ORIENTED_EDGE('',*,*,#1391,.T.);
#834=ORIENTED_EDGE('',*,*,#1392,.T.);
#835=ORIENTED_EDGE('',*,*,#1393,.T.);
#836=ORIENTED_EDGE('',*,*,#1394,.T.);
#837=ORIENTED_EDGE('',*,*,#1395,.T.);
#838=ORIENTED_EDGE('',*,*,#1396,.T.);
#839=ORIENTED_EDGE('',*,*,#1397,.T.);
#840=ORIENTED_EDGE('',*,*,#1398,.T.);
#841=ORIENTED_EDGE('',*,*,#1366,.F.);
#842=ORIENTED_EDGE('',*,*,#1381,.F.);
#843=ORIENTED_EDGE('',*,*,#1337,.F.);
#844=ORIENTED_EDGE('',*,*,#1359,.F.);
#845=ORIENTED_EDGE('',*,*,#1386,.T.);
#846=ORIENTED_EDGE('',*,*,#1399,.T.);
#847=ORIENTED_EDGE('',*,*,#1400,.T.);
#848=ORIENTED_EDGE('',*,*,#1401,.T.);
#849=ORIENTED_EDGE('',*,*,#1385,.T.);
#850=ORIENTED_EDGE('',*,*,#1331,.F.);
#851=ORIENTED_EDGE('',*,*,#1367,.T.);
#852=ORIENTED_EDGE('',*,*,#1402,.T.);
#853=ORIENTED_EDGE('',*,*,#1391,.F.);
#854=ORIENTED_EDGE('',*,*,#1403,.F.);
#855=ORIENTED_EDGE('',*,*,#1368,.T.);
#856=ORIENTED_EDGE('',*,*,#1403,.T.);
#857=ORIENTED_EDGE('',*,*,#1390,.F.);
#858=ORIENTED_EDGE('',*,*,#1404,.F.);
#859=ORIENTED_EDGE('',*,*,#1369,.T.);
#860=ORIENTED_EDGE('',*,*,#1404,.T.);
#861=ORIENTED_EDGE('',*,*,#1398,.F.);
#862=ORIENTED_EDGE('',*,*,#1405,.F.);
#863=ORIENTED_EDGE('',*,*,#1370,.T.);
#864=ORIENTED_EDGE('',*,*,#1405,.T.);
#865=ORIENTED_EDGE('',*,*,#1397,.F.);
#866=ORIENTED_EDGE('',*,*,#1406,.F.);
#867=ORIENTED_EDGE('',*,*,#1371,.T.);
#868=ORIENTED_EDGE('',*,*,#1406,.T.);
#869=ORIENTED_EDGE('',*,*,#1396,.F.);
#870=ORIENTED_EDGE('',*,*,#1407,.F.);
#871=ORIENTED_EDGE('',*,*,#1372,.T.);
#872=ORIENTED_EDGE('',*,*,#1407,.T.);
#873=ORIENTED_EDGE('',*,*,#1395,.F.);
#874=ORIENTED_EDGE('',*,*,#1408,.F.);
#875=ORIENTED_EDGE('',*,*,#1373,.T.);
#876=ORIENTED_EDGE('',*,*,#1408,.T.);
#877=ORIENTED_EDGE('',*,*,#1394,.F.);
#878=ORIENTED_EDGE('',*,*,#1409,.F.);
#879=ORIENTED_EDGE('',*,*,#1374,.T.);
#880=ORIENTED_EDGE('',*,*,#1409,.T.);
#881=ORIENTED_EDGE('',*,*,#1393,.F.);
#882=ORIENTED_EDGE('',*,*,#1410,.F.);
#883=ORIENTED_EDGE('',*,*,#1375,.T.);
#884=ORIENTED_EDGE('',*,*,#1410,.T.);
#885=ORIENTED_EDGE('',*,*,#1392,.F.);
#886=ORIENTED_EDGE('',*,*,#1402,.F.);
#887=ORIENTED_EDGE('',*,*,#1411,.T.);
#888=ORIENTED_EDGE('',*,*,#1399,.F.);
#889=ORIENTED_EDGE('',*,*,#1389,.F.);
#890=ORIENTED_EDGE('',*,*,#1412,.T.);
#891=ORIENTED_EDGE('',*,*,#1413,.T.);
#892=ORIENTED_EDGE('',*,*,#1414,.T.);
#893=ORIENTED_EDGE('',*,*,#1415,.T.);
#894=ORIENTED_EDGE('',*,*,#1416,.T.);
#895=ORIENTED_EDGE('',*,*,#1417,.T.);
#896=ORIENTED_EDGE('',*,*,#1411,.F.);
#897=ORIENTED_EDGE('',*,*,#1418,.T.);
#898=ORIENTED_EDGE('',*,*,#1419,.T.);
#899=ORIENTED_EDGE('',*,*,#1400,.F.);
#900=ORIENTED_EDGE('',*,*,#1419,.F.);
#901=ORIENTED_EDGE('',*,*,#1420,.T.);
#902=ORIENTED_EDGE('',*,*,#1387,.T.);
#903=ORIENTED_EDGE('',*,*,#1401,.F.);
#904=ORIENTED_EDGE('',*,*,#1421,.F.);
#905=ORIENTED_EDGE('',*,*,#1422,.F.);
#906=ORIENTED_EDGE('',*,*,#1423,.F.);
#907=ORIENTED_EDGE('',*,*,#1424,.F.);
#908=ORIENTED_EDGE('',*,*,#1418,.F.);
#909=ORIENTED_EDGE('',*,*,#1412,.F.);
#910=ORIENTED_EDGE('',*,*,#1388,.F.);
#911=ORIENTED_EDGE('',*,*,#1420,.F.);
#912=ORIENTED_EDGE('',*,*,#1425,.T.);
#913=ORIENTED_EDGE('',*,*,#1426,.T.);
#914=ORIENTED_EDGE('',*,*,#1427,.F.);
#915=ORIENTED_EDGE('',*,*,#1379,.F.);
#916=ORIENTED_EDGE('',*,*,#1428,.T.);
#917=ORIENTED_EDGE('',*,*,#1429,.T.);
#918=ORIENTED_EDGE('',*,*,#1425,.F.);
#919=ORIENTED_EDGE('',*,*,#1383,.F.);
#920=ORIENTED_EDGE('',*,*,#1364,.F.);
#921=ORIENTED_EDGE('',*,*,#1430,.T.);
#922=ORIENTED_EDGE('',*,*,#1428,.F.);
#923=ORIENTED_EDGE('',*,*,#1382,.F.);
#924=ORIENTED_EDGE('',*,*,#1431,.F.);
#925=ORIENTED_EDGE('',*,*,#1432,.T.);
#926=ORIENTED_EDGE('',*,*,#1433,.T.);
#927=ORIENTED_EDGE('',*,*,#1434,.F.);
#928=ORIENTED_EDGE('',*,*,#1435,.F.);
#929=ORIENTED_EDGE('',*,*,#1436,.F.);
#930=ORIENTED_EDGE('',*,*,#1437,.F.);
#931=ORIENTED_EDGE('',*,*,#1355,.T.);
#932=ORIENTED_EDGE('',*,*,#1438,.F.);
#933=ORIENTED_EDGE('',*,*,#1332,.F.);
#934=ORIENTED_EDGE('',*,*,#1439,.F.);
#935=ORIENTED_EDGE('',*,*,#1436,.T.);
#936=ORIENTED_EDGE('',*,*,#1440,.T.);
#937=ORIENTED_EDGE('',*,*,#1384,.F.);
#938=ORIENTED_EDGE('',*,*,#1356,.T.);
#939=ORIENTED_EDGE('',*,*,#1440,.F.);
#940=ORIENTED_EDGE('',*,*,#1435,.T.);
#941=ORIENTED_EDGE('',*,*,#1441,.T.);
#942=ORIENTED_EDGE('',*,*,#1361,.T.);
#943=ORIENTED_EDGE('',*,*,#1357,.T.);
#944=ORIENTED_EDGE('',*,*,#1441,.F.);
#945=ORIENTED_EDGE('',*,*,#1434,.T.);
#946=ORIENTED_EDGE('',*,*,#1442,.T.);
#947=ORIENTED_EDGE('',*,*,#1335,.T.);
#948=ORIENTED_EDGE('',*,*,#1380,.F.);
#949=ORIENTED_EDGE('',*,*,#1427,.T.);
#950=ORIENTED_EDGE('',*,*,#1443,.T.);
#951=ORIENTED_EDGE('',*,*,#1360,.T.);
#952=ORIENTED_EDGE('',*,*,#1353,.T.);
#953=ORIENTED_EDGE('',*,*,#1443,.F.);
#954=ORIENTED_EDGE('',*,*,#1444,.T.);
#955=ORIENTED_EDGE('',*,*,#1445,.T.);
#956=ORIENTED_EDGE('',*,*,#1431,.T.);
#957=ORIENTED_EDGE('',*,*,#1446,.T.);
#958=ORIENTED_EDGE('',*,*,#1438,.T.);
#959=ORIENTED_EDGE('',*,*,#1354,.T.);
#960=ORIENTED_EDGE('',*,*,#1446,.F.);
#961=ORIENTED_EDGE('',*,*,#1437,.T.);
#962=ORIENTED_EDGE('',*,*,#1439,.T.);
#963=ORIENTED_EDGE('',*,*,#1333,.F.);
#964=ORIENTED_EDGE('',*,*,#1417,.F.);
#965=ORIENTED_EDGE('',*,*,#1339,.T.);
#966=ORIENTED_EDGE('',*,*,#1350,.T.);
#967=ORIENTED_EDGE('',*,*,#1447,.F.);
#968=ORIENTED_EDGE('',*,*,#1376,.F.);
#969=ORIENTED_EDGE('',*,*,#1349,.T.);
#970=ORIENTED_EDGE('',*,*,#1448,.F.);
#971=ORIENTED_EDGE('',*,*,#1377,.F.);
#972=ORIENTED_EDGE('',*,*,#1447,.T.);
#973=ORIENTED_EDGE('',*,*,#1344,.T.);
#974=ORIENTED_EDGE('',*,*,#1449,.T.);
#975=ORIENTED_EDGE('',*,*,#1450,.F.);
#976=ORIENTED_EDGE('',*,*,#1451,.T.);
#977=ORIENTED_EDGE('',*,*,#1347,.T.);
#978=ORIENTED_EDGE('',*,*,#1378,.F.);
#979=ORIENTED_EDGE('',*,*,#1448,.T.);
#980=ORIENTED_EDGE('',*,*,#1351,.T.);
#981=ORIENTED_EDGE('',*,*,#1452,.T.);
#982=ORIENTED_EDGE('',*,*,#1453,.T.);
#983=ORIENTED_EDGE('',*,*,#1453,.F.);
#984=ORIENTED_EDGE('',*,*,#1416,.F.);
#985=ORIENTED_EDGE('',*,*,#1452,.F.);
#986=ORIENTED_EDGE('',*,*,#1352,.F.);
#987=ORIENTED_EDGE('',*,*,#1454,.T.);
#988=ORIENTED_EDGE('',*,*,#1455,.T.);
#989=ORIENTED_EDGE('',*,*,#1454,.F.);
#990=ORIENTED_EDGE('',*,*,#1455,.F.);
#991=ORIENTED_EDGE('',*,*,#1415,.F.);
#992=ORIENTED_EDGE('',*,*,#1456,.T.);
#993=ORIENTED_EDGE('',*,*,#1457,.T.);
#994=ORIENTED_EDGE('',*,*,#1456,.F.);
#995=ORIENTED_EDGE('',*,*,#1457,.F.);
#996=ORIENTED_EDGE('',*,*,#1414,.F.);
#997=ORIENTED_EDGE('',*,*,#1458,.T.);
#998=ORIENTED_EDGE('',*,*,#1459,.T.);
#999=ORIENTED_EDGE('',*,*,#1458,.F.);
#1000=ORIENTED_EDGE('',*,*,#1459,.F.);
#1001=ORIENTED_EDGE('',*,*,#1413,.F.);
#1002=ORIENTED_EDGE('',*,*,#1460,.F.);
#1003=ORIENTED_EDGE('',*,*,#1422,.T.);
#1004=ORIENTED_EDGE('',*,*,#1461,.T.);
#1005=ORIENTED_EDGE('',*,*,#1342,.F.);
#1006=ORIENTED_EDGE('',*,*,#1462,.F.);
#1007=ORIENTED_EDGE('',*,*,#1424,.T.);
#1008=ORIENTED_EDGE('',*,*,#1463,.T.);
#1009=ORIENTED_EDGE('',*,*,#1464,.F.);
#1010=ORIENTED_EDGE('',*,*,#1461,.F.);
#1011=ORIENTED_EDGE('',*,*,#1421,.T.);
#1012=ORIENTED_EDGE('',*,*,#1462,.T.);
#1013=ORIENTED_EDGE('',*,*,#1465,.F.);
#1014=ORIENTED_EDGE('',*,*,#1466,.F.);
#1015=ORIENTED_EDGE('',*,*,#1467,.T.);
#1016=ORIENTED_EDGE('',*,*,#1449,.F.);
#1017=ORIENTED_EDGE('',*,*,#1343,.F.);
#1018=ORIENTED_EDGE('',*,*,#1451,.F.);
#1019=ORIENTED_EDGE('',*,*,#1468,.T.);
#1020=ORIENTED_EDGE('',*,*,#1469,.F.);
#1021=ORIENTED_EDGE('',*,*,#1470,.F.);
#1022=ORIENTED_EDGE('',*,*,#1463,.F.);
#1023=ORIENTED_EDGE('',*,*,#1423,.T.);
#1024=ORIENTED_EDGE('',*,*,#1460,.T.);
#1025=ORIENTED_EDGE('',*,*,#1348,.F.);
#1026=ORIENTED_EDGE('',*,*,#1450,.T.);
#1027=ORIENTED_EDGE('',*,*,#1467,.F.);
#1028=ORIENTED_EDGE('',*,*,#1471,.T.);
#1029=ORIENTED_EDGE('',*,*,#1468,.F.);
#1030=ORIENTED_EDGE('',*,*,#1472,.F.);
#1031=ORIENTED_EDGE('',*,*,#1473,.F.);
#1032=ORIENTED_EDGE('',*,*,#1474,.T.);
#1033=ORIENTED_EDGE('',*,*,#1475,.T.);
#1034=ORIENTED_EDGE('',*,*,#1476,.F.);
#1035=ORIENTED_EDGE('',*,*,#1477,.T.);
#1036=ORIENTED_EDGE('',*,*,#1478,.F.);
#1037=ORIENTED_EDGE('',*,*,#1475,.F.);
#1038=ORIENTED_EDGE('',*,*,#1479,.T.);
#1039=ORIENTED_EDGE('',*,*,#1480,.T.);
#1040=ORIENTED_EDGE('',*,*,#1481,.T.);
#1041=ORIENTED_EDGE('',*,*,#1482,.T.);
#1042=ORIENTED_EDGE('',*,*,#1483,.T.);
#1043=ORIENTED_EDGE('',*,*,#1477,.F.);
#1044=ORIENTED_EDGE('',*,*,#1484,.F.);
#1045=ORIENTED_EDGE('',*,*,#1465,.T.);
#1046=ORIENTED_EDGE('',*,*,#1464,.T.);
#1047=ORIENTED_EDGE('',*,*,#1470,.T.);
#1048=ORIENTED_EDGE('',*,*,#1485,.F.);
#1049=ORIENTED_EDGE('',*,*,#1480,.F.);
#1050=ORIENTED_EDGE('',*,*,#1479,.F.);
#1051=ORIENTED_EDGE('',*,*,#1474,.F.);
#1052=ORIENTED_EDGE('',*,*,#1478,.T.);
#1053=ORIENTED_EDGE('',*,*,#1483,.F.);
#1054=ORIENTED_EDGE('',*,*,#1486,.T.);
#1055=ORIENTED_EDGE('',*,*,#1476,.T.);
#1056=ORIENTED_EDGE('',*,*,#1472,.T.);
#1057=ORIENTED_EDGE('',*,*,#1486,.F.);
#1058=ORIENTED_EDGE('',*,*,#1482,.F.);
#1059=ORIENTED_EDGE('',*,*,#1487,.T.);
#1060=ORIENTED_EDGE('',*,*,#1471,.F.);
#1061=ORIENTED_EDGE('',*,*,#1466,.T.);
#1062=ORIENTED_EDGE('',*,*,#1484,.T.);
#1063=ORIENTED_EDGE('',*,*,#1473,.T.);
#1064=ORIENTED_EDGE('',*,*,#1487,.F.);
#1065=ORIENTED_EDGE('',*,*,#1481,.F.);
#1066=ORIENTED_EDGE('',*,*,#1485,.T.);
#1067=ORIENTED_EDGE('',*,*,#1469,.T.);
#1068=ORIENTED_EDGE('',*,*,#1488,.F.);
#1069=ORIENTED_EDGE('',*,*,#1489,.T.);
#1070=ORIENTED_EDGE('',*,*,#1362,.F.);
#1071=ORIENTED_EDGE('',*,*,#1442,.F.);
#1072=ORIENTED_EDGE('',*,*,#1433,.F.);
#1073=ORIENTED_EDGE('',*,*,#1445,.F.);
#1074=ORIENTED_EDGE('',*,*,#1490,.T.);
#1075=ORIENTED_EDGE('',*,*,#1488,.T.);
#1076=ORIENTED_EDGE('',*,*,#1432,.F.);
#1077=ORIENTED_EDGE('',*,*,#1426,.F.);
#1078=ORIENTED_EDGE('',*,*,#1429,.F.);
#1079=ORIENTED_EDGE('',*,*,#1491,.F.);
#1080=ORIENTED_EDGE('',*,*,#1490,.F.);
#1081=ORIENTED_EDGE('',*,*,#1444,.F.);
#1082=ORIENTED_EDGE('',*,*,#1363,.F.);
#1083=ORIENTED_EDGE('',*,*,#1489,.F.);
#1084=ORIENTED_EDGE('',*,*,#1491,.T.);
#1085=ORIENTED_EDGE('',*,*,#1430,.F.);
#1086=ORIENTED_EDGE('',*,*,#1492,.T.);
#1087=ORIENTED_EDGE('',*,*,#1493,.F.);
#1088=ORIENTED_EDGE('',*,*,#1494,.F.);
#1089=ORIENTED_EDGE('',*,*,#1495,.T.);
#1090=ORIENTED_EDGE('',*,*,#1496,.T.);
#1091=ORIENTED_EDGE('',*,*,#1497,.F.);
#1092=ORIENTED_EDGE('',*,*,#1498,.F.);
#1093=ORIENTED_EDGE('',*,*,#1493,.T.);
#1094=ORIENTED_EDGE('',*,*,#1499,.T.);
#1095=ORIENTED_EDGE('',*,*,#1500,.F.);
#1096=ORIENTED_EDGE('',*,*,#1501,.F.);
#1097=ORIENTED_EDGE('',*,*,#1497,.T.);
#1098=ORIENTED_EDGE('',*,*,#1502,.T.);
#1099=ORIENTED_EDGE('',*,*,#1503,.F.);
#1100=ORIENTED_EDGE('',*,*,#1504,.F.);
#1101=ORIENTED_EDGE('',*,*,#1500,.T.);
#1102=ORIENTED_EDGE('',*,*,#1505,.T.);
#1103=ORIENTED_EDGE('',*,*,#1506,.F.);
#1104=ORIENTED_EDGE('',*,*,#1507,.F.);
#1105=ORIENTED_EDGE('',*,*,#1503,.T.);
#1106=ORIENTED_EDGE('',*,*,#1508,.T.);
#1107=ORIENTED_EDGE('',*,*,#1509,.F.);
#1108=ORIENTED_EDGE('',*,*,#1510,.F.);
#1109=ORIENTED_EDGE('',*,*,#1506,.T.);
#1110=ORIENTED_EDGE('',*,*,#1511,.T.);
#1111=ORIENTED_EDGE('',*,*,#1512,.F.);
#1112=ORIENTED_EDGE('',*,*,#1513,.F.);
#1113=ORIENTED_EDGE('',*,*,#1509,.T.);
#1114=ORIENTED_EDGE('',*,*,#1514,.T.);
#1115=ORIENTED_EDGE('',*,*,#1515,.F.);
#1116=ORIENTED_EDGE('',*,*,#1516,.T.);
#1117=ORIENTED_EDGE('',*,*,#1517,.F.);
#1118=ORIENTED_EDGE('',*,*,#1518,.T.);
#1119=ORIENTED_EDGE('',*,*,#1519,.F.);
#1120=ORIENTED_EDGE('',*,*,#1520,.T.);
#1121=ORIENTED_EDGE('',*,*,#1521,.F.);
#1122=ORIENTED_EDGE('',*,*,#1522,.T.);
#1123=ORIENTED_EDGE('',*,*,#1495,.F.);
#1124=ORIENTED_EDGE('',*,*,#1523,.F.);
#1125=ORIENTED_EDGE('',*,*,#1512,.T.);
#1126=ORIENTED_EDGE('',*,*,#1524,.T.);
#1127=ORIENTED_EDGE('',*,*,#1525,.F.);
#1128=ORIENTED_EDGE('',*,*,#1526,.F.);
#1129=ORIENTED_EDGE('',*,*,#1527,.F.);
#1130=ORIENTED_EDGE('',*,*,#1528,.F.);
#1131=ORIENTED_EDGE('',*,*,#1529,.F.);
#1132=ORIENTED_EDGE('',*,*,#1494,.T.);
#1133=ORIENTED_EDGE('',*,*,#1498,.T.);
#1134=ORIENTED_EDGE('',*,*,#1501,.T.);
#1135=ORIENTED_EDGE('',*,*,#1504,.T.);
#1136=ORIENTED_EDGE('',*,*,#1507,.T.);
#1137=ORIENTED_EDGE('',*,*,#1510,.T.);
#1138=ORIENTED_EDGE('',*,*,#1513,.T.);
#1139=ORIENTED_EDGE('',*,*,#1523,.T.);
#1140=ORIENTED_EDGE('',*,*,#1520,.F.);
#1141=ORIENTED_EDGE('',*,*,#1518,.F.);
#1142=ORIENTED_EDGE('',*,*,#1516,.F.);
#1143=ORIENTED_EDGE('',*,*,#1514,.F.);
#1144=ORIENTED_EDGE('',*,*,#1524,.F.);
#1145=ORIENTED_EDGE('',*,*,#1530,.T.);
#1146=ORIENTED_EDGE('',*,*,#1531,.T.);
#1147=ORIENTED_EDGE('',*,*,#1532,.T.);
#1148=ORIENTED_EDGE('',*,*,#1533,.T.);
#1149=ORIENTED_EDGE('',*,*,#1492,.F.);
#1150=ORIENTED_EDGE('',*,*,#1522,.F.);
#1151=ORIENTED_EDGE('',*,*,#1511,.F.);
#1152=ORIENTED_EDGE('',*,*,#1508,.F.);
#1153=ORIENTED_EDGE('',*,*,#1505,.F.);
#1154=ORIENTED_EDGE('',*,*,#1502,.F.);
#1155=ORIENTED_EDGE('',*,*,#1499,.F.);
#1156=ORIENTED_EDGE('',*,*,#1496,.F.);
#1157=ORIENTED_EDGE('',*,*,#1521,.T.);
#1158=ORIENTED_EDGE('',*,*,#1519,.T.);
#1159=ORIENTED_EDGE('',*,*,#1517,.T.);
#1160=ORIENTED_EDGE('',*,*,#1515,.T.);
#1161=ORIENTED_EDGE('',*,*,#1525,.T.);
#1162=ORIENTED_EDGE('',*,*,#1529,.T.);
#1163=ORIENTED_EDGE('',*,*,#1533,.F.);
#1164=ORIENTED_EDGE('',*,*,#1528,.T.);
#1165=ORIENTED_EDGE('',*,*,#1532,.F.);
#1166=ORIENTED_EDGE('',*,*,#1527,.T.);
#1167=ORIENTED_EDGE('',*,*,#1531,.F.);
#1168=ORIENTED_EDGE('',*,*,#1526,.T.);
#1169=ORIENTED_EDGE('',*,*,#1530,.F.);
#1170=ORIENTED_EDGE('',*,*,#1534,.F.);
#1171=ORIENTED_EDGE('',*,*,#1535,.T.);
#1172=ORIENTED_EDGE('',*,*,#1536,.F.);
#1173=ORIENTED_EDGE('',*,*,#1537,.T.);
#1174=ORIENTED_EDGE('',*,*,#1534,.T.);
#1175=ORIENTED_EDGE('',*,*,#1536,.T.);
#1176=ORIENTED_EDGE('',*,*,#1535,.F.);
#1177=ORIENTED_EDGE('',*,*,#1537,.F.);
#1178=VERTEX_POINT('',#2266);
#1179=VERTEX_POINT('',#2268);
#1180=VERTEX_POINT('',#2269);
#1181=VERTEX_POINT('',#2273);
#1182=VERTEX_POINT('',#2274);
#1183=VERTEX_POINT('',#2276);
#1184=VERTEX_POINT('',#2278);
#1185=VERTEX_POINT('',#2282);
#1186=VERTEX_POINT('',#2283);
#1187=VERTEX_POINT('',#2285);
#1188=VERTEX_POINT('',#2287);
#1189=VERTEX_POINT('',#2291);
#1190=VERTEX_POINT('',#2292);
#1191=VERTEX_POINT('',#2294);
#1192=VERTEX_POINT('',#2296);
#1193=VERTEX_POINT('',#2299);
#1194=VERTEX_POINT('',#2301);
#1195=VERTEX_POINT('',#2305);
#1196=VERTEX_POINT('',#2306);
#1197=VERTEX_POINT('',#2311);
#1198=VERTEX_POINT('',#2313);
#1199=VERTEX_POINT('',#2314);
#1200=VERTEX_POINT('',#2316);
#1201=VERTEX_POINT('',#2318);
#1202=VERTEX_POINT('',#2320);
#1203=VERTEX_POINT('',#2322);
#1204=VERTEX_POINT('',#2324);
#1205=VERTEX_POINT('',#2329);
#1206=VERTEX_POINT('',#2334);
#1207=VERTEX_POINT('',#2339);
#1208=VERTEX_POINT('',#2341);
#1209=VERTEX_POINT('',#2343);
#1210=VERTEX_POINT('',#2347);
#1211=VERTEX_POINT('',#2348);
#1212=VERTEX_POINT('',#2350);
#1213=VERTEX_POINT('',#2352);
#1214=VERTEX_POINT('',#2354);
#1215=VERTEX_POINT('',#2356);
#1216=VERTEX_POINT('',#2358);
#1217=VERTEX_POINT('',#2360);
#1218=VERTEX_POINT('',#2362);
#1219=VERTEX_POINT('',#2365);
#1220=VERTEX_POINT('',#2367);
#1221=VERTEX_POINT('',#2371);
#1222=VERTEX_POINT('',#2372);
#1223=VERTEX_POINT('',#2376);
#1224=VERTEX_POINT('',#2380);
#1225=VERTEX_POINT('',#2382);
#1226=VERTEX_POINT('',#2384);
#1227=VERTEX_POINT('',#2385);
#1228=VERTEX_POINT('',#2387);
#1229=VERTEX_POINT('',#2389);
#1230=VERTEX_POINT('',#2392);
#1231=VERTEX_POINT('',#2393);
#1232=VERTEX_POINT('',#2395);
#1233=VERTEX_POINT('',#2397);
#1234=VERTEX_POINT('',#2399);
#1235=VERTEX_POINT('',#2401);
#1236=VERTEX_POINT('',#2403);
#1237=VERTEX_POINT('',#2405);
#1238=VERTEX_POINT('',#2407);
#1239=VERTEX_POINT('',#2411);
#1240=VERTEX_POINT('',#2413);
#1241=VERTEX_POINT('',#2436);
#1242=VERTEX_POINT('',#2440);
#1243=VERTEX_POINT('',#2442);
#1244=VERTEX_POINT('',#2444);
#1245=VERTEX_POINT('',#2446);
#1246=VERTEX_POINT('',#2448);
#1247=VERTEX_POINT('',#2450);
#1248=VERTEX_POINT('',#2456);
#1249=VERTEX_POINT('',#2457);
#1250=VERTEX_POINT('',#2459);
#1251=VERTEX_POINT('',#2461);
#1252=VERTEX_POINT('',#2465);
#1253=VERTEX_POINT('',#2470);
#1254=VERTEX_POINT('',#2474);
#1255=VERTEX_POINT('',#2480);
#1256=VERTEX_POINT('',#2481);
#1257=VERTEX_POINT('',#2483);
#1258=VERTEX_POINT('',#2485);
#1259=VERTEX_POINT('',#2487);
#1260=VERTEX_POINT('',#2489);
#1261=VERTEX_POINT('',#2491);
#1262=VERTEX_POINT('',#2511);
#1263=VERTEX_POINT('',#2528);
#1264=VERTEX_POINT('',#2530);
#1265=VERTEX_POINT('',#2534);
#1266=VERTEX_POINT('',#2536);
#1267=VERTEX_POINT('',#2541);
#1268=VERTEX_POINT('',#2542);
#1269=VERTEX_POINT('',#2545);
#1270=VERTEX_POINT('',#2549);
#1271=VERTEX_POINT('',#2550);
#1272=VERTEX_POINT('',#2553);
#1273=VERTEX_POINT('',#2557);
#1274=VERTEX_POINT('',#2558);
#1275=VERTEX_POINT('',#2561);
#1276=VERTEX_POINT('',#2568);
#1277=VERTEX_POINT('',#2570);
#1278=VERTEX_POINT('',#2574);
#1279=VERTEX_POINT('',#2576);
#1280=VERTEX_POINT('',#2580);
#1281=VERTEX_POINT('',#2582);
#1282=VERTEX_POINT('',#2588);
#1283=VERTEX_POINT('',#2589);
#1284=VERTEX_POINT('',#2591);
#1285=VERTEX_POINT('',#2593);
#1286=VERTEX_POINT('',#2595);
#1287=VERTEX_POINT('',#2599);
#1288=VERTEX_POINT('',#2600);
#1289=VERTEX_POINT('',#2605);
#1290=VERTEX_POINT('',#2607);
#1291=VERTEX_POINT('',#2609);
#1292=VERTEX_POINT('',#2621);
#1293=VERTEX_POINT('',#2630);
#1294=VERTEX_POINT('',#2631);
#1295=VERTEX_POINT('',#2633);
#1296=VERTEX_POINT('',#2635);
#1297=VERTEX_POINT('',#2639);
#1298=VERTEX_POINT('',#2641);
#1299=VERTEX_POINT('',#2645);
#1300=VERTEX_POINT('',#2647);
#1301=VERTEX_POINT('',#2651);
#1302=VERTEX_POINT('',#2653);
#1303=VERTEX_POINT('',#2657);
#1304=VERTEX_POINT('',#2659);
#1305=VERTEX_POINT('',#2663);
#1306=VERTEX_POINT('',#2665);
#1307=VERTEX_POINT('',#2669);
#1308=VERTEX_POINT('',#2671);
#1309=VERTEX_POINT('',#2675);
#1310=VERTEX_POINT('',#2677);
#1311=VERTEX_POINT('',#2680);
#1312=VERTEX_POINT('',#2682);
#1313=VERTEX_POINT('',#2685);
#1314=VERTEX_POINT('',#2687);
#1315=VERTEX_POINT('',#2690);
#1316=VERTEX_POINT('',#2692);
#1317=VERTEX_POINT('',#2698);
#1318=VERTEX_POINT('',#2700);
#1319=VERTEX_POINT('',#2703);
#1320=VERTEX_POINT('',#2705);
#1321=VERTEX_POINT('',#2707);
#1322=VERTEX_POINT('',#2709);
#1323=VERTEX_POINT('',#2712);
#1324=VERTEX_POINT('',#2714);
#1325=VERTEX_POINT('',#2716);
#1326=VERTEX_POINT('',#2718);
#1327=VERTEX_POINT('',#2725);
#1328=VERTEX_POINT('',#2727);
#1329=VERTEX_POINT('',#2730);
#1330=VERTEX_POINT('',#2732);
#1331=EDGE_CURVE('',#1178,#1178,#1538,.T.);
#1332=EDGE_CURVE('',#1179,#1180,#1539,.T.);
#1333=EDGE_CURVE('',#1180,#1179,#1540,.T.);
#1334=EDGE_CURVE('',#1181,#1182,#161,.T.);
#1335=EDGE_CURVE('',#1183,#1181,#162,.T.);
#1336=EDGE_CURVE('',#1183,#1184,#163,.T.);
#1337=EDGE_CURVE('',#1184,#1182,#164,.T.);
#1338=EDGE_CURVE('',#1185,#1186,#165,.T.);
#1339=EDGE_CURVE('',#1187,#1186,#166,.T.);
#1340=EDGE_CURVE('',#1188,#1187,#167,.T.);
#1341=EDGE_CURVE('',#1188,#1185,#168,.T.);
#1342=EDGE_CURVE('',#1189,#1190,#169,.T.);
#1343=EDGE_CURVE('',#1190,#1191,#170,.T.);
#1344=EDGE_CURVE('',#1192,#1191,#171,.T.);
#1345=EDGE_CURVE('',#1185,#1192,#172,.T.);
#1346=EDGE_CURVE('',#1193,#1188,#173,.T.);
#1347=EDGE_CURVE('',#1194,#1193,#174,.T.);
#1348=EDGE_CURVE('',#1194,#1189,#175,.T.);
#1349=EDGE_CURVE('',#1195,#1196,#1541,.T.);
#1350=EDGE_CURVE('',#1186,#1195,#176,.T.);
#1351=EDGE_CURVE('',#1196,#1192,#177,.T.);
#1352=EDGE_CURVE('',#1197,#1197,#1542,.T.);
#1353=EDGE_CURVE('',#1198,#1199,#1543,.T.);
#1354=EDGE_CURVE('',#1200,#1198,#1544,.T.);
#1355=EDGE_CURVE('',#1201,#1200,#1545,.T.);
#1356=EDGE_CURVE('',#1202,#1201,#1546,.T.);
#1357=EDGE_CURVE('',#1203,#1202,#1547,.T.);
#1358=EDGE_CURVE('',#1203,#1204,#178,.T.);
#1359=EDGE_CURVE('',#1204,#1184,#179,.T.);
#1360=EDGE_CURVE('',#1199,#1183,#180,.T.);
#1361=EDGE_CURVE('',#1205,#1203,#181,.T.);
#1362=EDGE_CURVE('',#1205,#1206,#103,.T.);
#1363=EDGE_CURVE('',#1206,#1207,#104,.T.);
#1364=EDGE_CURVE('',#1207,#1208,#182,.T.);
#1365=EDGE_CURVE('',#1208,#1209,#183,.T.);
#1366=EDGE_CURVE('',#1209,#1204,#184,.T.);
#1367=EDGE_CURVE('',#1210,#1211,#1548,.T.);
#1368=EDGE_CURVE('',#1212,#1210,#1549,.T.);
#1369=EDGE_CURVE('',#1213,#1212,#185,.T.);
#1370=EDGE_CURVE('',#1214,#1213,#1550,.T.);
#1371=EDGE_CURVE('',#1215,#1214,#186,.T.);
#1372=EDGE_CURVE('',#1216,#1215,#1551,.T.);
#1373=EDGE_CURVE('',#1217,#1216,#187,.T.);
#1374=EDGE_CURVE('',#1218,#1217,#1552,.T.);
#1375=EDGE_CURVE('',#1211,#1218,#1553,.T.);
#1376=EDGE_CURVE('',#1187,#1219,#188,.T.);
#1377=EDGE_CURVE('',#1219,#1220,#1554,.T.);
#1378=EDGE_CURVE('',#1220,#1193,#189,.T.);
#1379=EDGE_CURVE('',#1221,#1222,#190,.T.);
#1380=EDGE_CURVE('',#1222,#1181,#191,.T.);
#1381=EDGE_CURVE('',#1182,#1209,#192,.T.);
#1382=EDGE_CURVE('',#1208,#1223,#1555,.T.);
#1383=EDGE_CURVE('',#1223,#1221,#1556,.T.);
#1384=EDGE_CURVE('',#1224,#1224,#1557,.T.);
#1385=EDGE_CURVE('',#1225,#1225,#1558,.T.);
#1386=EDGE_CURVE('',#1226,#1227,#193,.T.);
#1387=EDGE_CURVE('',#1228,#1226,#194,.T.);
#1388=EDGE_CURVE('',#1228,#1229,#195,.T.);
#1389=EDGE_CURVE('',#1229,#1227,#196,.T.);
#1390=EDGE_CURVE('',#1230,#1231,#1559,.T.);
#1391=EDGE_CURVE('',#1231,#1232,#1560,.T.);
#1392=EDGE_CURVE('',#1232,#1233,#1561,.T.);
#1393=EDGE_CURVE('',#1233,#1234,#1562,.T.);
#1394=EDGE_CURVE('',#1234,#1235,#197,.T.);
#1395=EDGE_CURVE('',#1235,#1236,#1563,.T.);
#1396=EDGE_CURVE('',#1236,#1237,#198,.T.);
#1397=EDGE_CURVE('',#1237,#1238,#1564,.T.);
#1398=EDGE_CURVE('',#1238,#1230,#199,.T.);
#1399=EDGE_CURVE('',#1227,#1239,#200,.T.);
#1400=EDGE_CURVE('',#1239,#1240,#201,.T.);
#1401=EDGE_CURVE('',#1240,#1226,#202,.T.);
#1402=EDGE_CURVE('',#1211,#1232,#203,.T.);
#1403=EDGE_CURVE('',#1210,#1231,#204,.T.);
#1404=EDGE_CURVE('',#1212,#1230,#205,.T.);
#1405=EDGE_CURVE('',#1213,#1238,#206,.T.);
#1406=EDGE_CURVE('',#1214,#1237,#207,.T.);
#1407=EDGE_CURVE('',#1215,#1236,#208,.T.);
#1408=EDGE_CURVE('',#1216,#1235,#209,.T.);
#1409=EDGE_CURVE('',#1217,#1234,#210,.T.);
#1410=EDGE_CURVE('',#1218,#1233,#211,.T.);
#1411=EDGE_CURVE('',#1241,#1239,#212,.T.);
#1412=EDGE_CURVE('',#1229,#1241,#213,.T.);
#1413=EDGE_CURVE('',#1242,#1242,#1565,.T.);
#1414=EDGE_CURVE('',#1243,#1243,#1566,.T.);
#1415=EDGE_CURVE('',#1244,#1244,#1567,.T.);
#1416=EDGE_CURVE('',#1245,#1245,#1568,.T.);
#1417=EDGE_CURVE('',#1246,#1246,#1569,.T.);
#1418=EDGE_CURVE('',#1241,#1247,#214,.T.);
#1419=EDGE_CURVE('',#1247,#1240,#215,.T.);
#1420=EDGE_CURVE('',#1247,#1228,#216,.T.);
#1421=EDGE_CURVE('',#1248,#1249,#217,.T.);
#1422=EDGE_CURVE('',#1250,#1248,#218,.T.);
#1423=EDGE_CURVE('',#1251,#1250,#219,.T.);
#1424=EDGE_CURVE('',#1249,#1251,#220,.T.);
#1425=EDGE_CURVE('',#1221,#1252,#221,.T.);
#1426=EDGE_CURVE('',#1252,#1253,#105,.T.);
#1427=EDGE_CURVE('',#1222,#1253,#222,.T.);
#1428=EDGE_CURVE('',#1223,#1254,#223,.T.);
#1429=EDGE_CURVE('',#1254,#1252,#1570,.T.);
#1430=EDGE_CURVE('',#1207,#1254,#1571,.T.);
#1431=EDGE_CURVE('',#1255,#1256,#1572,.T.);
#1432=EDGE_CURVE('',#1255,#1257,#1573,.T.);
#1433=EDGE_CURVE('',#1257,#1258,#1574,.T.);
#1434=EDGE_CURVE('',#1259,#1258,#1575,.T.);
#1435=EDGE_CURVE('',#1260,#1259,#1576,.T.);
#1436=EDGE_CURVE('',#1261,#1260,#1577,.T.);
#1437=EDGE_CURVE('',#1256,#1261,#1578,.T.);
#1438=EDGE_CURVE('',#1180,#1200,#224,.T.);
#1439=EDGE_CURVE('',#1261,#1179,#225,.T.);
#1440=EDGE_CURVE('',#1260,#1201,#226,.T.);
#1441=EDGE_CURVE('',#1259,#1202,#227,.T.);
#1442=EDGE_CURVE('',#1258,#1205,#106,.T.);
#1443=EDGE_CURVE('',#1253,#1199,#228,.T.);
#1444=EDGE_CURVE('',#1253,#1262,#107,.T.);
#1445=EDGE_CURVE('',#1262,#1255,#108,.T.);
#1446=EDGE_CURVE('',#1256,#1198,#229,.T.);
#1447=EDGE_CURVE('',#1219,#1195,#230,.T.);
#1448=EDGE_CURVE('',#1220,#1196,#231,.T.);
#1449=EDGE_CURVE('',#1191,#1263,#232,.T.);
#1450=EDGE_CURVE('',#1264,#1263,#233,.T.);
#1451=EDGE_CURVE('',#1264,#1194,#234,.T.);
#1452=EDGE_CURVE('',#1265,#1265,#1579,.T.);
#1453=EDGE_CURVE('',#1266,#1266,#1580,.T.);
#1454=EDGE_CURVE('',#1267,#1267,#1581,.T.);
#1455=EDGE_CURVE('',#1269,#1269,#1582,.T.);
#1456=EDGE_CURVE('',#1270,#1270,#1583,.T.);
#1457=EDGE_CURVE('',#1272,#1272,#1584,.T.);
#1458=EDGE_CURVE('',#1273,#1273,#1585,.T.);
#1459=EDGE_CURVE('',#1275,#1275,#1586,.T.);
#1460=EDGE_CURVE('',#1250,#1189,#235,.T.);
#1461=EDGE_CURVE('',#1248,#1190,#236,.T.);
#1462=EDGE_CURVE('',#1249,#1276,#237,.T.);
#1463=EDGE_CURVE('',#1251,#1277,#238,.T.);
#1464=EDGE_CURVE('',#1276,#1277,#239,.T.);
#1465=EDGE_CURVE('',#1278,#1276,#240,.T.);
#1466=EDGE_CURVE('',#1279,#1278,#241,.T.);
#1467=EDGE_CURVE('',#1279,#1263,#242,.T.);
#1468=EDGE_CURVE('',#1264,#1280,#243,.T.);
#1469=EDGE_CURVE('',#1281,#1280,#244,.T.);
#1470=EDGE_CURVE('',#1277,#1281,#245,.T.);
#1471=EDGE_CURVE('',#1279,#1280,#246,.T.);
#1472=EDGE_CURVE('',#1282,#1283,#1587,.T.);
#1473=EDGE_CURVE('',#1284,#1282,#247,.T.);
#1474=EDGE_CURVE('',#1284,#1285,#248,.T.);
#1475=EDGE_CURVE('',#1285,#1286,#249,.T.);
#1476=EDGE_CURVE('',#1283,#1286,#1588,.T.);
#1477=EDGE_CURVE('',#1287,#1288,#250,.T.);
#1478=EDGE_CURVE('',#1286,#1288,#251,.T.);
#1479=EDGE_CURVE('',#1285,#1287,#252,.T.);
#1480=EDGE_CURVE('',#1287,#1289,#253,.T.);
#1481=EDGE_CURVE('',#1289,#1290,#254,.T.);
#1482=EDGE_CURVE('',#1290,#1291,#1589,.T.);
#1483=EDGE_CURVE('',#1291,#1288,#1590,.T.);
#1484=EDGE_CURVE('',#1278,#1284,#255,.T.);
#1485=EDGE_CURVE('',#1289,#1281,#256,.T.);
#1486=EDGE_CURVE('',#1291,#1283,#257,.T.);
#1487=EDGE_CURVE('',#1290,#1282,#258,.T.);
#1488=EDGE_CURVE('',#1292,#1257,#259,.T.);
#1489=EDGE_CURVE('',#1292,#1206,#1591,.T.);
#1490=EDGE_CURVE('',#1262,#1292,#1592,.T.);
#1491=EDGE_CURVE('',#1292,#1254,#260,.T.);
#1492=EDGE_CURVE('',#1293,#1294,#261,.T.);
#1493=EDGE_CURVE('',#1295,#1294,#262,.T.);
#1494=EDGE_CURVE('',#1296,#1295,#263,.T.);
#1495=EDGE_CURVE('',#1296,#1293,#264,.T.);
#1496=EDGE_CURVE('',#1294,#1297,#1593,.T.);
#1497=EDGE_CURVE('',#1298,#1297,#265,.T.);
#1498=EDGE_CURVE('',#1295,#1298,#1594,.T.);
#1499=EDGE_CURVE('',#1297,#1299,#266,.T.);
#1500=EDGE_CURVE('',#1300,#1299,#267,.T.);
#1501=EDGE_CURVE('',#1298,#1300,#268,.T.);
#1502=EDGE_CURVE('',#1299,#1301,#1595,.T.);
#1503=EDGE_CURVE('',#1302,#1301,#269,.T.);
#1504=EDGE_CURVE('',#1300,#1302,#1596,.T.);
#1505=EDGE_CURVE('',#1301,#1303,#270,.T.);
#1506=EDGE_CURVE('',#1304,#1303,#271,.T.);
#1507=EDGE_CURVE('',#1302,#1304,#272,.T.);
#1508=EDGE_CURVE('',#1303,#1305,#1597,.T.);
#1509=EDGE_CURVE('',#1306,#1305,#273,.T.);
#1510=EDGE_CURVE('',#1304,#1306,#1598,.T.);
#1511=EDGE_CURVE('',#1305,#1307,#274,.T.);
#1512=EDGE_CURVE('',#1308,#1307,#275,.T.);
#1513=EDGE_CURVE('',#1306,#1308,#276,.T.);
#1514=EDGE_CURVE('',#1309,#1309,#1599,.T.);
#1515=EDGE_CURVE('',#1310,#1310,#1600,.T.);
#1516=EDGE_CURVE('',#1311,#1311,#1601,.T.);
#1517=EDGE_CURVE('',#1312,#1312,#1602,.T.);
#1518=EDGE_CURVE('',#1313,#1313,#1603,.T.);
#1519=EDGE_CURVE('',#1314,#1314,#1604,.T.);
#1520=EDGE_CURVE('',#1315,#1315,#1605,.T.);
#1521=EDGE_CURVE('',#1316,#1316,#1606,.T.);
#1522=EDGE_CURVE('',#1307,#1293,#1607,.T.);
#1523=EDGE_CURVE('',#1308,#1296,#1608,.T.);
#1524=EDGE_CURVE('',#1317,#1317,#1609,.T.);
#1525=EDGE_CURVE('',#1318,#1318,#1610,.T.);
#1526=EDGE_CURVE('',#1319,#1319,#1611,.T.);
#1527=EDGE_CURVE('',#1320,#1320,#1612,.T.);
#1528=EDGE_CURVE('',#1321,#1321,#1613,.T.);
#1529=EDGE_CURVE('',#1322,#1322,#1614,.T.);
#1530=EDGE_CURVE('',#1323,#1323,#1615,.T.);
#1531=EDGE_CURVE('',#1324,#1324,#1616,.T.);
#1532=EDGE_CURVE('',#1325,#1325,#1617,.T.);
#1533=EDGE_CURVE('',#1326,#1326,#1618,.T.);
#1534=EDGE_CURVE('',#1327,#1327,#1619,.T.);
#1535=EDGE_CURVE('',#1328,#1328,#1620,.T.);
#1536=EDGE_CURVE('',#1329,#1329,#1621,.T.);
#1537=EDGE_CURVE('',#1330,#1330,#1622,.T.);
#1538=CIRCLE('',#1624,3.4);
#1539=CIRCLE('',#1625,21.);
#1540=CIRCLE('',#1626,30.);
#1541=CIRCLE('',#1631,48.9467973605242);
#1542=CIRCLE('',#1633,3.);
#1543=CIRCLE('',#1634,15.7863258993262);
#1544=CIRCLE('',#1635,30.);
#1545=CIRCLE('',#1636,21.);
#1546=CIRCLE('',#1637,19.8737446790398);
#1547=CIRCLE('',#1638,25.5922439517194);
#1548=CIRCLE('',#1641,31.9825038080425);
#1549=CIRCLE('',#1642,38.9467973605242);
#1550=CIRCLE('',#1643,4.67554170676962);
#1551=CIRCLE('',#1644,12.880398867595);
#1552=CIRCLE('',#1645,9.30756026900054);
#1553=CIRCLE('',#1646,62.9667110288964);
#1554=CIRCLE('',#1647,48.9467973605242);
#1555=CIRCLE('',#1649,195.918706235714);
#1556=CIRCLE('',#1650,55.9192700013098);
#1557=CIRCLE('',#1652,21.);
#1558=CIRCLE('',#1653,3.4);
#1559=CIRCLE('',#1654,38.9467973605242);
#1560=CIRCLE('',#1655,31.9825038080425);
#1561=CIRCLE('',#1656,62.9667110288964);
#1562=CIRCLE('',#1657,9.30756026900054);
#1563=CIRCLE('',#1658,12.880398867595);
#1564=CIRCLE('',#1659,4.67554170676962);
#1565=CIRCLE('',#1673,3.);
#1566=CIRCLE('',#1674,3.);
#1567=CIRCLE('',#1675,3.);
#1568=CIRCLE('',#1676,3.);
#1569=CIRCLE('',#1677,30.);
#1570=CIRCLE('',#1682,55.9192700013098);
#1571=CIRCLE('',#1684,195.918706235714);
#1572=CIRCLE('',#1686,15.7863258993262);
#1573=CIRCLE('',#1687,35.9192700013098);
#1574=CIRCLE('',#1688,215.918706235714);
#1575=CIRCLE('',#1689,25.5922439517194);
#1576=CIRCLE('',#1690,19.8737446790396);
#1577=CIRCLE('',#1691,21.);
#1578=CIRCLE('',#1692,30.);
#1579=CIRCLE('',#1703,2.5);
#1580=CIRCLE('',#1704,2.5);
#1581=CIRCLE('',#1708,2.5);
#1582=CIRCLE('',#1710,2.5);
#1583=CIRCLE('',#1713,2.5);
#1584=CIRCLE('',#1715,2.5);
#1585=CIRCLE('',#1718,2.5);
#1586=CIRCLE('',#1720,2.5);
#1587=CIRCLE('',#1728,12.8964964400613);
#1588=CIRCLE('',#1729,13.2807445125643);
#1589=CIRCLE('',#1732,12.8964964400613);
#1590=CIRCLE('',#1733,13.2807445125643);
#1591=CIRCLE('',#1739,197.858991236004);
#1592=CIRCLE('',#1741,53.9789850010191);
#1593=CIRCLE('',#1746,5.);
#1594=CIRCLE('',#1747,5.);
#1595=CIRCLE('',#1750,5.);
#1596=CIRCLE('',#1751,5.);
#1597=CIRCLE('',#1754,5.);
#1598=CIRCLE('',#1755,5.);
#1599=CIRCLE('',#1758,4.);
#1600=CIRCLE('',#1759,4.);
#1601=CIRCLE('',#1761,3.);
#1602=CIRCLE('',#1762,3.);
#1603=CIRCLE('',#1764,3.);
#1604=CIRCLE('',#1765,3.);
#1605=CIRCLE('',#1767,3.);
#1606=CIRCLE('',#1768,3.);
#1607=CIRCLE('',#1770,5.);
#1608=CIRCLE('',#1771,5.);
#1609=CIRCLE('',#1773,3.);
#1610=CIRCLE('',#1774,3.);
#1611=CIRCLE('',#1776,2.);
#1612=CIRCLE('',#1777,2.);
#1613=CIRCLE('',#1778,2.);
#1614=CIRCLE('',#1779,2.);
#1615=CIRCLE('',#1781,2.);
#1616=CIRCLE('',#1782,2.);
#1617=CIRCLE('',#1783,2.);
#1618=CIRCLE('',#1784,2.);
#1619=CIRCLE('',#1790,7.5);
#1620=CIRCLE('',#1791,7.5);
#1621=CIRCLE('',#1793,3.4);
#1622=CIRCLE('',#1794,3.4);
#1623=AXIS2_PLACEMENT_3D('',#2264,#1798,#1799);
#1624=AXIS2_PLACEMENT_3D('',#2265,#1800,#1801);
#1625=AXIS2_PLACEMENT_3D('',#2267,#1802,#1803);
#1626=AXIS2_PLACEMENT_3D('',#2270,#1804,#1805);
#1627=AXIS2_PLACEMENT_3D('',#2271,#1806,#1807);
#1628=AXIS2_PLACEMENT_3D('',#2280,#1812,#1813);
#1629=AXIS2_PLACEMENT_3D('',#2289,#1818,#1819);
#1630=AXIS2_PLACEMENT_3D('',#2303,#1827,#1828);
#1631=AXIS2_PLACEMENT_3D('',#2304,#1829,#1830);
#1632=AXIS2_PLACEMENT_3D('',#2309,#1833,#1834);
#1633=AXIS2_PLACEMENT_3D('',#2310,#1835,#1836);
#1634=AXIS2_PLACEMENT_3D('',#2312,#1837,#1838);
#1635=AXIS2_PLACEMENT_3D('',#2315,#1839,#1840);
#1636=AXIS2_PLACEMENT_3D('',#2317,#1841,#1842);
#1637=AXIS2_PLACEMENT_3D('',#2319,#1843,#1844);
#1638=AXIS2_PLACEMENT_3D('',#2321,#1845,#1846);
#1639=AXIS2_PLACEMENT_3D('',#2327,#1850,#1851);
#1640=AXIS2_PLACEMENT_3D('',#2345,#1856,#1857);
#1641=AXIS2_PLACEMENT_3D('',#2346,#1858,#1859);
#1642=AXIS2_PLACEMENT_3D('',#2349,#1860,#1861);
#1643=AXIS2_PLACEMENT_3D('',#2353,#1863,#1864);
#1644=AXIS2_PLACEMENT_3D('',#2357,#1866,#1867);
#1645=AXIS2_PLACEMENT_3D('',#2361,#1869,#1870);
#1646=AXIS2_PLACEMENT_3D('',#2363,#1871,#1872);
#1647=AXIS2_PLACEMENT_3D('',#2366,#1874,#1875);
#1648=AXIS2_PLACEMENT_3D('',#2369,#1877,#1878);
#1649=AXIS2_PLACEMENT_3D('',#2375,#1882,#1883);
#1650=AXIS2_PLACEMENT_3D('',#2377,#1884,#1885);
#1651=AXIS2_PLACEMENT_3D('',#2378,#1886,#1887);
#1652=AXIS2_PLACEMENT_3D('',#2379,#1888,#1889);
#1653=AXIS2_PLACEMENT_3D('',#2381,#1890,#1891);
#1654=AXIS2_PLACEMENT_3D('',#2391,#1896,#1897);
#1655=AXIS2_PLACEMENT_3D('',#2394,#1898,#1899);
#1656=AXIS2_PLACEMENT_3D('',#2396,#1900,#1901);
#1657=AXIS2_PLACEMENT_3D('',#2398,#1902,#1903);
#1658=AXIS2_PLACEMENT_3D('',#2402,#1905,#1906);
#1659=AXIS2_PLACEMENT_3D('',#2406,#1908,#1909);
#1660=AXIS2_PLACEMENT_3D('',#2409,#1911,#1912);
#1661=AXIS2_PLACEMENT_3D('',#2415,#1916,#1917);
#1662=AXIS2_PLACEMENT_3D('',#2416,#1918,#1919);
#1663=AXIS2_PLACEMENT_3D('',#2419,#1922,#1923);
#1664=AXIS2_PLACEMENT_3D('',#2421,#1925,#1926);
#1665=AXIS2_PLACEMENT_3D('',#2423,#1928,#1929);
#1666=AXIS2_PLACEMENT_3D('',#2425,#1931,#1932);
#1667=AXIS2_PLACEMENT_3D('',#2427,#1934,#1935);
#1668=AXIS2_PLACEMENT_3D('',#2429,#1937,#1938);
#1669=AXIS2_PLACEMENT_3D('',#2431,#1940,#1941);
#1670=AXIS2_PLACEMENT_3D('',#2433,#1943,#1944);
#1671=AXIS2_PLACEMENT_3D('',#2434,#1945,#1946);
#1672=AXIS2_PLACEMENT_3D('',#2438,#1949,#1950);
#1673=AXIS2_PLACEMENT_3D('',#2439,#1951,#1952);
#1674=AXIS2_PLACEMENT_3D('',#2441,#1953,#1954);
#1675=AXIS2_PLACEMENT_3D('',#2443,#1955,#1956);
#1676=AXIS2_PLACEMENT_3D('',#2445,#1957,#1958);
#1677=AXIS2_PLACEMENT_3D('',#2447,#1959,#1960);
#1678=AXIS2_PLACEMENT_3D('',#2452,#1963,#1964);
#1679=AXIS2_PLACEMENT_3D('',#2454,#1966,#1967);
#1680=AXIS2_PLACEMENT_3D('',#2463,#1972,#1973);
#1681=AXIS2_PLACEMENT_3D('',#2472,#1976,#1977);
#1682=AXIS2_PLACEMENT_3D('',#2475,#1979,#1980);
#1683=AXIS2_PLACEMENT_3D('',#2476,#1981,#1982);
#1684=AXIS2_PLACEMENT_3D('',#2477,#1983,#1984);
#1685=AXIS2_PLACEMENT_3D('',#2478,#1985,#1986);
#1686=AXIS2_PLACEMENT_3D('',#2479,#1987,#1988);
#1687=AXIS2_PLACEMENT_3D('',#2482,#1989,#1990);
#1688=AXIS2_PLACEMENT_3D('',#2484,#1991,#1992);
#1689=AXIS2_PLACEMENT_3D('',#2486,#1993,#1994);
#1690=AXIS2_PLACEMENT_3D('',#2488,#1995,#1996);
#1691=AXIS2_PLACEMENT_3D('',#2490,#1997,#1998);
#1692=AXIS2_PLACEMENT_3D('',#2492,#1999,#2000);
#1693=AXIS2_PLACEMENT_3D('',#2493,#2001,#2002);
#1694=AXIS2_PLACEMENT_3D('',#2497,#2006,#2007);
#1695=AXIS2_PLACEMENT_3D('',#2499,#2009,#2010);
#1696=AXIS2_PLACEMENT_3D('',#2504,#2011,#2012);
#1697=AXIS2_PLACEMENT_3D('',#2506,#2014,#2015);
#1698=AXIS2_PLACEMENT_3D('',#2521,#2017,#2018);
#1699=AXIS2_PLACEMENT_3D('',#2522,#2019,#2020);
#1700=AXIS2_PLACEMENT_3D('',#2524,#2022,#2023);
#1701=AXIS2_PLACEMENT_3D('',#2526,#2025,#2026);
#1702=AXIS2_PLACEMENT_3D('',#2532,#2030,#2031);
#1703=AXIS2_PLACEMENT_3D('',#2533,#2032,#2033);
#1704=AXIS2_PLACEMENT_3D('',#2535,#2034,#2035);
#1705=AXIS2_PLACEMENT_3D('',#2537,#2036,#2037);
#1706=AXIS2_PLACEMENT_3D('',#2538,#2038,#2039);
#1707=AXIS2_PLACEMENT_3D('',#2539,#2040,#2041);
#1708=AXIS2_PLACEMENT_3D('',#2540,#2042,#2043);
#1709=AXIS2_PLACEMENT_3D('',#2543,#2044,#2045);
#1710=AXIS2_PLACEMENT_3D('',#2544,#2046,#2047);
#1711=AXIS2_PLACEMENT_3D('',#2546,#2048,#2049);
#1712=AXIS2_PLACEMENT_3D('',#2547,#2050,#2051);
#1713=AXIS2_PLACEMENT_3D('',#2548,#2052,#2053);
#1714=AXIS2_PLACEMENT_3D('',#2551,#2054,#2055);
#1715=AXIS2_PLACEMENT_3D('',#2552,#2056,#2057);
#1716=AXIS2_PLACEMENT_3D('',#2554,#2058,#2059);
#1717=AXIS2_PLACEMENT_3D('',#2555,#2060,#2061);
#1718=AXIS2_PLACEMENT_3D('',#2556,#2062,#2063);
#1719=AXIS2_PLACEMENT_3D('',#2559,#2064,#2065);
#1720=AXIS2_PLACEMENT_3D('',#2560,#2066,#2067);
#1721=AXIS2_PLACEMENT_3D('',#2562,#2068,#2069);
#1722=AXIS2_PLACEMENT_3D('',#2563,#2070,#2071);
#1723=AXIS2_PLACEMENT_3D('',#2566,#2074,#2075);
#1724=AXIS2_PLACEMENT_3D('',#2572,#2079,#2080);
#1725=AXIS2_PLACEMENT_3D('',#2578,#2084,#2085);
#1726=AXIS2_PLACEMENT_3D('',#2584,#2089,#2090);
#1727=AXIS2_PLACEMENT_3D('',#2586,#2092,#2093);
#1728=AXIS2_PLACEMENT_3D('',#2587,#2094,#2095);
#1729=AXIS2_PLACEMENT_3D('',#2596,#2099,#2100);
#1730=AXIS2_PLACEMENT_3D('',#2597,#2101,#2102);
#1731=AXIS2_PLACEMENT_3D('',#2603,#2106,#2107);
#1732=AXIS2_PLACEMENT_3D('',#2608,#2110,#2111);
#1733=AXIS2_PLACEMENT_3D('',#2610,#2112,#2113);
#1734=AXIS2_PLACEMENT_3D('',#2611,#2114,#2115);
#1735=AXIS2_PLACEMENT_3D('',#2614,#2118,#2119);
#1736=AXIS2_PLACEMENT_3D('',#2616,#2121,#2122);
#1737=AXIS2_PLACEMENT_3D('',#2618,#2124,#2125);
#1738=AXIS2_PLACEMENT_3D('',#2619,#2126,#2127);
#1739=AXIS2_PLACEMENT_3D('',#2622,#2129,#2130);
#1740=AXIS2_PLACEMENT_3D('',#2623,#2131,#2132);
#1741=AXIS2_PLACEMENT_3D('',#2624,#2133,#2134);
#1742=AXIS2_PLACEMENT_3D('',#2625,#2135,#2136);
#1743=AXIS2_PLACEMENT_3D('',#2627,#2138,#2139);
#1744=AXIS2_PLACEMENT_3D('',#2628,#2140,#2141);
#1745=AXIS2_PLACEMENT_3D('',#2637,#2146,#2147);
#1746=AXIS2_PLACEMENT_3D('',#2638,#2148,#2149);
#1747=AXIS2_PLACEMENT_3D('',#2642,#2151,#2152);
#1748=AXIS2_PLACEMENT_3D('',#2643,#2153,#2154);
#1749=AXIS2_PLACEMENT_3D('',#2649,#2158,#2159);
#1750=AXIS2_PLACEMENT_3D('',#2650,#2160,#2161);
#1751=AXIS2_PLACEMENT_3D('',#2654,#2163,#2164);
#1752=AXIS2_PLACEMENT_3D('',#2655,#2165,#2166);
#1753=AXIS2_PLACEMENT_3D('',#2661,#2170,#2171);
#1754=AXIS2_PLACEMENT_3D('',#2662,#2172,#2173);
#1755=AXIS2_PLACEMENT_3D('',#2666,#2175,#2176);
#1756=AXIS2_PLACEMENT_3D('',#2667,#2177,#2178);
#1757=AXIS2_PLACEMENT_3D('',#2673,#2182,#2183);
#1758=AXIS2_PLACEMENT_3D('',#2674,#2184,#2185);
#1759=AXIS2_PLACEMENT_3D('',#2676,#2186,#2187);
#1760=AXIS2_PLACEMENT_3D('',#2678,#2188,#2189);
#1761=AXIS2_PLACEMENT_3D('',#2679,#2190,#2191);
#1762=AXIS2_PLACEMENT_3D('',#2681,#2192,#2193);
#1763=AXIS2_PLACEMENT_3D('',#2683,#2194,#2195);
#1764=AXIS2_PLACEMENT_3D('',#2684,#2196,#2197);
#1765=AXIS2_PLACEMENT_3D('',#2686,#2198,#2199);
#1766=AXIS2_PLACEMENT_3D('',#2688,#2200,#2201);
#1767=AXIS2_PLACEMENT_3D('',#2689,#2202,#2203);
#1768=AXIS2_PLACEMENT_3D('',#2691,#2204,#2205);
#1769=AXIS2_PLACEMENT_3D('',#2693,#2206,#2207);
#1770=AXIS2_PLACEMENT_3D('',#2694,#2208,#2209);
#1771=AXIS2_PLACEMENT_3D('',#2695,#2210,#2211);
#1772=AXIS2_PLACEMENT_3D('',#2696,#2212,#2213);
#1773=AXIS2_PLACEMENT_3D('',#2697,#2214,#2215);
#1774=AXIS2_PLACEMENT_3D('',#2699,#2216,#2217);
#1775=AXIS2_PLACEMENT_3D('',#2701,#2218,#2219);
#1776=AXIS2_PLACEMENT_3D('',#2702,#2220,#2221);
#1777=AXIS2_PLACEMENT_3D('',#2704,#2222,#2223);
#1778=AXIS2_PLACEMENT_3D('',#2706,#2224,#2225);
#1779=AXIS2_PLACEMENT_3D('',#2708,#2226,#2227);
#1780=AXIS2_PLACEMENT_3D('',#2710,#2228,#2229);
#1781=AXIS2_PLACEMENT_3D('',#2711,#2230,#2231);
#1782=AXIS2_PLACEMENT_3D('',#2713,#2232,#2233);
#1783=AXIS2_PLACEMENT_3D('',#2715,#2234,#2235);
#1784=AXIS2_PLACEMENT_3D('',#2717,#2236,#2237);
#1785=AXIS2_PLACEMENT_3D('',#2719,#2238,#2239);
#1786=AXIS2_PLACEMENT_3D('',#2720,#2240,#2241);
#1787=AXIS2_PLACEMENT_3D('',#2721,#2242,#2243);
#1788=AXIS2_PLACEMENT_3D('',#2722,#2244,#2245);
#1789=AXIS2_PLACEMENT_3D('',#2723,#2246,#2247);
#1790=AXIS2_PLACEMENT_3D('',#2724,#2248,#2249);
#1791=AXIS2_PLACEMENT_3D('',#2726,#2250,#2251);
#1792=AXIS2_PLACEMENT_3D('',#2728,#2252,#2253);
#1793=AXIS2_PLACEMENT_3D('',#2729,#2254,#2255);
#1794=AXIS2_PLACEMENT_3D('',#2731,#2256,#2257);
#1795=AXIS2_PLACEMENT_3D('',#2733,#2258,#2259);
#1796=AXIS2_PLACEMENT_3D('',#2734,#2260,#2261);
#1797=AXIS2_PLACEMENT_3D('',#2735,#2262,#2263);
#1798=DIRECTION('',(0.,0.,1.));
#1799=DIRECTION('',(1.,0.,0.));
#1800=DIRECTION('',(2.35922392732846E-15,1.,0.));
#1801=DIRECTION('',(-1.,0.,0.));
#1802=DIRECTION('',(2.35922392732846E-15,1.,0.));
#1803=DIRECTION('',(-1.,2.64338815386942E-15,0.));
#1804=DIRECTION('',(0.,-1.,0.));
#1805=DIRECTION('',(1.,0.,0.));
#1806=DIRECTION('',(2.35922392732846E-15,1.,0.));
#1807=DIRECTION('',(-1.,2.35922392732846E-15,0.));
#1808=DIRECTION('',(0.,0.,1.));
#1809=DIRECTION('',(1.20274161001059E-15,1.,4.84149871440835E-16));
#1810=DIRECTION('',(0.,0.,1.));
#1811=DIRECTION('',(1.20274161001059E-15,1.,0.));
#1812=DIRECTION('',(1.,-1.20274161001059E-15,0.));
#1813=DIRECTION('',(1.20736753927986E-15,1.,0.));
#1814=DIRECTION('',(0.,0.,1.));
#1815=DIRECTION('',(-1.20274161001059E-15,-1.,-5.74880024868909E-16));
#1816=DIRECTION('',(0.,0.,1.));
#1817=DIRECTION('',(-1.20274161001059E-15,-1.,0.));
#1818=DIRECTION('',(1.,-1.20274161001059E-15,0.));
#1819=DIRECTION('',(1.20736753927986E-15,1.,0.));
#1820=DIRECTION('',(-1.20274161001059E-15,-1.,0.));
#1821=DIRECTION('',(-1.,2.35922392732846E-15,0.));
#1822=DIRECTION('',(0.,1.,0.));
#1823=DIRECTION('',(-1.,2.35922392732846E-15,0.));
#1824=DIRECTION('',(1.,-2.35922392732846E-15,0.));
#1825=DIRECTION('',(0.,1.,0.));
#1826=DIRECTION('',(1.,-2.35922392732846E-15,0.));
#1827=DIRECTION('',(0.,0.,-1.));
#1828=DIRECTION('',(-1.,0.,0.));
#1829=DIRECTION('',(-2.35922392732846E-15,-1.,0.));
#1830=DIRECTION('',(1.,-2.26822404017092E-15,0.));
#1831=DIRECTION('',(-0.902234703795859,2.12857370126129E-15,-0.431245335356104));
#1832=DIRECTION('',(0.,0.,-1.));
#1833=DIRECTION('',(-2.35922392732846E-15,-1.,0.));
#1834=DIRECTION('',(1.,-2.35922392732846E-15,0.));
#1835=DIRECTION('',(-2.35922392732846E-15,-1.,0.));
#1836=DIRECTION('',(1.,0.,0.));
#1837=DIRECTION('',(2.35922392732846E-15,1.,0.));
#1838=DIRECTION('',(1.,-1.75820363728925E-15,0.));
#1839=DIRECTION('',(2.35922392732846E-15,1.,0.));
#1840=DIRECTION('',(1.,-2.77555756156289E-15,0.));
#1841=DIRECTION('',(-2.35922392732846E-15,-1.,0.));
#1842=DIRECTION('',(1.,-2.64338815386942E-15,0.));
#1843=DIRECTION('',(2.35922392732846E-15,1.,0.));
#1844=DIRECTION('',(1.,-2.79319031857161E-15,0.));
#1845=DIRECTION('',(-2.35922392732846E-15,-1.,0.));
#1846=DIRECTION('',(1.,-2.16906150691519E-15,0.));
#1847=DIRECTION('',(0.,0.,1.));
#1848=DIRECTION('',(1.,-2.35922392732846E-15,0.));
#1849=DIRECTION('',(0.927662428920446,-2.18856339879275E-15,0.373419894983407));
#1850=DIRECTION('',(-2.35922392732846E-15,-1.,0.));
#1851=DIRECTION('',(1.,-2.35922392732846E-15,0.));
#1852=DIRECTION('',(0.,-1.,0.));
#1853=DIRECTION('',(0.,1.,0.));
#1854=DIRECTION('',(0.,0.,1.));
#1855=DIRECTION('',(-1.20274161001059E-15,-1.,0.));
#1856=DIRECTION('',(-1.,1.20274161001059E-15,0.));
#1857=DIRECTION('',(-1.20736753927986E-15,-1.,0.));
#1858=DIRECTION('',(-2.35922392732846E-15,-1.,0.));
#1859=DIRECTION('',(-1.,2.60350869796342E-15,0.));
#1860=DIRECTION('',(-2.35922392732846E-15,-1.,0.));
#1861=DIRECTION('',(-1.,2.13796082065748E-15,0.));
#1862=DIRECTION('',(-0.902234703795859,2.12857370126129E-15,-0.431245335356104));
#1863=DIRECTION('',(-2.35922392732846E-15,-1.,0.));
#1864=DIRECTION('',(-1.,0.,0.));
#1865=DIRECTION('',(-3.68013796439176E-15,8.68226954146289E-30,1.));
#1866=DIRECTION('',(-2.35922392732846E-15,-1.,0.));
#1867=DIRECTION('',(-1.,2.1548692630519E-15,0.));
#1868=DIRECTION('',(1.,-2.35922392732846E-15,2.36301780012905E-15));
#1869=DIRECTION('',(-2.35922392732846E-15,-1.,0.));
#1870=DIRECTION('',(-1.,2.98204629499642E-15,0.));
#1871=DIRECTION('',(2.35922392732846E-15,1.,0.));
#1872=DIRECTION('',(-1.,2.20398804083093E-15,0.));
#1873=DIRECTION('',(-0.902234703795859,0.,-0.431245335356104));
#1874=DIRECTION('',(0.,-1.,0.));
#1875=DIRECTION('',(1.,0.,0.));
#1876=DIRECTION('',(0.,0.,-1.));
#1877=DIRECTION('',(2.35922392732846E-15,1.,0.));
#1878=DIRECTION('',(-1.,2.35922392732846E-15,0.));
#1879=DIRECTION('',(0.932682139412778,-2.20040601989452E-15,-0.360699357942877));
#1880=DIRECTION('',(0.927662428920446,0.,0.373419894983407));
#1881=DIRECTION('',(-1.,2.35922392732846E-15,0.));
#1882=DIRECTION('',(-2.35922392732846E-15,-1.,0.));
#1883=DIRECTION('',(-1.,2.40837025994856E-15,0.));
#1884=DIRECTION('',(2.35922392732846E-15,1.,0.));
#1885=DIRECTION('',(-1.,2.48175410864437E-15,0.));
#1886=DIRECTION('',(2.35922392732846E-15,1.,0.));
#1887=DIRECTION('',(-1.,2.35922392732846E-15,0.));
#1888=DIRECTION('',(-2.35922392732846E-15,-1.,0.));
#1889=DIRECTION('',(-1.,2.64338815386942E-15,0.));
#1890=DIRECTION('',(2.35922392732846E-15,1.,0.));
#1891=DIRECTION('',(-1.,0.,0.));
#1892=DIRECTION('',(-1.,2.35922392732846E-15,0.));
#1893=DIRECTION('',(0.,0.,1.));
#1894=DIRECTION('',(-1.,2.35922392732846E-15,0.));
#1895=DIRECTION('',(0.,0.,1.));
#1896=DIRECTION('',(-2.35922392732846E-15,-1.,0.));
#1897=DIRECTION('',(-1.,2.13796082065748E-15,0.));
#1898=DIRECTION('',(-2.35922392732846E-15,-1.,0.));
#1899=DIRECTION('',(-1.,2.60350869796342E-15,0.));
#1900=DIRECTION('',(2.35922392732846E-15,1.,0.));
#1901=DIRECTION('',(-1.,2.20398804083093E-15,0.));
#1902=DIRECTION('',(-2.35922392732846E-15,-1.,0.));
#1903=DIRECTION('',(-1.,2.98204629499642E-15,0.));
#1904=DIRECTION('',(1.,-2.35922392732846E-15,2.36301780012905E-15));
#1905=DIRECTION('',(-2.35922392732846E-15,-1.,0.));
#1906=DIRECTION('',(-1.,2.1548692630519E-15,0.));
#1907=DIRECTION('',(-3.68013796439176E-15,8.68226954146289E-30,1.));
#1908=DIRECTION('',(-2.35922392732846E-15,-1.,0.));
#1909=DIRECTION('',(-1.,0.,0.));
#1910=DIRECTION('',(-0.902234703795859,2.12857370126129E-15,-0.431245335356104));
#1911=DIRECTION('',(2.35922392732846E-15,1.,0.));
#1912=DIRECTION('',(-1.,2.35922392732846E-15,0.));
#1913=DIRECTION('',(-1.20274161001059E-15,-1.,0.));
#1914=DIRECTION('',(1.,-2.35922392732846E-15,0.));
#1915=DIRECTION('',(1.20274161001059E-15,1.,0.));
#1916=DIRECTION('',(0.,0.,-1.));
#1917=DIRECTION('',(-1.,2.35922392732846E-15,0.));
#1918=DIRECTION('',(0.,-1.,0.));
#1919=DIRECTION('',(0.,0.,-1.));
#1920=DIRECTION('',(0.,1.,0.));
#1921=DIRECTION('',(0.,1.,0.));
#1922=DIRECTION('',(0.,-1.,0.));
#1923=DIRECTION('',(0.,0.,-1.));
#1924=DIRECTION('',(0.,1.,0.));
#1925=DIRECTION('',(0.,-1.,0.));
#1926=DIRECTION('',(0.,0.,-1.));
#1927=DIRECTION('',(0.,1.,0.));
#1928=DIRECTION('',(0.431245335356104,0.,-0.902234703795859));
#1929=DIRECTION('',(-0.902234703795859,0.,-0.431245335356104));
#1930=DIRECTION('',(0.,1.,0.));
#1931=DIRECTION('',(0.,-1.,0.));
#1932=DIRECTION('',(0.,0.,-1.));
#1933=DIRECTION('',(0.,1.,0.));
#1934=DIRECTION('',(-1.,0.,-3.68013796439176E-15));
#1935=DIRECTION('',(-3.67761376907083E-15,0.,1.));
#1936=DIRECTION('',(0.,1.,0.));
#1937=DIRECTION('',(0.,-1.,0.));
#1938=DIRECTION('',(0.,0.,-1.));
#1939=DIRECTION('',(0.,1.,0.));
#1940=DIRECTION('',(-2.36301780012905E-15,0.,1.));
#1941=DIRECTION('',(1.,0.,2.36269337428041E-15));
#1942=DIRECTION('',(0.,1.,0.));
#1943=DIRECTION('',(0.,-1.,0.));
#1944=DIRECTION('',(0.,0.,-1.));
#1945=DIRECTION('',(0.,-1.,0.));
#1946=DIRECTION('',(0.,0.,-1.));
#1947=DIRECTION('',(0.,0.,1.));
#1948=DIRECTION('',(-1.20274161001059E-15,-1.,0.));
#1949=DIRECTION('',(1.,0.,0.));
#1950=DIRECTION('',(0.,0.,-1.));
#1951=DIRECTION('',(0.,1.,0.));
#1952=DIRECTION('',(0.,0.,-1.));
#1953=DIRECTION('',(0.,1.,0.));
#1954=DIRECTION('',(0.,0.,-1.));
#1955=DIRECTION('',(0.,1.,0.));
#1956=DIRECTION('',(0.,0.,-1.));
#1957=DIRECTION('',(0.,1.,0.));
#1958=DIRECTION('',(0.,0.,-1.));
#1959=DIRECTION('',(0.,1.,0.));
#1960=DIRECTION('',(1.,0.,0.));
#1961=DIRECTION('',(1.,0.,1.14420967200626E-16));
#1962=DIRECTION('',(2.02851565461655E-15,0.,1.));
#1963=DIRECTION('',(0.,-1.,0.));
#1964=DIRECTION('',(0.,0.,-1.));
#1965=DIRECTION('',(1.20274161001059E-15,1.,0.));
#1966=DIRECTION('',(-1.,0.,2.02851565461655E-15));
#1967=DIRECTION('',(2.02615701994091E-15,0.,1.));
#1968=DIRECTION('',(-1.,2.35922392732846E-15,0.));
#1969=DIRECTION('',(-1.20274161001059E-15,-1.,0.));
#1970=DIRECTION('',(1.,-2.35922392732846E-15,0.));
#1971=DIRECTION('',(1.20274161001059E-15,1.,0.));
#1972=DIRECTION('',(-1.14420967200626E-16,0.,1.));
#1973=DIRECTION('',(1.,0.,1.14420967200626E-16));
#1974=DIRECTION('',(0.,-1.,0.));
#1975=DIRECTION('',(0.,-1.,0.));
#1976=DIRECTION('',(-0.360699357942877,0.,-0.932682139412778));
#1977=DIRECTION('',(-0.932682139412778,0.,0.360699357942877));
#1978=DIRECTION('',(0.,-1.,0.));
#1979=DIRECTION('',(0.,1.,0.));
#1980=DIRECTION('',(0.,0.,-1.));
#1981=DIRECTION('',(0.,-1.,0.));
#1982=DIRECTION('',(0.,0.,-1.));
#1983=DIRECTION('',(0.,-1.,0.));
#1984=DIRECTION('',(0.,0.,-1.));
#1985=DIRECTION('',(0.,-1.,0.));
#1986=DIRECTION('',(0.,0.,-1.));
#1987=DIRECTION('',(0.,-1.,0.));
#1988=DIRECTION('',(0.,0.,-1.));
#1989=DIRECTION('',(0.,-1.,0.));
#1990=DIRECTION('',(0.,0.,-1.));
#1991=DIRECTION('',(0.,1.,0.));
#1992=DIRECTION('',(0.,0.,-1.));
#1993=DIRECTION('',(0.,1.,0.));
#1994=DIRECTION('',(0.,0.,-1.));
#1995=DIRECTION('',(0.,-1.,0.));
#1996=DIRECTION('',(1.,0.,0.));
#1997=DIRECTION('',(0.,-1.,0.));
#1998=DIRECTION('',(1.,0.,0.));
#1999=DIRECTION('',(0.,-1.,0.));
#2000=DIRECTION('',(1.,0.,0.));
#2001=DIRECTION('',(0.,-1.,0.));
#2002=DIRECTION('',(0.,0.,-1.));
#2003=DIRECTION('',(0.,-1.,0.));
#2004=DIRECTION('',(0.,1.,0.));
#2005=DIRECTION('',(0.,-1.,0.));
#2006=DIRECTION('',(0.,-1.,0.));
#2007=DIRECTION('',(0.,0.,-1.));
#2008=DIRECTION('',(0.,-1.,0.));
#2009=DIRECTION('',(0.,-1.,0.));
#2010=DIRECTION('',(0.,0.,-1.));
#2011=DIRECTION('',(0.,-1.,0.));
#2012=DIRECTION('',(0.,0.,-1.));
#2013=DIRECTION('',(0.,-1.,0.));
#2014=DIRECTION('',(0.373419894983407,0.,-0.927662428920446));
#2015=DIRECTION('',(-0.927662428920446,0.,-0.373419894983407));
#2016=DIRECTION('',(0.,-1.,0.));
#2017=DIRECTION('',(0.,-1.,0.));
#2018=DIRECTION('',(0.,0.,-1.));
#2019=DIRECTION('',(0.,-1.,0.));
#2020=DIRECTION('',(0.,0.,-1.));
#2021=DIRECTION('',(0.,-1.,0.));
#2022=DIRECTION('',(-0.431245335356104,0.,0.902234703795859));
#2023=DIRECTION('',(0.902234703795859,0.,0.431245335356104));
#2024=DIRECTION('',(0.,-1.,0.));
#2025=DIRECTION('',(0.,-1.,0.));
#2026=DIRECTION('',(0.,0.,-1.));
#2027=DIRECTION('',(0.,0.,1.));
#2028=DIRECTION('',(0.,-1.,0.));
#2029=DIRECTION('',(0.,0.,-1.));
#2030=DIRECTION('',(-1.,0.,0.));
#2031=DIRECTION('',(0.,0.,1.));
#2032=DIRECTION('',(0.,1.,0.));
#2033=DIRECTION('',(0.,0.,-1.));
#2034=DIRECTION('',(0.,-1.,0.));
#2035=DIRECTION('',(0.,0.,-1.));
#2036=DIRECTION('',(0.,1.,0.));
#2037=DIRECTION('',(0.,0.,1.));
#2038=DIRECTION('',(0.,-1.,0.));
#2039=DIRECTION('',(0.,-2.76725579418034E-17,-1.));
#2040=DIRECTION('',(0.,1.,0.));
#2041=DIRECTION('',(0.,-2.76725579418034E-17,1.));
#2042=DIRECTION('',(0.,-1.,0.));
#2043=DIRECTION('',(0.,0.,1.));
#2044=DIRECTION('',(0.,-1.,0.));
#2045=DIRECTION('',(0.,-1.66522181905477E-17,-1.));
#2046=DIRECTION('',(0.,-1.,0.));
#2047=DIRECTION('',(0.,0.,-1.));
#2048=DIRECTION('',(0.,1.,0.));
#2049=DIRECTION('',(0.,0.,1.));
#2050=DIRECTION('',(0.,-1.,0.));
#2051=DIRECTION('',(0.,-2.76725579418034E-17,-1.));
#2052=DIRECTION('',(0.,-1.,0.));
#2053=DIRECTION('',(0.,0.,1.));
#2054=DIRECTION('',(0.,-1.,0.));
#2055=DIRECTION('',(0.,-1.66522181905477E-17,-1.));
#2056=DIRECTION('',(0.,-1.,0.));
#2057=DIRECTION('',(0.,0.,-1.));
#2058=DIRECTION('',(0.,1.,0.));
#2059=DIRECTION('',(0.,0.,1.));
#2060=DIRECTION('',(0.,-1.,0.));
#2061=DIRECTION('',(0.,-2.76725579418035E-17,-1.));
#2062=DIRECTION('',(0.,-1.,0.));
#2063=DIRECTION('',(0.,0.,1.));
#2064=DIRECTION('',(0.,-1.,0.));
#2065=DIRECTION('',(0.,-1.66522181905477E-17,-1.));
#2066=DIRECTION('',(0.,-1.,0.));
#2067=DIRECTION('',(0.,0.,-1.));
#2068=DIRECTION('',(0.,1.,0.));
#2069=DIRECTION('',(0.,0.,1.));
#2070=DIRECTION('',(0.,-1.,0.));
#2071=DIRECTION('',(0.,-2.76725579418035E-17,-1.));
#2072=DIRECTION('',(0.,0.,1.));
#2073=DIRECTION('',(0.,0.,1.));
#2074=DIRECTION('',(1.,-1.20274161001059E-15,0.));
#2075=DIRECTION('',(1.20736753927986E-15,1.,0.));
#2076=DIRECTION('',(0.,0.,1.));
#2077=DIRECTION('',(0.,0.,1.));
#2078=DIRECTION('',(1.20274161001059E-15,1.,0.));
#2079=DIRECTION('',(-1.,1.20274161001059E-15,0.));
#2080=DIRECTION('',(-1.20736753927986E-15,-1.,0.));
#2081=DIRECTION('',(-1.,2.35922392732846E-15,0.));
#2082=DIRECTION('',(0.35961792501339,-8.484192133878E-16,-0.93309964527325));
#2083=DIRECTION('',(1.,-2.35922392732846E-15,0.));
#2084=DIRECTION('',(-2.35922392732846E-15,-1.,0.));
#2085=DIRECTION('',(1.,-2.35922392732846E-15,0.));
#2086=DIRECTION('',(-1.,2.35922392732846E-15,0.));
#2087=DIRECTION('',(-0.35961792501339,8.484192133878E-16,0.93309964527325));
#2088=DIRECTION('',(1.,-2.35922392732846E-15,0.));
#2089=DIRECTION('',(2.35922392732846E-15,1.,0.));
#2090=DIRECTION('',(-1.,2.35922392732846E-15,0.));
#2091=DIRECTION('',(0.,1.,0.));
#2092=DIRECTION('',(0.,0.,-1.));
#2093=DIRECTION('',(-1.,0.,0.));
#2094=DIRECTION('',(-2.35922392732846E-15,-1.,0.));
#2095=DIRECTION('',(1.,-2.15217952756609E-15,0.));
#2096=DIRECTION('',(-0.35961792501339,8.484192133878E-16,0.93309964527325));
#2097=DIRECTION('',(-1.,2.35922392732846E-15,0.));
#2098=DIRECTION('',(0.,0.,1.));
#2099=DIRECTION('',(2.35922392732846E-15,1.,0.));
#2100=DIRECTION('',(1.,-2.08991111826379E-15,0.));
#2101=DIRECTION('',(-2.35922392732846E-15,-1.,0.));
#2102=DIRECTION('',(1.,-2.35922392732846E-15,0.));
#2103=DIRECTION('',(0.,0.,1.));
#2104=DIRECTION('',(0.,1.,0.));
#2105=DIRECTION('',(1.20274161001059E-15,1.,0.));
#2106=DIRECTION('',(-1.,1.20274161001059E-15,0.));
#2107=DIRECTION('',(-1.20736753927986E-15,-1.,0.));
#2108=DIRECTION('',(1.,-2.35922392732846E-15,0.));
#2109=DIRECTION('',(-0.35961792501339,0.,0.93309964527325));
#2110=DIRECTION('',(0.,-1.,0.));
#2111=DIRECTION('',(1.,0.,0.));
#2112=DIRECTION('',(0.,1.,0.));
#2113=DIRECTION('',(1.,0.,0.));
#2114=DIRECTION('',(2.35922392732846E-15,1.,0.));
#2115=DIRECTION('',(-1.,2.35922392732846E-15,0.));
#2116=DIRECTION('',(0.,-1.,0.));
#2117=DIRECTION('',(0.,-1.,0.));
#2118=DIRECTION('',(0.,0.,-1.));
#2119=DIRECTION('',(-1.,0.,0.));
#2120=DIRECTION('',(0.,-1.,0.));
#2121=DIRECTION('',(0.,-1.,0.));
#2122=DIRECTION('',(0.,0.,-1.));
#2123=DIRECTION('',(0.,-1.,0.));
#2124=DIRECTION('',(0.,-1.,0.));
#2125=DIRECTION('',(0.,0.,-1.));
#2126=DIRECTION('',(0.93309964527325,0.,0.35961792501339));
#2127=DIRECTION('',(0.35961792501339,0.,-0.93309964527325));
#2128=DIRECTION('',(0.0897651591250945,-0.970142500145332,-0.225312550957578));
#2129=DIRECTION('',(0.,1.,0.));
#2130=DIRECTION('',(0.,0.,-1.));
#2131=DIRECTION('',(0.,-1.,0.));
#2132=DIRECTION('',(0.,0.,-1.));
#2133=DIRECTION('',(0.,-1.,0.));
#2134=DIRECTION('',(0.,0.,1.));
#2135=DIRECTION('',(0.,1.,0.));
#2136=DIRECTION('',(0.,0.,1.));
#2137=DIRECTION('',(-0.0556346596072209,0.988637583730278,0.139644236137217));
#2138=DIRECTION('',(0.,1.,0.));
#2139=DIRECTION('',(0.,-5.33849260124475E-16,1.));
#2140=DIRECTION('',(0.,-1.,0.));
#2141=DIRECTION('',(0.,1.59530812707254E-16,-1.));
#2142=DIRECTION('',(-1.,0.,-2.31296463463574E-16));
#2143=DIRECTION('',(0.,1.,0.));
#2144=DIRECTION('',(-1.,0.,-2.31296463463574E-16));
#2145=DIRECTION('',(0.,1.,0.));
#2146=DIRECTION('',(2.31296463463574E-16,0.,-1.));
#2147=DIRECTION('',(-1.,0.,-2.35922392732846E-16));
#2148=DIRECTION('',(0.,-1.,0.));
#2149=DIRECTION('',(0.999999999999999,0.,0.));
#2150=DIRECTION('',(0.,1.,0.));
#2151=DIRECTION('',(0.,-1.,0.));
#2152=DIRECTION('',(0.999999999999999,0.,0.));
#2153=DIRECTION('',(0.,1.,0.));
#2154=DIRECTION('',(0.,0.,1.));
#2155=DIRECTION('',(4.62592926927149E-16,0.,-1.));
#2156=DIRECTION('',(0.,1.,0.));
#2157=DIRECTION('',(4.62592926927149E-16,0.,-1.));
#2158=DIRECTION('',(1.,0.,4.62592926927149E-16));
#2159=DIRECTION('',(4.64905891561784E-16,0.,-1.));
#2160=DIRECTION('',(0.,-1.,0.));
#2161=DIRECTION('',(0.999999999999999,0.,0.));
#2162=DIRECTION('',(0.,1.,0.));
#2163=DIRECTION('',(0.,-1.,0.));
#2164=DIRECTION('',(0.999999999999999,0.,0.));
#2165=DIRECTION('',(0.,1.,0.));
#2166=DIRECTION('',(0.,0.,1.));
#2167=DIRECTION('',(1.,0.,3.03576608295941E-16));
#2168=DIRECTION('',(0.,1.,0.));
#2169=DIRECTION('',(1.,0.,3.03576608295941E-16));
#2170=DIRECTION('',(-3.03576608295941E-16,0.,1.));
#2171=DIRECTION('',(1.,0.,3.03576608295941E-16));
#2172=DIRECTION('',(0.,-1.,0.));
#2173=DIRECTION('',(1.,0.,0.));
#2174=DIRECTION('',(0.,1.,0.));
#2175=DIRECTION('',(0.,-1.,0.));
#2176=DIRECTION('',(1.,0.,0.));
#2177=DIRECTION('',(0.,1.,0.));
#2178=DIRECTION('',(0.,0.,1.));
#2179=DIRECTION('',(-2.31296463463574E-16,0.,1.));
#2180=DIRECTION('',(0.,1.,0.));
#2181=DIRECTION('',(-2.31296463463574E-16,0.,1.));
#2182=DIRECTION('',(-1.,0.,-2.31296463463574E-16));
#2183=DIRECTION('',(-2.30718222304915E-16,0.,1.));
#2184=DIRECTION('',(0.,-1.,0.));
#2185=DIRECTION('',(1.,0.,0.));
#2186=DIRECTION('',(0.,-1.,0.));
#2187=DIRECTION('',(1.,0.,0.));
#2188=DIRECTION('',(0.,1.,0.));
#2189=DIRECTION('',(0.,0.,1.));
#2190=DIRECTION('',(-2.35922392732846E-15,-1.,0.));
#2191=DIRECTION('',(0.,0.,1.));
#2192=DIRECTION('',(-2.35922392732846E-15,-1.,0.));
#2193=DIRECTION('',(0.,0.,1.));
#2194=DIRECTION('',(0.,1.,0.));
#2195=DIRECTION('',(0.,0.,1.));
#2196=DIRECTION('',(0.,-1.,0.));
#2197=DIRECTION('',(1.,0.,0.));
#2198=DIRECTION('',(0.,-1.,0.));
#2199=DIRECTION('',(1.,0.,0.));
#2200=DIRECTION('',(0.,1.,0.));
#2201=DIRECTION('',(0.,0.,1.));
#2202=DIRECTION('',(0.,-1.,0.));
#2203=DIRECTION('',(-1.,0.,0.));
#2204=DIRECTION('',(0.,-1.,0.));
#2205=DIRECTION('',(-1.,0.,0.));
#2206=DIRECTION('',(0.,1.,0.));
#2207=DIRECTION('',(0.,0.,1.));
#2208=DIRECTION('',(0.,-1.,0.));
#2209=DIRECTION('',(1.,0.,0.));
#2210=DIRECTION('',(0.,-1.,0.));
#2211=DIRECTION('',(1.,0.,0.));
#2212=DIRECTION('',(0.,1.,0.));
#2213=DIRECTION('',(0.,0.,1.));
#2214=DIRECTION('',(0.,-1.,0.));
#2215=DIRECTION('',(0.,0.,-1.));
#2216=DIRECTION('',(0.,-1.,0.));
#2217=DIRECTION('',(0.,0.,-1.));
#2218=DIRECTION('',(0.,1.,0.));
#2219=DIRECTION('',(0.,0.,1.));
#2220=DIRECTION('',(0.,-1.,0.));
#2221=DIRECTION('',(1.,0.,0.));
#2222=DIRECTION('',(0.,-1.,0.));
#2223=DIRECTION('',(1.,0.,0.));
#2224=DIRECTION('',(0.,-1.,0.));
#2225=DIRECTION('',(1.,0.,0.));
#2226=DIRECTION('',(0.,-1.,0.));
#2227=DIRECTION('',(1.,0.,0.));
#2228=DIRECTION('',(0.,-1.,0.));
#2229=DIRECTION('',(0.,0.,-1.));
#2230=DIRECTION('',(0.,-1.,0.));
#2231=DIRECTION('',(0.,0.,-1.));
#2232=DIRECTION('',(0.,-1.,0.));
#2233=DIRECTION('',(0.,0.,-1.));
#2234=DIRECTION('',(0.,-1.,0.));
#2235=DIRECTION('',(0.,0.,-1.));
#2236=DIRECTION('',(0.,-1.,0.));
#2237=DIRECTION('',(0.,0.,-1.));
#2238=DIRECTION('',(0.,-1.,0.));
#2239=DIRECTION('',(0.,0.,-1.));
#2240=DIRECTION('',(0.,-1.,0.));
#2241=DIRECTION('',(0.,0.,-1.));
#2242=DIRECTION('',(0.,-1.,0.));
#2243=DIRECTION('',(0.,0.,-1.));
#2244=DIRECTION('',(0.,-1.,0.));
#2245=DIRECTION('',(0.,0.,-1.));
#2246=DIRECTION('',(0.,-1.,0.));
#2247=DIRECTION('',(0.,0.,-1.));
#2248=DIRECTION('',(-2.35922392732846E-15,-1.,-2.16496031320953E-31));
#2249=DIRECTION('',(-0.902234703795859,3.70074341541719E-15,-0.431245335356103));
#2250=DIRECTION('',(-2.35922392732846E-15,-1.,-2.16496031320953E-31));
#2251=DIRECTION('',(-0.902234703795859,3.70074341541719E-15,-0.431245335356103));
#2252=DIRECTION('',(2.35922392732846E-15,1.,0.));
#2253=DIRECTION('',(-1.,3.70074341541719E-15,0.));
#2254=DIRECTION('',(0.,1.,0.));
#2255=DIRECTION('',(-1.,0.,0.));
#2256=DIRECTION('',(0.,1.,0.));
#2257=DIRECTION('',(-1.,0.,0.));
#2258=DIRECTION('',(2.35922392732846E-15,1.,0.));
#2259=DIRECTION('',(-1.,0.,0.));
#2260=DIRECTION('',(-1.17961196366423E-15,-1.,-1.08248015660476E-31));
#2261=DIRECTION('',(1.,-1.16573417585641E-15,0.));
#2262=DIRECTION('',(-1.17961196366423E-15,-1.,-1.08248015660476E-31));
#2263=DIRECTION('',(1.,-1.16573417585641E-15,0.));
#2264=CARTESIAN_POINT('',(0.,0.,0.));
#2265=CARTESIAN_POINT('',(-24.1083342170387,150.,37.5383541257298));
#2266=CARTESIAN_POINT('',(-27.5083342170387,150.,37.5383541257298));
#2267=CARTESIAN_POINT('',(-54.0855906700303,150.,36.3704091134984));
#2268=CARTESIAN_POINT('',(-47.5070133367276,150.,56.3133858288677));
#2269=CARTESIAN_POINT('',(-45.9753123413663,150.,16.9997254541227));
#2270=CARTESIAN_POINT('',(-24.1083342170387,150.,37.5383541257298));
#2271=CARTESIAN_POINT('',(100.,150.,0.));
#2272=CARTESIAN_POINT('',(100.,150.,0.));
#2273=CARTESIAN_POINT('',(100.,150.,131.199175008059));
#2274=CARTESIAN_POINT('',(100.,150.,200.));
#2275=CARTESIAN_POINT('',(100.,150.,131.199175008059));
#2276=CARTESIAN_POINT('',(99.9999999999998,-150.,131.199175008059));
#2277=CARTESIAN_POINT('',(99.9999999999998,-150.,0.));
#2278=CARTESIAN_POINT('',(99.9999999999998,-150.,200.));
#2279=CARTESIAN_POINT('',(99.9999999999998,-150.,200.));
#2280=CARTESIAN_POINT('',(99.9999999999998,-150.,0.));
#2281=CARTESIAN_POINT('',(99.9999999999998,-150.,0.));
#2282=CARTESIAN_POINT('',(99.9999999999998,-150.,3.));
#2283=CARTESIAN_POINT('',(99.9999999999998,-150.,117.290164462805));
#2284=CARTESIAN_POINT('',(100.,150.,117.290164462805));
#2285=CARTESIAN_POINT('',(100.,150.,117.290164462805));
#2286=CARTESIAN_POINT('',(100.,150.,0.));
#2287=CARTESIAN_POINT('',(100.,150.,3.));
#2288=CARTESIAN_POINT('',(100.,150.,3.));
#2289=CARTESIAN_POINT('',(99.9999999999998,-150.,0.));
#2290=CARTESIAN_POINT('',(95.,-1.14260452951006E-13,3.));
#2291=CARTESIAN_POINT('',(95.0000000000002,145.,3.));
#2292=CARTESIAN_POINT('',(94.9999999999998,-145.,3.));
#2293=CARTESIAN_POINT('',(-3.42087469462626E-13,-145.,3.));
#2294=CARTESIAN_POINT('',(24.5168281093531,-145.,3.));
#2295=CARTESIAN_POINT('',(24.5168281093531,150.,3.));
#2296=CARTESIAN_POINT('',(24.5168281093531,-150.,3.));
#2297=CARTESIAN_POINT('',(99.9999999999998,-150.,3.));
#2298=CARTESIAN_POINT('',(-99.9999999999998,150.,3.));
#2299=CARTESIAN_POINT('',(24.5168281093531,150.,3.));
#2300=CARTESIAN_POINT('',(24.5168281093531,150.,3.));
#2301=CARTESIAN_POINT('',(24.5168281093531,145.,3.));
#2302=CARTESIAN_POINT('',(3.42087469462626E-13,145.,3.));
#2303=CARTESIAN_POINT('',(0.,0.,3.));
#2304=CARTESIAN_POINT('',(73.4636254698773,-150.,50.3558237199489));
#2305=CARTESIAN_POINT('',(52.3555474275308,-150.,94.5173229382773));
#2306=CARTESIAN_POINT('',(24.5168281093531,-150.,50.3558237199489));
#2307=CARTESIAN_POINT('',(102.999999999999,-150.,118.724088474623));
#2308=CARTESIAN_POINT('',(24.5168281093531,-150.,50.3558237199488));
#2309=CARTESIAN_POINT('',(-100.,-150.,0.));
#2310=CARTESIAN_POINT('',(-51.6083342170387,-150.,65.5383541257298));
#2311=CARTESIAN_POINT('',(-48.6083342170387,-150.,65.5383541257298));
#2312=CARTESIAN_POINT('',(2.37886641335837,-150.,74.8855875189064));
#2313=CARTESIAN_POINT('',(-6.75345798916462,-150.,62.0089133983572));
#2314=CARTESIAN_POINT('',(-3.51606174614188,-150.,89.5299689464051));
#2315=CARTESIAN_POINT('',(-24.1083342170387,-150.,37.5383541257298));
#2316=CARTESIAN_POINT('',(-45.975312341366,-150.,16.999725454122));
#2317=CARTESIAN_POINT('',(-54.0855906700299,-150.,36.3704091134978));
#2318=CARTESIAN_POINT('',(-75.0667420707441,-150.,35.4808665904517));
#2319=CARTESIAN_POINT('',(-94.9226490236047,-150.,34.6390313054914));
#2320=CARTESIAN_POINT('',(-87.3147139906899,-150.,52.9989074516588));
#2321=CARTESIAN_POINT('',(-77.5176610207715,-150.,76.641680207597));
#2322=CARTESIAN_POINT('',(-100.,-150.,64.4143589757256));
#2323=CARTESIAN_POINT('',(-100.,-150.,0.));
#2324=CARTESIAN_POINT('',(-100.,-150.,200.));
#2325=CARTESIAN_POINT('',(-100.,-150.,200.));
#2326=CARTESIAN_POINT('',(-3.51606174614248,-150.,89.5299689464049));
#2327=CARTESIAN_POINT('',(-100.,-150.,0.));
#2328=CARTESIAN_POINT('',(-99.9999999999998,150.,64.4143589757249));
#2329=CARTESIAN_POINT('',(-99.9999999999998,79.4705362018833,64.4143589757249));
#2330=CARTESIAN_POINT('',(-99.9999999999998,79.4705362018833,64.4143589757249));
#2331=CARTESIAN_POINT('',(-99.9999999999998,92.726782090865,67.7399874071402));
#2332=CARTESIAN_POINT('',(-99.9999999999999,105.982897028965,71.0661378784494));
#2333=CARTESIAN_POINT('',(-99.9999999999999,119.238859998838,74.3928938470089));
#2334=CARTESIAN_POINT('',(-99.9999999999999,119.238859998838,74.3928938470089));
#2335=CARTESIAN_POINT('',(-99.9999999999999,119.238859998838,74.3928938470089));
#2336=CARTESIAN_POINT('',(-99.9999999999999,123.492577034265,75.0421473527505));
#2337=CARTESIAN_POINT('',(-99.9999999999998,127.746290405067,75.691424868518));
#2338=CARTESIAN_POINT('',(-99.9999999999998,132.,76.340727120305));
#2339=CARTESIAN_POINT('',(-99.9999999999998,132.,76.340727120305));
#2340=CARTESIAN_POINT('',(-99.9999999999998,152.,76.340727120305));
#2341=CARTESIAN_POINT('',(-99.9999999999998,150.,76.340727120305));
#2342=CARTESIAN_POINT('',(-99.9999999999998,150.,0.));
#2343=CARTESIAN_POINT('',(-99.9999999999998,150.,200.));
#2344=CARTESIAN_POINT('',(-99.9999999999998,150.,200.));
#2345=CARTESIAN_POINT('',(-99.9999999999998,150.,0.));
#2346=CARTESIAN_POINT('',(69.0753200393584,150.,55.7636107103545));
#2347=CARTESIAN_POINT('',(48.9226664952762,150.,80.5980848333079));
#2348=CARTESIAN_POINT('',(37.6875241295064,150.,49.624651698199));
#2349=CARTESIAN_POINT('',(73.4636254698773,150.,50.3558237199489));
#2350=CARTESIAN_POINT('',(56.6680007810918,150.,85.4949759003187));
#2351=CARTESIAN_POINT('',(58.676667489705,150.,86.4550677087254));
#2352=CARTESIAN_POINT('',(86.8116983277737,150.,99.9028998060401));
#2353=CARTESIAN_POINT('',(88.828003879081,150.,95.6844638191477));
#2354=CARTESIAN_POINT('',(93.5035455858506,150.,95.6844638191477));
#2355=CARTESIAN_POINT('',(93.503545585851,150.,-2.39078485234509E-14));
#2356=CARTESIAN_POINT('',(93.5035455858509,150.,24.0355281271255));
#2357=CARTESIAN_POINT('',(80.6231467182559,150.,24.0355281271255));
#2358=CARTESIAN_POINT('',(80.623146718256,150.,11.1551292595305));
#2359=CARTESIAN_POINT('',(100.,150.,11.1551292595305));
#2360=CARTESIAN_POINT('',(46.1198080779557,150.,11.1551292595304));
#2361=CARTESIAN_POINT('',(46.1198080779557,150.,20.4626895285309));
#2362=CARTESIAN_POINT('',(37.0757505557925,150.,22.6617124244738));
#2363=CARTESIAN_POINT('',(-24.1083342170387,150.,37.5383541257298));
#2364=CARTESIAN_POINT('',(103.,150.,118.724088474623));
#2365=CARTESIAN_POINT('',(52.3555474275308,150.,94.5173229382773));
#2366=CARTESIAN_POINT('',(73.4636254698773,150.,50.3558237199489));
#2367=CARTESIAN_POINT('',(24.5168281093531,150.,50.3558237199489));
#2368=CARTESIAN_POINT('',(24.5168281093531,150.,50.3558237199488));
#2369=CARTESIAN_POINT('',(100.,150.,0.));
#2370=CARTESIAN_POINT('',(-3.93828943093169,150.,89.6932585049521));
#2371=CARTESIAN_POINT('',(-3.93828943093168,150.,89.6932585049521));
#2372=CARTESIAN_POINT('',(-3.51606174614187,150.,89.5299689464051));
#2373=CARTESIAN_POINT('',(-3.51606174614187,150.,89.5299689464051));
#2374=CARTESIAN_POINT('',(100.,150.,200.));
#2375=CARTESIAN_POINT('',(-117.316398010848,150.,271.492672570525));
#2376=CARTESIAN_POINT('',(-44.8046841618137,150.,89.4866539674262));
#2377=CARTESIAN_POINT('',(-24.1083342170387,150.,37.5383541257298));
#2378=CARTESIAN_POINT('',(100.,150.,0.));
#2379=CARTESIAN_POINT('',(-54.0855906700303,153.,36.3704091134984));
#2380=CARTESIAN_POINT('',(-75.0855906700303,153.,36.3704091134984));
#2381=CARTESIAN_POINT('',(-24.1083342170387,153.,37.5383541257298));
#2382=CARTESIAN_POINT('',(-27.5083342170387,153.,37.5383541257298));
#2383=CARTESIAN_POINT('',(100.,153.,200.));
#2384=CARTESIAN_POINT('',(103.,153.,200.));
#2385=CARTESIAN_POINT('',(-103.,153.,200.));
#2386=CARTESIAN_POINT('',(103.,153.,0.));
#2387=CARTESIAN_POINT('',(103.,153.,0.));
#2388=CARTESIAN_POINT('',(100.,153.,0.));
#2389=CARTESIAN_POINT('',(-103.,153.,0.));
#2390=CARTESIAN_POINT('',(-103.,153.,0.));
#2391=CARTESIAN_POINT('',(73.4636254698773,153.,50.3558237199489));
#2392=CARTESIAN_POINT('',(56.6680007810918,153.,85.4949759003187));
#2393=CARTESIAN_POINT('',(48.9226664952762,153.,80.5980848333079));
#2394=CARTESIAN_POINT('',(69.0753200393584,153.,55.7636107103545));
#2395=CARTESIAN_POINT('',(37.6875241295063,153.,49.624651698199));
#2396=CARTESIAN_POINT('',(-24.1083342170387,153.,37.5383541257298));
#2397=CARTESIAN_POINT('',(37.0757505557925,153.,22.6617124244738));
#2398=CARTESIAN_POINT('',(46.1198080779557,153.,20.4626895285309));
#2399=CARTESIAN_POINT('',(46.1198080779557,153.,11.1551292595304));
#2400=CARTESIAN_POINT('',(100.,153.,11.1551292595305));
#2401=CARTESIAN_POINT('',(80.623146718256,153.,11.1551292595305));
#2402=CARTESIAN_POINT('',(80.6231467182559,153.,24.0355281271255));
#2403=CARTESIAN_POINT('',(93.5035455858509,153.,24.0355281271255));
#2404=CARTESIAN_POINT('',(93.503545585851,153.,-2.39078485234509E-14));
#2405=CARTESIAN_POINT('',(93.5035455858506,153.,95.6844638191477));
#2406=CARTESIAN_POINT('',(88.828003879081,153.,95.6844638191477));
#2407=CARTESIAN_POINT('',(86.8116983277737,153.,99.9028998060401));
#2408=CARTESIAN_POINT('',(58.676667489705,153.,86.4550677087254));
#2409=CARTESIAN_POINT('',(100.,153.,0.));
#2410=CARTESIAN_POINT('',(-103.,150.,200.));
#2411=CARTESIAN_POINT('',(-103.,-153.,200.));
#2412=CARTESIAN_POINT('',(-100.,-153.,200.));
#2413=CARTESIAN_POINT('',(103.,-153.,200.));
#2414=CARTESIAN_POINT('',(103.,-150.,200.));
#2415=CARTESIAN_POINT('',(100.,150.,200.));
#2416=CARTESIAN_POINT('',(-24.1083342170387,343.,37.5383541257298));
#2417=CARTESIAN_POINT('',(37.6875241295063,343.,49.624651698199));
#2418=CARTESIAN_POINT('',(48.9226664952762,343.,80.5980848333079));
#2419=CARTESIAN_POINT('',(69.0753200393584,343.,55.7636107103545));
#2420=CARTESIAN_POINT('',(56.6680007810918,343.,85.4949759003187));
#2421=CARTESIAN_POINT('',(73.4636254698773,343.,50.3558237199489));
#2422=CARTESIAN_POINT('',(86.8116983277737,343.,99.9028998060401));
#2423=CARTESIAN_POINT('',(56.6680007810918,343.,85.4949759003187));
#2424=CARTESIAN_POINT('',(93.5035455858506,343.,95.6844638191477));
#2425=CARTESIAN_POINT('',(88.828003879081,343.,95.6844638191477));
#2426=CARTESIAN_POINT('',(93.5035455858509,343.,24.0355281271255));
#2427=CARTESIAN_POINT('',(93.5035455858506,343.,95.6844638191477));
#2428=CARTESIAN_POINT('',(80.623146718256,343.,11.1551292595305));
#2429=CARTESIAN_POINT('',(80.6231467182559,343.,24.0355281271255));
#2430=CARTESIAN_POINT('',(46.1198080779557,343.,11.1551292595304));
#2431=CARTESIAN_POINT('',(80.623146718256,343.,11.1551292595305));
#2432=CARTESIAN_POINT('',(37.0757505557925,343.,22.6617124244738));
#2433=CARTESIAN_POINT('',(46.1198080779557,343.,20.4626895285309));
#2434=CARTESIAN_POINT('',(-24.1083342170387,343.,37.5383541257298));
#2435=CARTESIAN_POINT('',(-103.,-153.,49.7798604626916));
#2436=CARTESIAN_POINT('',(-103.,-153.,0.));
#2437=CARTESIAN_POINT('',(-103.,150.,0.));
#2438=CARTESIAN_POINT('',(-103.,150.,49.7798604626916));
#2439=CARTESIAN_POINT('',(-52.108334217039,-153.,10.0383541257297));
#2440=CARTESIAN_POINT('',(-52.108334217039,-153.,7.0383541257297));
#2441=CARTESIAN_POINT('',(3.39166578296144,-153.,9.53835412572982));
#2442=CARTESIAN_POINT('',(3.39166578296144,-153.,6.53835412572982));
#2443=CARTESIAN_POINT('',(3.89166578296125,-153.,65.0383541257299));
#2444=CARTESIAN_POINT('',(3.89166578296125,-153.,62.0383541257299));
#2445=CARTESIAN_POINT('',(-51.6083342170387,-153.,65.5383541257298));
#2446=CARTESIAN_POINT('',(-51.6083342170387,-153.,62.5383541257298));
#2447=CARTESIAN_POINT('',(-24.1083342170387,-153.,37.5383541257298));
#2448=CARTESIAN_POINT('',(5.89166578296134,-153.,37.5383541257298));
#2449=CARTESIAN_POINT('',(24.5168281093531,-153.,5.31252136229217E-15));
#2450=CARTESIAN_POINT('',(103.,-153.,0.));
#2451=CARTESIAN_POINT('',(103.,-153.,132.406790677321));
#2452=CARTESIAN_POINT('',(-24.1083342170387,-153.,37.5383541257298));
#2453=CARTESIAN_POINT('',(103.,-150.,0.));
#2454=CARTESIAN_POINT('',(103.,150.,132.406790677321));
#2455=CARTESIAN_POINT('',(-3.42087469462626E-13,-145.,0.));
#2456=CARTESIAN_POINT('',(94.9999999999998,-145.,0.));
#2457=CARTESIAN_POINT('',(-95.0000000000002,-145.,0.));
#2458=CARTESIAN_POINT('',(95.,-1.14260452951006E-13,0.));
#2459=CARTESIAN_POINT('',(95.0000000000002,145.,0.));
#2460=CARTESIAN_POINT('',(3.42087469462626E-13,145.,0.));
#2461=CARTESIAN_POINT('',(-94.9999999999998,145.,-8.36270970673099E-15));
#2462=CARTESIAN_POINT('',(-95.,1.14260452951006E-13,0.));
#2463=CARTESIAN_POINT('',(24.5168281093531,150.,5.31252136229217E-15));
#2464=CARTESIAN_POINT('',(-3.93828943093168,152.,89.6932585049521));
#2465=CARTESIAN_POINT('',(-3.93828943093168,132.,89.6932585049521));
#2466=CARTESIAN_POINT('',(-3.93828943093168,132.,89.6932585049521));
#2467=CARTESIAN_POINT('',(-3.79749700439479,132.,89.638809367664));
#2468=CARTESIAN_POINT('',(-3.65665503672504,132.00402591509,89.5843410711639));
#2469=CARTESIAN_POINT('',(-3.51606174614188,132.012051786618,89.5299689464051));
#2470=CARTESIAN_POINT('',(-3.51606174614188,132.012051786618,89.5299689464051));
#2471=CARTESIAN_POINT('',(-3.51606174614188,150.,89.5299689464051));
#2472=CARTESIAN_POINT('',(-3.93828943093169,152.,89.6932585049521));
#2473=CARTESIAN_POINT('',(-44.8046841618137,152.,89.4866539674262));
#2474=CARTESIAN_POINT('',(-44.8046841618137,132.,89.4866539674262));
#2475=CARTESIAN_POINT('',(-24.1083342170387,132.,37.5383541257298));
#2476=CARTESIAN_POINT('',(-24.1083342170387,152.,37.5383541257298));
#2477=CARTESIAN_POINT('',(-117.316398010848,132.,271.492672570525));
#2478=CARTESIAN_POINT('',(-117.316398010848,152.,271.492672570525));
#2479=CARTESIAN_POINT('',(2.37886641335837,47.0000000000002,74.8855875189064));
#2480=CARTESIAN_POINT('',(-13.0878827518954,47.0000000000002,71.7252464520501));
#2481=CARTESIAN_POINT('',(-6.75345798916462,47.0000000000002,62.0089133983572));
#2482=CARTESIAN_POINT('',(-24.1083342170387,47.0000000000002,37.5383541257298));
#2483=CARTESIAN_POINT('',(-37.4024595103509,47.0000000000002,70.9069050399171));
#2484=CARTESIAN_POINT('',(-117.316398010848,47.0000000000002,271.492672570525));
#2485=CARTESIAN_POINT('',(-93.75850980831,47.0000000000002,56.8629597953805));
#2486=CARTESIAN_POINT('',(-77.5176610207715,47.0000000000002,76.641680207597));
#2487=CARTESIAN_POINT('',(-87.3147139906899,47.0000000000002,52.9989074516588));
#2488=CARTESIAN_POINT('',(-94.9226490236045,47.0000000000002,34.6390313054914));
#2489=CARTESIAN_POINT('',(-75.0667420707441,47.0000000000002,35.4808665904517));
#2490=CARTESIAN_POINT('',(-54.0855906700303,47.0000000000002,36.3704091134984));
#2491=CARTESIAN_POINT('',(-47.5070133367276,47.0000000000002,56.3133858288677));
#2492=CARTESIAN_POINT('',(-24.1083342170387,47.0000000000002,37.5383541257298));
#2493=CARTESIAN_POINT('',(-94.9226490236045,47.0000000000002,34.6390313054914));
#2494=CARTESIAN_POINT('',(-45.975312341366,150.,16.999725454122));
#2495=CARTESIAN_POINT('',(-47.5070133367276,152.,56.3133858288677));
#2496=CARTESIAN_POINT('',(-75.0667420707441,150.,35.4808665904517));
#2497=CARTESIAN_POINT('',(-54.0855906700299,150.,36.3704091134978));
#2498=CARTESIAN_POINT('',(-87.3147139906899,150.,52.9989074516588));
#2499=CARTESIAN_POINT('',(-94.9226490236047,150.,34.6390313054914));
#2500=CARTESIAN_POINT('',(-93.75850980831,47.0000000000002,56.8629597953805));
#2501=CARTESIAN_POINT('',(-96.6496340426799,57.700984765332,59.2369410508812));
#2502=CARTESIAN_POINT('',(-98.5742218224796,68.5454630256336,61.7927849049758));
#2503=CARTESIAN_POINT('',(-99.9999999999999,79.4705362018833,64.414358975725));
#2504=CARTESIAN_POINT('',(-77.5176610207715,150.,76.641680207597));
#2505=CARTESIAN_POINT('',(-3.51606174614188,150.,89.5299689464051));
#2506=CARTESIAN_POINT('',(-3.51606174614187,150.,89.5299689464051));
#2507=CARTESIAN_POINT('',(-3.51606174614188,132.012051786618,89.5299689464051));
#2508=CARTESIAN_POINT('',(-4.38564111615201,127.765619233803,89.179929722108));
#2509=CARTESIAN_POINT('',(-5.1632518656744,123.506979477523,88.7786359557475));
#2510=CARTESIAN_POINT('',(-5.87256557258471,119.238859998838,88.3437432462375));
#2511=CARTESIAN_POINT('',(-5.87256557258471,119.238859998838,88.3437432462375));
#2512=CARTESIAN_POINT('',(-5.87256557258471,119.238859998838,88.3437432462375));
#2513=CARTESIAN_POINT('',(-9.11751637274116,107.363620513766,86.3542068366649));
#2514=CARTESIAN_POINT('',(-11.0578628523504,95.2490162568326,83.7124985639509));
#2515=CARTESIAN_POINT('',(-12.7962085487585,77.1371630236819,79.4940771774833));
#2516=CARTESIAN_POINT('',(-13.166129398477,71.1030503599396,78.0317901304795));
#2517=CARTESIAN_POINT('',(-13.4809732608677,59.041996114894,74.9903308761809));
#2518=CARTESIAN_POINT('',(-13.4334314666006,53.0141564171853,73.4163662336362));
#2519=CARTESIAN_POINT('',(-13.0878827518955,47.0000000000002,71.7252464520501));
#2520=CARTESIAN_POINT('',(-6.75345798916462,150.,62.0089133983572));
#2521=CARTESIAN_POINT('',(2.37886641335837,150.,74.8855875189064));
#2522=CARTESIAN_POINT('',(-24.1083342170387,150.,37.5383541257298));
#2523=CARTESIAN_POINT('',(52.3555474275308,150.,94.5173229382773));
#2524=CARTESIAN_POINT('',(103.,150.,118.724088474623));
#2525=CARTESIAN_POINT('',(24.5168281093531,150.,50.3558237199489));
#2526=CARTESIAN_POINT('',(73.4636254698773,150.,50.3558237199489));
#2527=CARTESIAN_POINT('',(24.5168281093531,-145.,50.3558237199488));
#2528=CARTESIAN_POINT('',(24.5168281093531,-145.,5.));
#2529=CARTESIAN_POINT('',(24.5168281093531,150.,5.));
#2530=CARTESIAN_POINT('',(24.5168281093531,145.,5.));
#2531=CARTESIAN_POINT('',(24.5168281093531,145.,50.3558237199488));
#2532=CARTESIAN_POINT('',(24.5168281093531,150.,50.3558237199488));
#2533=CARTESIAN_POINT('',(-51.6083342170387,-150.5,65.5383541257298));
#2534=CARTESIAN_POINT('',(-51.6083342170387,-150.5,63.0383541257298));
#2535=CARTESIAN_POINT('',(-51.6083342170387,-152.5,65.5383541257298));
#2536=CARTESIAN_POINT('',(-51.6083342170387,-152.5,63.0383541257298));
#2537=CARTESIAN_POINT('',(-51.6083342170387,-153.,65.5383541257298));
#2538=CARTESIAN_POINT('',(-51.6083342170387,-153.,65.5383541257298));
#2539=CARTESIAN_POINT('',(-51.6083342170387,-150.,65.5383541257298));
#2540=CARTESIAN_POINT('',(3.89166578296125,-141.,65.0383541257299));
#2541=CARTESIAN_POINT('',(3.89166578296125,-141.,67.5383541257299));
#2542=CARTESIAN_POINT('',(3.89166578296125,-139.497848452431,65.0383541257299));
#2543=CARTESIAN_POINT('',(3.89166578296125,-141.,65.0383541257299));
#2544=CARTESIAN_POINT('',(3.89166578296125,-152.5,65.0383541257299));
#2545=CARTESIAN_POINT('',(3.89166578296125,-152.5,62.5383541257299));
#2546=CARTESIAN_POINT('',(3.89166578296125,-153.,65.0383541257299));
#2547=CARTESIAN_POINT('',(3.89166578296125,-153.,65.0383541257299));
#2548=CARTESIAN_POINT('',(3.39166578296144,-141.,9.53835412572982));
#2549=CARTESIAN_POINT('',(3.39166578296144,-141.,12.0383541257298));
#2550=CARTESIAN_POINT('',(3.39166578296144,-139.497848452431,9.53835412572982));
#2551=CARTESIAN_POINT('',(3.39166578296144,-141.,9.53835412572982));
#2552=CARTESIAN_POINT('',(3.39166578296144,-152.5,9.53835412572982));
#2553=CARTESIAN_POINT('',(3.39166578296144,-152.5,7.03835412572982));
#2554=CARTESIAN_POINT('',(3.39166578296144,-153.,9.53835412572982));
#2555=CARTESIAN_POINT('',(3.39166578296144,-153.,9.53835412572982));
#2556=CARTESIAN_POINT('',(-52.108334217039,-141.,10.0383541257297));
#2557=CARTESIAN_POINT('',(-52.108334217039,-141.,12.5383541257297));
#2558=CARTESIAN_POINT('',(-52.108334217039,-139.497848452431,10.0383541257297));
#2559=CARTESIAN_POINT('',(-52.108334217039,-141.,10.0383541257297));
#2560=CARTESIAN_POINT('',(-52.108334217039,-152.5,10.0383541257297));
#2561=CARTESIAN_POINT('',(-52.108334217039,-152.5,7.5383541257297));
#2562=CARTESIAN_POINT('',(-52.108334217039,-153.,10.0383541257297));
#2563=CARTESIAN_POINT('',(-52.108334217039,-153.,10.0383541257297));
#2564=CARTESIAN_POINT('',(95.0000000000002,145.,5.));
#2565=CARTESIAN_POINT('',(94.9999999999998,-145.,5.));
#2566=CARTESIAN_POINT('',(95.0000000000002,150.,5.));
#2567=CARTESIAN_POINT('',(-95.0000000000002,-145.,5.));
#2568=CARTESIAN_POINT('',(-95.0000000000002,-145.,3.));
#2569=CARTESIAN_POINT('',(-94.9999999999998,145.,5.));
#2570=CARTESIAN_POINT('',(-94.9999999999998,145.,3.));
#2571=CARTESIAN_POINT('',(-95.,1.14260452951006E-13,3.));
#2572=CARTESIAN_POINT('',(-95.0000000000002,-150.,5.));
#2573=CARTESIAN_POINT('',(-3.42087469462626E-13,-145.,3.));
#2574=CARTESIAN_POINT('',(-76.5052700449908,-145.,3.));
#2575=CARTESIAN_POINT('',(-75.3490657955249,-145.,2.26434174423673E-13));
#2576=CARTESIAN_POINT('',(-77.2760728779682,-145.,5.));
#2577=CARTESIAN_POINT('',(-3.42087469462626E-13,-145.,5.));
#2578=CARTESIAN_POINT('',(99.9999999999998,-145.,5.));
#2579=CARTESIAN_POINT('',(3.42087469462626E-13,145.,5.));
#2580=CARTESIAN_POINT('',(-77.2760728779682,145.,5.));
#2581=CARTESIAN_POINT('',(-75.3490657955248,145.,-3.14712902232515E-15));
#2582=CARTESIAN_POINT('',(-76.5052700449908,145.,3.));
#2583=CARTESIAN_POINT('',(3.42087469462626E-13,145.,3.));
#2584=CARTESIAN_POINT('',(-99.9999999999998,145.,5.));
#2585=CARTESIAN_POINT('',(-77.2760728779682,150.,5.));
#2586=CARTESIAN_POINT('',(0.,0.,5.));
#2587=CARTESIAN_POINT('',(-98.9087631589046,-150.,25.2686203339703));
#2588=CARTESIAN_POINT('',(-86.8750469099863,-150.,29.906431635547));
#2589=CARTESIAN_POINT('',(-94.3814543724099,-150.,37.3443437317731));
#2590=CARTESIAN_POINT('',(-75.3490657955249,-150.,2.30392472758949E-13));
#2591=CARTESIAN_POINT('',(-76.5052700449908,-150.,3.));
#2592=CARTESIAN_POINT('',(99.9999999999998,-150.,3.));
#2593=CARTESIAN_POINT('',(-100.,-150.,3.));
#2594=CARTESIAN_POINT('',(-100.,-150.,0.));
#2595=CARTESIAN_POINT('',(-100.,-150.,41.3724549725665));
#2596=CARTESIAN_POINT('',(-89.7192554874359,-150.,49.7798604626916));
#2597=CARTESIAN_POINT('',(-100.,-150.,0.));
#2598=CARTESIAN_POINT('',(-99.9999999999998,150.,0.));
#2599=CARTESIAN_POINT('',(-99.9999999999998,150.,3.));
#2600=CARTESIAN_POINT('',(-99.9999999999998,150.,41.372454972566));
#2601=CARTESIAN_POINT('',(-99.9999999999998,150.,41.372454972566));
#2602=CARTESIAN_POINT('',(-100.,-150.,3.));
#2603=CARTESIAN_POINT('',(-99.9999999999998,150.,0.));
#2604=CARTESIAN_POINT('',(-99.9999999999998,150.,3.));
#2605=CARTESIAN_POINT('',(-76.5052700449908,150.,3.));
#2606=CARTESIAN_POINT('',(-75.3490657955248,150.,-7.105427357601E-15));
#2607=CARTESIAN_POINT('',(-86.8750469099863,150.,29.906431635547));
#2608=CARTESIAN_POINT('',(-98.9087631589046,150.,25.2686203339703));
#2609=CARTESIAN_POINT('',(-94.3814543724099,150.,37.3443437317731));
#2610=CARTESIAN_POINT('',(-89.7192554874359,150.,49.7798604626916));
#2611=CARTESIAN_POINT('',(100.,150.,0.));
#2612=CARTESIAN_POINT('',(-76.5052700449908,150.,3.));
#2613=CARTESIAN_POINT('',(-76.5052700449908,150.,3.));
#2614=CARTESIAN_POINT('',(0.,0.,3.));
#2615=CARTESIAN_POINT('',(-94.3814543724099,150.,37.3443437317731));
#2616=CARTESIAN_POINT('',(-89.7192554874359,150.,49.7798604626916));
#2617=CARTESIAN_POINT('',(-86.8750469099863,150.,29.906431635547));
#2618=CARTESIAN_POINT('',(-98.9087631589046,150.,25.2686203339703));
#2619=CARTESIAN_POINT('',(-75.3490657955248,150.,-7.105427357601E-15));
#2620=CARTESIAN_POINT('',(-44.8046841618137,127.,89.4866539674262));
#2621=CARTESIAN_POINT('',(-44.086562888813,119.238859998838,87.6841535597656));
#2622=CARTESIAN_POINT('',(-117.316398010848,119.238859998838,271.492672570525));
#2623=CARTESIAN_POINT('',(-117.316398010848,127.,271.492672570525));
#2624=CARTESIAN_POINT('',(-24.1083342170387,119.238859998838,37.5383541257298));
#2625=CARTESIAN_POINT('',(-24.1083342170387,127.,37.5383541257298));
#2626=CARTESIAN_POINT('',(-44.086562888813,119.238859998838,87.6841535597655));
#2627=CARTESIAN_POINT('',(-24.1083342170387,132.,37.5383541257298));
#2628=CARTESIAN_POINT('',(-117.316398010848,132.,271.492672570525));
#2629=CARTESIAN_POINT('',(5.89166578296134,-153.,72.5383541257298));
#2630=CARTESIAN_POINT('',(5.89166578296134,-153.,72.5383541257298));
#2631=CARTESIAN_POINT('',(-54.1083342170387,-153.,72.5383541257298));
#2632=CARTESIAN_POINT('',(-54.1083342170387,-158.,72.5383541257298));
#2633=CARTESIAN_POINT('',(-54.1083342170387,-158.,72.5383541257298));
#2634=CARTESIAN_POINT('',(5.89166578296134,-158.,72.5383541257298));
#2635=CARTESIAN_POINT('',(5.89166578296134,-158.,72.5383541257298));
#2636=CARTESIAN_POINT('',(5.89166578296134,-158.,72.5383541257298));
#2637=CARTESIAN_POINT('',(5.89166578296134,-158.,72.5383541257298));
#2638=CARTESIAN_POINT('',(-54.1083342170387,-153.,67.5383541257298));
#2639=CARTESIAN_POINT('',(-59.1083342170387,-153.,67.5383541257298));
#2640=CARTESIAN_POINT('',(-59.1083342170387,-158.,67.5383541257298));
#2641=CARTESIAN_POINT('',(-59.1083342170387,-158.,67.5383541257298));
#2642=CARTESIAN_POINT('',(-54.1083342170387,-158.,67.5383541257298));
#2643=CARTESIAN_POINT('',(-54.1083342170387,-158.,67.5383541257298));
#2644=CARTESIAN_POINT('',(-59.1083342170387,-153.,67.5383541257298));
#2645=CARTESIAN_POINT('',(-59.1083342170386,-153.,7.53835412572976));
#2646=CARTESIAN_POINT('',(-59.1083342170386,-158.,7.53835412572976));
#2647=CARTESIAN_POINT('',(-59.1083342170386,-158.,7.53835412572976));
#2648=CARTESIAN_POINT('',(-59.1083342170387,-158.,67.5383541257298));
#2649=CARTESIAN_POINT('',(-59.1083342170387,-158.,67.5383541257298));
#2650=CARTESIAN_POINT('',(-54.1083342170386,-153.,7.53835412572976));
#2651=CARTESIAN_POINT('',(-54.1083342170387,-153.,2.53835412572976));
#2652=CARTESIAN_POINT('',(-54.1083342170387,-158.,2.53835412572976));
#2653=CARTESIAN_POINT('',(-54.1083342170387,-158.,2.53835412572976));
#2654=CARTESIAN_POINT('',(-54.1083342170386,-158.,7.53835412572976));
#2655=CARTESIAN_POINT('',(-54.1083342170386,-158.,7.53835412572976));
#2656=CARTESIAN_POINT('',(-54.1083342170386,-153.,2.53835412572976));
#2657=CARTESIAN_POINT('',(5.89166578296134,-153.,2.53835412572977));
#2658=CARTESIAN_POINT('',(5.89166578296134,-158.,2.53835412572977));
#2659=CARTESIAN_POINT('',(5.89166578296134,-158.,2.53835412572977));
#2660=CARTESIAN_POINT('',(-54.1083342170386,-158.,2.53835412572976));
#2661=CARTESIAN_POINT('',(-54.1083342170386,-158.,2.53835412572976));
#2662=CARTESIAN_POINT('',(5.89166578296134,-153.,7.53835412572977));
#2663=CARTESIAN_POINT('',(10.8916657829613,-153.,7.53835412572977));
#2664=CARTESIAN_POINT('',(10.8916657829613,-158.,7.53835412572977));
#2665=CARTESIAN_POINT('',(10.8916657829613,-158.,7.53835412572977));
#2666=CARTESIAN_POINT('',(5.89166578296134,-158.,7.53835412572977));
#2667=CARTESIAN_POINT('',(5.89166578296134,-158.,7.53835412572977));
#2668=CARTESIAN_POINT('',(10.8916657829613,-153.,7.53835412572977));
#2669=CARTESIAN_POINT('',(10.8916657829613,-153.,67.5383541257298));
#2670=CARTESIAN_POINT('',(10.8916657829613,-158.,67.5383541257298));
#2671=CARTESIAN_POINT('',(10.8916657829613,-158.,67.5383541257298));
#2672=CARTESIAN_POINT('',(10.8916657829613,-158.,7.53835412572977));
#2673=CARTESIAN_POINT('',(10.8916657829613,-158.,7.53835412572977));
#2674=CARTESIAN_POINT('',(-24.1083342170387,-158.,37.5383541257298));
#2675=CARTESIAN_POINT('',(-20.1083342170387,-158.,37.5383541257298));
#2676=CARTESIAN_POINT('',(-24.1083342170387,-153.,37.5383541257298));
#2677=CARTESIAN_POINT('',(-20.1083342170387,-153.,37.5383541257298));
#2678=CARTESIAN_POINT('',(-24.1083342170387,-158.,37.5383541257298));
#2679=CARTESIAN_POINT('',(-52.108334217039,-158.,10.0383541257297));
#2680=CARTESIAN_POINT('',(-52.108334217039,-158.,13.0383541257297));
#2681=CARTESIAN_POINT('',(-52.108334217039,-153.,10.0383541257297));
#2682=CARTESIAN_POINT('',(-52.108334217039,-153.,13.0383541257297));
#2683=CARTESIAN_POINT('',(-52.108334217039,-158.,10.0383541257297));
#2684=CARTESIAN_POINT('',(-51.6083342170387,-158.,65.5383541257298));
#2685=CARTESIAN_POINT('',(-48.6083342170387,-158.,65.5383541257298));
#2686=CARTESIAN_POINT('',(-51.6083342170387,-153.,65.5383541257298));
#2687=CARTESIAN_POINT('',(-48.6083342170387,-153.,65.5383541257298));
#2688=CARTESIAN_POINT('',(-51.6083342170387,-158.,65.5383541257298));
#2689=CARTESIAN_POINT('',(3.39166578296144,-158.,9.53835412572982));
#2690=CARTESIAN_POINT('',(0.391665782961441,-158.,9.53835412572982));
#2691=CARTESIAN_POINT('',(3.39166578296144,-153.,9.53835412572982));
#2692=CARTESIAN_POINT('',(0.391665782961441,-153.,9.53835412572982));
#2693=CARTESIAN_POINT('',(3.39166578296144,-158.,9.53835412572982));
#2694=CARTESIAN_POINT('',(5.89166578296134,-153.,67.5383541257298));
#2695=CARTESIAN_POINT('',(5.89166578296134,-158.,67.5383541257298));
#2696=CARTESIAN_POINT('',(5.89166578296134,-158.,67.5383541257298));
#2697=CARTESIAN_POINT('',(3.89166578296125,-158.,65.0383541257299));
#2698=CARTESIAN_POINT('',(3.89166578296125,-158.,62.0383541257299));
#2699=CARTESIAN_POINT('',(3.89166578296125,-153.,65.0383541257299));
#2700=CARTESIAN_POINT('',(3.89166578296125,-153.,62.0383541257299));
#2701=CARTESIAN_POINT('',(3.89166578296125,-158.,65.0383541257299));
#2702=CARTESIAN_POINT('',(-0.108334217038659,-158.,46.5383541257298));
#2703=CARTESIAN_POINT('',(1.89166578296134,-158.,46.5383541257298));
#2704=CARTESIAN_POINT('',(-33.1083342170387,-158.,46.5383541257298));
#2705=CARTESIAN_POINT('',(-31.1083342170387,-158.,46.5383541257298));
#2706=CARTESIAN_POINT('',(-33.1083342170387,-158.,28.5383541257298));
#2707=CARTESIAN_POINT('',(-31.1083342170387,-158.,28.5383541257298));
#2708=CARTESIAN_POINT('',(-0.108334217038656,-158.,28.5383541257298));
#2709=CARTESIAN_POINT('',(1.89166578296134,-158.,28.5383541257298));
#2710=CARTESIAN_POINT('',(-54.1083342170387,-158.,67.5383541257298));
#2711=CARTESIAN_POINT('',(-0.108334217038659,-153.,46.5383541257298));
#2712=CARTESIAN_POINT('',(-0.108334217038659,-153.,44.5383541257298));
#2713=CARTESIAN_POINT('',(-33.1083342170387,-153.,46.5383541257298));
#2714=CARTESIAN_POINT('',(-33.1083342170387,-153.,44.5383541257298));
#2715=CARTESIAN_POINT('',(-33.1083342170387,-153.,28.5383541257298));
#2716=CARTESIAN_POINT('',(-33.1083342170387,-153.,26.5383541257298));
#2717=CARTESIAN_POINT('',(-0.108334217038656,-153.,28.5383541257298));
#2718=CARTESIAN_POINT('',(-0.108334217038656,-153.,26.5383541257298));
#2719=CARTESIAN_POINT('',(-54.1083342170387,-153.,67.5383541257298));
#2720=CARTESIAN_POINT('',(-0.108334217038656,-138.,28.5383541257298));
#2721=CARTESIAN_POINT('',(-33.1083342170387,-138.,28.5383541257298));
#2722=CARTESIAN_POINT('',(-33.1083342170387,-138.,46.5383541257298));
#2723=CARTESIAN_POINT('',(-0.108334217038659,-138.,46.5383541257298));
#2724=CARTESIAN_POINT('',(-24.1083342170387,153.,37.5383541257298));
#2725=CARTESIAN_POINT('',(-30.8750944955076,153.,34.304014110559));
#2726=CARTESIAN_POINT('',(-24.1083342170387,156.,37.5383541257298));
#2727=CARTESIAN_POINT('',(-30.8750944955076,156.,34.304014110559));
#2728=CARTESIAN_POINT('',(-24.1083342170387,153.,37.5383541257298));
#2729=CARTESIAN_POINT('',(-24.1083342170387,153.,37.5383541257298));
#2730=CARTESIAN_POINT('',(-27.5083342170387,153.,37.5383541257298));
#2731=CARTESIAN_POINT('',(-24.1083342170387,156.,37.5383541257298));
#2732=CARTESIAN_POINT('',(-27.5083342170387,156.,37.5383541257298));
#2733=CARTESIAN_POINT('',(-24.1083342170387,153.,37.5383541257298));
#2734=CARTESIAN_POINT('',(-24.1083342170387,153.,37.5383541257298));
#2735=CARTESIAN_POINT('',(-24.1083342170387,156.,37.5383541257298));
#2736=MECHANICAL_DESIGN_GEOMETRIC_PRESENTATION_REPRESENTATION('',(#24,#25,
#26),#2737);
#2737=(
GEOMETRIC_REPRESENTATION_CONTEXT(3)
GLOBAL_UNCERTAINTY_ASSIGNED_CONTEXT((#2738))
GLOBAL_UNIT_ASSIGNED_CONTEXT((#2744,#2740,#2739))
REPRESENTATION_CONTEXT('\X2\7BB14F534E00\X0\','TOP_LEVEL_ASSEMBLY_PART')
);
#2738=UNCERTAINTY_MEASURE_WITH_UNIT(LENGTH_MEASURE(0.0508),#2744,
'DISTANCE_ACCURACY_VALUE','Maximum Tolerance applied to model');
#2739=(
NAMED_UNIT(*)
SI_UNIT($,.STERADIAN.)
SOLID_ANGLE_UNIT()
);
#2740=(
CONVERSION_BASED_UNIT('DEGREE',#2742)
NAMED_UNIT(#2741)
PLANE_ANGLE_UNIT()
);
#2741=DIMENSIONAL_EXPONENTS(0.,0.,0.,0.,0.,0.,0.);
#2742=PLANE_ANGLE_MEASURE_WITH_UNIT(PLANE_ANGLE_MEASURE(0.0174532925),#2743);
#2743=(
NAMED_UNIT(*)
PLANE_ANGLE_UNIT()
SI_UNIT($,.RADIAN.)
);
#2744=(
LENGTH_UNIT()
NAMED_UNIT(*)
SI_UNIT(.MILLI.,.METRE.)
);
ENDSEC;
END-ISO-10303-21;
