ISO-10303-21;
HEADER;
/* Generated by software containing ST-Developer
 * from STEP Tools, Inc. (www.steptools.com) 
 */
/* OPTION: using custom schema-name function */

FILE_DESCRIPTION(
/* description */ (''),
/* implementation_level */ '2;1');

FILE_NAME(
/* name */ '\X2\87BA67466539\X0\.stp',
/* time_stamp */ '2026-05-08T17:56:09+08:00',
/* author */ (''),
/* organization */ (''),
/* preprocessor_version */ 'ST-DEVELOPER v16.7',
/* originating_system */ 'SIEMENS PLM Software NX 12.0',
/* authorisation */ '');

FILE_SCHEMA (('AUTOMOTIVE_DESIGN { 1 0 10303 214 3 1 1 1 }'));
ENDSEC;

DATA;
#10=SHAPE_REPRESENTATION_RELATIONSHIP('None',
'relationship between \X2\87BA6746\X0\-None and \X2\87BA6746\X0\-None',
#22,#11);
#11=ADVANCED_BREP_SHAPE_REPRESENTATION('\X2\87BA6746\X0\-None',(#32),#7815);
#12=SHAPE_DEFINITION_REPRESENTATION(#13,#22);
#13=PRODUCT_DEFINITION_SHAPE('','',#14);
#14=PRODUCT_DEFINITION(' ','',#16,#15);
#15=PRODUCT_DEFINITION_CONTEXT('part definition',#21,'design');
#16=PRODUCT_DEFINITION_FORMATION_WITH_SPECIFIED_SOURCE(' ',' ',#18,
 .NOT_KNOWN.);
#17=PRODUCT_RELATED_PRODUCT_CATEGORY('part','',(#18));
#18=PRODUCT('\X2\87BA6746\X0\','\X2\87BA6746\X0\',' ',(#19));
#19=PRODUCT_CONTEXT(' ',#21,'mechanical');
#20=APPLICATION_PROTOCOL_DEFINITION('international standard',
'automotive_design',2010,#21);
#21=APPLICATION_CONTEXT(
'core data for automotive mechanical design processes');
#22=SHAPE_REPRESENTATION('\X2\87BA6746\X0\-None',(#254),#7815);
#23=PRESENTATION_LAYER_ASSIGNMENT('1','Layer 1',(#32));
#24=STYLED_ITEM('',(#25),#32);
#25=PRESENTATION_STYLE_ASSIGNMENT((#26));
#26=SURFACE_STYLE_USAGE(.BOTH.,#27);
#27=SURFACE_SIDE_STYLE('',(#28));
#28=SURFACE_STYLE_FILL_AREA(#29);
#29=FILL_AREA_STYLE('',(#30));
#30=FILL_AREA_STYLE_COLOUR('',#31);
#31=COLOUR_RGB('\X2\6A598272\X0\',1.,0.6,0.);
#32=MANIFOLD_SOLID_BREP('',#33);
#33=CLOSED_SHELL('',(#67,#68,#69,#70,#71,#72,#73,#74,#75,#76,#77,#78,#79,
#80,#81,#82,#83));
#34=CONICAL_SURFACE('',#260,2.5,59.);
#35=VERTEX_LOOP('',#201);
#36=PLANE('',#257);
#37=PLANE('',#258);
#38=CYLINDRICAL_SURFACE('',#256,3.);
#39=CYLINDRICAL_SURFACE('',#261,2.5);
#40=CIRCLE('',#255,3.);
#41=CIRCLE('',#259,2.5);
#42=LINE('',#7586,#45);
#43=LINE('',#7639,#46);
#44=LINE('',#7653,#47);
#45=VECTOR('',#264,1.);
#46=VECTOR('',#265,1.);
#47=VECTOR('',#270,1.);
#48=(
BOUNDED_SURFACE()
B_SPLINE_SURFACE(3,2,((#7310,#7311,#7312),(#7313,#7314,#7315),(#7316,#7317,
#7318),(#7319,#7320,#7321),(#7322,#7323,#7324),(#7325,#7326,#7327),(#7328,
#7329,#7330),(#7331,#7332,#7333),(#7334,#7335,#7336),(#7337,#7338,#7339),
(#7340,#7341,#7342),(#7343,#7344,#7345),(#7346,#7347,#7348),(#7349,#7350,
#7351),(#7352,#7353,#7354),(#7355,#7356,#7357),(#7358,#7359,#7360),(#7361,
#7362,#7363),(#7364,#7365,#7366),(#7367,#7368,#7369),(#7370,#7371,#7372),
(#7373,#7374,#7375),(#7376,#7377,#7378),(#7379,#7380,#7381),(#7382,#7383,
#7384),(#7385,#7386,#7387),(#7388,#7389,#7390),(#7391,#7392,#7393),(#7394,
#7395,#7396),(#7397,#7398,#7399),(#7400,#7401,#7402),(#7403,#7404,#7405),
(#7406,#7407,#7408),(#7409,#7410,#7411),(#7412,#7413,#7414),(#7415,#7416,
#7417),(#7418,#7419,#7420),(#7421,#7422,#7423),(#7424,#7425,#7426),(#7427,
#7428,#7429),(#7430,#7431,#7432),(#7433,#7434,#7435),(#7436,#7437,#7438),
(#7439,#7440,#7441),(#7442,#7443,#7444),(#7445,#7446,#7447),(#7448,#7449,
#7450),(#7451,#7452,#7453),(#7454,#7455,#7456),(#7457,#7458,#7459),(#7460,
#7461,#7462),(#7463,#7464,#7465),(#7466,#7467,#7468),(#7469,#7470,#7471),
(#7472,#7473,#7474),(#7475,#7476,#7477),(#7478,#7479,#7480),(#7481,#7482,
#7483),(#7484,#7485,#7486),(#7487,#7488,#7489),(#7490,#7491,#7492),(#7493,
#7494,#7495),(#7496,#7497,#7498),(#7499,#7500,#7501),(#7502,#7503,#7504),
(#7505,#7506,#7507)),.UNSPECIFIED.,.T.,.F.,.F.)
B_SPLINE_SURFACE_WITH_KNOTS((1,3,2,2,2,2,2,2,2,2,2,2,2,2,2,2,2,2,2,2,2,
2,2,2,2,2,2,2,2,2,2,2,2,3,1),(3,3),(-0.0312499999999999,0.,0.03125,0.0625,
0.09375,0.125,0.15625,0.1875,0.21875,0.25,0.28125,0.3125,0.34375,0.375,
0.40625,0.4375,0.46875,0.5,0.53125,0.5625,0.59375,0.625,0.65625,0.6875,
0.71875,0.75,0.78125,0.8125,0.84375,0.875,0.90625,0.9375,0.96875,1.,1.03125),
(0.,1.),.UNSPECIFIED.)
GEOMETRIC_REPRESENTATION_ITEM()
RATIONAL_B_SPLINE_SURFACE(((0.9493503400503,0.735357243573506,1.),(0.949349754180965,
0.73535418242609,1.),(0.949292215218786,0.735053543299036,1.),(0.949258175254787,
0.734875685640953,1.),(0.949351038529104,0.735360893101585,1.),(0.949349637717178,
0.735353573906753,1.),(0.949292399473851,0.735054506025503,1.),(0.949258090604305,
0.73487524334505,1.),(0.949350985832213,0.735360617762114,1.),(0.949349692128849,
0.735353858205889,1.),(0.949292550907549,0.735055297261443,1.),(0.949257989710891,
0.734874716180387,1.),(0.949350668740137,0.735358960966767,1.),(0.949350017164947,
0.735355556508485,1.),(0.949292613112656,0.735055622281018,1.),(0.949257960868196,
0.734874565478281,1.),(0.949350178154748,0.735356397674733,1.),(0.949350509764172,
0.735358130322737,1.),(0.949292833344616,0.735056772985546,1.),(0.949258006673412,
0.734874804808979,1.),(0.949349714580498,0.735353975514991,1.),(0.949350964301947,
0.735360505267202,1.),(0.949293271410626,0.735059061865596,1.),(0.949257961493852,
0.734874568747314,1.),(0.94934955490907,0.735353141237196,1.),(0.949351118739539,
0.735361312198388,1.),(0.949293663989122,0.73506111307493,1.),(0.94925788221382,
0.734874154511832,1.),(0.949349674080577,0.735353763904277,1.),(0.949351003594585,
0.735360710569906,1.),(0.949293893135951,0.735062310359348,1.),(0.949257796595029,
0.734873707156552,1.),(0.949349857923532,0.735354724477487,1.),(0.949350824910665,
0.73535977695248,1.),(0.949292734993489,0.735056259104241,1.),(0.949258029383796,
0.734874923469971,1.),(0.949349982799409,0.735355376949712,1.),(0.949350702597648,
0.735359137871112,1.),(0.949292850272992,0.735056861435738,1.),(0.949258033117367,
0.734874942977748,1.),(0.949350245311975,0.735356748568968,1.),(0.949350443061148,
0.735357781801695,1.),(0.949292842483411,0.735056820735441,1.),(0.949258017522428,
0.734874861494724,1.),(0.949350693152304,0.73535908851951,1.),(0.949349992380173,
0.735355427008881,1.),(0.949292646448696,0.7350557964607,1.),(0.949258012108623,
0.734874833207773,1.),(0.949350947767326,0.735360418874368,1.),(0.949349731453364,
0.735354063675147,1.),(0.949292424798654,0.735054638346744,1.),(0.949257990493016,
0.73487472026696,1.),(0.949350935333816,0.735360353909702,1.),(0.949349744235773,
0.735354130462799,1.),(0.949292095408381,0.735052917293731,1.),(0.949258073818033,
0.734875155637349,1.),(0.94935077469841,0.735359514595151,1.),(0.949349909156712,
0.735354992169117,1.),(0.949291981823475,0.735052323816446,1.),(0.949258185012388,
0.734875736624087,1.),(0.949350681870015,0.735359029569934,1.),(0.949350003853582,
0.735355486957052,1.),(0.949292058457818,0.735052724228292,1.),(0.949258202824372,
0.7348758296911,1.),(0.949350925919635,0.735360304720922,1.),(0.9493503400503,
0.735357243573506,1.)))
REPRESENTATION_ITEM('')
SURFACE()
);
#49=(
BOUNDED_SURFACE()
B_SPLINE_SURFACE(3,2,((#7508,#7509,#7510),(#7511,#7512,#7513),(#7514,#7515,
#7516),(#7517,#7518,#7519),(#7520,#7521,#7522),(#7523,#7524,#7525),(#7526,
#7527,#7528),(#7529,#7530,#7531),(#7532,#7533,#7534),(#7535,#7536,#7537),
(#7538,#7539,#7540),(#7541,#7542,#7543),(#7544,#7545,#7546),(#7547,#7548,
#7549),(#7550,#7551,#7552),(#7553,#7554,#7555),(#7556,#7557,#7558),(#7559,
#7560,#7561),(#7562,#7563,#7564),(#7565,#7566,#7567),(#7568,#7569,#7570),
(#7571,#7572,#7573),(#7574,#7575,#7576),(#7577,#7578,#7579),(#7580,#7581,
#7582),(#7583,#7584,#7585)),.UNSPECIFIED.,.T.,.F.,.F.)
B_SPLINE_SURFACE_WITH_KNOTS((1,3,2,2,2,2,2,2,2,2,2,2,2,3,1),(3,3),(-0.0624999999999999,
0.,0.0625,0.125,0.25,0.3125,0.375,0.5,0.625,0.6875,0.75,0.875,0.9375,1.,
1.0625),(0.,1.),.UNSPECIFIED.)
GEOMETRIC_REPRESENTATION_ITEM()
RATIONAL_B_SPLINE_SURFACE(((1.,0.706873871980907,1.),(1.,0.706492364314725,
1.),(1.,0.707249038140779,1.),(1.,0.706497193121206,1.),(1.,0.707248923354773,
1.),(1.,0.706122690212766,1.),(1.,0.707642114527699,1.),(1.,0.706492794413195,
1.),(1.,0.707263919200142,1.),(1.,0.706489361662503,1.),(1.,0.707264972494269,
1.),(1.,0.706098602827136,1.),(1.,0.707637871426206,1.),(1.,0.706111261388095,
1.),(1.,0.70762907028792,1.),(1.,0.706494884873417,1.),(1.,0.707244439494349,
1.),(1.,0.70649976598389,1.),(1.,0.707243906673707,1.),(1.,0.706129299240006,
1.),(1.,0.707630378399504,1.),(1.,0.706496266493778,1.),(1.,0.707255950384537,
1.),(1.,0.70649346788137,1.),(1.,0.707255379647088,1.),(1.,0.706873871980907,
1.)))
REPRESENTATION_ITEM('')
SURFACE()
);
#50=(
BOUNDED_SURFACE()
B_SPLINE_SURFACE(3,2,((#7754,#7755,#7756),(#7757,#7758,#7759),(#7760,#7761,
#7762),(#7763,#7764,#7765)),.UNSPECIFIED.,.F.,.F.,.F.)
B_SPLINE_SURFACE_WITH_KNOTS((4,4),(3,3),(0.,1.),(0.,1.),.UNSPECIFIED.)
GEOMETRIC_REPRESENTATION_ITEM()
RATIONAL_B_SPLINE_SURFACE(((1.,0.70710678118656,1.),(1.,0.70710678118656,
1.),(1.,0.707106781186566,1.),(1.,0.707106781186566,1.)))
REPRESENTATION_ITEM('')
SURFACE()
);
#51=(
BOUNDED_SURFACE()
B_SPLINE_SURFACE(3,2,((#7766,#7767,#7768),(#7769,#7770,#7771),(#7772,#7773,
#7774),(#7775,#7776,#7777),(#7778,#7779,#7780),(#7781,#7782,#7783),(#7784,
#7785,#7786),(#7787,#7788,#7789),(#7790,#7791,#7792),(#7793,#7794,#7795),
(#7796,#7797,#7798),(#7799,#7800,#7801),(#7802,#7803,#7804),(#7805,#7806,
#7807),(#7808,#7809,#7810),(#7811,#7812,#7813)),.UNSPECIFIED.,.F.,.F.,.F.)
B_SPLINE_SURFACE_WITH_KNOTS((4,2,2,2,2,2,2,4),(3,3),(0.,0.25,0.375,0.5,
0.625,0.75,0.875,1.),(0.,1.),.UNSPECIFIED.)
GEOMETRIC_REPRESENTATION_ITEM()
RATIONAL_B_SPLINE_SURFACE(((1.,0.707106781186548,1.),(1.,0.707106781186548,
1.),(1.,0.707106781186548,1.),(1.,0.707106781186548,1.),(1.,0.707106781186565,
1.),(1.,0.707106781186565,1.),(1.,0.707106781186554,1.),(1.,0.707106781186554,
1.),(1.,0.70710678118657,1.),(1.,0.70710678118657,1.),(1.,0.707106781186548,
1.),(1.,0.707106781186548,1.),(1.,0.707106781186561,1.),(1.,0.707106781186561,
1.),(1.,0.707106781186549,1.),(1.,0.707106781186549,1.)))
REPRESENTATION_ITEM('')
SURFACE()
);
#52=FACE_BOUND('',#103,.T.);
#53=FACE_BOUND('',#104,.T.);
#54=FACE_BOUND('',#109,.T.);
#55=FACE_BOUND('',#110,.T.);
#56=FACE_BOUND('',#111,.T.);
#57=FACE_BOUND('',#112,.T.);
#58=FACE_BOUND('',#113,.T.);
#59=FACE_BOUND('',#114,.T.);
#60=FACE_BOUND('',#115,.T.);
#61=FACE_BOUND('',#119,.T.);
#62=FACE_BOUND('',#35,.T.);
#63=FACE_BOUND('',#120,.T.);
#64=FACE_BOUND('',#121,.T.);
#65=FACE_BOUND('',#122,.T.);
#66=FACE_BOUND('',#123,.T.);
#67=ADVANCED_FACE('',(#92),#84,.T.);
#68=ADVANCED_FACE('',(#52,#53),#85,.F.);
#69=ADVANCED_FACE('',(#93),#86,.T.);
#70=ADVANCED_FACE('',(#94),#87,.T.);
#71=ADVANCED_FACE('',(#95),#88,.F.);
#72=ADVANCED_FACE('',(#96),#89,.T.);
#73=ADVANCED_FACE('',(#54,#55,#56),#90,.T.);
#74=ADVANCED_FACE('',(#57,#58),#48,.T.);
#75=ADVANCED_FACE('',(#59,#60),#49,.T.);
#76=ADVANCED_FACE('',(#97),#38,.F.);
#77=ADVANCED_FACE('',(#98),#36,.F.);
#78=ADVANCED_FACE('',(#99),#37,.F.);
#79=ADVANCED_FACE('',(#61,#62),#34,.F.);
#80=ADVANCED_FACE('',(#63,#64),#39,.F.);
#81=ADVANCED_FACE('',(#65,#66),#91,.T.);
#82=ADVANCED_FACE('',(#100),#50,.T.);
#83=ADVANCED_FACE('',(#101),#51,.T.);
#84=B_SPLINE_SURFACE_WITH_KNOTS('',3,3,((#581,#582,#583,#584,#585,#586,
#587,#588,#589,#590,#591,#592,#593,#594,#595,#596,#597,#598,#599,#600,#601,
#602,#603,#604,#605,#606,#607,#608,#609,#610,#611,#612,#613,#614,#615,#616,
#617,#618,#619,#620,#621,#622,#623,#624,#625,#626,#627,#628,#629,#630,#631,
#632,#633,#634,#635,#636,#637,#638,#639,#640,#641,#642,#643,#644,#645,#646,
#647,#648,#649,#650,#651,#652,#653,#654,#655,#656,#657,#658,#659,#660,#661,
#662,#663,#664,#665,#666,#667,#668,#669,#670,#671,#672,#673,#674,#675,#676,
#677,#678,#679,#680,#681,#682,#683,#684,#685,#686,#687,#688,#689,#690,#691,
#692,#693,#694,#695,#696,#697,#698,#699,#700,#701,#702,#703,#704,#705,#706,
#707,#708,#709,#710,#711,#712,#713,#714,#715,#716,#717,#718,#719,#720),
(#721,#722,#723,#724,#725,#726,#727,#728,#729,#730,#731,#732,#733,#734,
#735,#736,#737,#738,#739,#740,#741,#742,#743,#744,#745,#746,#747,#748,#749,
#750,#751,#752,#753,#754,#755,#756,#757,#758,#759,#760,#761,#762,#763,#764,
#765,#766,#767,#768,#769,#770,#771,#772,#773,#774,#775,#776,#777,#778,#779,
#780,#781,#782,#783,#784,#785,#786,#787,#788,#789,#790,#791,#792,#793,#794,
#795,#796,#797,#798,#799,#800,#801,#802,#803,#804,#805,#806,#807,#808,#809,
#810,#811,#812,#813,#814,#815,#816,#817,#818,#819,#820,#821,#822,#823,#824,
#825,#826,#827,#828,#829,#830,#831,#832,#833,#834,#835,#836,#837,#838,#839,
#840,#841,#842,#843,#844,#845,#846,#847,#848,#849,#850,#851,#852,#853,#854,
#855,#856,#857,#858,#859,#860),(#861,#862,#863,#864,#865,#866,#867,#868,
#869,#870,#871,#872,#873,#874,#875,#876,#877,#878,#879,#880,#881,#882,#883,
#884,#885,#886,#887,#888,#889,#890,#891,#892,#893,#894,#895,#896,#897,#898,
#899,#900,#901,#902,#903,#904,#905,#906,#907,#908,#909,#910,#911,#912,#913,
#914,#915,#916,#917,#918,#919,#920,#921,#922,#923,#924,#925,#926,#927,#928,
#929,#930,#931,#932,#933,#934,#935,#936,#937,#938,#939,#940,#941,#942,#943,
#944,#945,#946,#947,#948,#949,#950,#951,#952,#953,#954,#955,#956,#957,#958,
#959,#960,#961,#962,#963,#964,#965,#966,#967,#968,#969,#970,#971,#972,#973,
#974,#975,#976,#977,#978,#979,#980,#981,#982,#983,#984,#985,#986,#987,#988,
#989,#990,#991,#992,#993,#994,#995,#996,#997,#998,#999,#1000),(#1001,#1002,
#1003,#1004,#1005,#1006,#1007,#1008,#1009,#1010,#1011,#1012,#1013,#1014,
#1015,#1016,#1017,#1018,#1019,#1020,#1021,#1022,#1023,#1024,#1025,#1026,
#1027,#1028,#1029,#1030,#1031,#1032,#1033,#1034,#1035,#1036,#1037,#1038,
#1039,#1040,#1041,#1042,#1043,#1044,#1045,#1046,#1047,#1048,#1049,#1050,
#1051,#1052,#1053,#1054,#1055,#1056,#1057,#1058,#1059,#1060,#1061,#1062,
#1063,#1064,#1065,#1066,#1067,#1068,#1069,#1070,#1071,#1072,#1073,#1074,
#1075,#1076,#1077,#1078,#1079,#1080,#1081,#1082,#1083,#1084,#1085,#1086,
#1087,#1088,#1089,#1090,#1091,#1092,#1093,#1094,#1095,#1096,#1097,#1098,
#1099,#1100,#1101,#1102,#1103,#1104,#1105,#1106,#1107,#1108,#1109,#1110,
#1111,#1112,#1113,#1114,#1115,#1116,#1117,#1118,#1119,#1120,#1121,#1122,
#1123,#1124,#1125,#1126,#1127,#1128,#1129,#1130,#1131,#1132,#1133,#1134,
#1135,#1136,#1137,#1138,#1139,#1140),(#1141,#1142,#1143,#1144,#1145,#1146,
#1147,#1148,#1149,#1150,#1151,#1152,#1153,#1154,#1155,#1156,#1157,#1158,
#1159,#1160,#1161,#1162,#1163,#1164,#1165,#1166,#1167,#1168,#1169,#1170,
#1171,#1172,#1173,#1174,#1175,#1176,#1177,#1178,#1179,#1180,#1181,#1182,
#1183,#1184,#1185,#1186,#1187,#1188,#1189,#1190,#1191,#1192,#1193,#1194,
#1195,#1196,#1197,#1198,#1199,#1200,#1201,#1202,#1203,#1204,#1205,#1206,
#1207,#1208,#1209,#1210,#1211,#1212,#1213,#1214,#1215,#1216,#1217,#1218,
#1219,#1220,#1221,#1222,#1223,#1224,#1225,#1226,#1227,#1228,#1229,#1230,
#1231,#1232,#1233,#1234,#1235,#1236,#1237,#1238,#1239,#1240,#1241,#1242,
#1243,#1244,#1245,#1246,#1247,#1248,#1249,#1250,#1251,#1252,#1253,#1254,
#1255,#1256,#1257,#1258,#1259,#1260,#1261,#1262,#1263,#1264,#1265,#1266,
#1267,#1268,#1269,#1270,#1271,#1272,#1273,#1274,#1275,#1276,#1277,#1278,
#1279,#1280),(#1281,#1282,#1283,#1284,#1285,#1286,#1287,#1288,#1289,#1290,
#1291,#1292,#1293,#1294,#1295,#1296,#1297,#1298,#1299,#1300,#1301,#1302,
#1303,#1304,#1305,#1306,#1307,#1308,#1309,#1310,#1311,#1312,#1313,#1314,
#1315,#1316,#1317,#1318,#1319,#1320,#1321,#1322,#1323,#1324,#1325,#1326,
#1327,#1328,#1329,#1330,#1331,#1332,#1333,#1334,#1335,#1336,#1337,#1338,
#1339,#1340,#1341,#1342,#1343,#1344,#1345,#1346,#1347,#1348,#1349,#1350,
#1351,#1352,#1353,#1354,#1355,#1356,#1357,#1358,#1359,#1360,#1361,#1362,
#1363,#1364,#1365,#1366,#1367,#1368,#1369,#1370,#1371,#1372,#1373,#1374,
#1375,#1376,#1377,#1378,#1379,#1380,#1381,#1382,#1383,#1384,#1385,#1386,
#1387,#1388,#1389,#1390,#1391,#1392,#1393,#1394,#1395,#1396,#1397,#1398,
#1399,#1400,#1401,#1402,#1403,#1404,#1405,#1406,#1407,#1408,#1409,#1410,
#1411,#1412,#1413,#1414,#1415,#1416,#1417,#1418,#1419,#1420),(#1421,#1422,
#1423,#1424,#1425,#1426,#1427,#1428,#1429,#1430,#1431,#1432,#1433,#1434,
#1435,#1436,#1437,#1438,#1439,#1440,#1441,#1442,#1443,#1444,#1445,#1446,
#1447,#1448,#1449,#1450,#1451,#1452,#1453,#1454,#1455,#1456,#1457,#1458,
#1459,#1460,#1461,#1462,#1463,#1464,#1465,#1466,#1467,#1468,#1469,#1470,
#1471,#1472,#1473,#1474,#1475,#1476,#1477,#1478,#1479,#1480,#1481,#1482,
#1483,#1484,#1485,#1486,#1487,#1488,#1489,#1490,#1491,#1492,#1493,#1494,
#1495,#1496,#1497,#1498,#1499,#1500,#1501,#1502,#1503,#1504,#1505,#1506,
#1507,#1508,#1509,#1510,#1511,#1512,#1513,#1514,#1515,#1516,#1517,#1518,
#1519,#1520,#1521,#1522,#1523,#1524,#1525,#1526,#1527,#1528,#1529,#1530,
#1531,#1532,#1533,#1534,#1535,#1536,#1537,#1538,#1539,#1540,#1541,#1542,
#1543,#1544,#1545,#1546,#1547,#1548,#1549,#1550,#1551,#1552,#1553,#1554,
#1555,#1556,#1557,#1558,#1559,#1560),(#1561,#1562,#1563,#1564,#1565,#1566,
#1567,#1568,#1569,#1570,#1571,#1572,#1573,#1574,#1575,#1576,#1577,#1578,
#1579,#1580,#1581,#1582,#1583,#1584,#1585,#1586,#1587,#1588,#1589,#1590,
#1591,#1592,#1593,#1594,#1595,#1596,#1597,#1598,#1599,#1600,#1601,#1602,
#1603,#1604,#1605,#1606,#1607,#1608,#1609,#1610,#1611,#1612,#1613,#1614,
#1615,#1616,#1617,#1618,#1619,#1620,#1621,#1622,#1623,#1624,#1625,#1626,
#1627,#1628,#1629,#1630,#1631,#1632,#1633,#1634,#1635,#1636,#1637,#1638,
#1639,#1640,#1641,#1642,#1643,#1644,#1645,#1646,#1647,#1648,#1649,#1650,
#1651,#1652,#1653,#1654,#1655,#1656,#1657,#1658,#1659,#1660,#1661,#1662,
#1663,#1664,#1665,#1666,#1667,#1668,#1669,#1670,#1671,#1672,#1673,#1674,
#1675,#1676,#1677,#1678,#1679,#1680,#1681,#1682,#1683,#1684,#1685,#1686,
#1687,#1688,#1689,#1690,#1691,#1692,#1693,#1694,#1695,#1696,#1697,#1698,
#1699,#1700),(#1701,#1702,#1703,#1704,#1705,#1706,#1707,#1708,#1709,#1710,
#1711,#1712,#1713,#1714,#1715,#1716,#1717,#1718,#1719,#1720,#1721,#1722,
#1723,#1724,#1725,#1726,#1727,#1728,#1729,#1730,#1731,#1732,#1733,#1734,
#1735,#1736,#1737,#1738,#1739,#1740,#1741,#1742,#1743,#1744,#1745,#1746,
#1747,#1748,#1749,#1750,#1751,#1752,#1753,#1754,#1755,#1756,#1757,#1758,
#1759,#1760,#1761,#1762,#1763,#1764,#1765,#1766,#1767,#1768,#1769,#1770,
#1771,#1772,#1773,#1774,#1775,#1776,#1777,#1778,#1779,#1780,#1781,#1782,
#1783,#1784,#1785,#1786,#1787,#1788,#1789,#1790,#1791,#1792,#1793,#1794,
#1795,#1796,#1797,#1798,#1799,#1800,#1801,#1802,#1803,#1804,#1805,#1806,
#1807,#1808,#1809,#1810,#1811,#1812,#1813,#1814,#1815,#1816,#1817,#1818,
#1819,#1820,#1821,#1822,#1823,#1824,#1825,#1826,#1827,#1828,#1829,#1830,
#1831,#1832,#1833,#1834,#1835,#1836,#1837,#1838,#1839,#1840),(#1841,#1842,
#1843,#1844,#1845,#1846,#1847,#1848,#1849,#1850,#1851,#1852,#1853,#1854,
#1855,#1856,#1857,#1858,#1859,#1860,#1861,#1862,#1863,#1864,#1865,#1866,
#1867,#1868,#1869,#1870,#1871,#1872,#1873,#1874,#1875,#1876,#1877,#1878,
#1879,#1880,#1881,#1882,#1883,#1884,#1885,#1886,#1887,#1888,#1889,#1890,
#1891,#1892,#1893,#1894,#1895,#1896,#1897,#1898,#1899,#1900,#1901,#1902,
#1903,#1904,#1905,#1906,#1907,#1908,#1909,#1910,#1911,#1912,#1913,#1914,
#1915,#1916,#1917,#1918,#1919,#1920,#1921,#1922,#1923,#1924,#1925,#1926,
#1927,#1928,#1929,#1930,#1931,#1932,#1933,#1934,#1935,#1936,#1937,#1938,
#1939,#1940,#1941,#1942,#1943,#1944,#1945,#1946,#1947,#1948,#1949,#1950,
#1951,#1952,#1953,#1954,#1955,#1956,#1957,#1958,#1959,#1960,#1961,#1962,
#1963,#1964,#1965,#1966,#1967,#1968,#1969,#1970,#1971,#1972,#1973,#1974,
#1975,#1976,#1977,#1978,#1979,#1980),(#1981,#1982,#1983,#1984,#1985,#1986,
#1987,#1988,#1989,#1990,#1991,#1992,#1993,#1994,#1995,#1996,#1997,#1998,
#1999,#2000,#2001,#2002,#2003,#2004,#2005,#2006,#2007,#2008,#2009,#2010,
#2011,#2012,#2013,#2014,#2015,#2016,#2017,#2018,#2019,#2020,#2021,#2022,
#2023,#2024,#2025,#2026,#2027,#2028,#2029,#2030,#2031,#2032,#2033,#2034,
#2035,#2036,#2037,#2038,#2039,#2040,#2041,#2042,#2043,#2044,#2045,#2046,
#2047,#2048,#2049,#2050,#2051,#2052,#2053,#2054,#2055,#2056,#2057,#2058,
#2059,#2060,#2061,#2062,#2063,#2064,#2065,#2066,#2067,#2068,#2069,#2070,
#2071,#2072,#2073,#2074,#2075,#2076,#2077,#2078,#2079,#2080,#2081,#2082,
#2083,#2084,#2085,#2086,#2087,#2088,#2089,#2090,#2091,#2092,#2093,#2094,
#2095,#2096,#2097,#2098,#2099,#2100,#2101,#2102,#2103,#2104,#2105,#2106,
#2107,#2108,#2109,#2110,#2111,#2112,#2113,#2114,#2115,#2116,#2117,#2118,
#2119,#2120)),.UNSPECIFIED.,.F.,.F.,.F.,(4,1,1,1,1,1,1,1,4),(4,1,1,1,1,
1,1,1,1,1,1,1,1,1,1,1,1,1,1,1,1,1,1,1,1,1,1,1,1,1,1,1,1,1,1,1,1,1,1,1,1,
1,1,1,1,1,1,1,1,1,1,1,1,1,1,1,1,1,1,1,1,1,1,1,1,1,1,1,1,1,1,1,1,1,1,1,1,
1,1,1,1,1,1,1,1,1,1,1,1,1,1,1,1,1,1,1,1,1,1,1,1,1,1,1,1,1,1,1,1,1,1,1,1,
1,1,1,1,1,1,1,1,1,1,1,1,1,1,1,1,1,1,1,1,1,1,1,1,4),(0.,0.125,0.25,0.375,
0.5,0.625,0.75,0.875,1.),(0.,0.0009765625,0.001953125,0.00390625,0.0078125,
0.01171875,0.015625,0.0234375,0.03125,0.0390625,0.046875,0.0546875,0.0625,
0.0703125,0.078125,0.0859375,0.09375,0.1015625,0.109375,0.1171875,0.125,
0.1328125,0.140625,0.1484375,0.15625,0.1640625,0.171875,0.1796875,0.1875,
0.1953125,0.203125,0.2109375,0.21875,0.2265625,0.234375,0.2421875,0.25,
0.2578125,0.265625,0.2734375,0.28125,0.2890625,0.296875,0.3046875,0.3125,
0.3203125,0.328125,0.3359375,0.34375,0.3515625,0.359375,0.3671875,0.375,
0.3828125,0.390625,0.3984375,0.40625,0.4140625,0.421875,0.4296875,0.4375,
0.4453125,0.453125,0.4609375,0.46875,0.4765625,0.484375,0.4921875,0.5,0.5078125,
0.515625,0.5234375,0.53125,0.5390625,0.546875,0.5546875,0.5625,0.5703125,
0.578125,0.5859375,0.59375,0.6015625,0.609375,0.6171875,0.625,0.6328125,
0.640625,0.6484375,0.65625,0.6640625,0.671875,0.6796875,0.6875,0.6953125,
0.703125,0.7109375,0.71875,0.7265625,0.734375,0.7421875,0.75,0.7578125,
0.765625,0.7734375,0.78125,0.7890625,0.796875,0.8046875,0.8125,0.8203125,
0.828125,0.8359375,0.84375,0.8515625,0.859375,0.8671875,0.875,0.8828125,
0.890625,0.8984375,0.90625,0.9140625,0.921875,0.9296875,0.9375,0.9453125,
0.953125,0.9609375,0.96875,0.9765625,0.98046875,0.984375,0.98828125,0.9921875,
0.99609375,0.998046875,0.9990234375,1.),.UNSPECIFIED.);
#85=B_SPLINE_SURFACE_WITH_KNOTS('',3,3,((#2201,#2202,#2203,#2204,#2205,
#2206,#2207),(#2208,#2209,#2210,#2211,#2212,#2213,#2214),(#2215,#2216,#2217,
#2218,#2219,#2220,#2221),(#2222,#2223,#2224,#2225,#2226,#2227,#2228),(#2229,
#2230,#2231,#2232,#2233,#2234,#2235),(#2236,#2237,#2238,#2239,#2240,#2241,
#2242),(#2243,#2244,#2245,#2246,#2247,#2248,#2249)),.UNSPECIFIED.,.F.,.F.,
 .F.,(4,1,1,1,4),(4,1,1,1,4),(0.,0.25,0.5,0.75,1.),(0.,0.25,0.5,0.75,1.),
 .UNSPECIFIED.);
#86=B_SPLINE_SURFACE_WITH_KNOTS('',3,3,((#2265,#2266,#2267,#2268,#2269,
#2270,#2271),(#2272,#2273,#2274,#2275,#2276,#2277,#2278),(#2279,#2280,#2281,
#2282,#2283,#2284,#2285),(#2286,#2287,#2288,#2289,#2290,#2291,#2292),(#2293,
#2294,#2295,#2296,#2297,#2298,#2299),(#2300,#2301,#2302,#2303,#2304,#2305,
#2306),(#2307,#2308,#2309,#2310,#2311,#2312,#2313)),.UNSPECIFIED.,.F.,.F.,
 .F.,(4,1,1,1,4),(4,1,1,1,4),(0.,0.25,0.5,0.75,1.),(0.,0.25,0.5,0.75,1.),
 .UNSPECIFIED.);
#87=B_SPLINE_SURFACE_WITH_KNOTS('',3,3,((#2441,#2442,#2443,#2444,#2445,
#2446,#2447,#2448,#2449,#2450,#2451,#2452,#2453,#2454,#2455,#2456,#2457,
#2458,#2459,#2460,#2461,#2462,#2463,#2464,#2465,#2466,#2467,#2468,#2469,
#2470,#2471,#2472,#2473,#2474,#2475,#2476,#2477,#2478,#2479,#2480,#2481,
#2482,#2483,#2484,#2485,#2486,#2487,#2488,#2489,#2490,#2491,#2492,#2493,
#2494,#2495,#2496,#2497,#2498,#2499,#2500,#2501,#2502,#2503,#2504,#2505,
#2506,#2507,#2508,#2509,#2510,#2511,#2512,#2513,#2514,#2515,#2516,#2517,
#2518,#2519,#2520,#2521,#2522,#2523,#2524,#2525,#2526,#2527,#2528,#2529,
#2530,#2531,#2532,#2533,#2534,#2535,#2536,#2537,#2538,#2539,#2540,#2541,
#2542,#2543,#2544,#2545,#2546,#2547,#2548,#2549,#2550,#2551,#2552,#2553,
#2554,#2555,#2556,#2557,#2558,#2559,#2560,#2561,#2562,#2563,#2564,#2565,
#2566,#2567,#2568,#2569,#2570,#2571,#2572,#2573,#2574,#2575,#2576,#2577,
#2578,#2579),(#2580,#2581,#2582,#2583,#2584,#2585,#2586,#2587,#2588,#2589,
#2590,#2591,#2592,#2593,#2594,#2595,#2596,#2597,#2598,#2599,#2600,#2601,
#2602,#2603,#2604,#2605,#2606,#2607,#2608,#2609,#2610,#2611,#2612,#2613,
#2614,#2615,#2616,#2617,#2618,#2619,#2620,#2621,#2622,#2623,#2624,#2625,
#2626,#2627,#2628,#2629,#2630,#2631,#2632,#2633,#2634,#2635,#2636,#2637,
#2638,#2639,#2640,#2641,#2642,#2643,#2644,#2645,#2646,#2647,#2648,#2649,
#2650,#2651,#2652,#2653,#2654,#2655,#2656,#2657,#2658,#2659,#2660,#2661,
#2662,#2663,#2664,#2665,#2666,#2667,#2668,#2669,#2670,#2671,#2672,#2673,
#2674,#2675,#2676,#2677,#2678,#2679,#2680,#2681,#2682,#2683,#2684,#2685,
#2686,#2687,#2688,#2689,#2690,#2691,#2692,#2693,#2694,#2695,#2696,#2697,
#2698,#2699,#2700,#2701,#2702,#2703,#2704,#2705,#2706,#2707,#2708,#2709,
#2710,#2711,#2712,#2713,#2714,#2715,#2716,#2717,#2718),(#2719,#2720,#2721,
#2722,#2723,#2724,#2725,#2726,#2727,#2728,#2729,#2730,#2731,#2732,#2733,
#2734,#2735,#2736,#2737,#2738,#2739,#2740,#2741,#2742,#2743,#2744,#2745,
#2746,#2747,#2748,#2749,#2750,#2751,#2752,#2753,#2754,#2755,#2756,#2757,
#2758,#2759,#2760,#2761,#2762,#2763,#2764,#2765,#2766,#2767,#2768,#2769,
#2770,#2771,#2772,#2773,#2774,#2775,#2776,#2777,#2778,#2779,#2780,#2781,
#2782,#2783,#2784,#2785,#2786,#2787,#2788,#2789,#2790,#2791,#2792,#2793,
#2794,#2795,#2796,#2797,#2798,#2799,#2800,#2801,#2802,#2803,#2804,#2805,
#2806,#2807,#2808,#2809,#2810,#2811,#2812,#2813,#2814,#2815,#2816,#2817,
#2818,#2819,#2820,#2821,#2822,#2823,#2824,#2825,#2826,#2827,#2828,#2829,
#2830,#2831,#2832,#2833,#2834,#2835,#2836,#2837,#2838,#2839,#2840,#2841,
#2842,#2843,#2844,#2845,#2846,#2847,#2848,#2849,#2850,#2851,#2852,#2853,
#2854,#2855,#2856,#2857),(#2858,#2859,#2860,#2861,#2862,#2863,#2864,#2865,
#2866,#2867,#2868,#2869,#2870,#2871,#2872,#2873,#2874,#2875,#2876,#2877,
#2878,#2879,#2880,#2881,#2882,#2883,#2884,#2885,#2886,#2887,#2888,#2889,
#2890,#2891,#2892,#2893,#2894,#2895,#2896,#2897,#2898,#2899,#2900,#2901,
#2902,#2903,#2904,#2905,#2906,#2907,#2908,#2909,#2910,#2911,#2912,#2913,
#2914,#2915,#2916,#2917,#2918,#2919,#2920,#2921,#2922,#2923,#2924,#2925,
#2926,#2927,#2928,#2929,#2930,#2931,#2932,#2933,#2934,#2935,#2936,#2937,
#2938,#2939,#2940,#2941,#2942,#2943,#2944,#2945,#2946,#2947,#2948,#2949,
#2950,#2951,#2952,#2953,#2954,#2955,#2956,#2957,#2958,#2959,#2960,#2961,
#2962,#2963,#2964,#2965,#2966,#2967,#2968,#2969,#2970,#2971,#2972,#2973,
#2974,#2975,#2976,#2977,#2978,#2979,#2980,#2981,#2982,#2983,#2984,#2985,
#2986,#2987,#2988,#2989,#2990,#2991,#2992,#2993,#2994,#2995,#2996),(#2997,
#2998,#2999,#3000,#3001,#3002,#3003,#3004,#3005,#3006,#3007,#3008,#3009,
#3010,#3011,#3012,#3013,#3014,#3015,#3016,#3017,#3018,#3019,#3020,#3021,
#3022,#3023,#3024,#3025,#3026,#3027,#3028,#3029,#3030,#3031,#3032,#3033,
#3034,#3035,#3036,#3037,#3038,#3039,#3040,#3041,#3042,#3043,#3044,#3045,
#3046,#3047,#3048,#3049,#3050,#3051,#3052,#3053,#3054,#3055,#3056,#3057,
#3058,#3059,#3060,#3061,#3062,#3063,#3064,#3065,#3066,#3067,#3068,#3069,
#3070,#3071,#3072,#3073,#3074,#3075,#3076,#3077,#3078,#3079,#3080,#3081,
#3082,#3083,#3084,#3085,#3086,#3087,#3088,#3089,#3090,#3091,#3092,#3093,
#3094,#3095,#3096,#3097,#3098,#3099,#3100,#3101,#3102,#3103,#3104,#3105,
#3106,#3107,#3108,#3109,#3110,#3111,#3112,#3113,#3114,#3115,#3116,#3117,
#3118,#3119,#3120,#3121,#3122,#3123,#3124,#3125,#3126,#3127,#3128,#3129,
#3130,#3131,#3132,#3133,#3134,#3135),(#3136,#3137,#3138,#3139,#3140,#3141,
#3142,#3143,#3144,#3145,#3146,#3147,#3148,#3149,#3150,#3151,#3152,#3153,
#3154,#3155,#3156,#3157,#3158,#3159,#3160,#3161,#3162,#3163,#3164,#3165,
#3166,#3167,#3168,#3169,#3170,#3171,#3172,#3173,#3174,#3175,#3176,#3177,
#3178,#3179,#3180,#3181,#3182,#3183,#3184,#3185,#3186,#3187,#3188,#3189,
#3190,#3191,#3192,#3193,#3194,#3195,#3196,#3197,#3198,#3199,#3200,#3201,
#3202,#3203,#3204,#3205,#3206,#3207,#3208,#3209,#3210,#3211,#3212,#3213,
#3214,#3215,#3216,#3217,#3218,#3219,#3220,#3221,#3222,#3223,#3224,#3225,
#3226,#3227,#3228,#3229,#3230,#3231,#3232,#3233,#3234,#3235,#3236,#3237,
#3238,#3239,#3240,#3241,#3242,#3243,#3244,#3245,#3246,#3247,#3248,#3249,
#3250,#3251,#3252,#3253,#3254,#3255,#3256,#3257,#3258,#3259,#3260,#3261,
#3262,#3263,#3264,#3265,#3266,#3267,#3268,#3269,#3270,#3271,#3272,#3273,
#3274),(#3275,#3276,#3277,#3278,#3279,#3280,#3281,#3282,#3283,#3284,#3285,
#3286,#3287,#3288,#3289,#3290,#3291,#3292,#3293,#3294,#3295,#3296,#3297,
#3298,#3299,#3300,#3301,#3302,#3303,#3304,#3305,#3306,#3307,#3308,#3309,
#3310,#3311,#3312,#3313,#3314,#3315,#3316,#3317,#3318,#3319,#3320,#3321,
#3322,#3323,#3324,#3325,#3326,#3327,#3328,#3329,#3330,#3331,#3332,#3333,
#3334,#3335,#3336,#3337,#3338,#3339,#3340,#3341,#3342,#3343,#3344,#3345,
#3346,#3347,#3348,#3349,#3350,#3351,#3352,#3353,#3354,#3355,#3356,#3357,
#3358,#3359,#3360,#3361,#3362,#3363,#3364,#3365,#3366,#3367,#3368,#3369,
#3370,#3371,#3372,#3373,#3374,#3375,#3376,#3377,#3378,#3379,#3380,#3381,
#3382,#3383,#3384,#3385,#3386,#3387,#3388,#3389,#3390,#3391,#3392,#3393,
#3394,#3395,#3396,#3397,#3398,#3399,#3400,#3401,#3402,#3403,#3404,#3405,
#3406,#3407,#3408,#3409,#3410,#3411,#3412,#3413)),.UNSPECIFIED.,.F.,.F.,
 .F.,(4,1,1,1,4),(4,1,1,1,1,1,1,1,1,1,1,1,1,1,1,1,1,1,1,1,1,1,1,1,1,1,1,
1,1,1,1,1,1,1,1,1,1,1,1,1,1,1,1,1,1,1,1,1,1,1,1,1,1,1,1,1,1,1,1,1,1,1,1,
1,1,1,1,1,1,1,1,1,1,1,1,1,1,1,1,1,1,1,1,1,1,1,1,1,1,1,1,1,1,1,1,1,1,1,1,
1,1,1,1,1,1,1,1,1,1,1,1,1,1,1,1,1,1,1,1,1,1,1,1,1,1,1,1,1,1,1,1,1,1,1,1,
1,4),(0.,0.25,0.5,0.75,1.),(0.,0.0009765625,0.001953125,0.00390625,0.0078125,
0.01171875,0.015625,0.0234375,0.03125,0.0390625,0.046875,0.0546875,0.0625,
0.0703125,0.078125,0.0859375,0.09375,0.1015625,0.109375,0.1171875,0.125,
0.1328125,0.140625,0.1484375,0.15625,0.1640625,0.171875,0.1796875,0.1875,
0.1953125,0.203125,0.2109375,0.21875,0.2265625,0.234375,0.2421875,0.25,
0.2578125,0.265625,0.2734375,0.28125,0.2890625,0.296875,0.3046875,0.3125,
0.3203125,0.328125,0.3359375,0.34375,0.3515625,0.359375,0.3671875,0.375,
0.3828125,0.390625,0.3984375,0.40625,0.4140625,0.421875,0.4296875,0.4375,
0.4453125,0.453125,0.4609375,0.46875,0.4765625,0.484375,0.4921875,0.5,0.5078125,
0.515625,0.5234375,0.53125,0.5390625,0.546875,0.5546875,0.5625,0.5703125,
0.578125,0.5859375,0.59375,0.6015625,0.609375,0.6171875,0.625,0.6328125,
0.640625,0.6484375,0.65625,0.6640625,0.671875,0.6796875,0.6875,0.6953125,
0.703125,0.7109375,0.71875,0.7265625,0.734375,0.7421875,0.75,0.7578125,
0.765625,0.7734375,0.78125,0.7890625,0.796875,0.8046875,0.8125,0.8203125,
0.828125,0.8359375,0.84375,0.8515625,0.859375,0.8671875,0.875,0.8828125,
0.890625,0.8984375,0.90625,0.9140625,0.921875,0.9296875,0.9375,0.9453125,
0.953125,0.9609375,0.96875,0.9765625,0.984375,0.98828125,0.9921875,0.99609375,
0.998046875,0.9990234375,1.),.UNSPECIFIED.);
#88=B_SPLINE_SURFACE_WITH_KNOTS('',3,3,((#3427,#3428,#3429,#3430,#3431,
#3432,#3433),(#3434,#3435,#3436,#3437,#3438,#3439,#3440),(#3441,#3442,#3443,
#3444,#3445,#3446,#3447),(#3448,#3449,#3450,#3451,#3452,#3453,#3454),(#3455,
#3456,#3457,#3458,#3459,#3460,#3461),(#3462,#3463,#3464,#3465,#3466,#3467,
#3468),(#3469,#3470,#3471,#3472,#3473,#3474,#3475)),.UNSPECIFIED.,.F.,.F.,
 .F.,(4,1,1,1,4),(4,1,1,1,4),(0.,0.25,0.5,0.75,1.),(0.,0.25,0.5,0.75,1.),
 .UNSPECIFIED.);
#89=B_SPLINE_SURFACE_WITH_KNOTS('',3,3,((#3595,#3596,#3597,#3598,#3599,
#3600,#3601,#3602,#3603,#3604,#3605,#3606,#3607,#3608,#3609,#3610,#3611,
#3612,#3613,#3614,#3615,#3616,#3617,#3618,#3619,#3620,#3621,#3622,#3623,
#3624,#3625,#3626,#3627,#3628,#3629,#3630,#3631,#3632,#3633,#3634,#3635,
#3636,#3637,#3638,#3639,#3640,#3641,#3642,#3643,#3644,#3645,#3646,#3647,
#3648,#3649,#3650,#3651,#3652,#3653,#3654,#3655,#3656,#3657,#3658,#3659,
#3660,#3661,#3662,#3663,#3664,#3665,#3666,#3667,#3668,#3669,#3670,#3671,
#3672,#3673,#3674,#3675,#3676,#3677,#3678,#3679,#3680,#3681,#3682,#3683,
#3684,#3685,#3686,#3687,#3688,#3689,#3690,#3691,#3692,#3693,#3694,#3695,
#3696,#3697,#3698,#3699,#3700,#3701,#3702,#3703,#3704,#3705,#3706,#3707,
#3708,#3709,#3710,#3711,#3712,#3713,#3714,#3715,#3716,#3717,#3718,#3719,
#3720,#3721,#3722,#3723,#3724,#3725,#3726,#3727,#3728,#3729,#3730,#3731,
#3732,#3733),(#3734,#3735,#3736,#3737,#3738,#3739,#3740,#3741,#3742,#3743,
#3744,#3745,#3746,#3747,#3748,#3749,#3750,#3751,#3752,#3753,#3754,#3755,
#3756,#3757,#3758,#3759,#3760,#3761,#3762,#3763,#3764,#3765,#3766,#3767,
#3768,#3769,#3770,#3771,#3772,#3773,#3774,#3775,#3776,#3777,#3778,#3779,
#3780,#3781,#3782,#3783,#3784,#3785,#3786,#3787,#3788,#3789,#3790,#3791,
#3792,#3793,#3794,#3795,#3796,#3797,#3798,#3799,#3800,#3801,#3802,#3803,
#3804,#3805,#3806,#3807,#3808,#3809,#3810,#3811,#3812,#3813,#3814,#3815,
#3816,#3817,#3818,#3819,#3820,#3821,#3822,#3823,#3824,#3825,#3826,#3827,
#3828,#3829,#3830,#3831,#3832,#3833,#3834,#3835,#3836,#3837,#3838,#3839,
#3840,#3841,#3842,#3843,#3844,#3845,#3846,#3847,#3848,#3849,#3850,#3851,
#3852,#3853,#3854,#3855,#3856,#3857,#3858,#3859,#3860,#3861,#3862,#3863,
#3864,#3865,#3866,#3867,#3868,#3869,#3870,#3871,#3872),(#3873,#3874,#3875,
#3876,#3877,#3878,#3879,#3880,#3881,#3882,#3883,#3884,#3885,#3886,#3887,
#3888,#3889,#3890,#3891,#3892,#3893,#3894,#3895,#3896,#3897,#3898,#3899,
#3900,#3901,#3902,#3903,#3904,#3905,#3906,#3907,#3908,#3909,#3910,#3911,
#3912,#3913,#3914,#3915,#3916,#3917,#3918,#3919,#3920,#3921,#3922,#3923,
#3924,#3925,#3926,#3927,#3928,#3929,#3930,#3931,#3932,#3933,#3934,#3935,
#3936,#3937,#3938,#3939,#3940,#3941,#3942,#3943,#3944,#3945,#3946,#3947,
#3948,#3949,#3950,#3951,#3952,#3953,#3954,#3955,#3956,#3957,#3958,#3959,
#3960,#3961,#3962,#3963,#3964,#3965,#3966,#3967,#3968,#3969,#3970,#3971,
#3972,#3973,#3974,#3975,#3976,#3977,#3978,#3979,#3980,#3981,#3982,#3983,
#3984,#3985,#3986,#3987,#3988,#3989,#3990,#3991,#3992,#3993,#3994,#3995,
#3996,#3997,#3998,#3999,#4000,#4001,#4002,#4003,#4004,#4005,#4006,#4007,
#4008,#4009,#4010,#4011),(#4012,#4013,#4014,#4015,#4016,#4017,#4018,#4019,
#4020,#4021,#4022,#4023,#4024,#4025,#4026,#4027,#4028,#4029,#4030,#4031,
#4032,#4033,#4034,#4035,#4036,#4037,#4038,#4039,#4040,#4041,#4042,#4043,
#4044,#4045,#4046,#4047,#4048,#4049,#4050,#4051,#4052,#4053,#4054,#4055,
#4056,#4057,#4058,#4059,#4060,#4061,#4062,#4063,#4064,#4065,#4066,#4067,
#4068,#4069,#4070,#4071,#4072,#4073,#4074,#4075,#4076,#4077,#4078,#4079,
#4080,#4081,#4082,#4083,#4084,#4085,#4086,#4087,#4088,#4089,#4090,#4091,
#4092,#4093,#4094,#4095,#4096,#4097,#4098,#4099,#4100,#4101,#4102,#4103,
#4104,#4105,#4106,#4107,#4108,#4109,#4110,#4111,#4112,#4113,#4114,#4115,
#4116,#4117,#4118,#4119,#4120,#4121,#4122,#4123,#4124,#4125,#4126,#4127,
#4128,#4129,#4130,#4131,#4132,#4133,#4134,#4135,#4136,#4137,#4138,#4139,
#4140,#4141,#4142,#4143,#4144,#4145,#4146,#4147,#4148,#4149,#4150),(#4151,
#4152,#4153,#4154,#4155,#4156,#4157,#4158,#4159,#4160,#4161,#4162,#4163,
#4164,#4165,#4166,#4167,#4168,#4169,#4170,#4171,#4172,#4173,#4174,#4175,
#4176,#4177,#4178,#4179,#4180,#4181,#4182,#4183,#4184,#4185,#4186,#4187,
#4188,#4189,#4190,#4191,#4192,#4193,#4194,#4195,#4196,#4197,#4198,#4199,
#4200,#4201,#4202,#4203,#4204,#4205,#4206,#4207,#4208,#4209,#4210,#4211,
#4212,#4213,#4214,#4215,#4216,#4217,#4218,#4219,#4220,#4221,#4222,#4223,
#4224,#4225,#4226,#4227,#4228,#4229,#4230,#4231,#4232,#4233,#4234,#4235,
#4236,#4237,#4238,#4239,#4240,#4241,#4242,#4243,#4244,#4245,#4246,#4247,
#4248,#4249,#4250,#4251,#4252,#4253,#4254,#4255,#4256,#4257,#4258,#4259,
#4260,#4261,#4262,#4263,#4264,#4265,#4266,#4267,#4268,#4269,#4270,#4271,
#4272,#4273,#4274,#4275,#4276,#4277,#4278,#4279,#4280,#4281,#4282,#4283,
#4284,#4285,#4286,#4287,#4288,#4289),(#4290,#4291,#4292,#4293,#4294,#4295,
#4296,#4297,#4298,#4299,#4300,#4301,#4302,#4303,#4304,#4305,#4306,#4307,
#4308,#4309,#4310,#4311,#4312,#4313,#4314,#4315,#4316,#4317,#4318,#4319,
#4320,#4321,#4322,#4323,#4324,#4325,#4326,#4327,#4328,#4329,#4330,#4331,
#4332,#4333,#4334,#4335,#4336,#4337,#4338,#4339,#4340,#4341,#4342,#4343,
#4344,#4345,#4346,#4347,#4348,#4349,#4350,#4351,#4352,#4353,#4354,#4355,
#4356,#4357,#4358,#4359,#4360,#4361,#4362,#4363,#4364,#4365,#4366,#4367,
#4368,#4369,#4370,#4371,#4372,#4373,#4374,#4375,#4376,#4377,#4378,#4379,
#4380,#4381,#4382,#4383,#4384,#4385,#4386,#4387,#4388,#4389,#4390,#4391,
#4392,#4393,#4394,#4395,#4396,#4397,#4398,#4399,#4400,#4401,#4402,#4403,
#4404,#4405,#4406,#4407,#4408,#4409,#4410,#4411,#4412,#4413,#4414,#4415,
#4416,#4417,#4418,#4419,#4420,#4421,#4422,#4423,#4424,#4425,#4426,#4427,
#4428),(#4429,#4430,#4431,#4432,#4433,#4434,#4435,#4436,#4437,#4438,#4439,
#4440,#4441,#4442,#4443,#4444,#4445,#4446,#4447,#4448,#4449,#4450,#4451,
#4452,#4453,#4454,#4455,#4456,#4457,#4458,#4459,#4460,#4461,#4462,#4463,
#4464,#4465,#4466,#4467,#4468,#4469,#4470,#4471,#4472,#4473,#4474,#4475,
#4476,#4477,#4478,#4479,#4480,#4481,#4482,#4483,#4484,#4485,#4486,#4487,
#4488,#4489,#4490,#4491,#4492,#4493,#4494,#4495,#4496,#4497,#4498,#4499,
#4500,#4501,#4502,#4503,#4504,#4505,#4506,#4507,#4508,#4509,#4510,#4511,
#4512,#4513,#4514,#4515,#4516,#4517,#4518,#4519,#4520,#4521,#4522,#4523,
#4524,#4525,#4526,#4527,#4528,#4529,#4530,#4531,#4532,#4533,#4534,#4535,
#4536,#4537,#4538,#4539,#4540,#4541,#4542,#4543,#4544,#4545,#4546,#4547,
#4548,#4549,#4550,#4551,#4552,#4553,#4554,#4555,#4556,#4557,#4558,#4559,
#4560,#4561,#4562,#4563,#4564,#4565,#4566,#4567)),.UNSPECIFIED.,.F.,.F.,
 .F.,(4,1,1,1,4),(4,1,1,1,1,1,1,1,1,1,1,1,1,1,1,1,1,1,1,1,1,1,1,1,1,1,1,
1,1,1,1,1,1,1,1,1,1,1,1,1,1,1,1,1,1,1,1,1,1,1,1,1,1,1,1,1,1,1,1,1,1,1,1,
1,1,1,1,1,1,1,1,1,1,1,1,1,1,1,1,1,1,1,1,1,1,1,1,1,1,1,1,1,1,1,1,1,1,1,1,
1,1,1,1,1,1,1,1,1,1,1,1,1,1,1,1,1,1,1,1,1,1,1,1,1,1,1,1,1,1,1,1,1,1,1,1,
1,4),(0.,0.25,0.5,0.75,1.),(0.,0.0009765625,0.001953125,0.00390625,0.0078125,
0.01171875,0.015625,0.0234375,0.03125,0.0390625,0.046875,0.0546875,0.0625,
0.0703125,0.078125,0.0859375,0.09375,0.1015625,0.109375,0.1171875,0.125,
0.1328125,0.140625,0.1484375,0.15625,0.1640625,0.171875,0.1796875,0.1875,
0.1953125,0.203125,0.2109375,0.21875,0.2265625,0.234375,0.2421875,0.25,
0.2578125,0.265625,0.2734375,0.28125,0.2890625,0.296875,0.3046875,0.3125,
0.3203125,0.328125,0.3359375,0.34375,0.3515625,0.359375,0.3671875,0.375,
0.3828125,0.390625,0.3984375,0.40625,0.4140625,0.421875,0.4296875,0.4375,
0.4453125,0.453125,0.4609375,0.46875,0.4765625,0.484375,0.4921875,0.5,0.5078125,
0.515625,0.5234375,0.53125,0.5390625,0.546875,0.5546875,0.5625,0.5703125,
0.578125,0.5859375,0.59375,0.6015625,0.609375,0.6171875,0.625,0.6328125,
0.640625,0.6484375,0.65625,0.6640625,0.671875,0.6796875,0.6875,0.6953125,
0.703125,0.7109375,0.71875,0.7265625,0.734375,0.7421875,0.75,0.7578125,
0.765625,0.7734375,0.78125,0.7890625,0.796875,0.8046875,0.8125,0.8203125,
0.828125,0.8359375,0.84375,0.8515625,0.859375,0.8671875,0.875,0.8828125,
0.890625,0.8984375,0.90625,0.9140625,0.921875,0.9296875,0.9375,0.9453125,
0.953125,0.9609375,0.96875,0.9765625,0.984375,0.98828125,0.9921875,0.99609375,
0.998046875,0.9990234375,1.),.UNSPECIFIED.);
#90=B_SPLINE_SURFACE_WITH_KNOTS('',3,3,((#4606,#4607,#4608,#4609,#4610,
#4611,#4612,#4613,#4614,#4615,#4616,#4617,#4618,#4619,#4620,#4621,#4622,
#4623,#4624,#4625,#4626,#4627,#4628,#4629,#4630,#4631,#4632,#4633,#4634,
#4635,#4636,#4637,#4638,#4639,#4640,#4641,#4642,#4643,#4644,#4645,#4646,
#4647,#4648,#4649,#4650,#4651,#4652,#4653,#4654,#4655,#4656,#4657,#4658,
#4659,#4660,#4661,#4662,#4663,#4664,#4665,#4666,#4667,#4668,#4669,#4670,
#4671,#4672,#4673,#4674,#4675,#4676,#4677,#4678,#4679,#4680,#4681,#4682,
#4683,#4684,#4685,#4686,#4687,#4688,#4689,#4690,#4691,#4692,#4693,#4694,
#4695,#4696,#4697,#4698,#4699,#4700,#4701,#4702,#4703,#4704,#4705,#4706,
#4707,#4708,#4709,#4710,#4711,#4712,#4713,#4714,#4715,#4716,#4717,#4718,
#4719,#4720,#4721,#4722,#4723,#4724,#4725,#4726,#4727,#4728,#4729,#4730,
#4731,#4732,#4733,#4734,#4735,#4736),(#4737,#4738,#4739,#4740,#4741,#4742,
#4743,#4744,#4745,#4746,#4747,#4748,#4749,#4750,#4751,#4752,#4753,#4754,
#4755,#4756,#4757,#4758,#4759,#4760,#4761,#4762,#4763,#4764,#4765,#4766,
#4767,#4768,#4769,#4770,#4771,#4772,#4773,#4774,#4775,#4776,#4777,#4778,
#4779,#4780,#4781,#4782,#4783,#4784,#4785,#4786,#4787,#4788,#4789,#4790,
#4791,#4792,#4793,#4794,#4795,#4796,#4797,#4798,#4799,#4800,#4801,#4802,
#4803,#4804,#4805,#4806,#4807,#4808,#4809,#4810,#4811,#4812,#4813,#4814,
#4815,#4816,#4817,#4818,#4819,#4820,#4821,#4822,#4823,#4824,#4825,#4826,
#4827,#4828,#4829,#4830,#4831,#4832,#4833,#4834,#4835,#4836,#4837,#4838,
#4839,#4840,#4841,#4842,#4843,#4844,#4845,#4846,#4847,#4848,#4849,#4850,
#4851,#4852,#4853,#4854,#4855,#4856,#4857,#4858,#4859,#4860,#4861,#4862,
#4863,#4864,#4865,#4866,#4867),(#4868,#4869,#4870,#4871,#4872,#4873,#4874,
#4875,#4876,#4877,#4878,#4879,#4880,#4881,#4882,#4883,#4884,#4885,#4886,
#4887,#4888,#4889,#4890,#4891,#4892,#4893,#4894,#4895,#4896,#4897,#4898,
#4899,#4900,#4901,#4902,#4903,#4904,#4905,#4906,#4907,#4908,#4909,#4910,
#4911,#4912,#4913,#4914,#4915,#4916,#4917,#4918,#4919,#4920,#4921,#4922,
#4923,#4924,#4925,#4926,#4927,#4928,#4929,#4930,#4931,#4932,#4933,#4934,
#4935,#4936,#4937,#4938,#4939,#4940,#4941,#4942,#4943,#4944,#4945,#4946,
#4947,#4948,#4949,#4950,#4951,#4952,#4953,#4954,#4955,#4956,#4957,#4958,
#4959,#4960,#4961,#4962,#4963,#4964,#4965,#4966,#4967,#4968,#4969,#4970,
#4971,#4972,#4973,#4974,#4975,#4976,#4977,#4978,#4979,#4980,#4981,#4982,
#4983,#4984,#4985,#4986,#4987,#4988,#4989,#4990,#4991,#4992,#4993,#4994,
#4995,#4996,#4997,#4998),(#4999,#5000,#5001,#5002,#5003,#5004,#5005,#5006,
#5007,#5008,#5009,#5010,#5011,#5012,#5013,#5014,#5015,#5016,#5017,#5018,
#5019,#5020,#5021,#5022,#5023,#5024,#5025,#5026,#5027,#5028,#5029,#5030,
#5031,#5032,#5033,#5034,#5035,#5036,#5037,#5038,#5039,#5040,#5041,#5042,
#5043,#5044,#5045,#5046,#5047,#5048,#5049,#5050,#5051,#5052,#5053,#5054,
#5055,#5056,#5057,#5058,#5059,#5060,#5061,#5062,#5063,#5064,#5065,#5066,
#5067,#5068,#5069,#5070,#5071,#5072,#5073,#5074,#5075,#5076,#5077,#5078,
#5079,#5080,#5081,#5082,#5083,#5084,#5085,#5086,#5087,#5088,#5089,#5090,
#5091,#5092,#5093,#5094,#5095,#5096,#5097,#5098,#5099,#5100,#5101,#5102,
#5103,#5104,#5105,#5106,#5107,#5108,#5109,#5110,#5111,#5112,#5113,#5114,
#5115,#5116,#5117,#5118,#5119,#5120,#5121,#5122,#5123,#5124,#5125,#5126,
#5127,#5128,#5129),(#5130,#5131,#5132,#5133,#5134,#5135,#5136,#5137,#5138,
#5139,#5140,#5141,#5142,#5143,#5144,#5145,#5146,#5147,#5148,#5149,#5150,
#5151,#5152,#5153,#5154,#5155,#5156,#5157,#5158,#5159,#5160,#5161,#5162,
#5163,#5164,#5165,#5166,#5167,#5168,#5169,#5170,#5171,#5172,#5173,#5174,
#5175,#5176,#5177,#5178,#5179,#5180,#5181,#5182,#5183,#5184,#5185,#5186,
#5187,#5188,#5189,#5190,#5191,#5192,#5193,#5194,#5195,#5196,#5197,#5198,
#5199,#5200,#5201,#5202,#5203,#5204,#5205,#5206,#5207,#5208,#5209,#5210,
#5211,#5212,#5213,#5214,#5215,#5216,#5217,#5218,#5219,#5220,#5221,#5222,
#5223,#5224,#5225,#5226,#5227,#5228,#5229,#5230,#5231,#5232,#5233,#5234,
#5235,#5236,#5237,#5238,#5239,#5240,#5241,#5242,#5243,#5244,#5245,#5246,
#5247,#5248,#5249,#5250,#5251,#5252,#5253,#5254,#5255,#5256,#5257,#5258,
#5259,#5260),(#5261,#5262,#5263,#5264,#5265,#5266,#5267,#5268,#5269,#5270,
#5271,#5272,#5273,#5274,#5275,#5276,#5277,#5278,#5279,#5280,#5281,#5282,
#5283,#5284,#5285,#5286,#5287,#5288,#5289,#5290,#5291,#5292,#5293,#5294,
#5295,#5296,#5297,#5298,#5299,#5300,#5301,#5302,#5303,#5304,#5305,#5306,
#5307,#5308,#5309,#5310,#5311,#5312,#5313,#5314,#5315,#5316,#5317,#5318,
#5319,#5320,#5321,#5322,#5323,#5324,#5325,#5326,#5327,#5328,#5329,#5330,
#5331,#5332,#5333,#5334,#5335,#5336,#5337,#5338,#5339,#5340,#5341,#5342,
#5343,#5344,#5345,#5346,#5347,#5348,#5349,#5350,#5351,#5352,#5353,#5354,
#5355,#5356,#5357,#5358,#5359,#5360,#5361,#5362,#5363,#5364,#5365,#5366,
#5367,#5368,#5369,#5370,#5371,#5372,#5373,#5374,#5375,#5376,#5377,#5378,
#5379,#5380,#5381,#5382,#5383,#5384,#5385,#5386,#5387,#5388,#5389,#5390,
#5391),(#5392,#5393,#5394,#5395,#5396,#5397,#5398,#5399,#5400,#5401,#5402,
#5403,#5404,#5405,#5406,#5407,#5408,#5409,#5410,#5411,#5412,#5413,#5414,
#5415,#5416,#5417,#5418,#5419,#5420,#5421,#5422,#5423,#5424,#5425,#5426,
#5427,#5428,#5429,#5430,#5431,#5432,#5433,#5434,#5435,#5436,#5437,#5438,
#5439,#5440,#5441,#5442,#5443,#5444,#5445,#5446,#5447,#5448,#5449,#5450,
#5451,#5452,#5453,#5454,#5455,#5456,#5457,#5458,#5459,#5460,#5461,#5462,
#5463,#5464,#5465,#5466,#5467,#5468,#5469,#5470,#5471,#5472,#5473,#5474,
#5475,#5476,#5477,#5478,#5479,#5480,#5481,#5482,#5483,#5484,#5485,#5486,
#5487,#5488,#5489,#5490,#5491,#5492,#5493,#5494,#5495,#5496,#5497,#5498,
#5499,#5500,#5501,#5502,#5503,#5504,#5505,#5506,#5507,#5508,#5509,#5510,
#5511,#5512,#5513,#5514,#5515,#5516,#5517,#5518,#5519,#5520,#5521,#5522),
(#5523,#5524,#5525,#5526,#5527,#5528,#5529,#5530,#5531,#5532,#5533,#5534,
#5535,#5536,#5537,#5538,#5539,#5540,#5541,#5542,#5543,#5544,#5545,#5546,
#5547,#5548,#5549,#5550,#5551,#5552,#5553,#5554,#5555,#5556,#5557,#5558,
#5559,#5560,#5561,#5562,#5563,#5564,#5565,#5566,#5567,#5568,#5569,#5570,
#5571,#5572,#5573,#5574,#5575,#5576,#5577,#5578,#5579,#5580,#5581,#5582,
#5583,#5584,#5585,#5586,#5587,#5588,#5589,#5590,#5591,#5592,#5593,#5594,
#5595,#5596,#5597,#5598,#5599,#5600,#5601,#5602,#5603,#5604,#5605,#5606,
#5607,#5608,#5609,#5610,#5611,#5612,#5613,#5614,#5615,#5616,#5617,#5618,
#5619,#5620,#5621,#5622,#5623,#5624,#5625,#5626,#5627,#5628,#5629,#5630,
#5631,#5632,#5633,#5634,#5635,#5636,#5637,#5638,#5639,#5640,#5641,#5642,
#5643,#5644,#5645,#5646,#5647,#5648,#5649,#5650,#5651,#5652,#5653),(#5654,
#5655,#5656,#5657,#5658,#5659,#5660,#5661,#5662,#5663,#5664,#5665,#5666,
#5667,#5668,#5669,#5670,#5671,#5672,#5673,#5674,#5675,#5676,#5677,#5678,
#5679,#5680,#5681,#5682,#5683,#5684,#5685,#5686,#5687,#5688,#5689,#5690,
#5691,#5692,#5693,#5694,#5695,#5696,#5697,#5698,#5699,#5700,#5701,#5702,
#5703,#5704,#5705,#5706,#5707,#5708,#5709,#5710,#5711,#5712,#5713,#5714,
#5715,#5716,#5717,#5718,#5719,#5720,#5721,#5722,#5723,#5724,#5725,#5726,
#5727,#5728,#5729,#5730,#5731,#5732,#5733,#5734,#5735,#5736,#5737,#5738,
#5739,#5740,#5741,#5742,#5743,#5744,#5745,#5746,#5747,#5748,#5749,#5750,
#5751,#5752,#5753,#5754,#5755,#5756,#5757,#5758,#5759,#5760,#5761,#5762,
#5763,#5764,#5765,#5766,#5767,#5768,#5769,#5770,#5771,#5772,#5773,#5774,
#5775,#5776,#5777,#5778,#5779,#5780,#5781,#5782,#5783,#5784),(#5785,#5786,
#5787,#5788,#5789,#5790,#5791,#5792,#5793,#5794,#5795,#5796,#5797,#5798,
#5799,#5800,#5801,#5802,#5803,#5804,#5805,#5806,#5807,#5808,#5809,#5810,
#5811,#5812,#5813,#5814,#5815,#5816,#5817,#5818,#5819,#5820,#5821,#5822,
#5823,#5824,#5825,#5826,#5827,#5828,#5829,#5830,#5831,#5832,#5833,#5834,
#5835,#5836,#5837,#5838,#5839,#5840,#5841,#5842,#5843,#5844,#5845,#5846,
#5847,#5848,#5849,#5850,#5851,#5852,#5853,#5854,#5855,#5856,#5857,#5858,
#5859,#5860,#5861,#5862,#5863,#5864,#5865,#5866,#5867,#5868,#5869,#5870,
#5871,#5872,#5873,#5874,#5875,#5876,#5877,#5878,#5879,#5880,#5881,#5882,
#5883,#5884,#5885,#5886,#5887,#5888,#5889,#5890,#5891,#5892,#5893,#5894,
#5895,#5896,#5897,#5898,#5899,#5900,#5901,#5902,#5903,#5904,#5905,#5906,
#5907,#5908,#5909,#5910,#5911,#5912,#5913,#5914,#5915),(#5916,#5917,#5918,
#5919,#5920,#5921,#5922,#5923,#5924,#5925,#5926,#5927,#5928,#5929,#5930,
#5931,#5932,#5933,#5934,#5935,#5936,#5937,#5938,#5939,#5940,#5941,#5942,
#5943,#5944,#5945,#5946,#5947,#5948,#5949,#5950,#5951,#5952,#5953,#5954,
#5955,#5956,#5957,#5958,#5959,#5960,#5961,#5962,#5963,#5964,#5965,#5966,
#5967,#5968,#5969,#5970,#5971,#5972,#5973,#5974,#5975,#5976,#5977,#5978,
#5979,#5980,#5981,#5982,#5983,#5984,#5985,#5986,#5987,#5988,#5989,#5990,
#5991,#5992,#5993,#5994,#5995,#5996,#5997,#5998,#5999,#6000,#6001,#6002,
#6003,#6004,#6005,#6006,#6007,#6008,#6009,#6010,#6011,#6012,#6013,#6014,
#6015,#6016,#6017,#6018,#6019,#6020,#6021,#6022,#6023,#6024,#6025,#6026,
#6027,#6028,#6029,#6030,#6031,#6032,#6033,#6034,#6035,#6036,#6037,#6038,
#6039,#6040,#6041,#6042,#6043,#6044,#6045,#6046),(#6047,#6048,#6049,#6050,
#6051,#6052,#6053,#6054,#6055,#6056,#6057,#6058,#6059,#6060,#6061,#6062,
#6063,#6064,#6065,#6066,#6067,#6068,#6069,#6070,#6071,#6072,#6073,#6074,
#6075,#6076,#6077,#6078,#6079,#6080,#6081,#6082,#6083,#6084,#6085,#6086,
#6087,#6088,#6089,#6090,#6091,#6092,#6093,#6094,#6095,#6096,#6097,#6098,
#6099,#6100,#6101,#6102,#6103,#6104,#6105,#6106,#6107,#6108,#6109,#6110,
#6111,#6112,#6113,#6114,#6115,#6116,#6117,#6118,#6119,#6120,#6121,#6122,
#6123,#6124,#6125,#6126,#6127,#6128,#6129,#6130,#6131,#6132,#6133,#6134,
#6135,#6136,#6137,#6138,#6139,#6140,#6141,#6142,#6143,#6144,#6145,#6146,
#6147,#6148,#6149,#6150,#6151,#6152,#6153,#6154,#6155,#6156,#6157,#6158,
#6159,#6160,#6161,#6162,#6163,#6164,#6165,#6166,#6167,#6168,#6169,#6170,
#6171,#6172,#6173,#6174,#6175,#6176,#6177),(#6178,#6179,#6180,#6181,#6182,
#6183,#6184,#6185,#6186,#6187,#6188,#6189,#6190,#6191,#6192,#6193,#6194,
#6195,#6196,#6197,#6198,#6199,#6200,#6201,#6202,#6203,#6204,#6205,#6206,
#6207,#6208,#6209,#6210,#6211,#6212,#6213,#6214,#6215,#6216,#6217,#6218,
#6219,#6220,#6221,#6222,#6223,#6224,#6225,#6226,#6227,#6228,#6229,#6230,
#6231,#6232,#6233,#6234,#6235,#6236,#6237,#6238,#6239,#6240,#6241,#6242,
#6243,#6244,#6245,#6246,#6247,#6248,#6249,#6250,#6251,#6252,#6253,#6254,
#6255,#6256,#6257,#6258,#6259,#6260,#6261,#6262,#6263,#6264,#6265,#6266,
#6267,#6268,#6269,#6270,#6271,#6272,#6273,#6274,#6275,#6276,#6277,#6278,
#6279,#6280,#6281,#6282,#6283,#6284,#6285,#6286,#6287,#6288,#6289,#6290,
#6291,#6292,#6293,#6294,#6295,#6296,#6297,#6298,#6299,#6300,#6301,#6302,
#6303,#6304,#6305,#6306,#6307,#6308),(#6309,#6310,#6311,#6312,#6313,#6314,
#6315,#6316,#6317,#6318,#6319,#6320,#6321,#6322,#6323,#6324,#6325,#6326,
#6327,#6328,#6329,#6330,#6331,#6332,#6333,#6334,#6335,#6336,#6337,#6338,
#6339,#6340,#6341,#6342,#6343,#6344,#6345,#6346,#6347,#6348,#6349,#6350,
#6351,#6352,#6353,#6354,#6355,#6356,#6357,#6358,#6359,#6360,#6361,#6362,
#6363,#6364,#6365,#6366,#6367,#6368,#6369,#6370,#6371,#6372,#6373,#6374,
#6375,#6376,#6377,#6378,#6379,#6380,#6381,#6382,#6383,#6384,#6385,#6386,
#6387,#6388,#6389,#6390,#6391,#6392,#6393,#6394,#6395,#6396,#6397,#6398,
#6399,#6400,#6401,#6402,#6403,#6404,#6405,#6406,#6407,#6408,#6409,#6410,
#6411,#6412,#6413,#6414,#6415,#6416,#6417,#6418,#6419,#6420,#6421,#6422,
#6423,#6424,#6425,#6426,#6427,#6428,#6429,#6430,#6431,#6432,#6433,#6434,
#6435,#6436,#6437,#6438,#6439),(#6440,#6441,#6442,#6443,#6444,#6445,#6446,
#6447,#6448,#6449,#6450,#6451,#6452,#6453,#6454,#6455,#6456,#6457,#6458,
#6459,#6460,#6461,#6462,#6463,#6464,#6465,#6466,#6467,#6468,#6469,#6470,
#6471,#6472,#6473,#6474,#6475,#6476,#6477,#6478,#6479,#6480,#6481,#6482,
#6483,#6484,#6485,#6486,#6487,#6488,#6489,#6490,#6491,#6492,#6493,#6494,
#6495,#6496,#6497,#6498,#6499,#6500,#6501,#6502,#6503,#6504,#6505,#6506,
#6507,#6508,#6509,#6510,#6511,#6512,#6513,#6514,#6515,#6516,#6517,#6518,
#6519,#6520,#6521,#6522,#6523,#6524,#6525,#6526,#6527,#6528,#6529,#6530,
#6531,#6532,#6533,#6534,#6535,#6536,#6537,#6538,#6539,#6540,#6541,#6542,
#6543,#6544,#6545,#6546,#6547,#6548,#6549,#6550,#6551,#6552,#6553,#6554,
#6555,#6556,#6557,#6558,#6559,#6560,#6561,#6562,#6563,#6564,#6565,#6566,
#6567,#6568,#6569,#6570),(#6571,#6572,#6573,#6574,#6575,#6576,#6577,#6578,
#6579,#6580,#6581,#6582,#6583,#6584,#6585,#6586,#6587,#6588,#6589,#6590,
#6591,#6592,#6593,#6594,#6595,#6596,#6597,#6598,#6599,#6600,#6601,#6602,
#6603,#6604,#6605,#6606,#6607,#6608,#6609,#6610,#6611,#6612,#6613,#6614,
#6615,#6616,#6617,#6618,#6619,#6620,#6621,#6622,#6623,#6624,#6625,#6626,
#6627,#6628,#6629,#6630,#6631,#6632,#6633,#6634,#6635,#6636,#6637,#6638,
#6639,#6640,#6641,#6642,#6643,#6644,#6645,#6646,#6647,#6648,#6649,#6650,
#6651,#6652,#6653,#6654,#6655,#6656,#6657,#6658,#6659,#6660,#6661,#6662,
#6663,#6664,#6665,#6666,#6667,#6668,#6669,#6670,#6671,#6672,#6673,#6674,
#6675,#6676,#6677,#6678,#6679,#6680,#6681,#6682,#6683,#6684,#6685,#6686,
#6687,#6688,#6689,#6690,#6691,#6692,#6693,#6694,#6695,#6696,#6697,#6698,
#6699,#6700,#6701),(#6702,#6703,#6704,#6705,#6706,#6707,#6708,#6709,#6710,
#6711,#6712,#6713,#6714,#6715,#6716,#6717,#6718,#6719,#6720,#6721,#6722,
#6723,#6724,#6725,#6726,#6727,#6728,#6729,#6730,#6731,#6732,#6733,#6734,
#6735,#6736,#6737,#6738,#6739,#6740,#6741,#6742,#6743,#6744,#6745,#6746,
#6747,#6748,#6749,#6750,#6751,#6752,#6753,#6754,#6755,#6756,#6757,#6758,
#6759,#6760,#6761,#6762,#6763,#6764,#6765,#6766,#6767,#6768,#6769,#6770,
#6771,#6772,#6773,#6774,#6775,#6776,#6777,#6778,#6779,#6780,#6781,#6782,
#6783,#6784,#6785,#6786,#6787,#6788,#6789,#6790,#6791,#6792,#6793,#6794,
#6795,#6796,#6797,#6798,#6799,#6800,#6801,#6802,#6803,#6804,#6805,#6806,
#6807,#6808,#6809,#6810,#6811,#6812,#6813,#6814,#6815,#6816,#6817,#6818,
#6819,#6820,#6821,#6822,#6823,#6824,#6825,#6826,#6827,#6828,#6829,#6830,
#6831,#6832),(#6833,#6834,#6835,#6836,#6837,#6838,#6839,#6840,#6841,#6842,
#6843,#6844,#6845,#6846,#6847,#6848,#6849,#6850,#6851,#6852,#6853,#6854,
#6855,#6856,#6857,#6858,#6859,#6860,#6861,#6862,#6863,#6864,#6865,#6866,
#6867,#6868,#6869,#6870,#6871,#6872,#6873,#6874,#6875,#6876,#6877,#6878,
#6879,#6880,#6881,#6882,#6883,#6884,#6885,#6886,#6887,#6888,#6889,#6890,
#6891,#6892,#6893,#6894,#6895,#6896,#6897,#6898,#6899,#6900,#6901,#6902,
#6903,#6904,#6905,#6906,#6907,#6908,#6909,#6910,#6911,#6912,#6913,#6914,
#6915,#6916,#6917,#6918,#6919,#6920,#6921,#6922,#6923,#6924,#6925,#6926,
#6927,#6928,#6929,#6930,#6931,#6932,#6933,#6934,#6935,#6936,#6937,#6938,
#6939,#6940,#6941,#6942,#6943,#6944,#6945,#6946,#6947,#6948,#6949,#6950,
#6951,#6952,#6953,#6954,#6955,#6956,#6957,#6958,#6959,#6960,#6961,#6962,
#6963),(#6964,#6965,#6966,#6967,#6968,#6969,#6970,#6971,#6972,#6973,#6974,
#6975,#6976,#6977,#6978,#6979,#6980,#6981,#6982,#6983,#6984,#6985,#6986,
#6987,#6988,#6989,#6990,#6991,#6992,#6993,#6994,#6995,#6996,#6997,#6998,
#6999,#7000,#7001,#7002,#7003,#7004,#7005,#7006,#7007,#7008,#7009,#7010,
#7011,#7012,#7013,#7014,#7015,#7016,#7017,#7018,#7019,#7020,#7021,#7022,
#7023,#7024,#7025,#7026,#7027,#7028,#7029,#7030,#7031,#7032,#7033,#7034,
#7035,#7036,#7037,#7038,#7039,#7040,#7041,#7042,#7043,#7044,#7045,#7046,
#7047,#7048,#7049,#7050,#7051,#7052,#7053,#7054,#7055,#7056,#7057,#7058,
#7059,#7060,#7061,#7062,#7063,#7064,#7065,#7066,#7067,#7068,#7069,#7070,
#7071,#7072,#7073,#7074,#7075,#7076,#7077,#7078,#7079,#7080,#7081,#7082,
#7083,#7084,#7085,#7086,#7087,#7088,#7089,#7090,#7091,#7092,#7093,#7094)),
 .UNSPECIFIED.,.T.,.F.,.F.,(1,1,1,1,1,1,1,1,1,1,1,1,1,1,1,1,1,1,1,1,1,1,
1),(4,1,1,1,1,1,1,1,1,1,1,1,1,1,1,1,1,1,1,1,1,1,1,1,1,1,1,1,1,1,1,1,1,1,
1,1,1,1,1,1,1,1,1,1,1,1,1,1,1,1,1,1,1,1,1,1,1,1,1,1,1,1,1,1,1,1,1,1,1,1,
1,1,1,1,1,1,1,1,1,1,1,1,1,1,1,1,1,1,1,1,1,1,1,1,1,1,1,1,1,1,1,1,1,1,1,1,
1,1,1,1,1,1,1,1,1,1,1,1,1,1,1,1,1,1,1,1,1,1,4),(-0.1875,-0.125,-0.0625,
0.,0.0625,0.125,0.1875,0.25,0.3125,0.375,0.4375,0.5,0.5625,0.625,0.6875,
0.75,0.8125,0.875,0.9375,1.,1.0625,1.125,1.1875),(0.,0.0078125,0.015625,
0.0234375,0.03125,0.0390625,0.046875,0.0546875,0.0625,0.0703125,0.078125,
0.0859375,0.09375,0.1015625,0.109375,0.1171875,0.125,0.1328125,0.140625,
0.1484375,0.15625,0.1640625,0.171875,0.1796875,0.1875,0.1953125,0.203125,
0.2109375,0.21875,0.2265625,0.234375,0.2421875,0.25,0.2578125,0.265625,
0.2734375,0.28125,0.2890625,0.296875,0.3046875,0.3125,0.3203125,0.328125,
0.3359375,0.34375,0.3515625,0.359375,0.3671875,0.375,0.3828125,0.390625,
0.3984375,0.40625,0.4140625,0.421875,0.4296875,0.4375,0.4453125,0.453125,
0.4609375,0.46875,0.4765625,0.484375,0.4921875,0.5,0.5078125,0.515625,0.5234375,
0.53125,0.5390625,0.546875,0.5546875,0.5625,0.5703125,0.578125,0.5859375,
0.59375,0.6015625,0.609375,0.6171875,0.625,0.6328125,0.640625,0.6484375,
0.65625,0.6640625,0.671875,0.6796875,0.6875,0.6953125,0.703125,0.7109375,
0.71875,0.7265625,0.734375,0.7421875,0.75,0.7578125,0.765625,0.7734375,
0.78125,0.7890625,0.796875,0.8046875,0.8125,0.8203125,0.828125,0.8359375,
0.84375,0.8515625,0.859375,0.8671875,0.875,0.8828125,0.890625,0.8984375,
0.90625,0.9140625,0.921875,0.9296875,0.9375,0.9453125,0.953125,0.9609375,
0.96875,0.9765625,0.984375,0.9921875,1.),.UNSPECIFIED.);
#91=B_SPLINE_SURFACE_WITH_KNOTS('',1,3,((#7680,#7681,#7682,#7683,#7684,
#7685,#7686,#7687,#7688,#7689,#7690,#7691,#7692,#7693,#7694,#7695,#7696,
#7697),(#7698,#7699,#7700,#7701,#7702,#7703,#7704,#7705,#7706,#7707,#7708,
#7709,#7710,#7711,#7712,#7713,#7714,#7715)),.UNSPECIFIED.,.F.,.T.,.F.,(2,
2),(2,2,2,2,2,2,2,2,2,2,2),(0.,1.),(-0.125,0.,0.125,0.25,0.375,0.5,0.625,
0.75,0.875,1.,1.125),.UNSPECIFIED.);
#92=FACE_OUTER_BOUND('',#102,.T.);
#93=FACE_OUTER_BOUND('',#105,.T.);
#94=FACE_OUTER_BOUND('',#106,.T.);
#95=FACE_OUTER_BOUND('',#107,.T.);
#96=FACE_OUTER_BOUND('',#108,.T.);
#97=FACE_OUTER_BOUND('',#116,.T.);
#98=FACE_OUTER_BOUND('',#117,.T.);
#99=FACE_OUTER_BOUND('',#118,.T.);
#100=FACE_OUTER_BOUND('',#124,.T.);
#101=FACE_OUTER_BOUND('',#125,.T.);
#102=EDGE_LOOP('',(#126,#127,#128,#129));
#103=EDGE_LOOP('',(#130,#131));
#104=EDGE_LOOP('',(#132));
#105=EDGE_LOOP('',(#133,#134,#135,#136));
#106=EDGE_LOOP('',(#137,#138,#139,#140));
#107=EDGE_LOOP('',(#141,#142,#143,#144));
#108=EDGE_LOOP('',(#145,#146,#147,#148));
#109=EDGE_LOOP('',(#149));
#110=EDGE_LOOP('',(#150));
#111=EDGE_LOOP('',(#151,#152,#153,#154));
#112=EDGE_LOOP('',(#155));
#113=EDGE_LOOP('',(#156));
#114=EDGE_LOOP('',(#157));
#115=EDGE_LOOP('',(#158));
#116=EDGE_LOOP('',(#159,#160,#161,#162));
#117=EDGE_LOOP('',(#163,#164,#165,#166));
#118=EDGE_LOOP('',(#167,#168));
#119=EDGE_LOOP('',(#169));
#120=EDGE_LOOP('',(#170));
#121=EDGE_LOOP('',(#171));
#122=EDGE_LOOP('',(#172));
#123=EDGE_LOOP('',(#173));
#124=EDGE_LOOP('',(#174,#175,#176,#177));
#125=EDGE_LOOP('',(#178,#179,#180,#181));
#126=ORIENTED_EDGE('',*,*,#203,.T.);
#127=ORIENTED_EDGE('',*,*,#204,.F.);
#128=ORIENTED_EDGE('',*,*,#205,.F.);
#129=ORIENTED_EDGE('',*,*,#206,.F.);
#130=ORIENTED_EDGE('',*,*,#207,.T.);
#131=ORIENTED_EDGE('',*,*,#208,.T.);
#132=ORIENTED_EDGE('',*,*,#209,.T.);
#133=ORIENTED_EDGE('',*,*,#210,.T.);
#134=ORIENTED_EDGE('',*,*,#205,.T.);
#135=ORIENTED_EDGE('',*,*,#211,.T.);
#136=ORIENTED_EDGE('',*,*,#212,.F.);
#137=ORIENTED_EDGE('',*,*,#211,.F.);
#138=ORIENTED_EDGE('',*,*,#204,.T.);
#139=ORIENTED_EDGE('',*,*,#213,.T.);
#140=ORIENTED_EDGE('',*,*,#214,.F.);
#141=ORIENTED_EDGE('',*,*,#213,.F.);
#142=ORIENTED_EDGE('',*,*,#203,.F.);
#143=ORIENTED_EDGE('',*,*,#215,.F.);
#144=ORIENTED_EDGE('',*,*,#216,.F.);
#145=ORIENTED_EDGE('',*,*,#210,.F.);
#146=ORIENTED_EDGE('',*,*,#217,.F.);
#147=ORIENTED_EDGE('',*,*,#215,.T.);
#148=ORIENTED_EDGE('',*,*,#206,.T.);
#149=ORIENTED_EDGE('',*,*,#218,.T.);
#150=ORIENTED_EDGE('',*,*,#219,.T.);
#151=ORIENTED_EDGE('',*,*,#216,.T.);
#152=ORIENTED_EDGE('',*,*,#217,.T.);
#153=ORIENTED_EDGE('',*,*,#212,.T.);
#154=ORIENTED_EDGE('',*,*,#214,.T.);
#155=ORIENTED_EDGE('',*,*,#220,.T.);
#156=ORIENTED_EDGE('',*,*,#219,.F.);
#157=ORIENTED_EDGE('',*,*,#209,.F.);
#158=ORIENTED_EDGE('',*,*,#218,.F.);
#159=ORIENTED_EDGE('',*,*,#221,.T.);
#160=ORIENTED_EDGE('',*,*,#222,.T.);
#161=ORIENTED_EDGE('',*,*,#223,.T.);
#162=ORIENTED_EDGE('',*,*,#224,.F.);
#163=ORIENTED_EDGE('',*,*,#223,.F.);
#164=ORIENTED_EDGE('',*,*,#225,.T.);
#165=ORIENTED_EDGE('',*,*,#221,.F.);
#166=ORIENTED_EDGE('',*,*,#226,.F.);
#167=ORIENTED_EDGE('',*,*,#224,.T.);
#168=ORIENTED_EDGE('',*,*,#226,.T.);
#169=ORIENTED_EDGE('',*,*,#227,.T.);
#170=ORIENTED_EDGE('',*,*,#228,.T.);
#171=ORIENTED_EDGE('',*,*,#227,.F.);
#172=ORIENTED_EDGE('',*,*,#220,.F.);
#173=ORIENTED_EDGE('',*,*,#228,.F.);
#174=ORIENTED_EDGE('',*,*,#229,.F.);
#175=ORIENTED_EDGE('',*,*,#225,.F.);
#176=ORIENTED_EDGE('',*,*,#230,.F.);
#177=ORIENTED_EDGE('',*,*,#207,.F.);
#178=ORIENTED_EDGE('',*,*,#230,.T.);
#179=ORIENTED_EDGE('',*,*,#222,.F.);
#180=ORIENTED_EDGE('',*,*,#229,.T.);
#181=ORIENTED_EDGE('',*,*,#208,.F.);
#182=VERTEX_POINT('',#293);
#183=VERTEX_POINT('',#294);
#184=VERTEX_POINT('',#434);
#185=VERTEX_POINT('',#441);
#186=VERTEX_POINT('',#2131);
#187=VERTEX_POINT('',#2132);
#188=VERTEX_POINT('',#2200);
#189=VERTEX_POINT('',#2254);
#190=VERTEX_POINT('',#2259);
#191=VERTEX_POINT('',#2321);
#192=VERTEX_POINT('',#3421);
#193=VERTEX_POINT('',#4586);
#194=VERTEX_POINT('',#4605);
#195=VERTEX_POINT('',#7309);
#196=VERTEX_POINT('',#7587);
#197=VERTEX_POINT('',#7588);
#198=VERTEX_POINT('',#7638);
#199=VERTEX_POINT('',#7640);
#200=VERTEX_POINT('',#7657);
#201=VERTEX_POINT('',#7658);
#202=VERTEX_POINT('',#7678);
#203=EDGE_CURVE('',#182,#183,#231,.T.);
#204=EDGE_CURVE('',#184,#183,#232,.T.);
#205=EDGE_CURVE('',#185,#184,#233,.T.);
#206=EDGE_CURVE('',#182,#185,#234,.T.);
#207=EDGE_CURVE('',#186,#187,#235,.T.);
#208=EDGE_CURVE('',#187,#186,#236,.T.);
#209=EDGE_CURVE('',#188,#188,#237,.T.);
#210=EDGE_CURVE('',#189,#185,#238,.T.);
#211=EDGE_CURVE('',#184,#190,#239,.T.);
#212=EDGE_CURVE('',#189,#190,#240,.T.);
#213=EDGE_CURVE('',#183,#191,#241,.T.);
#214=EDGE_CURVE('',#190,#191,#242,.T.);
#215=EDGE_CURVE('',#192,#182,#243,.T.);
#216=EDGE_CURVE('',#191,#192,#244,.T.);
#217=EDGE_CURVE('',#192,#189,#245,.T.);
#218=EDGE_CURVE('',#193,#193,#246,.T.);
#219=EDGE_CURVE('',#194,#194,#247,.T.);
#220=EDGE_CURVE('',#195,#195,#248,.T.);
#221=EDGE_CURVE('',#196,#197,#42,.T.);
#222=EDGE_CURVE('',#197,#198,#249,.T.);
#223=EDGE_CURVE('',#198,#199,#43,.T.);
#224=EDGE_CURVE('',#196,#199,#40,.T.);
#225=EDGE_CURVE('',#198,#197,#250,.T.);
#226=EDGE_CURVE('',#199,#196,#44,.T.);
#227=EDGE_CURVE('',#200,#200,#41,.T.);
#228=EDGE_CURVE('',#202,#202,#251,.T.);
#229=EDGE_CURVE('',#197,#186,#252,.T.);
#230=EDGE_CURVE('',#187,#198,#253,.T.);
#231=B_SPLINE_CURVE_WITH_KNOTS('',3,(#282,#283,#284,#285,#286,#287,#288,
#289,#290,#291,#292),.UNSPECIFIED.,.F.,.F.,(4,1,1,1,1,1,1,1,4),(0.,0.125,
0.25,0.375,0.5,0.625,0.75,0.875,1.),.UNSPECIFIED.);
#232=B_SPLINE_CURVE_WITH_KNOTS('',3,(#295,#296,#297,#298,#299,#300,#301,
#302,#303,#304,#305,#306,#307,#308,#309,#310,#311,#312,#313,#314,#315,#316,
#317,#318,#319,#320,#321,#322,#323,#324,#325,#326,#327,#328,#329,#330,#331,
#332,#333,#334,#335,#336,#337,#338,#339,#340,#341,#342,#343,#344,#345,#346,
#347,#348,#349,#350,#351,#352,#353,#354,#355,#356,#357,#358,#359,#360,#361,
#362,#363,#364,#365,#366,#367,#368,#369,#370,#371,#372,#373,#374,#375,#376,
#377,#378,#379,#380,#381,#382,#383,#384,#385,#386,#387,#388,#389,#390,#391,
#392,#393,#394,#395,#396,#397,#398,#399,#400,#401,#402,#403,#404,#405,#406,
#407,#408,#409,#410,#411,#412,#413,#414,#415,#416,#417,#418,#419,#420,#421,
#422,#423,#424,#425,#426,#427,#428,#429,#430,#431,#432,#433),
 .UNSPECIFIED.,.F.,.F.,(4,1,1,1,1,1,1,1,1,1,1,1,1,1,1,1,1,1,1,1,1,1,1,1,
1,1,1,1,1,1,1,1,1,1,1,1,1,1,1,1,1,1,1,1,1,1,1,1,1,1,1,1,1,1,1,1,1,1,1,1,
1,1,1,1,1,1,1,1,1,1,1,1,1,1,1,1,1,1,1,1,1,1,1,1,1,1,1,1,1,1,1,1,1,1,1,1,
1,1,1,1,1,1,1,1,1,1,1,1,1,1,1,1,1,1,1,1,1,1,1,1,1,1,1,1,1,1,1,1,1,1,1,1,
1,1,1,1,4),(0.,0.0009765625,0.001953125,0.00390625,0.0078125,0.01171875,
0.015625,0.0234375,0.03125,0.0390625,0.046875,0.0546875,0.0625,0.0703125,
0.078125,0.0859375,0.09375,0.1015625,0.109375,0.1171875,0.125,0.1328125,
0.140625,0.1484375,0.15625,0.1640625,0.171875,0.1796875,0.1875,0.1953125,
0.203125,0.2109375,0.21875,0.2265625,0.234375,0.2421875,0.25,0.2578125,
0.265625,0.2734375,0.28125,0.2890625,0.296875,0.3046875,0.3125,0.3203125,
0.328125,0.3359375,0.34375,0.3515625,0.359375,0.3671875,0.375,0.3828125,
0.390625,0.3984375,0.40625,0.4140625,0.421875,0.4296875,0.4375,0.4453125,
0.453125,0.4609375,0.46875,0.4765625,0.484375,0.4921875,0.5,0.5078125,0.515625,
0.5234375,0.53125,0.5390625,0.546875,0.5546875,0.5625,0.5703125,0.578125,
0.5859375,0.59375,0.6015625,0.609375,0.6171875,0.625,0.6328125,0.640625,
0.6484375,0.65625,0.6640625,0.671875,0.6796875,0.6875,0.6953125,0.703125,
0.7109375,0.71875,0.7265625,0.734375,0.7421875,0.75,0.7578125,0.765625,
0.7734375,0.78125,0.7890625,0.796875,0.8046875,0.8125,0.8203125,0.828125,
0.8359375,0.84375,0.8515625,0.859375,0.8671875,0.875,0.8828125,0.890625,
0.8984375,0.90625,0.9140625,0.921875,0.9296875,0.9375,0.9453125,0.953125,
0.9609375,0.96875,0.9765625,0.984375,0.98828125,0.9921875,0.99609375,0.998046875,
0.9990234375,1.),.UNSPECIFIED.);
#233=B_SPLINE_CURVE_WITH_KNOTS('',3,(#435,#436,#437,#438,#439,#440),
 .UNSPECIFIED.,.F.,.F.,(4,2,4),(0.,0.5,1.),.UNSPECIFIED.);
#234=B_SPLINE_CURVE_WITH_KNOTS('',3,(#442,#443,#444,#445,#446,#447,#448,
#449,#450,#451,#452,#453,#454,#455,#456,#457,#458,#459,#460,#461,#462,#463,
#464,#465,#466,#467,#468,#469,#470,#471,#472,#473,#474,#475,#476,#477,#478,
#479,#480,#481,#482,#483,#484,#485,#486,#487,#488,#489,#490,#491,#492,#493,
#494,#495,#496,#497,#498,#499,#500,#501,#502,#503,#504,#505,#506,#507,#508,
#509,#510,#511,#512,#513,#514,#515,#516,#517,#518,#519,#520,#521,#522,#523,
#524,#525,#526,#527,#528,#529,#530,#531,#532,#533,#534,#535,#536,#537,#538,
#539,#540,#541,#542,#543,#544,#545,#546,#547,#548,#549,#550,#551,#552,#553,
#554,#555,#556,#557,#558,#559,#560,#561,#562,#563,#564,#565,#566,#567,#568,
#569,#570,#571,#572,#573,#574,#575,#576,#577,#578,#579,#580),
 .UNSPECIFIED.,.F.,.F.,(4,1,1,1,1,1,1,1,1,1,1,1,1,1,1,1,1,1,1,1,1,1,1,1,
1,1,1,1,1,1,1,1,1,1,1,1,1,1,1,1,1,1,1,1,1,1,1,1,1,1,1,1,1,1,1,1,1,1,1,1,
1,1,1,1,1,1,1,1,1,1,1,1,1,1,1,1,1,1,1,1,1,1,1,1,1,1,1,1,1,1,1,1,1,1,1,1,
1,1,1,1,1,1,1,1,1,1,1,1,1,1,1,1,1,1,1,1,1,1,1,1,1,1,1,1,1,1,1,1,1,1,1,1,
1,1,1,1,4),(0.,0.0009765625,0.001953125,0.00390625,0.0078125,0.01171875,
0.015625,0.0234375,0.03125,0.0390625,0.046875,0.0546875,0.0625,0.0703125,
0.078125,0.0859375,0.09375,0.1015625,0.109375,0.1171875,0.125,0.1328125,
0.140625,0.1484375,0.15625,0.1640625,0.171875,0.1796875,0.1875,0.1953125,
0.203125,0.2109375,0.21875,0.2265625,0.234375,0.2421875,0.25,0.2578125,
0.265625,0.2734375,0.28125,0.2890625,0.296875,0.3046875,0.3125,0.3203125,
0.328125,0.3359375,0.34375,0.3515625,0.359375,0.3671875,0.375,0.3828125,
0.390625,0.3984375,0.40625,0.4140625,0.421875,0.4296875,0.4375,0.4453125,
0.453125,0.4609375,0.46875,0.4765625,0.484375,0.4921875,0.5,0.5078125,0.515625,
0.5234375,0.53125,0.5390625,0.546875,0.5546875,0.5625,0.5703125,0.578125,
0.5859375,0.59375,0.6015625,0.609375,0.6171875,0.625,0.6328125,0.640625,
0.6484375,0.65625,0.6640625,0.671875,0.6796875,0.6875,0.6953125,0.703125,
0.7109375,0.71875,0.7265625,0.734375,0.7421875,0.75,0.7578125,0.765625,
0.7734375,0.78125,0.7890625,0.796875,0.8046875,0.8125,0.8203125,0.828125,
0.8359375,0.84375,0.8515625,0.859375,0.8671875,0.875,0.8828125,0.890625,
0.8984375,0.90625,0.9140625,0.921875,0.9296875,0.9375,0.9453125,0.953125,
0.9609375,0.96875,0.9765625,0.984375,0.98828125,0.9921875,0.99609375,0.998046875,
0.9990234375,1.),.UNSPECIFIED.);
#235=B_SPLINE_CURVE_WITH_KNOTS('',3,(#2121,#2122,#2123,#2124,#2125,#2126,
#2127,#2128,#2129,#2130),.UNSPECIFIED.,.F.,.F.,(4,3,3,4),(0.,0.0944911182523045,
0.472455591261526,1.),.UNSPECIFIED.);
#236=B_SPLINE_CURVE_WITH_KNOTS('',3,(#2133,#2134,#2135,#2136,#2137,#2138,
#2139,#2140,#2141,#2142,#2143,#2144,#2145,#2146,#2147,#2148,#2149,#2150,
#2151,#2152,#2153,#2154,#2155,#2156,#2157,#2158,#2159,#2160,#2161,#2162,
#2163,#2164,#2165,#2166,#2167,#2168,#2169,#2170,#2171,#2172,#2173,#2174,
#2175,#2176,#2177,#2178,#2179,#2180,#2181),.UNSPECIFIED.,.F.,.F.,(4,3,3,
3,3,3,3,3,3,3,3,3,3,3,3,3,4),(0.,0.0378240239024833,0.107604374195304,0.177384724488124,
0.247165074780944,0.316945425073765,0.386725775366585,0.456506125659405,
0.49980030907002,0.569580659362842,0.639361009655666,0.709141359948486,
0.778921710241306,0.848702060534126,0.918482410826947,0.988262761119768,
1.),.UNSPECIFIED.);
#237=B_SPLINE_CURVE_WITH_KNOTS('',3,(#2182,#2183,#2184,#2185,#2186,#2187,
#2188,#2189,#2190,#2191,#2192,#2193,#2194,#2195,#2196,#2197,#2198,#2199),
 .UNSPECIFIED.,.T.,.F.,(2,2,2,2,2,2,2,2,2,2,2),(-0.125,0.,0.125,0.25,0.375,
0.5,0.625,0.75,0.875,1.,1.125),.UNSPECIFIED.);
#238=B_SPLINE_CURVE_WITH_KNOTS('',3,(#2250,#2251,#2252,#2253),
 .UNSPECIFIED.,.F.,.F.,(4,4),(0.,1.),.UNSPECIFIED.);
#239=B_SPLINE_CURVE_WITH_KNOTS('',3,(#2255,#2256,#2257,#2258),
 .UNSPECIFIED.,.F.,.F.,(4,4),(0.,1.),.UNSPECIFIED.);
#240=B_SPLINE_CURVE_WITH_KNOTS('',3,(#2260,#2261,#2262,#2263,#2264),
 .UNSPECIFIED.,.F.,.F.,(4,1,4),(0.,0.283305020275774,1.),.UNSPECIFIED.);
#241=B_SPLINE_CURVE_WITH_KNOTS('',3,(#2314,#2315,#2316,#2317,#2318,#2319,
#2320),.UNSPECIFIED.,.F.,.F.,(4,1,1,1,4),(0.,0.25,0.5,0.75,1.),
 .UNSPECIFIED.);
#242=B_SPLINE_CURVE_WITH_KNOTS('',3,(#2322,#2323,#2324,#2325,#2326,#2327,
#2328,#2329,#2330,#2331,#2332,#2333,#2334,#2335,#2336,#2337,#2338,#2339,
#2340,#2341,#2342,#2343,#2344,#2345,#2346,#2347,#2348,#2349,#2350,#2351,
#2352,#2353,#2354,#2355,#2356,#2357,#2358,#2359,#2360,#2361,#2362,#2363,
#2364,#2365,#2366,#2367,#2368,#2369,#2370,#2371,#2372,#2373,#2374,#2375,
#2376,#2377,#2378,#2379,#2380,#2381,#2382,#2383,#2384,#2385,#2386,#2387,
#2388,#2389,#2390,#2391,#2392,#2393,#2394,#2395,#2396,#2397,#2398,#2399,
#2400,#2401,#2402,#2403,#2404,#2405,#2406,#2407,#2408,#2409,#2410,#2411,
#2412,#2413,#2414,#2415,#2416,#2417,#2418,#2419,#2420,#2421,#2422,#2423,
#2424,#2425,#2426,#2427,#2428,#2429,#2430,#2431,#2432,#2433,#2434,#2435,
#2436,#2437,#2438,#2439,#2440),.UNSPECIFIED.,.F.,.F.,(4,1,1,1,1,1,1,1,1,
1,1,1,1,1,1,1,1,1,1,1,1,1,1,1,1,1,1,1,1,1,1,1,1,1,1,1,1,1,1,1,1,1,1,1,1,
1,1,1,1,1,1,1,1,1,1,1,1,1,1,1,1,1,1,1,1,1,1,1,1,1,1,1,1,1,1,1,1,1,1,1,1,
1,1,1,1,1,1,1,1,1,1,1,1,1,1,1,1,1,1,1,1,1,1,1,1,1,1,1,1,1,1,1,1,1,1,1,4),
(0.,0.00520833333333316,0.0138888888888887,0.0225694444444443,0.0312499999999998,
0.0399305555555554,0.0486111111111109,0.0572916666666665,0.065972222222222,
0.0746527777777776,0.0833333333333331,0.0920138888888887,0.100694444444444,
0.109375,0.118055555555555,0.126736111111111,0.135416666666666,0.144097222222222,
0.152777777777778,0.161458333333333,0.170138888888889,0.178819444444444,
0.1875,0.196180555555555,0.204861111111111,0.213541666666666,0.222222222222222,
0.230902777777778,0.239583333333333,0.248263888888889,0.256944444444444,
0.265625,0.274305555555555,0.282986111111111,0.291666666666666,0.300347222222222,
0.309027777777778,0.317708333333333,0.326388888888889,0.335069444444444,
0.34375,0.352430555555555,0.361111111111111,0.369791666666666,0.378472222222222,
0.387152777777778,0.395833333333333,0.404513888888889,0.413194444444444,
0.421875,0.430555555555555,0.439236111111111,0.447916666666666,0.456597222222222,
0.465277777777778,0.473958333333333,0.482638888888889,0.491319444444444,
0.5,0.508680555555555,0.517361111111111,0.526041666666666,0.534722222222222,
0.543402777777778,0.552083333333333,0.560763888888889,0.569444444444444,
0.578125,0.586805555555555,0.595486111111111,0.604166666666666,0.612847222222222,
0.621527777777778,0.630208333333333,0.638888888888889,0.647569444444444,
0.65625,0.664930555555555,0.673611111111111,0.682291666666666,0.690972222222222,
0.699652777777777,0.708333333333333,0.717013888888889,0.725694444444444,
0.734375,0.743055555555555,0.751736111111111,0.760416666666666,0.769097222222222,
0.777777777777777,0.786458333333333,0.795138888888889,0.803819444444444,
0.8125,0.821180555555555,0.829861111111111,0.838541666666666,0.847222222222222,
0.855902777777777,0.864583333333333,0.873263888888889,0.881944444444444,
0.890625,0.899305555555555,0.907986111111111,0.916666666666666,0.925347222222222,
0.934027777777777,0.942708333333333,0.951388888888889,0.960069444444444,
0.96875,0.977430555555555,0.986111111111111,0.994791666666666,1.),
 .UNSPECIFIED.);
#243=B_SPLINE_CURVE_WITH_KNOTS('',3,(#3414,#3415,#3416,#3417,#3418,#3419,
#3420),.UNSPECIFIED.,.F.,.F.,(4,1,1,1,4),(0.,0.25,0.5,0.75,1.),
 .UNSPECIFIED.);
#244=B_SPLINE_CURVE_WITH_KNOTS('',3,(#3422,#3423,#3424,#3425,#3426),
 .UNSPECIFIED.,.F.,.F.,(4,1,4),(0.,0.716694979724263,1.),.UNSPECIFIED.);
#245=B_SPLINE_CURVE_WITH_KNOTS('',3,(#3476,#3477,#3478,#3479,#3480,#3481,
#3482,#3483,#3484,#3485,#3486,#3487,#3488,#3489,#3490,#3491,#3492,#3493,
#3494,#3495,#3496,#3497,#3498,#3499,#3500,#3501,#3502,#3503,#3504,#3505,
#3506,#3507,#3508,#3509,#3510,#3511,#3512,#3513,#3514,#3515,#3516,#3517,
#3518,#3519,#3520,#3521,#3522,#3523,#3524,#3525,#3526,#3527,#3528,#3529,
#3530,#3531,#3532,#3533,#3534,#3535,#3536,#3537,#3538,#3539,#3540,#3541,
#3542,#3543,#3544,#3545,#3546,#3547,#3548,#3549,#3550,#3551,#3552,#3553,
#3554,#3555,#3556,#3557,#3558,#3559,#3560,#3561,#3562,#3563,#3564,#3565,
#3566,#3567,#3568,#3569,#3570,#3571,#3572,#3573,#3574,#3575,#3576,#3577,
#3578,#3579,#3580,#3581,#3582,#3583,#3584,#3585,#3586,#3587,#3588,#3589,
#3590,#3591,#3592,#3593,#3594),.UNSPECIFIED.,.F.,.F.,(4,1,1,1,1,1,1,1,1,
1,1,1,1,1,1,1,1,1,1,1,1,1,1,1,1,1,1,1,1,1,1,1,1,1,1,1,1,1,1,1,1,1,1,1,1,
1,1,1,1,1,1,1,1,1,1,1,1,1,1,1,1,1,1,1,1,1,1,1,1,1,1,1,1,1,1,1,1,1,1,1,1,
1,1,1,1,1,1,1,1,1,1,1,1,1,1,1,1,1,1,1,1,1,1,1,1,1,1,1,1,1,1,1,1,1,1,1,4),
(0.,0.00520833333333345,0.013888888888889,0.0225694444444446,0.0312500000000001,
0.0399305555555557,0.0486111111111112,0.0572916666666668,0.0659722222222223,
0.0746527777777779,0.0833333333333335,0.092013888888889,0.100694444444445,
0.109375,0.118055555555556,0.126736111111111,0.135416666666667,0.144097222222222,
0.152777777777778,0.161458333333333,0.170138888888889,0.178819444444445,
0.1875,0.196180555555556,0.204861111111111,0.213541666666667,0.222222222222222,
0.230902777777778,0.239583333333333,0.248263888888889,0.256944444444445,
0.265625,0.274305555555556,0.282986111111111,0.291666666666667,0.300347222222222,
0.309027777777778,0.317708333333333,0.326388888888889,0.335069444444445,
0.34375,0.352430555555556,0.361111111111111,0.369791666666667,0.378472222222222,
0.387152777777778,0.395833333333333,0.404513888888889,0.413194444444445,
0.421875,0.430555555555556,0.439236111111111,0.447916666666667,0.456597222222222,
0.465277777777778,0.473958333333333,0.482638888888889,0.491319444444445,
0.5,0.508680555555556,0.517361111111111,0.526041666666667,0.534722222222222,
0.543402777777778,0.552083333333333,0.560763888888889,0.569444444444445,
0.578125,0.586805555555556,0.595486111111111,0.604166666666667,0.612847222222222,
0.621527777777778,0.630208333333333,0.638888888888889,0.647569444444445,
0.65625,0.664930555555556,0.673611111111111,0.682291666666667,0.690972222222222,
0.699652777777778,0.708333333333333,0.717013888888889,0.725694444444445,
0.734375,0.743055555555556,0.751736111111111,0.760416666666667,0.769097222222222,
0.777777777777778,0.786458333333333,0.795138888888889,0.803819444444445,
0.8125,0.821180555555556,0.829861111111111,0.838541666666667,0.847222222222222,
0.855902777777778,0.864583333333333,0.873263888888889,0.881944444444445,
0.890625,0.899305555555556,0.907986111111111,0.916666666666667,0.925347222222222,
0.934027777777778,0.942708333333333,0.951388888888889,0.960069444444445,
0.96875,0.977430555555556,0.986111111111111,0.994791666666667,1.),
 .UNSPECIFIED.);
#246=B_SPLINE_CURVE_WITH_KNOTS('',3,(#4568,#4569,#4570,#4571,#4572,#4573,
#4574,#4575,#4576,#4577,#4578,#4579,#4580,#4581,#4582,#4583,#4584,#4585),
 .UNSPECIFIED.,.T.,.F.,(2,2,2,2,2,2,2,2,2,2,2),(-0.125,0.,0.125,0.25,0.375,
0.5,0.625,0.75,0.875,1.,1.125),.UNSPECIFIED.);
#247=B_SPLINE_CURVE_WITH_KNOTS('',3,(#4587,#4588,#4589,#4590,#4591,#4592,
#4593,#4594,#4595,#4596,#4597,#4598,#4599,#4600,#4601,#4602,#4603,#4604),
 .UNSPECIFIED.,.T.,.F.,(2,2,2,2,2,2,2,2,2,2,2),(-0.125,0.,0.125,0.25,0.375,
0.5,0.625,0.75,0.875,1.,1.125),.UNSPECIFIED.);
#248=B_SPLINE_CURVE_WITH_KNOTS('',3,(#7095,#7096,#7097,#7098,#7099,#7100,
#7101,#7102,#7103,#7104,#7105,#7106,#7107,#7108,#7109,#7110,#7111,#7112,
#7113,#7114,#7115,#7116,#7117,#7118,#7119,#7120,#7121,#7122,#7123,#7124,
#7125,#7126,#7127,#7128,#7129,#7130,#7131,#7132,#7133,#7134,#7135,#7136,
#7137,#7138,#7139,#7140,#7141,#7142,#7143,#7144,#7145,#7146,#7147,#7148,
#7149,#7150,#7151,#7152,#7153,#7154,#7155,#7156,#7157,#7158,#7159,#7160,
#7161,#7162,#7163,#7164,#7165,#7166,#7167,#7168,#7169,#7170,#7171,#7172,
#7173,#7174,#7175,#7176,#7177,#7178,#7179,#7180,#7181,#7182,#7183,#7184,
#7185,#7186,#7187,#7188,#7189,#7190,#7191,#7192,#7193,#7194,#7195,#7196,
#7197,#7198,#7199,#7200,#7201,#7202,#7203,#7204,#7205,#7206,#7207,#7208,
#7209,#7210,#7211,#7212,#7213,#7214,#7215,#7216,#7217,#7218,#7219,#7220,
#7221,#7222,#7223,#7224,#7225,#7226,#7227,#7228,#7229,#7230,#7231,#7232,
#7233,#7234,#7235,#7236,#7237,#7238,#7239,#7240,#7241,#7242,#7243,#7244,
#7245,#7246,#7247,#7248,#7249,#7250,#7251,#7252,#7253,#7254,#7255,#7256,
#7257,#7258,#7259,#7260,#7261,#7262,#7263,#7264,#7265,#7266,#7267,#7268,
#7269,#7270,#7271,#7272,#7273,#7274,#7275,#7276,#7277,#7278,#7279,#7280,
#7281,#7282,#7283,#7284,#7285,#7286,#7287,#7288,#7289,#7290,#7291,#7292,
#7293,#7294,#7295,#7296,#7297,#7298,#7299,#7300,#7301,#7302,#7303,#7304,
#7305,#7306,#7307,#7308),.UNSPECIFIED.,.T.,.F.,(1,3,3,3,3,3,3,3,3,3,3,3,
3,3,3,3,3,3,3,3,3,3,3,3,3,3,3,3,3,3,3,3,3,3,3,3,3,3,3,3,3,3,3,3,3,3,3,3,
3,3,3,3,3,3,3,3,3,3,3,3,3,3,3,3,3,3,3,3,3,3,3,3,3,1),(-0.0140845070422535,
0.,0.0140845070422535,0.028169014084507,0.0422535211267606,0.0563380281690141,
0.0704225352112676,0.0845070422535211,0.0985915492957746,0.112676056338028,
0.126760563380282,0.140845070422535,0.154929577464789,0.169014084507042,
0.183098591549296,0.197183098591549,0.211267605633803,0.225352112676056,
0.23943661971831,0.253521126760563,0.267605633802817,0.28169014084507,0.295774647887324,
0.309859154929577,0.323943661971831,0.338028169014085,0.352112676056338,
0.366197183098592,0.380281690140845,0.394366197183099,0.408450704225352,
0.422535211267606,0.436619718309859,0.450704225352113,0.464788732394366,
0.47887323943662,0.492957746478873,0.507042253521127,0.52112676056338,0.535211267605634,
0.549295774647887,0.563380281690141,0.577464788732394,0.591549295774648,
0.605633802816901,0.619718309859155,0.633802816901408,0.647887323943662,
0.661971830985915,0.676056338028169,0.690140845070423,0.704225352112676,
0.71830985915493,0.732394366197183,0.746478873239437,0.76056338028169,0.774647887323944,
0.788732394366197,0.802816901408451,0.816901408450704,0.830985915492958,
0.845070422535211,0.859154929577465,0.873239436619718,0.887323943661972,
0.901408450704225,0.915492957746479,0.929577464788732,0.943661971830986,
0.957746478873239,0.971830985915493,0.985915492957746,1.,1.01408450704225),
 .UNSPECIFIED.);
#249=B_SPLINE_CURVE_WITH_KNOTS('',3,(#7589,#7590,#7591,#7592,#7593,#7594,
#7595,#7596,#7597,#7598,#7599,#7600,#7601,#7602,#7603,#7604,#7605,#7606,
#7607,#7608,#7609,#7610,#7611,#7612,#7613,#7614,#7615,#7616,#7617,#7618,
#7619,#7620,#7621,#7622,#7623,#7624,#7625,#7626,#7627,#7628,#7629,#7630,
#7631,#7632,#7633,#7634,#7635,#7636,#7637),.UNSPECIFIED.,.F.,.F.,(4,3,3,
3,3,3,3,3,3,3,3,3,3,3,3,3,4),(0.,0.00671215451118463,0.0772132044023549,
0.147714254293525,0.218215304184695,0.288716354075864,0.359217403967034,
0.429718453858207,0.500219503749378,0.543960834536926,0.614461884428095,
0.684962934319265,0.755463984210435,0.825965034101604,0.896466083992774,
0.966967133883944,1.),.UNSPECIFIED.);
#250=B_SPLINE_CURVE_WITH_KNOTS('',3,(#7643,#7644,#7645,#7646,#7647,#7648,
#7649,#7650,#7651,#7652),.UNSPECIFIED.,.F.,.F.,(4,3,3,4),(0.,0.0980580675690912,
0.490290337845458,1.),.UNSPECIFIED.);
#251=B_SPLINE_CURVE_WITH_KNOTS('',3,(#7660,#7661,#7662,#7663,#7664,#7665,
#7666,#7667,#7668,#7669,#7670,#7671,#7672,#7673,#7674,#7675,#7676,#7677),
 .UNSPECIFIED.,.T.,.F.,(2,2,2,2,2,2,2,2,2,2,2),(-0.125,0.,0.125,0.25,0.375,
0.5,0.625,0.75,0.875,1.,1.125),.UNSPECIFIED.);
#252=B_SPLINE_CURVE_WITH_KNOTS('',3,(#7716,#7717,#7718,#7719,#7720,#7721,
#7722,#7723,#7724,#7725,#7726,#7727,#7728,#7729,#7730,#7731,#7732,#7733,
#7734),.UNSPECIFIED.,.F.,.F.,(4,3,3,3,3,3,4),(0.,0.197026907084269,0.393673883787644,
0.596104250484667,0.811924605285802,0.989254470929895,1.),.UNSPECIFIED.);
#253=B_SPLINE_CURVE_WITH_KNOTS('',3,(#7735,#7736,#7737,#7738,#7739,#7740,
#7741,#7742,#7743,#7744,#7745,#7746,#7747,#7748,#7749,#7750,#7751,#7752,
#7753),.UNSPECIFIED.,.F.,.F.,(4,3,3,3,3,3,4),(0.,0.0107455290702258,0.188075394714648,
0.403895749515737,0.606326116212846,0.80297309291594,1.),.UNSPECIFIED.);
#254=AXIS2_PLACEMENT_3D('',#281,#262,#263);
#255=AXIS2_PLACEMENT_3D('',#7641,#266,#267);
#256=AXIS2_PLACEMENT_3D('',#7642,#268,#269);
#257=AXIS2_PLACEMENT_3D('',#7654,#271,#272);
#258=AXIS2_PLACEMENT_3D('',#7655,#273,#274);
#259=AXIS2_PLACEMENT_3D('',#7656,#275,#276);
#260=AXIS2_PLACEMENT_3D('',#7659,#277,#278);
#261=AXIS2_PLACEMENT_3D('',#7679,#279,#280);
#262=DIRECTION('',(0.,0.,1.));
#263=DIRECTION('',(1.,0.,0.));
#264=DIRECTION('',(0.,1.,0.));
#265=DIRECTION('',(0.,-1.,0.));
#266=DIRECTION('',(0.,1.,0.));
#267=DIRECTION('',(1.,0.,0.));
#268=DIRECTION('',(0.,-1.,0.));
#269=DIRECTION('',(0.,0.,-1.));
#270=DIRECTION('',(8.50518159105118E-16,0.,-1.));
#271=DIRECTION('',(1.,0.,8.50518159105118E-16));
#272=DIRECTION('',(8.50014503228635E-16,0.,-1.));
#273=DIRECTION('',(0.,-1.,0.));
#274=DIRECTION('',(0.,0.,-1.));
#275=DIRECTION('',(0.,-1.,0.));
#276=DIRECTION('',(0.,0.,1.));
#277=DIRECTION('',(0.,-1.,0.));
#278=DIRECTION('',(0.,-1.66522181905477E-17,-1.));
#279=DIRECTION('',(0.,1.,0.));
#280=DIRECTION('',(0.,0.,1.));
#281=CARTESIAN_POINT('',(0.,0.,0.));
#282=CARTESIAN_POINT('',(-42.5494412970726,132.,56.1063212354156));
#283=CARTESIAN_POINT('',(-42.7717669947551,132.,56.1842953187346));
#284=CARTESIAN_POINT('',(-43.2473913690028,132.,56.2517670318344));
#285=CARTESIAN_POINT('',(-43.9452922371467,132.,56.072266081984));
#286=CARTESIAN_POINT('',(-44.5213654910725,132.,55.6393494999093));
#287=CARTESIAN_POINT('',(-44.8879209419238,132.,55.0189341553232));
#288=CARTESIAN_POINT('',(-44.9891497176975,132.,54.305470187556));
#289=CARTESIAN_POINT('',(-44.8096454227639,132.,53.6075766648577));
#290=CARTESIAN_POINT('',(-44.3767210148984,132.,53.031501435545));
#291=CARTESIAN_POINT('',(-43.9631338840052,132.,52.787131505712));
#292=CARTESIAN_POINT('',(-43.7408046454549,132.,52.7091675191214));
#293=CARTESIAN_POINT('',(-42.5494412971535,132.,56.1063212355398));
#294=CARTESIAN_POINT('',(-43.7408046455025,132.,52.7091675191948));
#295=CARTESIAN_POINT('',(-42.7928596113419,-138.,36.1160159101842));
#296=CARTESIAN_POINT('',(-42.9139832914521,-137.912109375,36.4173582266602));
#297=CARTESIAN_POINT('',(-43.1449450208373,-137.736328125,37.0245791768841));
#298=CARTESIAN_POINT('',(-43.5610654340505,-137.384765625,38.2554674772567));
#299=CARTESIAN_POINT('',(-44.1675801802562,-136.76953125,40.4481391786311));
#300=CARTESIAN_POINT('',(-44.6784211718543,-135.890625,43.664716557381));
#301=CARTESIAN_POINT('',(-44.7081777502538,-134.8359375,47.5727580259001));
#302=CARTESIAN_POINT('',(-43.9713088519512,-133.4296875,52.7315867458992));
#303=CARTESIAN_POINT('',(-41.6154407375697,-131.671875,58.8631257188223));
#304=CARTESIAN_POINT('',(-36.7425836316951,-129.5625,65.0590947178618));
#305=CARTESIAN_POINT('',(-30.258141988678,-127.453125,69.5407967216374));
#306=CARTESIAN_POINT('',(-22.7398113126826,-125.34375,71.9090413602384));
#307=CARTESIAN_POINT('',(-14.8574309340085,-123.234375,71.9528073885168));
#308=CARTESIAN_POINT('',(-7.31326618727441,-121.125,69.6682026663342));
#309=CARTESIAN_POINT('',(-0.779451912449102,-119.015625,65.2587682094196));
#310=CARTESIAN_POINT('',(4.16189308721844,-116.90625,59.1173554979357));
#311=CARTESIAN_POINT('',(7.07052815486139,-114.796875,51.7911229837808));
#312=CARTESIAN_POINT('',(7.68731346747289,-112.6875,43.9327887723423));
#313=CARTESIAN_POINT('',(5.95729759740346,-110.578125,36.2424776068093));
#314=CARTESIAN_POINT('',(2.03461332983544,-108.46875,29.4053445189361));
#315=CARTESIAN_POINT('',(-3.73125453619307,-106.359375,24.0305321056418));
#316=CARTESIAN_POINT('',(-10.8266059330296,-104.25,20.5969000226304));
#317=CARTESIAN_POINT('',(-18.6192927475274,-102.140625,19.4103618069214));
#318=CARTESIAN_POINT('',(-26.4150389684296,-100.03125,20.5766300374129));
#319=CARTESIAN_POINT('',(-33.519296011941,-97.921875,23.9917980546417));
#320=CARTESIAN_POINT('',(-39.2991223316457,-95.8125,29.3515973456796));
#321=CARTESIAN_POINT('',(-43.239574255549,-93.703125,36.1785058232833));
#322=CARTESIAN_POINT('',(-44.9895840056955,-91.5937499999999,43.8642918338721));
#323=CARTESIAN_POINT('',(-44.3932374772452,-89.484375,51.7242035092136));
#324=CARTESIAN_POINT('',(-41.5036651371277,-87.3749999999999,59.0579755548538));
#325=CARTESIAN_POINT('',(-36.5783084565949,-85.265625,65.2122181805305));
#326=CARTESIAN_POINT('',(-30.0559836066999,-83.15625,69.638629738284));
#327=CARTESIAN_POINT('',(-22.5177858872643,-81.046875,71.9428467134961));
#328=CARTESIAN_POINT('',(-14.6353180418923,-78.9374999999999,71.9195788630592));
#329=CARTESIAN_POINT('',(-7.11085496816587,-76.8281249999999,69.5708991960364));
#330=CARTESIAN_POINT('',(-0.614775745083089,-74.7187499999999,65.1060592824887));
#331=CARTESIAN_POINT('',(4.27416263645463,-72.6093749999999,58.9228463452128));
#332=CARTESIAN_POINT('',(7.12038863102421,-70.4999999999999,51.5721430921897));
#333=CARTESIAN_POINT('',(7.67032263538035,-68.3906249999999,43.7088477704415));
#334=CARTESIAN_POINT('',(5.87496922649565,-66.2812499999999,36.033527134574));
#335=CARTESIAN_POINT('',(1.89428232439551,-64.1718749999999,29.230000658281));
#336=CARTESIAN_POINT('',(-3.91708562687581,-62.0624999999999,23.9044168160047));
#337=CARTESIAN_POINT('',(-11.041380807977,-59.953125,20.5312493285077));
#338=CARTESIAN_POINT('',(-18.8438764091357,-57.8437499999999,19.4110247438537));
#339=CARTESIAN_POINT('',(-26.6294225221452,-55.7343749999999,20.6435475421733));
#340=CARTESIAN_POINT('',(-33.704379324253,-53.6249999999999,24.1190082273881));
#341=CARTESIAN_POINT('',(-39.4384157235943,-51.5156249999999,29.5277666151524));
#342=CARTESIAN_POINT('',(-43.3206676222667,-49.40625,36.3879386918146));
#343=CARTESIAN_POINT('',(-45.0052524733334,-47.2968749999999,44.0883292407236));
#344=CARTESIAN_POINT('',(-44.3420850906628,-45.1875,51.9428852274572));
#345=CARTESIAN_POINT('',(-41.3902492301137,-43.078125,59.2518185134132));
#346=CARTESIAN_POINT('',(-36.4127336240612,-40.9687499999999,65.3639522748475));
#347=CARTESIAN_POINT('',(-29.8530014531994,-38.859375,69.7347364805407));
#348=CARTESIAN_POINT('',(-22.295480758189,-36.7499999999999,71.9747636390048));
#349=CARTESIAN_POINT('',(-14.4134958298674,-34.640625,71.884462388309));
#350=CARTESIAN_POINT('',(-6.90927854114886,-32.5312499999999,69.4718779628672));
#351=CARTESIAN_POINT('',(-0.451404207689046,-30.4218749999999,64.9519554171375));
#352=CARTESIAN_POINT('',(4.38477397846014,-28.3124999999999,58.7273894661662));
#353=CARTESIAN_POINT('',(7.16838505061819,-26.2031249999999,51.3527470934725));
#354=CARTESIAN_POINT('',(7.65142797421832,-24.0937499999999,43.485059360719));
#355=CARTESIAN_POINT('',(5.79086687187334,-21.9843749999999,35.8252843568023));
#356=CARTESIAN_POINT('',(1.75246523075794,-19.8749999999999,29.0558565441137));
#357=CARTESIAN_POINT('',(-4.10398250980625,-17.7656249999999,23.7798864353842));
#358=CARTESIAN_POINT('',(-11.256706224289,-15.6562499999999,20.4674275012297));
#359=CARTESIAN_POINT('',(-19.0684463116935,-13.5468749999999,19.4135975657069));
#360=CARTESIAN_POINT('',(-26.8432292422316,-11.4374999999999,20.7122857920253));
#361=CARTESIAN_POINT('',(-33.8883741203586,-9.32812499999994,24.2477877892489));
#362=CARTESIAN_POINT('',(-39.5762058962331,-7.21874999999993,29.7051140957398));
#363=CARTESIAN_POINT('',(-43.3999769933096,-5.10937499999993,36.5980536227738));
#364=CARTESIAN_POINT('',(-45.019015110952,-2.99999999999994,44.3124917941368));
#365=CARTESIAN_POINT('',(-44.2890748363607,-0.890624999999936,52.161124026679));
#366=CARTESIAN_POINT('',(-41.2751889412047,1.21875000000006,59.4446899484748));
#367=CARTESIAN_POINT('',(-36.2458743988286,3.32812500000007,65.5142727974052));
#368=CARTESIAN_POINT('',(-29.6492093269537,5.43750000000005,69.8291135425157));
#369=CARTESIAN_POINT('',(-22.0729122394483,7.54687500000008,72.0047888785968));
#370=CARTESIAN_POINT('',(-14.1919802775037,9.65625000000007,71.847460758505));
#371=CARTESIAN_POINT('',(-6.7085515018103,11.7656250000001,69.3711460601519));
#372=CARTESIAN_POINT('',(-0.289349111251946,13.8750000000001,64.7964677769022));
#373=CARTESIAN_POINT('',(4.49371911226583,15.9843750000001,58.5309989919398));
#374=CARTESIAN_POINT('',(7.21451394272127,18.0937500000001,51.1329508563339));
#375=CARTESIAN_POINT('',(7.63063085041899,20.2031250000001,43.2614397278848));
#376=CARTESIAN_POINT('',(5.70499661610061,22.3125000000001,35.6177643343466));
#377=CARTESIAN_POINT('',(1.60917230556416,24.4218750000001,28.8829247710456));
#378=CARTESIAN_POINT('',(-4.29193166802832,26.5312500000001,23.6569499702054));
#379=CARTESIAN_POINT('',(-11.4725666089705,28.6406250000001,20.4054391565853));
#380=CARTESIAN_POINT('',(-19.2929862136155,30.7500000000001,19.4180800864068));
#381=CARTESIAN_POINT('',(-27.0564436655317,32.8593750000001,20.7828398156079));
#382=CARTESIAN_POINT('',(-34.0712670931887,34.96875,24.3781274264903));
#383=CARTESIAN_POINT('',(-39.7124828841556,37.0781250000001,29.8836269611302));
#384=CARTESIAN_POINT('',(-43.4774966327796,39.1875000000001,36.8088354200026));
#385=CARTESIAN_POINT('',(-45.0308709231953,41.2968750000001,44.5367632819883));
#386=CARTESIAN_POINT('',(-44.2342105482029,43.4062500000001,52.3789041231799));
#387=CARTESIAN_POINT('',(-41.1584925919128,45.5156250000001,59.6365759109859));
#388=CARTESIAN_POINT('',(-36.0777428486695,47.6250000000001,65.6631688765609));
#389=CARTESIAN_POINT('',(-29.444621966834,49.7343750000001,69.9217540985711));
#390=CARTESIAN_POINT('',(-21.8500964278801,51.8437500000001,72.0329202607544));
#391=CARTESIAN_POINT('',(-13.9707874054875,53.9531250000001,71.8085766497193));
#392=CARTESIAN_POINT('',(-6.50868836734156,56.0625000000001,69.268710773129));
#393=CARTESIAN_POINT('',(-0.128622176094991,58.1718750000001,64.6396076071267));
#394=CARTESIAN_POINT('',(4.60099015862603,60.2812500000001,58.3336891260947));
#395=CARTESIAN_POINT('',(7.25877197115012,62.3906250000001,50.9127702771121));
#396=CARTESIAN_POINT('',(7.60793276809453,64.5000000000001,43.0380050447989));
#397=CARTESIAN_POINT('',(5.61736466957704,66.6093750000001,35.4109820756892));
#398=CARTESIAN_POINT('',(1.4644139121982,68.7187500000001,28.7112178460338));
#399=CARTESIAN_POINT('',(-4.48091950848082,70.8281250000001,23.5356163116112));
#400=CARTESIAN_POINT('',(-11.6889463503379,72.9375,20.3452887777613));
#401=CARTESIAN_POINT('',(-19.517479875487,75.0468750000001,19.4244719817642));
#402=CARTESIAN_POINT('',(-27.2690503717241,77.15625,20.8552045102376));
#403=CARTESIAN_POINT('',(-34.253045015363,79.2656250000001,24.5100177125505));
#404=CARTESIAN_POINT('',(-39.8472368313909,81.3750000000001,30.0632923007237));
#405=CARTESIAN_POINT('',(-43.5532209342196,83.4843750000001,37.0202688391171));
#406=CARTESIAN_POINT('',(-45.0408190526144,85.5937500000001,44.7611274842749));
#407=CARTESIAN_POINT('',(-44.1774961941433,87.7031250000001,52.596209766435));
#408=CARTESIAN_POINT('',(-41.0401686220761,89.8125000000001,59.8274625231649));
#409=CARTESIAN_POINT('',(-35.9083511333728,91.9218750000001,65.8106297436938));
#410=CARTESIAN_POINT('',(-29.2392541692266,94.0312500000001,70.0126514486569));
#411=CARTESIAN_POINT('',(-21.6270494382076,96.1406250000001,72.0591557509303));
#412=CARTESIAN_POINT('',(-13.7499332111644,98.2500000000001,71.7678128741678));
#413=CARTESIAN_POINT('',(-6.30970359246225,100.359375,69.16457951024));
#414=CARTESIAN_POINT('',(0.0307649735260138,102.46875,64.4813862523956));
#415=CARTESIAN_POINT('',(4.70657935933519,104.578125,58.1354741387774));
#416=CARTESIAN_POINT('',(7.30115593515542,106.6875,50.6922212796024));
#417=CARTESIAN_POINT('',(7.58333536836626,108.796875,42.8147714722087));
#418=CARTESIAN_POINT('',(5.52797737188118,110.90625,35.2049525312323));
#419=CARTESIAN_POINT('',(1.31820051343598,113.015625,28.5407482050863));
#420=CARTESIAN_POINT('',(-4.67093233837013,115.125,23.4158941690029));
#421=CARTESIAN_POINT('',(-11.9058298910068,117.234375,20.2869809606624));
#422=CARTESIAN_POINT('',(-19.7419107184012,119.34375,19.4327718727391));
#423=CARTESIAN_POINT('',(-27.481035263926,121.453125,20.9293780636657));
#424=CARTESIAN_POINT('',(-34.4336899650373,123.5625,24.6434363399258));
#425=CARTESIAN_POINT('',(-39.9804758130605,125.671875,30.2441447743567));
#426=CARTESIAN_POINT('',(-43.0193108958133,127.4296875,36.0674914142765));
#427=CARTESIAN_POINT('',(-44.3389024159279,128.8359375,41.1088372420906));
#428=CARTESIAN_POINT('',(-44.7544094570349,129.890625,44.9948412915486));
#429=CARTESIAN_POINT('',(-44.6132142193444,130.76953125,48.2486686466866));
#430=CARTESIAN_POINT('',(-44.2603594841973,131.384765625,50.4961478708961));
#431=CARTESIAN_POINT('',(-43.9871269785893,131.736328125,51.7664180012874));
#432=CARTESIAN_POINT('',(-43.8268216986923,131.912109375,52.3959915236584));
#433=CARTESIAN_POINT('',(-43.7408046454548,132.,52.7091675191217));
#434=CARTESIAN_POINT('',(-42.7928596114242,-138.,36.1160159102135));
#435=CARTESIAN_POINT('',(-43.9011489327756,-138.,39.5411720791707));
#436=CARTESIAN_POINT('',(-44.8095568289955,-138.,39.2472354757131));
#437=CARTESIAN_POINT('',(-45.3535189594821,-138.,38.1828572302631));
#438=CARTESIAN_POINT('',(-44.765645752832,-138.,36.3660414378473));
#439=CARTESIAN_POINT('',(-43.7012675082866,-138.,35.8220793069855));
#440=CARTESIAN_POINT('',(-42.7928596115888,-138.,36.1160159102722));
#441=CARTESIAN_POINT('',(-43.9011489324967,-138.,39.541172079071));
#442=CARTESIAN_POINT('',(-42.5494412970727,132.,56.1063212354156));
#443=CARTESIAN_POINT('',(-42.6778667565327,131.912109375,55.8080176334518));
#444=CARTESIAN_POINT('',(-42.9235458503174,131.736328125,55.2066006518903));
#445=CARTESIAN_POINT('',(-43.3695150434636,131.384765625,53.9862098599512));
#446=CARTESIAN_POINT('',(-44.0292415673517,130.76953125,51.8089569483566));
#447=CARTESIAN_POINT('',(-44.6182548342827,129.890625,48.6057722949889));
#448=CARTESIAN_POINT('',(-44.743163500888,128.8359375,44.6996141570456));
#449=CARTESIAN_POINT('',(-44.1321307017643,127.4296875,39.5243722830873));
#450=CARTESIAN_POINT('',(-41.9262642491928,125.671875,33.3372858975375));
#451=CARTESIAN_POINT('',(-37.2057239798716,123.5625,27.0244998424702));
#452=CARTESIAN_POINT('',(-30.8323345718003,121.453125,22.3862303671782));
#453=CARTESIAN_POINT('',(-23.3738999431836,119.34375,19.8356163798182));
#454=CARTESIAN_POINT('',(-15.4949224402484,117.234375,19.5999271615876));
#455=CARTESIAN_POINT('',(-7.89736439812984,115.125,21.7001538777102));
#456=CARTESIAN_POINT('',(-1.25811759390568,113.015625,25.9491823643578));
#457=CARTESIAN_POINT('',(3.83130582705865,110.90625,31.9684522320962));
#458=CARTESIAN_POINT('',(6.91747241931462,108.796875,39.2216871361236));
#459=CARTESIAN_POINT('',(7.72542549351806,106.6875,47.0626725672042));
#460=CARTESIAN_POINT('',(6.18318185976651,104.578125,54.7928294419103));
#461=CARTESIAN_POINT('',(2.4281450591636,102.46875,61.7234527436361));
#462=CARTESIAN_POINT('',(-3.20513637158463,100.359375,67.2370705258723));
#463=CARTESIAN_POINT('',(-10.2147749249426,98.2500000000001,70.8424565076164));
#464=CARTESIAN_POINT('',(-17.9762589259379,96.1406250000001,72.2183950340345));
#465=CARTESIAN_POINT('',(-25.7980923242463,94.03125,71.2422992317285));
#466=CARTESIAN_POINT('',(-32.9834023439268,91.921875,68.0011326751869));
#467=CARTESIAN_POINT('',(-38.8920261632435,89.8125,62.7836615168596));
#468=CARTESIAN_POINT('',(-42.9975451187848,87.703125,56.0547273641236));
#469=CARTESIAN_POINT('',(-44.9341850696897,85.59375,48.4138330168147));
#470=CARTESIAN_POINT('',(-44.5294044147933,83.484375,40.5417307977383));
#471=CARTESIAN_POINT('',(-41.8192663894346,81.375,33.1397720968484));
#472=CARTESIAN_POINT('',(-37.0452260736115,79.2656250000001,26.8674216770249));
#473=CARTESIAN_POINT('',(-30.6326183674584,77.15625,22.2835037967435));
#474=CARTESIAN_POINT('',(-23.1527635108292,75.046875,19.7964147251728));
#475=CARTESIAN_POINT('',(-15.2720662904453,72.9375,19.6277373799045));
#476=CARTESIAN_POINT('',(-7.69264385310172,70.828125,21.7924997785214));
#477=CARTESIAN_POINT('',(-1.08977178765087,68.7187500000001,26.0978361432495));
#478=CARTESIAN_POINT('',(3.94827839063571,66.609375,32.1601699452807));
#479=CARTESIAN_POINT('',(6.97265027759988,64.5,39.4393879950099));
#480=CARTESIAN_POINT('',(7.71389266851586,62.390625,47.2869608964923));
#481=CARTESIAN_POINT('',(6.10596584912453,60.28125,55.0037226570788));
#482=CARTESIAN_POINT('',(2.29212529024491,58.171875,61.9021616774379));
#483=CARTESIAN_POINT('',(-3.38784145168737,56.0625,67.3676734134716));
#484=CARTESIAN_POINT('',(-10.4278875217789,53.953125,70.9133175097051));
#485=CARTESIAN_POINT('',(-18.2007921397104,51.84375,72.2232009116568));
#486=CARTESIAN_POINT('',(-26.0140417549635,49.734375,71.1806218134974));
#487=CARTESIAN_POINT('',(-33.1715283489647,47.625,67.8784670044587));
#488=CARTESIAN_POINT('',(-39.0355679801726,45.515625,62.6109362803139));
#489=CARTESIAN_POINT('',(-43.0837141366311,43.40625,55.8473312192454));
#490=CARTESIAN_POINT('',(-44.9553042082079,41.296875,48.1902435659569));
#491=CARTESIAN_POINT('',(-44.4835921007082,39.1875,40.3218683579602));
#492=CARTESIAN_POINT('',(-41.7106041919723,37.078125,32.9432249335785));
#493=CARTESIAN_POINT('',(-36.8833950641176,34.96875,26.7117008212822));
#494=CARTESIAN_POINT('',(-30.4320366010206,32.859375,22.1824829299905));
#495=CARTESIAN_POINT('',(-22.9313014744885,30.75,19.7590941275552));
#496=CARTESIAN_POINT('',(-15.049454762929,28.640625,19.6574420657941));
#497=CARTESIAN_POINT('',(-7.4887160250755,26.53125,21.8865832600858));
#498=CARTESIAN_POINT('',(-0.922696257749645,24.421875,26.2479162147284));
#499=CARTESIAN_POINT('',(4.06361631581083,22.3125,32.3528754811722));
#500=CARTESIAN_POINT('',(7.02597476423913,20.203125,39.657550227469));
#501=CARTESIAN_POINT('',(7.70045286331711,18.09375,47.5111430371348));
#502=CARTESIAN_POINT('',(6.02695914838592,15.984375,55.2139515841689));
#503=CARTESIAN_POINT('',(2.15459065990439,13.875,62.0797074067698));
#504=CARTESIAN_POINT('',(-3.57165060060087,11.765625,67.4967178140585));
#505=CARTESIAN_POINT('',(-10.6415950296962,9.65625,70.982363592915));
#506=CARTESIAN_POINT('',(-18.4253581042591,7.546875,72.2260971356172));
#507=CARTESIAN_POINT('',(-26.2294588582774,5.4375,71.117110144122));
#508=CARTESIAN_POINT('',(-33.3586043752128,3.328125,67.7542059045517));
#509=CARTESIAN_POINT('',(-39.1776357129769,1.21875,62.4369965785701));
#510=CARTESIAN_POINT('',(-43.1681162960051,-0.890625,55.6392097738344));
#511=CARTESIAN_POINT('',(-44.9745211291185,-3.,47.9664825986328));
#512=CARTESIAN_POINT('',(-44.4359116846825,-5.109375,40.1024034667494));
#513=CARTESIAN_POINT('',(-41.6002744435607,-7.21875,32.7476089650009));
#514=CARTESIAN_POINT('',(-36.7202456222466,-9.328125,26.5573618431722));
#515=CARTESIAN_POINT('',(-30.2306029842393,-11.4375,22.083171507801));
#516=CARTESIAN_POINT('',(-22.7095300639768,-13.546875,19.7236582414134));
#517=CARTESIAN_POINT('',(-14.8271039005753,-15.65625,19.6890388149482));
#518=CARTESIAN_POINT('',(-7.28559567802873,-17.765625,21.9823975865858));
#519=CARTESIAN_POINT('',(-0.756903083519436,-19.875,26.3994117061654));
#520=CARTESIAN_POINT('',(4.17731125989331,-21.984375,32.5465549076393));
#521=CARTESIAN_POINT('',(7.07744202293632,-24.09375,39.8761580540202));
#522=CARTESIAN_POINT('',(7.68510704985078,-26.203125,47.7352027759457));
#523=CARTESIAN_POINT('',(5.94616747157909,-28.3125,55.4235010186838));
#524=CARTESIAN_POINT('',(2.01555111506265,-30.421875,62.2560770910055));
#525=CARTESIAN_POINT('',(-3.75655052468004,-32.53125,67.6241943947381));
#526=CARTESIAN_POINT('',(-10.8558819927129,-34.640625,71.0495897636241));
#527=CARTESIAN_POINT('',(-18.6499405782843,-36.75,72.2270834964511));
#528=CARTESIAN_POINT('',(-26.4443280545614,-38.859375,71.0517688169617));
#529=CARTESIAN_POINT('',(-33.5446168927593,-40.96875,67.6283583624094));
#530=CARTESIAN_POINT('',(-39.318219086882,-43.078125,62.2618549914814));
#531=CARTESIAN_POINT('',(-43.2507454926839,-45.1875,55.430378079872));
#532=CARTESIAN_POINT('',(-44.9918344425951,-47.296875,47.7425662979234));
#533=CARTESIAN_POINT('',(-44.3863666151094,-49.40625,39.8833519964776));
#534=CARTESIAN_POINT('',(-41.4882851235865,-51.515625,32.5529383386645));
#535=CARTESIAN_POINT('',(-36.5557895474663,-53.625,26.4044159049625));
#536=CARTESIAN_POINT('',(-30.0283320854118,-55.734375,21.9855767126821));
#537=CARTESIAN_POINT('',(-22.4874653184833,-57.84375,19.6901096295791));
#538=CARTESIAN_POINT('',(-14.6050297844786,-59.953125,19.7225253421933));
#539=CARTESIAN_POINT('',(-7.0832975022496,-62.0625,22.079935828435));
#540=CARTESIAN_POINT('',(-0.59240425563144,-64.171875,26.5523116609411));
#541=CARTESIAN_POINT('',(4.28935500011702,-66.28125,32.7411942171936));
#542=CARTESIAN_POINT('',(7.12704833142072,-68.390625,40.0951956642727));
#543=CARTESIAN_POINT('',(7.66785633797351,-70.5,47.9591239082372));
#544=CARTESIAN_POINT('',(5.86359666180542,-72.609375,55.6323558053665));
#545=CARTESIAN_POINT('',(1.87501671148743,-74.71875,62.4312579745471));
#546=CARTESIAN_POINT('',(-3.94252785139878,-76.828125,67.7500939360155));
#547=CARTESIAN_POINT('',(-11.0707329129367,-78.9375,71.1149911598284));
#548=CARTESIAN_POINT('',(-18.8745233192927,-81.046875,72.2261599228223));
#549=CARTESIAN_POINT('',(-26.6586338038165,-83.15625,70.9846025577011));
#550=CARTESIAN_POINT('',(-33.7295524486068,-85.265625,67.5009334797132));
#551=CARTESIAN_POINT('',(-39.4573079344682,-87.3750000000001,62.0855241858232));
#552=CARTESIAN_POINT('',(-43.3315957506702,-89.484375,55.2208512407068));
#553=CARTESIAN_POINT('',(-45.0072428964856,-91.59375,47.5185108581422));
#554=CARTESIAN_POINT('',(-44.3349604752412,-93.703125,39.6647297896214));
#555=CARTESIAN_POINT('',(-41.3746443314595,-95.8125000000001,32.3592271337437));
#556=CARTESIAN_POINT('',(-36.3900387337455,-97.921875,26.2528740681735));
#557=CARTESIAN_POINT('',(-29.8252385333891,-100.03125,21.8897056029883));
#558=CARTESIAN_POINT('',(-22.2651232984126,-102.140625,19.6584507183908));
#559=CARTESIAN_POINT('',(-14.3832484757208,-104.25,19.7578992256826));
#560=CARTESIAN_POINT('',(-6.88183612856373,-106.359375,22.1791909313627));
#561=CARTESIAN_POINT('',(-0.429211671136238,-108.46875,26.7066050208857));
#562=CARTESIAN_POINT('',(4.39973943309819,-110.578125,32.9367793328315));
#563=CARTESIAN_POINT('',(7.17479010214767,-112.6875,40.3146472170933));
#564=CARTESIAN_POINT('',(7.64870197480533,-114.796875,48.1828902380906));
#565=CARTESIAN_POINT('',(5.77925269272105,-116.90625,55.8405008438799));
#566=CARTESIAN_POINT('',(1.7329976060334,-119.015625,62.6052373703065));
#567=CARTESIAN_POINT('',(-4.12956910409357,-121.125,67.8744073976492));
#568=CARTESIAN_POINT('',(-11.2861323495101,-123.234375,71.1785628081645));
#569=CARTESIAN_POINT('',(-19.0990897197113,-125.34375,72.2233273896643));
#570=CARTESIAN_POINT('',(-26.8723619692117,-127.453125,70.9156128347927));
#571=CARTESIAN_POINT('',(-33.9133925830391,-129.5625,67.3719531209535));
#572=CARTESIAN_POINT('',(-39.5949111724293,-131.671875,61.9079697086669));
#573=CARTESIAN_POINT('',(-42.7746438646806,-133.4296875,56.1603454381823));
#574=CARTESIAN_POINT('',(-44.216601019976,-134.8359375,51.1526264866171));
#575=CARTESIAN_POINT('',(-44.7266091602979,-135.890625,47.2778922672895));
#576=CARTESIAN_POINT('',(-44.6646865683818,-136.76953125,44.0215915832628));
#577=CARTESIAN_POINT('',(-44.366662634175,-137.384765625,41.7661867278071));
#578=CARTESIAN_POINT('',(-44.1244422542496,-137.736328125,40.489640021323));
#579=CARTESIAN_POINT('',(-43.9795146374171,-137.912109375,39.8563497334527));
#580=CARTESIAN_POINT('',(-43.9011489323572,-138.,39.5411720790211));
#581=CARTESIAN_POINT('',(-42.5494412970726,132.,56.1063212354156));
#582=CARTESIAN_POINT('',(-42.6778667565327,131.912109375,55.8080176334518));
#583=CARTESIAN_POINT('',(-42.9235458503173,131.736328125,55.2066006518903));
#584=CARTESIAN_POINT('',(-43.3695150434637,131.384765625,53.9862098599511));
#585=CARTESIAN_POINT('',(-44.0292415673517,130.76953125,51.8089569483567));
#586=CARTESIAN_POINT('',(-44.6182548342827,129.890625,48.6057722949889));
#587=CARTESIAN_POINT('',(-44.743163500888,128.8359375,44.6996141570456));
#588=CARTESIAN_POINT('',(-44.1321307017642,127.4296875,39.5243722830872));
#589=CARTESIAN_POINT('',(-41.9262642491928,125.671875,33.3372858975375));
#590=CARTESIAN_POINT('',(-37.2057239798716,123.5625,27.0244998424702));
#591=CARTESIAN_POINT('',(-30.8323345718003,121.453125,22.3862303671782));
#592=CARTESIAN_POINT('',(-23.3738999431836,119.34375,19.8356163798183));
#593=CARTESIAN_POINT('',(-15.4949224402484,117.234375,19.5999271615877));
#594=CARTESIAN_POINT('',(-7.89736439812985,115.125,21.7001538777102));
#595=CARTESIAN_POINT('',(-1.25811759390569,113.015625,25.9491823643578));
#596=CARTESIAN_POINT('',(3.83130582705864,110.90625,31.9684522320962));
#597=CARTESIAN_POINT('',(6.91747241931461,108.796875,39.2216871361237));
#598=CARTESIAN_POINT('',(7.72542549351804,106.6875,47.0626725672042));
#599=CARTESIAN_POINT('',(6.18318185976651,104.578125,54.7928294419103));
#600=CARTESIAN_POINT('',(2.42814505916359,102.46875,61.7234527436361));
#601=CARTESIAN_POINT('',(-3.20513637158463,100.359375,67.2370705258723));
#602=CARTESIAN_POINT('',(-10.2147749249426,98.25,70.8424565076164));
#603=CARTESIAN_POINT('',(-17.9762589259379,96.1406250000001,72.2183950340345));
#604=CARTESIAN_POINT('',(-25.7980923242463,94.0312500000001,71.2422992317285));
#605=CARTESIAN_POINT('',(-32.9834023439268,91.921875,68.0011326751869));
#606=CARTESIAN_POINT('',(-38.8920261632435,89.8125000000001,62.7836615168596));
#607=CARTESIAN_POINT('',(-42.9975451187848,87.7031250000001,56.0547273641236));
#608=CARTESIAN_POINT('',(-44.9341850696897,85.5937500000001,48.4138330168147));
#609=CARTESIAN_POINT('',(-44.5294044147933,83.4843750000001,40.5417307977383));
#610=CARTESIAN_POINT('',(-41.8192663894345,81.375,33.1397720968484));
#611=CARTESIAN_POINT('',(-37.0452260736115,79.2656250000001,26.8674216770249));
#612=CARTESIAN_POINT('',(-30.6326183674584,77.1562500000001,22.2835037967435));
#613=CARTESIAN_POINT('',(-23.1527635108292,75.0468750000001,19.7964147251728));
#614=CARTESIAN_POINT('',(-15.2720662904453,72.9375000000001,19.6277373799045));
#615=CARTESIAN_POINT('',(-7.69264385310173,70.8281250000001,21.7924997785214));
#616=CARTESIAN_POINT('',(-1.08977178765088,68.7187500000001,26.0978361432495));
#617=CARTESIAN_POINT('',(3.9482783906357,66.6093750000001,32.1601699452807));
#618=CARTESIAN_POINT('',(6.97265027759986,64.5000000000001,39.4393879950099));
#619=CARTESIAN_POINT('',(7.71389266851584,62.3906250000001,47.2869608964923));
#620=CARTESIAN_POINT('',(6.10596584912452,60.2812500000001,55.0037226570788));
#621=CARTESIAN_POINT('',(2.29212529024491,58.1718750000001,61.9021616774378));
#622=CARTESIAN_POINT('',(-3.38784145168738,56.0625000000001,67.3676734134716));
#623=CARTESIAN_POINT('',(-10.4278875217789,53.9531250000001,70.913317509705));
#624=CARTESIAN_POINT('',(-18.2007921397104,51.8437500000001,72.2232009116568));
#625=CARTESIAN_POINT('',(-26.0140417549635,49.7343750000001,71.1806218134974));
#626=CARTESIAN_POINT('',(-33.1715283489647,47.6250000000001,67.8784670044587));
#627=CARTESIAN_POINT('',(-39.0355679801726,45.5156250000001,62.6109362803139));
#628=CARTESIAN_POINT('',(-43.083714136631,43.40625,55.8473312192454));
#629=CARTESIAN_POINT('',(-44.9553042082079,41.2968750000001,48.1902435659569));
#630=CARTESIAN_POINT('',(-44.4835921007082,39.1875000000001,40.3218683579602));
#631=CARTESIAN_POINT('',(-41.7106041919723,37.0781250000001,32.9432249335785));
#632=CARTESIAN_POINT('',(-36.8833950641176,34.9687500000001,26.7117008212822));
#633=CARTESIAN_POINT('',(-30.4320366010206,32.8593750000001,22.1824829299905));
#634=CARTESIAN_POINT('',(-22.9313014744885,30.7500000000001,19.7590941275552));
#635=CARTESIAN_POINT('',(-15.049454762929,28.6406250000001,19.6574420657941));
#636=CARTESIAN_POINT('',(-7.48871602507551,26.5312500000001,21.8865832600858));
#637=CARTESIAN_POINT('',(-0.922696257749656,24.421875,26.2479162147284));
#638=CARTESIAN_POINT('',(4.06361631581082,22.3125000000001,32.3528754811722));
#639=CARTESIAN_POINT('',(7.02597476423912,20.2031250000001,39.657550227469));
#640=CARTESIAN_POINT('',(7.7004528633171,18.0937500000001,47.5111430371348));
#641=CARTESIAN_POINT('',(6.02695914838591,15.9843750000001,55.2139515841689));
#642=CARTESIAN_POINT('',(2.15459065990438,13.8750000000001,62.0797074067698));
#643=CARTESIAN_POINT('',(-3.57165060060086,11.7656250000001,67.4967178140585));
#644=CARTESIAN_POINT('',(-10.6415950296962,9.65625000000006,70.982363592915));
#645=CARTESIAN_POINT('',(-18.425358104259,7.54687500000006,72.2260971356172));
#646=CARTESIAN_POINT('',(-26.2294588582774,5.43750000000006,71.117110144122));
#647=CARTESIAN_POINT('',(-33.3586043752128,3.32812500000006,67.7542059045517));
#648=CARTESIAN_POINT('',(-39.1776357129769,1.21875000000006,62.4369965785701));
#649=CARTESIAN_POINT('',(-43.1681162960051,-0.890624999999935,55.6392097738344));
#650=CARTESIAN_POINT('',(-44.9745211291185,-2.99999999999994,47.9664825986328));
#651=CARTESIAN_POINT('',(-44.4359116846824,-5.10937499999994,40.1024034667494));
#652=CARTESIAN_POINT('',(-41.6002744435607,-7.21874999999994,32.747608965001));
#653=CARTESIAN_POINT('',(-36.7202456222466,-9.32812499999994,26.5573618431722));
#654=CARTESIAN_POINT('',(-30.2306029842393,-11.4375,22.083171507801));
#655=CARTESIAN_POINT('',(-22.7095300639768,-13.5468749999999,19.7236582414134));
#656=CARTESIAN_POINT('',(-14.8271039005753,-15.6562499999999,19.6890388149482));
#657=CARTESIAN_POINT('',(-7.28559567802874,-17.7656249999999,21.9823975865858));
#658=CARTESIAN_POINT('',(-0.756903083519446,-19.8749999999999,26.3994117061655));
#659=CARTESIAN_POINT('',(4.1773112598933,-21.9843749999999,32.5465549076393));
#660=CARTESIAN_POINT('',(7.07744202293631,-24.0937499999999,39.8761580540202));
#661=CARTESIAN_POINT('',(7.68510704985077,-26.203125,47.7352027759457));
#662=CARTESIAN_POINT('',(5.94616747157908,-28.3124999999999,55.4235010186838));
#663=CARTESIAN_POINT('',(2.01555111506264,-30.421875,62.2560770910055));
#664=CARTESIAN_POINT('',(-3.75655052468004,-32.5312499999999,67.6241943947381));
#665=CARTESIAN_POINT('',(-10.8558819927129,-34.640625,71.0495897636241));
#666=CARTESIAN_POINT('',(-18.6499405782843,-36.7499999999999,72.2270834964511));
#667=CARTESIAN_POINT('',(-26.4443280545614,-38.859375,71.0517688169617));
#668=CARTESIAN_POINT('',(-33.5446168927593,-40.9687499999999,67.6283583624094));
#669=CARTESIAN_POINT('',(-39.318219086882,-43.078125,62.2618549914813));
#670=CARTESIAN_POINT('',(-43.2507454926838,-45.1874999999999,55.430378079872));
#671=CARTESIAN_POINT('',(-44.9918344425951,-47.2968749999999,47.7425662979234));
#672=CARTESIAN_POINT('',(-44.3863666151094,-49.40625,39.8833519964776));
#673=CARTESIAN_POINT('',(-41.4882851235864,-51.515625,32.5529383386645));
#674=CARTESIAN_POINT('',(-36.5557895474664,-53.6249999999999,26.4044159049625));
#675=CARTESIAN_POINT('',(-30.0283320854118,-55.734375,21.9855767126821));
#676=CARTESIAN_POINT('',(-22.4874653184833,-57.84375,19.6901096295791));
#677=CARTESIAN_POINT('',(-14.6050297844787,-59.953125,19.7225253421933));
#678=CARTESIAN_POINT('',(-7.08329750224961,-62.0624999999999,22.079935828435));
#679=CARTESIAN_POINT('',(-0.592404255631447,-64.1718749999999,26.5523116609411));
#680=CARTESIAN_POINT('',(4.28935500011702,-66.28125,32.7411942171936));
#681=CARTESIAN_POINT('',(7.1270483314207,-68.3906249999999,40.0951956642727));
#682=CARTESIAN_POINT('',(7.6678563379735,-70.5,47.9591239082372));
#683=CARTESIAN_POINT('',(5.8635966618054,-72.6093749999999,55.6323558053665));
#684=CARTESIAN_POINT('',(1.87501671148743,-74.71875,62.4312579745471));
#685=CARTESIAN_POINT('',(-3.94252785139879,-76.8281249999999,67.7500939360155));
#686=CARTESIAN_POINT('',(-11.0707329129367,-78.9375,71.1149911598284));
#687=CARTESIAN_POINT('',(-18.8745233192927,-81.0468749999999,72.2261599228223));
#688=CARTESIAN_POINT('',(-26.6586338038165,-83.15625,70.9846025577011));
#689=CARTESIAN_POINT('',(-33.7295524486068,-85.2656249999999,67.5009334797132));
#690=CARTESIAN_POINT('',(-39.4573079344682,-87.375,62.0855241858232));
#691=CARTESIAN_POINT('',(-43.3315957506702,-89.484375,55.2208512407068));
#692=CARTESIAN_POINT('',(-45.0072428964856,-91.5937499999999,47.5185108581422));
#693=CARTESIAN_POINT('',(-44.3349604752412,-93.703125,39.6647297896214));
#694=CARTESIAN_POINT('',(-41.3746443314595,-95.8125,32.3592271337437));
#695=CARTESIAN_POINT('',(-36.3900387337453,-97.921875,26.2528740681736));
#696=CARTESIAN_POINT('',(-29.8252385333895,-100.03125,21.8897056029878));
#697=CARTESIAN_POINT('',(-22.2651232984112,-102.140625,19.6584507183927));
#698=CARTESIAN_POINT('',(-14.3832484757259,-104.25,19.7578992256754));
#699=CARTESIAN_POINT('',(-6.88183612854472,-106.359375,22.1791909313894));
#700=CARTESIAN_POINT('',(-0.429211671207236,-108.46875,26.7066050207863));
#701=CARTESIAN_POINT('',(4.39973943336311,-110.578125,32.9367793332026));
#702=CARTESIAN_POINT('',(7.17479010115891,-112.6875,40.3146472157083));
#703=CARTESIAN_POINT('',(7.64870197849539,-114.796875,48.1828902432594));
#704=CARTESIAN_POINT('',(5.7792526789495,-116.90625,55.8405008245894));
#705=CARTESIAN_POINT('',(1.73299765742948,-119.015625,62.6052374422996));
#706=CARTESIAN_POINT('',(-4.12956929590636,-121.125,67.8744071289672));
#707=CARTESIAN_POINT('',(-11.286131633655,-123.234375,71.1785638108993));
#708=CARTESIAN_POINT('',(-19.0990923913188,-125.34375,72.223323647407));
#709=CARTESIAN_POINT('',(-26.8723519986368,-127.453125,70.9156268010869));
#710=CARTESIAN_POINT('',(-33.9134297937311,-129.5625,67.3719009980336));
#711=CARTESIAN_POINT('',(-38.6478818824851,-131.3203125,62.8187870280491));
#712=CARTESIAN_POINT('',(-41.5035942766028,-132.7265625,58.4597277654773));
#713=CARTESIAN_POINT('',(-43.1344776675014,-133.78125,54.9081235288698));
#714=CARTESIAN_POINT('',(-44.2167775166983,-134.8359375,51.1527051569441));
#715=CARTESIAN_POINT('',(-44.7265586594117,-135.890625,47.2778697574028));
#716=CARTESIAN_POINT('',(-44.6646994072527,-136.76953125,44.021597305965));
#717=CARTESIAN_POINT('',(-44.3666605132388,-137.384765625,41.7661857824368));
#718=CARTESIAN_POINT('',(-44.1244427153227,-137.736328125,40.4896402268383));
#719=CARTESIAN_POINT('',(-43.9795145452024,-137.912109375,39.8563496923496));
#720=CARTESIAN_POINT('',(-43.9011489323572,-138.,39.5411720790211));
#721=CARTESIAN_POINT('',(-42.7717669947551,132.,56.1842953187346));
#722=CARTESIAN_POINT('',(-42.9011658442825,131.912109375,55.8832163114496));
#723=CARTESIAN_POINT('',(-43.1486877759102,131.736328125,55.2762120638042));
#724=CARTESIAN_POINT('',(-43.5979215899697,131.384765625,54.0445165556853));
#725=CARTESIAN_POINT('',(-44.2622445462783,130.76953125,51.8471804571063));
#726=CARTESIAN_POINT('',(-44.8545728013882,129.890625,48.6146883301092));
#727=CARTESIAN_POINT('',(-44.9781632823523,128.8359375,44.6731625380044));
#728=CARTESIAN_POINT('',(-44.3583686801566,127.4296875,39.451548684571));
#729=CARTESIAN_POINT('',(-42.1286984382004,125.671875,33.2099479442628));
#730=CARTESIAN_POINT('',(-37.3615573210722,123.5625,26.8430870083618));
#731=CARTESIAN_POINT('',(-30.9276835697232,121.453125,22.1669060158175));
#732=CARTESIAN_POINT('',(-23.4002695874179,119.34375,19.5979206491267));
#733=CARTESIAN_POINT('',(-15.4499633876659,117.234375,19.3650371935598));
#734=CARTESIAN_POINT('',(-7.78508219409689,115.125,21.4889967760644));
#735=CARTESIAN_POINT('',(-1.08851582908989,113.015625,25.7805708110187));
#736=CARTESIAN_POINT('',(4.04311677579424,110.90625,31.8574083820613));
#737=CARTESIAN_POINT('',(7.15262162019423,108.796875,39.178104250232));
#738=CARTESIAN_POINT('',(7.9629627334814,106.6875,47.0904335875471));
#739=CARTESIAN_POINT('',(6.40194416749776,104.578125,54.8894610482085));
#740=CARTESIAN_POINT('',(2.60864218360711,102.46875,61.8803457093395));
#741=CARTESIAN_POINT('',(-3.07898551088126,100.359375,67.4402467424023));
#742=CARTESIAN_POINT('',(-10.154209521658,98.2500000000001,71.0738143398689));
#743=CARTESIAN_POINT('',(-17.9866749503725,96.1406249999999,72.4573220543872));
#744=CARTESIAN_POINT('',(-25.8785617786416,94.0312500000002,71.4675086487806));
#745=CARTESIAN_POINT('',(-33.126755940827,91.921875,68.1925598437795));
#746=CARTESIAN_POINT('',(-39.0854920608149,89.8125000000001,62.9242515630809));
#747=CARTESIAN_POINT('',(-43.2238868060683,87.7031250000001,56.1319546599282));
#748=CARTESIAN_POINT('',(-45.17323702386,85.59375,48.420817129283));
#749=CARTESIAN_POINT('',(-44.7598687136865,83.484375,40.4778494893979));
#750=CARTESIAN_POINT('',(-42.0206102132439,81.375,33.01071676285));
#751=CARTESIAN_POINT('',(-37.1995110411071,79.265625,26.6846902800935));
#752=CARTESIAN_POINT('',(-30.7260987251692,77.15625,22.0633764759905));
#753=CARTESIAN_POINT('',(-23.1771107872757,75.0468750000001,19.5585033451397));
#754=CARTESIAN_POINT('',(-15.2251113069633,72.9375,19.3932382452668));
#755=CARTESIAN_POINT('',(-7.57856998307907,70.8281250000001,21.5823051858277));
#756=CARTESIAN_POINT('',(-0.918742246080442,68.7187500000001,25.9306730177408));
#757=CARTESIAN_POINT('',(4.16102602129306,66.609375,32.0509313977376));
#758=CARTESIAN_POINT('',(7.20816161358246,64.5000000000001,39.3978064456964));
#759=CARTESIAN_POINT('',(7.95118523293952,62.390625,47.3167409819329));
#760=CARTESIAN_POINT('',(6.32389846962478,60.2812500000001,55.1022111718484));
#761=CARTESIAN_POINT('',(2.4712816353196,58.171875,62.0605839569288));
#762=CARTESIAN_POINT('',(-3.26342300806155,56.0625000000001,67.5719150975259));
#763=CARTESIAN_POINT('',(-10.3692918265645,53.9531250000001,71.1451820372248));
#764=CARTESIAN_POINT('',(-18.2132396754598,51.8437500000001,72.4620307118774));
#765=CARTESIAN_POINT('',(-26.0964235299159,49.7343750000001,71.4051387566783));
#766=CARTESIAN_POINT('',(-33.316504700758,47.6250000000001,68.0686681402081));
#767=CARTESIAN_POINT('',(-39.2302224904204,45.5156250000001,62.7498759660045));
#768=CARTESIAN_POINT('',(-43.3107043969749,43.4062500000001,55.9226308628612));
#769=CARTESIAN_POINT('',(-45.1944069123226,41.2968750000001,48.1951944754301));
#770=CARTESIAN_POINT('',(-44.7135048049511,39.1875,40.2560294405378));
#771=CARTESIAN_POINT('',(-41.910843219912,37.0781250000001,32.8124619942211));
#772=CARTESIAN_POINT('',(-37.0361204644094,34.9687500000001,26.5276639588733));
#773=CARTESIAN_POINT('',(-30.5236415671477,32.8593750000001,21.96156859184));
#774=CARTESIAN_POINT('',(-22.9536246197548,30.7500000000001,19.5209842961643));
#775=CARTESIAN_POINT('',(-15.0005072451519,28.6406250000001,19.4233507265201));
#776=CARTESIAN_POINT('',(-7.37285873905428,26.5312500000001,21.6773663776517));
#777=CARTESIAN_POINT('',(-0.750251308854188,24.4218750000001,26.0822136069636));
#778=CARTESIAN_POINT('',(4.27728524184164,22.3125000000001,32.2454501365441));
#779=CARTESIAN_POINT('',(7.26183120241893,20.2031250000001,39.6179730220505));
#780=CARTESIAN_POINT('',(7.93748359047587,18.0937500000001,47.542940033883));
#781=CARTESIAN_POINT('',(6.24404632009928,15.9843750000001,55.3142898844191));
#782=CARTESIAN_POINT('',(2.33239326847385,13.8750000000001,62.2396475424629));
#783=CARTESIAN_POINT('',(-3.44897357237604,11.7656250000001,67.7020101942521));
#784=CARTESIAN_POINT('',(-10.5849732803725,9.65625000000007,71.2147180465481));
#785=CARTESIAN_POINT('',(-18.4398362510792,7.5468750000001,72.4648124428018));
#786=CARTESIAN_POINT('',(-26.3137469956844,5.43750000000009,71.3409183756776));
#787=CARTESIAN_POINT('',(-33.5051929967646,3.3281250000001,67.9431672515281));
#788=CARTESIAN_POINT('',(-39.3734647578898,1.21875000000008,62.5742758551858));
#789=CARTESIAN_POINT('',(-43.3957387127774,-0.890624999999902,55.7125763193601));
#790=CARTESIAN_POINT('',(-45.2136572905368,-2.99999999999991,47.9693999470461));
#791=CARTESIAN_POINT('',(-44.6652561662829,-5.10937499999992,40.0346117019175));
#792=CARTESIAN_POINT('',(-41.79939419373,-7.21874999999989,32.6151478774614));
#793=CARTESIAN_POINT('',(-36.8714004097653,-9.32812499999991,26.3720328253962));
#794=CARTESIAN_POINT('',(-30.3203259336307,-11.4374999999999,21.8614861294556));
#795=CARTESIAN_POINT('',(-22.7298274635847,-13.5468749999999,19.485367179498));
#796=CARTESIAN_POINT('',(-14.7761673885377,-15.6562499999999,19.4553722012416));
#797=CARTESIAN_POINT('',(-7.16796335516324,-17.7656249999999,21.7741735456182));
#798=CARTESIAN_POINT('',(-0.583055199046619,-19.8749999999999,26.2351816002654));
#799=CARTESIAN_POINT('',(4.3918860281054,-21.9843749999999,32.4409505352565));
#800=CARTESIAN_POINT('',(7.31362650545228,-24.0937499999999,39.8385880548415));
#801=CARTESIAN_POINT('',(7.92185879695531,-26.2031249999999,47.7690143843452));
#802=CARTESIAN_POINT('',(6.16239349409539,-28.3124999999999,55.5256818476411));
#803=CARTESIAN_POINT('',(2.19198712789678,-30.4218749999999,62.4175235155395));
#804=CARTESIAN_POINT('',(-3.63562378423518,-32.5312499999999,67.8305226236962));
#805=CARTESIAN_POINT('',(-10.8012382843385,-34.6406249999999,71.2824173387837));
#806=CARTESIAN_POINT('',(-18.6664482890711,-36.7499999999999,72.4656670459766));
#807=CARTESIAN_POINT('',(-26.5305164584463,-38.859375,71.2748521503942));
#808=CARTESIAN_POINT('',(-33.692807182331,-40.9687499999999,67.8160662543486));
#809=CARTESIAN_POINT('',(-39.5152085035028,-43.0781249999999,62.3974639305636));
#810=CARTESIAN_POINT('',(-43.4789836035331,-45.1874999999999,55.501806221214));
#811=CARTESIAN_POINT('',(-45.2309867662561,-47.2968749999999,47.7434498742851));
#812=CARTESIAN_POINT('',(-44.6151262871711,-49.4062499999999,39.8136122871447));
#813=CARTESIAN_POINT('',(-41.6862711950341,-51.515625,32.418788682935));
#814=CARTESIAN_POINT('',(-36.705362790234,-53.6249999999998,26.2178081353825));
#815=CARTESIAN_POINT('',(-30.1161665290284,-55.7343749999999,21.7631363271084));
#816=CARTESIAN_POINT('',(-22.5057355044625,-57.84375,19.4516545710798));
#817=CARTESIAN_POINT('',(-14.5521079620654,-59.9531249999998,19.4893003535406));
#818=CARTESIAN_POINT('',(-6.96389865007028,-62.0625,21.8727196883351));
#819=CARTESIAN_POINT('',(-0.417166008793572,-64.1718749999999,26.3895659345308));
#820=CARTESIAN_POINT('',(4.50482009180497,-66.2812499999999,32.6374184546884));
#821=CARTESIAN_POINT('',(7.36354377668652,-68.3906249999999,40.0596355885114));
#822=CARTESIAN_POINT('',(7.90431198241127,-70.5,47.9949476829286));
#823=CARTESIAN_POINT('',(6.0789458969954,-72.6093749999999,55.7363717729998));
#824=CARTESIAN_POINT('',(2.05007336819263,-74.7187499999999,62.5941990116213));
#825=CARTESIAN_POINT('',(-3.82336014452675,-76.8281249999999,67.9574430914477));
#826=CARTESIAN_POINT('',(-11.0180711975122,-78.9374999999998,71.3482750177101));
#827=CARTESIAN_POINT('',(-18.893059400158,-81.0468749999999,72.4645944595944));
#828=CARTESIAN_POINT('',(-26.7467162407695,-83.15625,71.2069448589396));
#829=CARTESIAN_POINT('',(-33.879333688622,-85.2656249999998,67.6873743410047));
#830=CARTESIAN_POINT('',(-39.655443475918,-87.3749999999999,62.2194529797176));
#831=CARTESIAN_POINT('',(-43.5604330487162,-89.4843749999999,55.2903358119628));
#832=CARTESIAN_POINT('',(-45.2463940861596,-91.5937499999999,47.5173605985493));
#833=CARTESIAN_POINT('',(-44.5631187931629,-93.703125,39.5930471795771));
#834=CARTESIAN_POINT('',(-41.5714824052256,-95.8124999999998,32.2233986119389));
#835=CARTESIAN_POINT('',(-36.5380196141661,-97.9218749999999,26.065001042836));
#836=CARTESIAN_POINT('',(-29.911178118775,-100.03125,21.6665262977568));
#837=CARTESIAN_POINT('',(-22.2813649494059,-102.140625,19.4198489091108));
#838=CARTESIAN_POINT('',(-14.3283451704055,-104.25,19.525132729623));
#839=CARTESIAN_POINT('',(-6.76067938234271,-106.359375,21.9729976786643));
#840=CARTESIAN_POINT('',(-0.252595735772357,-108.46875,26.5453554441352));
#841=CARTESIAN_POINT('',(4.61607926543241,-110.578125,32.8348396859591));
#842=CARTESIAN_POINT('',(7.41157940509146,-112.6875,40.2810996351683));
#843=CARTESIAN_POINT('',(7.88484441909516,-114.796875,48.220723593395));
#844=CARTESIAN_POINT('',(5.99370955199765,-116.90625,55.9463444080055));
#845=CARTESIAN_POINT('',(1.90666229773803,-119.015625,62.7696613080387));
#846=CARTESIAN_POINT('',(-4.01216924254988,-121.125,68.0827622128047));
#847=CARTESIAN_POINT('',(-11.2354557147293,-123.234375,71.4122870869466));
#848=CARTESIAN_POINT('',(-19.1196555207392,-125.34375,72.4615919000598));
#849=CARTESIAN_POINT('',(-26.9623220271223,-127.453125,71.1372120906024));
#850=CARTESIAN_POINT('',(-34.0647914170629,-129.5625,67.5570609679582));
#851=CARTESIAN_POINT('',(-38.8391641077112,-131.3203125,62.9598473301979));
#852=CARTESIAN_POINT('',(-41.7179455472481,-132.7265625,58.5596183101392));
#853=CARTESIAN_POINT('',(-43.3613382619232,-133.78125,54.974906289409));
#854=CARTESIAN_POINT('',(-44.4510637045232,-134.8359375,51.1848824236638));
#855=CARTESIAN_POINT('',(-44.9630233354272,-135.890625,47.2747212816132));
#856=CARTESIAN_POINT('',(-44.8985656398972,-136.76953125,43.9890694236613));
#857=CARTESIAN_POINT('',(-44.596421479998,-137.384765625,41.7134685073609));
#858=CARTESIAN_POINT('',(-44.3512158401786,-137.736328125,40.4255419669709));
#859=CARTESIAN_POINT('',(-44.2045816792519,-137.912109375,39.7866208705437));
#860=CARTESIAN_POINT('',(-44.1253106740871,-138.,39.4686449319379));
#861=CARTESIAN_POINT('',(-43.2473913690028,132.,56.2517670318344));
#862=CARTESIAN_POINT('',(-43.3776325018725,131.912109375,55.9447505624878));
#863=CARTESIAN_POINT('',(-43.6266166347178,131.736328125,55.3258398445792));
#864=CARTESIAN_POINT('',(-44.0778810412647,131.384765625,54.0702385863076));
#865=CARTESIAN_POINT('',(-44.7434051461861,130.76953125,51.8309119187927));
#866=CARTESIAN_POINT('',(-45.3307018159479,129.890625,48.538492631966));
#867=CARTESIAN_POINT('',(-45.4375842183518,128.8359375,44.5267641522031));
#868=CARTESIAN_POINT('',(-44.7818176379459,127.4296875,39.2159031457671));
#869=CARTESIAN_POINT('',(-42.482855236835,125.671875,32.8747572518531));
#870=CARTESIAN_POINT('',(-37.6010079498711,123.5625,26.4183004565614));
#871=CARTESIAN_POINT('',(-31.03109528096,121.453125,21.6903705472077));
#872=CARTESIAN_POINT('',(-23.3584289069069,119.34375,19.1120920178942));
#873=CARTESIAN_POINT('',(-15.2665980885828,117.234375,18.9131995594221));
#874=CARTESIAN_POINT('',(-7.47652887862894,115.125,21.1114058095619));
#875=CARTESIAN_POINT('',(-0.682264527067124,113.015625,25.5108673358139));
#876=CARTESIAN_POINT('',(4.51087180521807,110.90625,31.7196211629788));
#877=CARTESIAN_POINT('',(7.64020654797873,108.796875,39.1845092027476));
#878=CARTESIAN_POINT('',(8.42693702026818,106.6875,47.2404600733163));
#879=CARTESIAN_POINT('',(6.80097082323879,104.578125,55.1697427158907));
#880=CARTESIAN_POINT('',(2.90717061561374,102.46875,62.2659113464415));
#881=CARTESIAN_POINT('',(-2.90755217913748,100.359375,67.8967450425062));
#882=CARTESIAN_POINT('',(-10.1251448476275,98.2500000000001,71.5605743731029));
#883=CARTESIAN_POINT('',(-18.1025684011335,96.1406250000001,72.9309767738834));
#884=CARTESIAN_POINT('',(-26.1290880267889,94.0312500000001,71.8858586030291));
#885=CARTESIAN_POINT('',(-33.4895947817357,91.9218750000001,68.5183328640842));
#886=CARTESIAN_POINT('',(-39.5283169928314,89.8125000000001,63.1284234632409));
#887=CARTESIAN_POINT('',(-43.7072451045033,87.703125,56.1963350961214));
#888=CARTESIAN_POINT('',(-45.6540647135491,85.5937500000001,48.3396702374221));
#889=CARTESIAN_POINT('',(-45.1953272796932,83.4843750000001,40.2584049120629));
#890=CARTESIAN_POINT('',(-42.3719032245723,81.3750000000001,32.6725255367334));
#891=CARTESIAN_POINT('',(-37.435340651906,79.2656250000001,26.2578829700567));
#892=CARTESIAN_POINT('',(-30.8254541024076,77.1562500000001,21.5859787442781));
#893=CARTESIAN_POINT('',(-23.1311400347277,75.0468750000001,19.0730481204891));
#894=CARTESIAN_POINT('',(-15.0379101096565,72.9375000000001,18.9429763248724));
#895=CARTESIAN_POINT('',(-7.26681670929181,70.8281250000001,21.2073518800504));
#896=CARTESIAN_POINT('',(-0.510212016842382,68.7187500000001,25.6644341456182));
#897=CARTESIAN_POINT('',(4.62993590877448,66.6093750000001,31.9171270530677));
#898=CARTESIAN_POINT('',(7.69567444043389,64.5,39.408357696131));
#899=CARTESIAN_POINT('',(8.4138668834422,62.3906250000001,47.4707077819859));
#900=CARTESIAN_POINT('',(6.7205271189527,60.2812500000001,55.385876114629));
#901=CARTESIAN_POINT('',(2.76652033703067,58.1718750000001,62.4486744028849));
#902=CARTESIAN_POINT('',(-3.09587803763916,56.0625,68.0298547967403));
#903=CARTESIAN_POINT('',(-10.3443677180265,53.9531250000001,71.6321716408551));
#904=CARTESIAN_POINT('',(-18.3331569993322,51.84375,72.9346827198766));
#905=CARTESIAN_POINT('',(-26.3504984587487,49.7343750000001,71.8213430523902));
#906=CARTESIAN_POINT('',(-33.6821008663321,47.625,68.3913437186889));
#907=CARTESIAN_POINT('',(-39.6747677319899,45.515625,62.9502746022981));
#908=CARTESIAN_POINT('',(-43.7945927218334,43.40625,55.9828983855914));
#909=CARTESIAN_POINT('',(-45.6745271235144,41.296875,48.1099614534515));
#910=CARTESIAN_POINT('',(-45.147081419118,39.1875000000001,40.032889563156));
#911=CARTESIAN_POINT('',(-42.2592474753161,37.078125,32.4712955245224));
#912=CARTESIAN_POINT('',(-37.2683118839337,34.96875,26.098866535922));
#913=CARTESIAN_POINT('',(-30.6189334561473,32.8593750000001,21.4833431835634));
#914=CARTESIAN_POINT('',(-22.9035271114901,30.75,19.035937571718));
#915=CARTESIAN_POINT('',(-14.8094836908441,28.6406250000001,18.9746970884762));
#916=CARTESIAN_POINT('',(-7.0579280532958,26.5312500000001,21.3050778492251));
#917=CARTESIAN_POINT('',(-0.33947169872228,24.421875,25.8194585934429));
#918=CARTESIAN_POINT('',(4.74731607442267,22.3125,32.115638343345));
#919=CARTESIAN_POINT('',(7.74923666990258,20.203125,39.6326698073274));
#920=CARTESIAN_POINT('',(8.39883914214129,18.09375,47.7008360128626));
#921=CARTESIAN_POINT('',(6.63824827761266,15.984375,55.6013175867808));
#922=CARTESIAN_POINT('',(2.62432088732106,13.875,62.630234729381));
#923=CARTESIAN_POINT('',(-3.2853290806414,11.765625,68.1613581729735));
#924=CARTESIAN_POINT('',(-10.5641915399147,9.65625000000005,71.7019019999927));
#925=CARTESIAN_POINT('',(-18.5637687752742,7.54687500000005,72.9364275556609));
#926=CARTESIAN_POINT('',(-26.5713522297245,5.43750000000005,71.7549469116816));
#927=CARTESIAN_POINT('',(-33.873520045968,3.32812500000005,68.2627220512974));
#928=CARTESIAN_POINT('',(-39.8196981581367,1.21875000000006,62.7708867341689));
#929=CARTESIAN_POINT('',(-43.8801220677714,-0.89062499999995,55.7687265698953));
#930=CARTESIAN_POINT('',(-45.6930352994647,-2.99999999999996,47.8800869592633));
#931=CARTESIAN_POINT('',(-45.0969194710193,-5.10937499999995,39.8077926626495));
#932=CARTESIAN_POINT('',(-42.1448844955453,-7.21874999999997,32.2710308383861));
#933=CARTESIAN_POINT('',(-37.0999368452193,-9.32812499999995,25.9412763014753));
#934=CARTESIAN_POINT('',(-30.4115474425895,-11.4375,21.3824676313434));
#935=CARTESIAN_POINT('',(-22.6756068228086,-13.5468749999999,19.0007640353231));
#936=CARTESIAN_POINT('',(-14.5813352926382,-15.65625,19.0083592935558));
#937=CARTESIAN_POINT('',(-6.84987803418683,-17.7656249999999,21.4045767195905));
#938=CARTESIAN_POINT('',(-0.170055916862369,-19.875,25.975929448595));
#939=CARTESIAN_POINT('',(4.8630038117144,-21.984375,32.3151406819152));
#940=CARTESIAN_POINT('',(7.80088936290954,-24.09375,39.8574293120443));
#941=CARTESIAN_POINT('',(8.38185488313484,-26.203125,47.9308281227297));
#942=CARTESIAN_POINT('',(6.5541402498994,-28.3125,55.8160515508601));
#943=CARTESIAN_POINT('',(2.48058255077927,-30.421875,62.8105791949562));
#944=CARTESIAN_POINT('',(-3.47589160645993,-32.5312499999999,68.2912456604696));
#945=CARTESIAN_POINT('',(-10.7846004149603,-34.640625,71.7697604074048));
#946=CARTESIAN_POINT('',(-18.7943870504085,-36.75,72.9362111550438));
#947=CARTESIAN_POINT('',(-26.7916333668929,-38.8593749999999,71.6866749828766));
#948=CARTESIAN_POINT('',(-34.0638384766215,-40.96875,68.132477164223));
#949=CARTESIAN_POINT('',(-39.9630977894588,-43.078125,62.5902728327344));
#950=CARTESIAN_POINT('',(-43.9638269565726,-45.1875,55.5538351385959));
#951=CARTESIAN_POINT('',(-45.7095879028322,-47.296875,47.6500633800875));
#952=CARTESIAN_POINT('',(-45.0448450632625,-49.40625,39.583130490239));
#953=CARTESIAN_POINT('',(-42.0288225563423,-51.5156249999999,32.0717459620831));
#954=CARTESIAN_POINT('',(-36.9302277131615,-53.625,25.7851236641252));
#955=CARTESIAN_POINT('',(-30.2033110605273,-55.734375,21.2833593832478));
#956=CARTESIAN_POINT('',(-22.4473956525781,-57.84375,18.9675300551622));
#957=CARTESIAN_POINT('',(-14.3534814154291,-59.953125,19.0439605055574));
#958=CARTESIAN_POINT('',(-6.64268169878209,-62.0624999999999,21.5058412950827));
#959=CARTESIAN_POINT('',(-0.00197692393192703,-64.1718749999999,26.1338353946218));
#960=CARTESIAN_POINT('',(4.97699075375861,-66.28125,32.5156196401595));
#961=CARTESIAN_POINT('',(7.85062878377292,-68.390625,40.0826199549824));
#962=CARTESIAN_POINT('',(8.36291533477678,-70.5,48.1606674778523));
#963=CARTESIAN_POINT('',(6.46820911876302,-72.609375,56.0300624766482));
#964=CARTESIAN_POINT('',(2.3353157230041,-74.71875,62.9896947565441));
#965=CARTESIAN_POINT('',(-3.66755183303195,-76.828125,68.4195078653698));
#966=CARTESIAN_POINT('',(-11.0055784025153,-78.9375,71.8357419553618));
#967=CARTESIAN_POINT('',(-19.0249951457142,-81.046875,72.9340335336765));
#968=CARTESIAN_POINT('',(-27.0113259388469,-83.15625,71.6165322036096));
#969=CARTESIAN_POINT('',(-34.2530423938784,-85.265625,68.0006184771766));
#970=CARTESIAN_POINT('',(-40.1049562548559,-87.375,62.4084459605448));
#971=CARTESIAN_POINT('',(-44.0457013344424,-89.484375,55.3382396333003));
#972=CARTESIAN_POINT('',(-45.7241837364815,-91.59375,47.4199073519345));
#973=CARTESIAN_POINT('',(-44.9908619620294,-93.703125,39.3589192941843));
#974=CARTESIAN_POINT('',(-41.9110700516613,-95.8125000000001,31.8734553085043));
#975=CARTESIAN_POINT('',(-36.7591967616464,-97.921875,25.6304199173106));
#976=CARTESIAN_POINT('',(-29.9942393702539,-100.03125,21.186025607088));
#977=CARTESIAN_POINT('',(-22.2189101057302,-102.140625,18.9362380348206));
#978=CARTESIAN_POINT('',(-14.1259385383135,-104.25,19.0814981496862));
#979=CARTESIAN_POINT('',(-6.43635403213774,-106.359375,21.6088642519584));
#980=CARTESIAN_POINT('',(0.164753124017693,-108.46875,26.293165011203));
#981=CARTESIAN_POINT('',(5.08926865690277,-110.578125,32.7170607191126));
#982=CARTESIAN_POINT('',(7.89845133431497,-112.6875,40.3082254485848));
#983=CARTESIAN_POINT('',(8.34202187008326,-114.796875,48.390337459579));
#984=CARTESIAN_POINT('',(6.38046108687754,-116.90625,56.243334871153));
#985=CARTESIAN_POINT('',(2.18853095540271,-119.015625,63.1675685161887));
#986=CARTESIAN_POINT('',(-3.86029606783493,-121.125,68.5461353015053));
#987=CARTESIAN_POINT('',(-11.2271088903,-123.234375,71.899842655051));
#988=CARTESIAN_POINT('',(-19.2555787358754,-125.34375,72.9298919262063));
#989=CARTESIAN_POINT('',(-27.2304052753395,-127.453125,71.5445345550268));
#990=CARTESIAN_POINT('',(-34.4411508865895,-129.5625,67.867114816608));
#991=CARTESIAN_POINT('',(-39.2778093023202,-131.3203125,63.1658284690754));
#992=CARTESIAN_POINT('',(-42.186342980953,-132.7265625,58.6740907484443));
#993=CARTESIAN_POINT('',(-43.8415786045591,-133.78125,55.0181935982673));
#994=CARTESIAN_POINT('',(-44.9323847601947,-134.8359375,51.1560122329106));
#995=CARTESIAN_POINT('',(-45.4346455307946,-135.890625,47.1743409673349));
#996=CARTESIAN_POINT('',(-45.3533021279103,-136.76953125,43.8309709245473));
#997=CARTESIAN_POINT('',(-45.0349154666883,-137.384765625,41.5166292663349));
#998=CARTESIAN_POINT('',(-44.7792065877918,-137.736328125,40.2071321734069));
#999=CARTESIAN_POINT('',(-44.626920561456,-137.912109375,39.5576300257507));
#1000=CARTESIAN_POINT('',(-44.5447255881156,-138.,39.2344183165895));
#1001=CARTESIAN_POINT('',(-43.9452922371467,132.,56.072266081984));
#1002=CARTESIAN_POINT('',(-44.073292567226,131.912109375,55.7565373598412));
#1003=CARTESIAN_POINT('',(-44.317468808702,131.736328125,55.1202860550744));
#1004=CARTESIAN_POINT('',(-44.7578254206821,131.384765625,53.8303880484379));
#1005=CARTESIAN_POINT('',(-45.4009114293299,130.76953125,51.5321768355687));
#1006=CARTESIAN_POINT('',(-45.9468363196903,129.890625,48.159592149836));
#1007=CARTESIAN_POINT('',(-45.9902661932611,128.8359375,44.0601596916215));
#1008=CARTESIAN_POINT('',(-45.2334174744223,127.4296875,38.6462583892864));
#1009=CARTESIAN_POINT('',(-42.7812831181816,125.671875,32.2069260502435));
#1010=CARTESIAN_POINT('',(-37.6890351592601,123.5625,25.6921394692228));
#1011=CARTESIAN_POINT('',(-30.9008809026986,121.453125,20.9705772628394));
#1012=CARTESIAN_POINT('',(-23.0215737067229,119.34375,18.4627947974189));
#1013=CARTESIAN_POINT('',(-14.7531137236779,117.234375,18.3922465228758));
#1014=CARTESIAN_POINT('',(-6.83216332114688,115.125,20.7652103431203));
#1015=CARTESIAN_POINT('',(0.03557357451766,113.015625,25.3702731356965));
#1016=CARTESIAN_POINT('',(5.23822790386969,110.90625,31.7971542253456));
#1017=CARTESIAN_POINT('',(8.3122781040976,108.796875,39.4732618534613));
#1018=CARTESIAN_POINT('',(8.98384697616684,106.6875,47.7147063921071));
#1019=CARTESIAN_POINT('',(7.19310224545547,104.578125,55.7872305437659));
#1020=CARTESIAN_POINT('',(3.09958723042286,102.46875,62.9716266687975));
#1021=CARTESIAN_POINT('',(-2.93199339865756,100.359375,68.6278133680762));
#1022=CARTESIAN_POINT('',(-10.3642663531154,98.2500000000001,72.2518624284577));
#1023=CARTESIAN_POINT('',(-18.5350660738704,96.1406250000001,73.5208954402608));
#1024=CARTESIAN_POINT('',(-26.7164292314653,94.0312500000001,72.3218500927996));
#1025=CARTESIAN_POINT('',(-34.179451365234,91.921875,68.7615532663272));
#1026=CARTESIAN_POINT('',(-40.2592273709088,89.8125000000001,63.1572034750899));
#1027=CARTESIAN_POINT('',(-44.4140900757912,87.7031250000001,56.0081106119855));
#1028=CARTESIAN_POINT('',(-46.2738691426517,85.59375,47.951210793557));
#1029=CARTESIAN_POINT('',(-45.6728707584206,83.4843750000001,39.704319633619));
#1030=CARTESIAN_POINT('',(-42.6646398391075,81.375,32.0021796973537));
#1031=CARTESIAN_POINT('',(-37.5171895377251,79.2656250000001,25.530999877838));
#1032=CARTESIAN_POINT('',(-30.6891230739879,77.1562500000001,20.8673187964911));
#1033=CARTESIAN_POINT('',(-22.7887752702583,75.0468750000001,18.4266390875131));
#1034=CARTESIAN_POINT('',(-14.5200140082108,72.9375000000001,18.4264089062614));
#1035=CARTESIAN_POINT('',(-6.61953033211263,70.8281250000001,20.8666487603385));
#1036=CARTESIAN_POINT('',(0.208795771045323,68.7187500000001,25.5299496825007));
#1037=CARTESIAN_POINT('',(5.35660634677666,66.609375,32.0008429081783));
#1038=CARTESIAN_POINT('',(8.36526607734108,64.5000000000001,39.7028153495332));
#1039=CARTESIAN_POINT('',(8.96672360552793,62.3906250000001,47.9496730361618));
#1040=CARTESIAN_POINT('',(7.10739310868701,60.2812500000001,56.0066763851268));
#1041=CARTESIAN_POINT('',(2.9529284353147,58.171875,63.1560005587403));
#1042=CARTESIAN_POINT('',(-3.1265355392919,56.0625000000001,68.7606888322474));
#1043=CARTESIAN_POINT('',(-10.5893594423043,53.953125,72.3214011562551));
#1044=CARTESIAN_POINT('',(-18.7706558304827,51.8437500000001,73.5209019984789));
#1045=CARTESIAN_POINT('',(-26.9415261918666,49.7343750000001,72.2523238971486));
#1046=CARTESIAN_POINT('',(-34.374000903397,47.6250000000001,68.6286886334705));
#1047=CARTESIAN_POINT('',(-40.4058964307827,45.515625,62.9728377506732));
#1048=CARTESIAN_POINT('',(-44.4998114300775,43.4062500000001,55.7886695427137));
#1049=CARTESIAN_POINT('',(-46.2910055949192,41.296875,47.7162451035782));
#1050=CARTESIAN_POINT('',(-45.6198955659665,39.1875000000001,39.4747631864248));
#1051=CARTESIAN_POINT('',(-42.5462727354705,37.0781250000001,31.7984844292687));
#1052=CARTESIAN_POINT('',(-37.3439762361525,34.9687500000001,25.3713136679691));
#1053=CARTESIAN_POINT('',(-30.4764957152779,32.8593750000001,20.7658686126975));
#1054=CARTESIAN_POINT('',(-22.5556775227504,30.7500000000001,18.3924634592031));
#1055=CARTESIAN_POINT('',(-14.28721331428,28.6406250000001,18.4625526521823));
#1056=CARTESIAN_POINT('',(-6.4077676686586,26.5312500000001,20.9698917156939));
#1057=CARTESIAN_POINT('',(0.380653774218335,24.4218750000001,25.6910935939873));
#1058=CARTESIAN_POINT('',(5.47324829684772,22.3125,32.2055309365227));
#1059=CARTESIAN_POINT('',(8.41629996064807,20.2031250000001,39.9328111673613));
#1060=CARTESIAN_POINT('',(8.94760264612784,18.0937500000001,48.1844855621807));
#1061=CARTESIAN_POINT('',(7.01982085552736,15.9843750000001,56.225385401723));
#1062=CARTESIAN_POINT('',(2.80470698747504,13.8750000000001,63.3391205627381));
#1063=CARTESIAN_POINT('',(-3.32220064718236,11.7656250000001,68.8919050622584));
#1064=CARTESIAN_POINT('',(-10.8150357644294,9.65625000000006,72.3890231282451));
#1065=CARTESIAN_POINT('',(-19.0062371235808,7.54687500000006,73.5189050493119));
#1066=CARTESIAN_POINT('',(-27.1660237463452,5.43750000000006,72.1808859415712));
#1067=CARTESIAN_POINT('',(-34.5674134962664,3.32812500000007,68.4941743131053));
#1068=CARTESIAN_POINT('',(-40.5509923001749,1.21875000000007,62.787231387234));
#1069=CARTESIAN_POINT('',(-44.5836635093916,-0.890624999999931,55.5685074155015));
#1070=CARTESIAN_POINT('',(-46.3061432275576,-2.99999999999994,47.4811421781559));
#1071=CARTESIAN_POINT('',(-45.5649700906196,-5.10937499999994,39.2456655530426));
#1072=CARTESIAN_POINT('',(-42.4261776427716,-7.21874999999994,31.5958031470207));
#1073=CARTESIAN_POINT('',(-37.1694111915597,-9.32812499999994,25.2131062766434));
#1074=CARTESIAN_POINT('',(-30.2630132908049,-11.4374999999999,20.6662303273605));
#1075=CARTESIAN_POINT('',(-22.3222975673481,-13.5468749999999,18.3602713812909));
#1076=CARTESIAN_POINT('',(-14.0547284131516,-15.6562499999999,18.5006748794356));
#1077=CARTESIAN_POINT('',(-6.19689066368498,-17.7656249999999,21.0749318139295));
#1078=CARTESIAN_POINT('',(0.551135159447943,-19.8749999999999,25.853693196552));
#1079=CARTESIAN_POINT('',(5.58814531691715,-21.9843749999999,32.4112035118519));
#1080=CARTESIAN_POINT('',(8.46537606342995,-24.09375,40.1632326715658));
#1081=CARTESIAN_POINT('',(8.92648548076212,-26.2031249999999,48.4191269881711));
#1082=CARTESIAN_POINT('',(6.93039181949526,-28.3124999999999,56.4433417757479));
#1083=CARTESIAN_POINT('',(2.65493360672705,-30.4218749999999,63.5209734370169));
#1084=CARTESIAN_POINT('',(-3.51897457122424,-32.5312499999999,69.0214525681405));
#1085=CARTESIAN_POINT('',(-11.0412789978881,-34.640625,72.4547234538016));
#1086=CARTESIAN_POINT('',(-19.2417929152031,-36.7499999999999,73.5149047371844));
#1087=CARTESIAN_POINT('',(-27.389905658548,-38.859375,72.1075413926799));
#1088=CARTESIAN_POINT('',(-34.7596751556507,-40.9687499999999,68.3580200337196));
#1089=CARTESIAN_POINT('',(-40.6945044853066,-43.078125,62.6003978083941));
#1090=CARTESIAN_POINT('',(-44.6656402492935,-45.1874999999999,55.3476401531493));
#1091=CARTESIAN_POINT('',(-46.3192809457669,-47.296875,47.2459190206563));
#1092=CARTESIAN_POINT('',(-45.508098304758,-49.4062499999999,39.0170433025133));
#1093=CARTESIAN_POINT('',(-42.3043632466572,-51.515625,31.3941505091438));
#1094=CARTESIAN_POINT('',(-36.9935070290258,-53.6249999999999,25.0563891459042));
#1095=CARTESIAN_POINT('',(-30.0486912402728,-55.7343749999999,20.5684111466266));
#1096=CARTESIAN_POINT('',(-22.0886522828058,-57.84375,18.3300651820063));
#1097=CARTESIAN_POINT('',(-13.8225761188448,-59.953125,18.5407728309051));
#1098=CARTESIAN_POINT('',(-5.98691456846533,-62.0624999999999,21.1817614582226));
#1099=CARTESIAN_POINT('',(0.720227596997163,-64.1718749999999,26.0177367304919));
#1100=CARTESIAN_POINT('',(5.70128909728105,-66.2812499999999,32.6178457592966));
#1101=CARTESIAN_POINT('',(8.51249083635168,-68.390625,40.3940631973548));
#1102=CARTESIAN_POINT('',(8.90337363668939,-70.4999999999999,48.653580344145));
#1103=CARTESIAN_POINT('',(6.8391124683723,-72.609375,56.6605297439285));
#1104=CARTESIAN_POINT('',(2.50361912514252,-74.7187499999999,63.7015460294177));
#1105=CARTESIAN_POINT('',(-3.71684308012753,-76.828125,69.149321980623));
#1106=CARTESIAN_POINT('',(-11.2680727800736,-78.9374999999999,72.5184973812747));
#1107=CARTESIAN_POINT('',(-19.4773061692321,-81.046875,73.5089013514114));
#1108=CARTESIAN_POINT('',(-27.6131557366492,-83.1562499999999,72.0322955549771));
#1109=CARTESIAN_POINT('',(-34.9507719765951,-85.2656249999999,68.2202356424099));
#1110=CARTESIAN_POINT('',(-40.8364226069376,-87.375,62.4123505265299));
#1111=CARTESIAN_POINT('',(-44.7457357209741,-89.4843749999999,55.126083729455));
#1112=CARTESIAN_POINT('',(-46.3304177993871,-91.59375,47.0105926431394));
#1113=CARTESIAN_POINT('',(-45.4492843215245,-93.7031249999999,38.7889129695018));
#1114=CARTESIAN_POINT('',(-42.1808383571169,-95.8124999999999,31.193541099773));
#1115=CARTESIAN_POINT('',(-36.8162764704801,-97.9218749999999,24.9011736100161));
#1116=CARTESIAN_POINT('',(-29.8335450641094,-100.03125,20.4724181450783));
#1117=CARTESIAN_POINT('',(-21.8547585670672,-102.140625,18.301847045956));
#1118=CARTESIAN_POINT('',(-13.5907732213312,-104.25,18.5828436065779));
#1119=CARTESIAN_POINT('',(-5.7778545690965,-106.359375,21.2903729223478));
#1120=CARTESIAN_POINT('',(0.887918857519148,-108.46875,26.1832123315951));
#1121=CARTESIAN_POINT('',(5.81267145526711,-110.578125,32.8254427341537));
#1122=CARTESIAN_POINT('',(8.55764087105723,-112.6875,40.6252860492398));
#1123=CARTESIAN_POINT('',(8.8782687886824,-114.796875,48.8878286778923));
#1124=CARTESIAN_POINT('',(6.74598939161925,-116.90625,56.8769335829773));
#1125=CARTESIAN_POINT('',(2.35077453156183,-119.015625,63.8808253385541));
#1126=CARTESIAN_POINT('',(-3.91579203254806,-121.125,69.2755038346808));
#1127=CARTESIAN_POINT('',(-11.4954000774167,-123.234375,72.5803411086246));
#1128=CARTESIAN_POINT('',(-19.7127622081106,-125.34375,73.5008923021494));
#1129=CARTESIAN_POINT('',(-27.8357490437267,-127.453125,71.9551651562949));
#1130=CARTESIAN_POINT('',(-35.1407229460758,-129.5625,68.0807889849033));
#1131=CARTESIAN_POINT('',(-40.0039654586573,-131.3203125,63.1995151083349));
#1132=CARTESIAN_POINT('',(-42.901206602514,-132.7265625,58.5638767934755));
#1133=CARTESIAN_POINT('',(-44.5319948234943,-133.78125,54.8025256934558));
#1134=CARTESIAN_POINT('',(-45.5828800143196,-134.8359375,50.8397203118686));
#1135=CARTESIAN_POINT('',(-46.0306519161175,-135.890625,46.7645097582784));
#1136=CARTESIAN_POINT('',(-45.8927759687581,-136.76953125,43.3508400736216));
#1137=CARTESIAN_POINT('',(-45.5296413265129,-137.384765625,40.9921305671604));
#1138=CARTESIAN_POINT('',(-45.2469943251755,-137.736328125,39.6587675722777));
#1139=CARTESIAN_POINT('',(-45.0808017596262,-137.912109375,38.9978452537909));
#1140=CARTESIAN_POINT('',(-44.9915490781537,-138.,38.6690556175162));
#1141=CARTESIAN_POINT('',(-44.5213654910725,132.,55.6393494999093));
#1142=CARTESIAN_POINT('',(-44.6439615017238,131.912109375,55.3164293615757));
#1143=CARTESIAN_POINT('',(-44.87705977505,131.736328125,54.6659976213704));
#1144=CARTESIAN_POINT('',(-45.2942139215822,131.384765625,53.3485883452243));
#1145=CARTESIAN_POINT('',(-45.8940354330986,130.76953125,51.0045625940868));
#1146=CARTESIAN_POINT('',(-46.3710596049181,129.890625,47.5737484962044));
#1147=CARTESIAN_POINT('',(-46.3223041415652,128.8359375,43.4175721339626));
#1148=CARTESIAN_POINT('',(-45.4326362624481,127.4296875,37.9471588083684));
#1149=CARTESIAN_POINT('',(-42.8014162611337,125.671875,31.4757331591291));
#1150=CARTESIAN_POINT('',(-37.4924638437775,123.5625,24.9875765122823));
#1151=CARTESIAN_POINT('',(-30.5051204435784,121.453125,20.3554167238174));
#1152=CARTESIAN_POINT('',(-22.4618831292343,119.34375,17.9918431681395));
#1153=CARTESIAN_POINT('',(-14.079357848998,117.234375,18.1074624751024));
#1154=CARTESIAN_POINT('',(-6.1043692275801,115.125,20.6919662084307));
#1155=CARTESIAN_POINT('',(0.752564314614604,113.015625,25.5150944775354));
#1156=CARTESIAN_POINT('',(5.88053623824665,110.90625,32.1471384347592));
#1157=CARTESIAN_POINT('',(8.82267867709101,108.796875,39.9972276902957));
#1158=CARTESIAN_POINT('',(9.31686652794389,106.6875,48.3659720224325));
#1159=CARTESIAN_POINT('',(7.31907097251673,104.578125,56.5077725778691));
#1160=CARTESIAN_POINT('',(3.0072821659881,102.46875,63.6972496550554));
#1161=CARTESIAN_POINT('',(-3.23434849384348,100.359375,69.2938691761897));
#1162=CARTESIAN_POINT('',(-10.8497336725586,98.2500000000001,72.7990099632772));
#1163=CARTESIAN_POINT('',(-19.1603937428122,96.1406250000001,73.9003875344633));
#1164=CARTESIAN_POINT('',(-27.4259047581741,94.03125,72.4998765518098));
#1165=CARTESIAN_POINT('',(-34.9098652495092,91.9218750000001,68.7222531293747));
#1166=CARTESIAN_POINT('',(-40.9455046456421,89.8125000000001,62.9040781201942));
#1167=CARTESIAN_POINT('',(-44.9950880490899,87.7031250000001,55.5637118067112));
#1168=CARTESIAN_POINT('',(-46.6978248006735,85.5937500000001,47.355131484121));
#1169=CARTESIAN_POINT('',(-45.9020125019461,83.484375,39.0096664795338));
#1170=CARTESIAN_POINT('',(-42.6785526791229,81.3750000000001,31.2708416250581));
#1171=CARTESIAN_POINT('',(-37.3146339337097,79.2656250000001,24.8281341933802));
#1172=CARTESIAN_POINT('',(-30.2881453686423,77.1562500000001,20.2555461075598));
#1173=CARTESIAN_POINT('',(-22.2250998816806,75.0468750000001,17.9604642282401));
#1174=CARTESIAN_POINT('',(-13.8438606243903,72.9375000000001,18.147364922892));
#1175=CARTESIAN_POINT('',(-5.89113967431658,70.8281250000001,20.7995965960045));
#1176=CARTESIAN_POINT('',(0.924528991587544,68.7187500000001,25.6808632343067));
#1177=CARTESIAN_POINT('',(5.99591511140923,66.6093750000001,32.356276793128));
#1178=CARTESIAN_POINT('',(8.87119227269003,64.5000000000001,40.2311027977715));
#1179=CARTESIAN_POINT('',(9.29419260851954,62.3906250000001,48.6037471872992));
#1180=CARTESIAN_POINT('',(7.22722963246342,60.2812500000001,56.7282636291074));
#1181=CARTESIAN_POINT('',(2.85445585117135,58.1718750000001,63.8808123227719));
#1182=CARTESIAN_POINT('',(-3.43454398605926,56.0625,69.4241492604768));
#1183=CARTESIAN_POINT('',(-11.0794622695799,53.9531250000001,72.864400384434));
#1184=CARTESIAN_POINT('',(-19.3991881709204,51.8437500000001,73.8950624455205));
#1185=CARTESIAN_POINT('',(-27.6524900390471,49.7343750000001,72.4243103823988));
#1186=CARTESIAN_POINT('',(-35.1040541577704,47.625,68.5831783172193));
#1187=CARTESIAN_POINT('',(-41.0899962549408,45.5156250000001,62.7138852961697));
#1188=CARTESIAN_POINT('',(-45.0770091283365,43.40625,55.3393458729266));
#1189=CARTESIAN_POINT('',(-46.7098767323967,41.2968750000001,47.1165819370465));
#1190=CARTESIAN_POINT('',(-45.8431215400444,39.1875,38.778186480237));
#1191=CARTESIAN_POINT('',(-42.553965612426,37.0781250000001,31.0670544854254));
#1192=CARTESIAN_POINT('',(-37.1354506323617,34.96875,24.6701959776559));
#1193=CARTESIAN_POINT('',(-30.0703298602899,32.8593750000001,20.1575280490752));
#1194=CARTESIAN_POINT('',(-21.9880580639208,30.7500000000001,17.9310990771097));
#1195=CARTESIAN_POINT('',(-13.6087113297448,28.6406250000001,18.1892689166835));
#1196=CARTESIAN_POINT('',(-5.67883312422078,26.5312500000001,20.9090363705575));
#1197=CARTESIAN_POINT('',(1.09507771068562,24.4218750000001,25.8480884413838));
#1198=CARTESIAN_POINT('',(6.10951125509842,22.3125000000001,32.5663887908982));
#1199=CARTESIAN_POINT('',(8.91771518818242,20.2031250000001,40.4653820196458));
#1200=CARTESIAN_POINT('',(9.26949741678072,18.0937500000001,48.8413209294782));
#1201=CARTESIAN_POINT('',(7.13351650907138,15.9843750000001,56.947965668179));
#1202=CARTESIAN_POINT('',(2.70007400546316,13.8750000000001,64.0630686839331));
#1203=CARTESIAN_POINT('',(-3.63584016941567,11.7656250000001,69.5527221271105));
#1204=CARTESIAN_POINT('',(-11.3097386537975,9.65625000000006,72.9278347784136));
#1205=CARTESIAN_POINT('',(-19.6379286781277,7.54687500000006,73.887706788761));
#1206=CARTESIAN_POINT('',(-27.8784244949111,5.43750000000006,72.3468200144711));
#1207=CARTESIAN_POINT('',(-35.2970533210472,3.32812500000006,68.4424571090011));
#1208=CARTESIAN_POINT('',(-41.2328651975598,1.21875000000006,62.5224705613584));
#1209=CARTESIAN_POINT('',(-45.1570191879027,-0.890624999999936,55.1142913776676));
#1210=CARTESIAN_POINT('',(-46.7198995504451,-2.99999999999994,46.8779385240083));
#1211=CARTESIAN_POINT('',(-45.7822641508628,-5.10937499999994,38.5472156733164));
#1212=CARTESIAN_POINT('',(-42.4276500002947,-7.21874999999994,30.864334230887));
#1213=CARTESIAN_POINT('',(-36.9549306692048,-9.32812499999995,24.5137872874569));
#1214=CARTESIAN_POINT('',(-29.8516886613351,-11.4375,20.0613658861028));
#1215=CARTESIAN_POINT('',(-21.750775090247,-13.5468749999999,17.9037508436645));
#1216=CARTESIAN_POINT('',(-13.3739268992464,-15.6562499999999,18.2331711565254));
#1217=CARTESIAN_POINT('',(-5.46746495138767,-17.7656249999999,21.020277689236));
#1218=CARTESIAN_POINT('',(1.26419814250967,-19.875,26.01675798519));
#1219=CARTESIAN_POINT('',(6.22131645229714,-21.9843749999999,32.7774592373062));
#1220=CARTESIAN_POINT('',(8.96224405926228,-24.09375,40.700048410739));
#1221=CARTESIAN_POINT('',(9.24278273865911,-26.203125,49.0786760672799));
#1222=CARTESIAN_POINT('',(7.03793837998842,-28.3125,57.1668628054578));
#1223=CARTESIAN_POINT('',(2.54414779422484,-30.421875,64.2440055572264));
#1224=CARTESIAN_POINT('',(-3.8382224855511,-32.5312499999999,69.679578477298));
#1225=CARTESIAN_POINT('',(-11.5405461709182,-34.640625,72.9893085574484));
#1226=CARTESIAN_POINT('',(-19.876597997988,-36.75,73.8783210961679));
#1227=CARTESIAN_POINT('',(-28.1036917854919,-38.859375,72.2674110523685));
#1228=CARTESIAN_POINT('',(-35.4888487810485,-40.9687499999999,68.3000996821093));
#1229=CARTESIAN_POINT('',(-41.3741011407789,-43.078125,62.3298477594617));
#1230=CARTESIAN_POINT('',(-45.2351124412153,-45.1875,54.8885645975659));
#1231=CARTESIAN_POINT('',(-46.7278925299381,-47.296875,46.6392185044313));
#1232=CARTESIAN_POINT('',(-45.7194447357934,-49.40625,38.3167707632866));
#1233=CARTESIAN_POINT('',(-42.2996149782626,-51.515625,30.6626955227956));
#1234=CARTESIAN_POINT('',(-36.7730870999961,-53.6249999999999,24.3589194347389));
#1235=CARTESIAN_POINT('',(-29.6322375845802,-55.734375,19.9670665733854));
#1236=CARTESIAN_POINT('',(-21.513268121692,-57.84375,17.8784215058126));
#1237=CARTESIAN_POINT('',(-13.1395243132235,-59.953125,18.2790684672733));
#1238=CARTESIAN_POINT('',(-5.25705044261358,-62.0624999999999,21.1333125067259));
#1239=CARTESIAN_POINT('',(1.43187805575105,-64.171875,26.1868596670258));
#1240=CARTESIAN_POINT('',(6.33132261691147,-66.2812499999999,32.9894728670922));
#1241=CARTESIAN_POINT('',(9.00477566546444,-68.3906249999999,40.9350849992554));
#1242=CARTESIAN_POINT('',(9.21405050624252,-70.5,49.3157954344526));
#1243=CARTESIAN_POINT('',(6.94050215771747,-72.609375,57.384939209632));
#1244=CARTESIAN_POINT('',(2.38668849451983,-74.7187499999999,64.4236098567409));
#1245=CARTESIAN_POINT('',(-4.04167629755953,-76.828125,69.8047091364014));
#1246=CARTESIAN_POINT('',(-11.7718681282322,-78.9375,73.048817275565));
#1247=CARTESIAN_POINT('',(-20.1151788692042,-81.046875,73.8669060465436));
#1248=CARTESIAN_POINT('',(-28.3282756187688,-83.15625,72.1860892391903));
#1249=CARTESIAN_POINT('',(-35.6794266665366,-85.265625,68.1561163322708));
#1250=CARTESIAN_POINT('',(-41.5136938699823,-87.3749999999999,62.1360308215499));
#1251=CARTESIAN_POINT('',(-45.3112832403307,-89.484375,54.6621818578744));
#1252=CARTESIAN_POINT('',(-46.7338550927986,-91.5937499999999,46.4004391432795));
#1253=CARTESIAN_POINT('',(-45.65466783813,-93.703125,38.0868684166326));
#1254=CARTESIAN_POINT('',(-42.1698698062138,-95.8125,30.4621529442786));
#1255=CARTESIAN_POINT('',(-36.5899330762212,-97.921875,24.205603620021));
#1256=CARTESIAN_POINT('',(-29.4119925013998,-100.03125,19.8746369309377));
#1257=CARTESIAN_POINT('',(-21.2755543354882,-102.140625,17.8551128954512));
#1258=CARTESIAN_POINT('',(-12.9055205243956,-104.25,18.3269575294867));
#1259=CARTESIAN_POINT('',(-5.04760481570306,-106.359375,21.2481326480255));
#1260=CARTESIAN_POINT('',(1.59810532322198,-108.46875,26.3583811845327));
#1261=CARTESIAN_POINT('',(6.43952179318761,-110.578125,33.2024143470875));
#1262=CARTESIAN_POINT('',(9.04530692991491,-112.6875,41.1704747854768));
#1263=CARTESIAN_POINT('',(9.1833028007372,-114.796875,49.5526618861024));
#1264=CARTESIAN_POINT('',(6.84121487719069,-116.90625,57.6021790926729));
#1265=CARTESIAN_POINT('',(2.22770753890026,-119.015625,64.6018686529368));
#1266=CARTESIAN_POINT('',(-4.24618705753716,-121.125,69.9281048306899));
#1267=CARTESIAN_POINT('',(-12.0036871744318,-123.234375,73.1063574645026));
#1268=CARTESIAN_POINT('',(-20.3536563559612,-125.34375,73.8534593469911));
#1269=CARTESIAN_POINT('',(-28.5521510971993,-127.453125,72.1028720946611));
#1270=CARTESIAN_POINT('',(-35.8688054950533,-129.5625,68.0104740381438));
#1271=CARTESIAN_POINT('',(-40.6877282004053,-131.3203125,62.9527422275331));
#1272=CARTESIAN_POINT('',(-43.5194668134537,-132.7265625,58.1884805958165));
#1273=CARTESIAN_POINT('',(-45.0873124253035,-133.78125,54.3390600077498));
#1274=CARTESIAN_POINT('',(-46.0628078878946,-134.8359375,50.2985689732055));
#1275=CARTESIAN_POINT('',(-46.4244425432695,-135.890625,46.1577931412032));
#1276=CARTESIAN_POINT('',(-46.2074349149535,-136.76953125,42.7008106011166));
#1277=CARTESIAN_POINT('',(-45.7859798652673,-137.384765625,40.3182358768247));
#1278=CARTESIAN_POINT('',(-45.4693123321253,-137.736328125,38.97313301164));
#1279=CARTESIAN_POINT('',(-45.2859015668949,-137.912109375,38.3069819179646));
#1280=CARTESIAN_POINT('',(-45.1879938744096,-138.,37.9757399585643));
#1281=CARTESIAN_POINT('',(-44.8879209419238,132.,55.0189341553232));
#1282=CARTESIAN_POINT('',(-45.0027719905558,131.912109375,54.6914381187481));
#1283=CARTESIAN_POINT('',(-45.2202089644983,131.736328125,54.0321446397905));
#1284=CARTESIAN_POINT('',(-45.605398767774,131.384765625,52.6981973029577));
#1285=CARTESIAN_POINT('',(-46.1477166970057,130.76953125,50.328400757858));
#1286=CARTESIAN_POINT('',(-46.5388015216558,129.890625,46.8701564439013));
#1287=CARTESIAN_POINT('',(-46.3831629422414,128.8359375,42.6968328473971));
#1288=CARTESIAN_POINT('',(-45.3491598204263,127.4296875,37.2250362515177));
#1289=CARTESIAN_POINT('',(-42.5402043408574,125.671875,30.7924925821281));
#1290=CARTESIAN_POINT('',(-37.041233281477,123.5625,24.4118672211425));
#1291=CARTESIAN_POINT('',(-29.9040750715481,121.453125,19.9385303407003));
#1292=CARTESIAN_POINT('',(-21.7645714542773,119.34375,17.7709215224957));
#1293=CARTESIAN_POINT('',(-13.3479058134563,117.234375,18.1021881857165));
#1294=CARTESIAN_POINT('',(-5.40394424810583,115.125,20.9028091829885));
#1295=CARTESIAN_POINT('',(1.35955906928357,113.015625,25.9232700232702));
#1296=CARTESIAN_POINT('',(6.34002161887292,110.90625,32.7162808546635));
#1297=CARTESIAN_POINT('',(9.0937176241861,108.796875,40.6766302205632));
#1298=CARTESIAN_POINT('',(9.3753112935173,106.6875,49.0951044647095));
#1299=CARTESIAN_POINT('',(7.15971452077359,104.578125,57.2216741329098));
#1300=CARTESIAN_POINT('',(2.64432208557023,102.46875,64.3323164932888));
#1301=CARTESIAN_POINT('',(-3.76857489966158,100.359375,69.7935211113686));
#1302=CARTESIAN_POINT('',(-11.5076304221886,98.25,73.1187313667324));
#1303=CARTESIAN_POINT('',(-19.8833466583692,96.1406250000001,74.0116933783748));
#1304=CARTESIAN_POINT('',(-28.1495035947085,94.0312500000001,72.392850233704));
#1305=CARTESIAN_POINT('',(-35.5696422148544,91.921875,68.4064299747437));
#1306=CARTESIAN_POINT('',(-41.4826780473318,89.8125000000001,62.4075958490926));
#1307=CARTESIAN_POINT('',(-45.3617993480151,87.7031250000001,54.9308036520459));
#1308=CARTESIAN_POINT('',(-46.8614024852029,85.59375,46.6421853079441));
#1309=CARTESIAN_POINT('',(-45.8478828999882,83.4843750000001,38.2802009935832));
#1310=CARTESIAN_POINT('',(-42.4115383743428,81.375,30.5898473005266));
#1311=CARTESIAN_POINT('',(-36.8585241057425,79.2656250000001,24.2562830468106));
#1312=CARTESIAN_POINT('',(-29.6835763371031,77.1562500000001,19.8437862320195));
#1313=CARTESIAN_POINT('',(-21.5259346832517,75.0468750000001,17.7454806607118));
#1314=CARTESIAN_POINT('',(-13.1123901783308,72.9375000000001,18.1483112540821));
#1315=CARTESIAN_POINT('',(-5.19253308028721,70.8281250000001,21.0163885141654));
#1316=CARTESIAN_POINT('',(1.52803058222483,68.7187500000001,26.0941860368466));
#1317=CARTESIAN_POINT('',(6.45054376378078,66.6093750000001,32.929306196775));
#1318=CARTESIAN_POINT('',(9.13644362996963,64.5000000000001,40.9127857346729));
#1319=CARTESIAN_POINT('',(9.34643455784352,62.3906250000001,49.3333502901791));
#1320=CARTESIAN_POINT('',(7.06180776732728,60.2812500000001,57.4407841660298));
#1321=CARTESIAN_POINT('',(2.4861081477616,58.1718750000001,64.512769503595));
#1322=CARTESIAN_POINT('',(-3.97300022347201,56.0625000000001,69.9192399485255));
#1323=CARTESIAN_POINT('',(-11.7400542098471,53.9531250000001,73.1785153274966));
#1324=CARTESIAN_POINT('',(-20.1230615127886,51.8437500000001,74.0002161137103));
#1325=CARTESIAN_POINT('',(-28.3751525337698,49.7343750000001,72.3111342907431));
#1326=CARTESIAN_POINT('',(-35.7611214349421,47.6250000000001,68.2617556946934));
#1327=CARTESIAN_POINT('',(-41.6229280370963,45.5156250000001,62.2128527377769));
#1328=CARTESIAN_POINT('',(-45.4383247761545,43.4062500000001,54.7033420115837));
#1329=CARTESIAN_POINT('',(-46.8673854504888,41.2968750000001,46.4022704414606));
#1330=CARTESIAN_POINT('',(-45.7827903604322,39.1875000000001,38.0492077029274));
#1331=CARTESIAN_POINT('',(-42.2811696376552,37.0781250000001,30.3883555351168));
#1332=CARTESIAN_POINT('',(-36.6744941499981,34.96875,24.1022443684776));
#1333=CARTESIAN_POINT('',(-29.4622809942752,32.8593750000001,19.7509244515267));
#1334=CARTESIAN_POINT('',(-21.2870898807971,30.7500000000001,17.7220691384659));
#1335=CARTESIAN_POINT('',(-12.8772753825873,28.6406250000001,18.1964357993388));
#1336=CARTESIAN_POINT('',(-4.98209543907002,26.5312500000001,21.1317615534443));
#1337=CARTESIAN_POINT('',(1.69504248968557,24.4218750000001,26.2665286079079));
#1338=CARTESIAN_POINT('',(6.55925029921573,22.3125,33.1432637350565));
#1339=CARTESIAN_POINT('',(9.17715977181741,20.2031250000001,41.1492960617766));
#1340=CARTESIAN_POINT('',(9.31553277156722,18.0937500000001,49.5713419258274));
#1341=CARTESIAN_POINT('',(6.9620411943563,15.9843750000001,57.6590536553118));
#1342=CARTESIAN_POINT('',(2.326365319098,13.8750000000001,64.6918705022642));
#1343=CARTESIAN_POINT('',(-4.17848729561644,11.7656250000001,70.0432157615516));
#1344=CARTESIAN_POINT('',(-11.9729780086663,9.65625000000006,73.2363205433274));
#1345=CARTESIAN_POINT('',(-20.3626700935664,7.54687500000006,73.9867006761934));
#1346=CARTESIAN_POINT('',(-28.6000983826536,5.43750000000006,72.2275023345076));
#1347=CARTESIAN_POINT('',(-35.9513633889243,3.32812500000006,68.1154582648504));
#1348=CARTESIAN_POINT('',(-41.76151681692,1.21875000000006,62.016923951886));
#1349=CARTESIAN_POINT('',(-45.5129130531575,-0.890624999999934,54.4752378073973));
#1350=CARTESIAN_POINT('',(-46.8713279105864,-2.99999999999994,46.1623133702119));
#1351=CARTESIAN_POINT('',(-45.7157357569322,-5.10937499999994,37.8187763266292));
#1352=CARTESIAN_POINT('',(-42.1490920849748,-7.21874999999994,30.1879797403912));
#1353=CARTESIAN_POINT('',(-36.4891608702316,-9.32812499999994,23.9497762916725));
#1354=CARTESIAN_POINT('',(-29.2402039368041,-11.4375,19.6599479733654));
#1355=CARTESIAN_POINT('',(-21.0480546185977,-13.5468749999999,17.7006896515916));
#1356=CARTESIAN_POINT('',(-12.6425783506822,-15.6562499999999,18.2465580723148));
#1357=CARTESIAN_POINT('',(-4.77264656532218,-17.7656249999999,21.2489200286803));
#1358=CARTESIAN_POINT('',(1.86058271857907,-19.8749999999999,26.4402852528219));
#1359=CARTESIAN_POINT('',(6.66613336165294,-21.9843749999999,33.3581380006103));
#1360=CARTESIAN_POINT('',(9.21586310542449,-24.09375,41.3861440953377));
#1361=CARTESIAN_POINT('',(9.28260816949008,-26.2031249999999,49.8090621597408));
#1362=CARTESIAN_POINT('',(6.86042201731516,-28.3125,57.8764668147365));
#1363=CARTESIAN_POINT('',(2.16510515266286,-30.421875,64.869606536189));
#1364=CARTESIAN_POINT('',(-4.38502125463511,-32.5312499999999,70.1654395841273));
#1365=CARTESIAN_POINT('',(-12.206384972884,-34.640625,73.2921428335765));
#1366=CARTESIAN_POINT('',(-20.6021550714751,-36.75,73.9711480433011));
#1367=CARTESIAN_POINT('',(-28.8243248725849,-38.8593749999999,72.1419604135178));
#1368=CARTESIAN_POINT('',(-36.1403543179197,-40.9687499999999,67.9675482658931));
#1369=CARTESIAN_POINT('',(-41.8984343636368,-43.078125,61.8198236615912));
#1370=CARTESIAN_POINT('',(-45.5855587845709,-45.1874999999999,54.2465075366827));
#1371=CARTESIAN_POINT('',(-46.873229580365,-47.296875,45.9223314486308));
#1372=CARTESIAN_POINT('',(-45.6467239390819,-49.4062499999999,37.5889235301897));
#1373=CARTESIAN_POINT('',(-42.0153152685566,-51.515625,29.9887344081441));
#1374=CARTESIAN_POINT('',(-36.3025376703139,-53.6249999999999,23.7988898433537));
#1375=CARTESIAN_POINT('',(-29.0173612259839,-55.734375,19.5708633772339));
#1376=CARTESIAN_POINT('',(-20.8088461844171,-57.8437499999999,17.6813437463188));
#1377=CARTESIAN_POINT('',(-12.4083160566232,-59.953125,18.2986744480141));
#1378=CARTESIAN_POINT('',(-4.56420160703043,-62.0625,21.3678554666123));
#1379=CARTESIAN_POINT('',(2.02463929652793,-64.1718749999999,26.6154434049742));
#1380=CARTESIAN_POINT('',(6.77118522098238,-66.28125,33.5739134530726));
#1381=CARTESIAN_POINT('',(9.25255083164652,-68.3906249999999,41.6233127057775));
#1382=CARTESIAN_POINT('',(9.24766313282059,-70.5,50.0464937992624));
#1383=CARTESIAN_POINT('',(6.75695758561389,-72.6093749999999,58.093007920318));
#1384=CARTESIAN_POINT('',(2.00233931128761,-74.71875,65.0459647509532));
#1385=CARTESIAN_POINT('',(-4.59258716336251,-76.8281249999999,70.2859025766532));
#1386=CARTESIAN_POINT('',(-12.4402582217903,-78.9375,73.3459781610037));
#1387=CARTESIAN_POINT('',(-20.8414991262263,-81.0468749999999,73.9535593398482));
#1388=CARTESIAN_POINT('',(-29.0478157868168,-83.15625,72.0545147144273));
#1389=CARTESIAN_POINT('',(-36.328080553523,-85.265625,67.8180363951278));
#1390=CARTESIAN_POINT('',(-42.0336707749511,-87.375,61.6215661217888));
#1391=CARTESIAN_POINT('',(-45.6562567164325,-89.484375,54.0171677419145));
#1392=CARTESIAN_POINT('',(-46.8730903222899,-91.59375,45.6823420329458));
#1393=CARTESIAN_POINT('',(-45.5757598980286,-93.703125,37.3596659372707));
#1394=CARTESIAN_POINT('',(-41.8798488635489,-95.8125,29.7906339484066));
#1395=CARTESIAN_POINT('',(-36.1146380474082,-97.921875,23.6495959360931));
#1396=CARTESIAN_POINT('',(-28.7937689784827,-100.03125,19.4836771060027));
#1397=CARTESIAN_POINT('',(-20.5694818785431,-102.140625,17.6640328218047));
#1398=CARTESIAN_POINT('',(-12.1745054429832,-104.25,18.352781157214));
#1399=CARTESIAN_POINT('',(-4.35677563955586,-106.359375,21.4885592654883));
#1400=CARTESIAN_POINT('',(2.18720035839696,-108.46875,26.7919903963051));
#1401=CARTESIAN_POINT('',(6.87439827975387,-110.578125,33.7905744872157));
#1402=CARTESIAN_POINT('',(9.28722029628255,-112.6875,41.8607847391562));
#1403=CARTESIAN_POINT('',(9.21070019199779,-114.796875,50.2836196770152));
#1404=CARTESIAN_POINT('',(6.65165537052292,-116.90625,58.308661294687));
#1405=CARTESIAN_POINT('',(1.83807960996755,-119.015625,65.2209324531943));
#1406=CARTESIAN_POINT('',(-4.8011701714862,-121.125,70.4045957977142));
#1407=CARTESIAN_POINT('',(-12.6745802382547,-123.234375,73.397823487312));
#1408=CARTESIAN_POINT('',(-21.0806871970407,-125.34375,73.9339326461115));
#1409=CARTESIAN_POINT('',(-29.2705465672304,-127.453125,71.9651834735066));
#1410=CARTESIAN_POINT('',(-36.5145598477644,-129.5625,67.6668890097855));
#1411=CARTESIAN_POINT('',(-41.2250094320082,-131.3203125,62.4630911539999));
#1412=CARTESIAN_POINT('',(-43.947009914554,-132.7265625,57.6050632196641));
#1413=CARTESIAN_POINT('',(-45.423001582961,-133.78125,53.698363656424));
#1414=CARTESIAN_POINT('',(-46.2991171127875,-134.8359375,49.6149503442447));
#1415=CARTESIAN_POINT('',(-46.5560806151113,-135.890625,45.4465628873675));
#1416=CARTESIAN_POINT('',(-46.2493896977334,-136.76953125,41.9798464513344));
#1417=CARTESIAN_POINT('',(-45.7649207357019,-137.384765625,39.5975411067449));
#1418=CARTESIAN_POINT('',(-45.4123296333238,-137.736328125,38.2546109473626));
#1419=CARTESIAN_POINT('',(-45.2110103359857,-137.912109375,37.5902181348166));
#1420=CARTESIAN_POINT('',(-45.1041679796945,-138.,37.2600226137123));
#1421=CARTESIAN_POINT('',(-44.9891497176975,132.,54.305470187556));
#1422=CARTESIAN_POINT('',(-45.095094231109,131.912109375,53.9767104612405));
#1423=CARTESIAN_POINT('',(-45.2946708054861,131.736328125,53.315223163816));
#1424=CARTESIAN_POINT('',(-45.644000557471,131.384765625,51.9782289576868));
#1425=CARTESIAN_POINT('',(-46.1233300439774,130.76953125,49.6066291155888));
#1426=CARTESIAN_POINT('',(-46.424520192733,129.890625,46.1559303560589));
#1427=CARTESIAN_POINT('',(-46.1635725847824,128.8359375,42.0076674189767));
#1428=CARTESIAN_POINT('',(-44.9956918550121,127.4296875,36.589827859798));
#1429=CARTESIAN_POINT('',(-42.0374099317396,125.671875,30.2612232196432));
#1430=CARTESIAN_POINT('',(-36.4040353726746,123.5625,24.0526611058319));
#1431=CARTESIAN_POINT('',(-29.1892456879449,121.453125,19.7833892822892));
#1432=CARTESIAN_POINT('',(-21.0357965596478,119.34375,17.8336678252014));
#1433=CARTESIAN_POINT('',(-12.6701144937172,117.234375,18.3772315010561));
#1434=CARTESIAN_POINT('',(-4.83752311561727,115.125,21.3656450204755));
#1435=CARTESIAN_POINT('',(1.76414568902862,113.015625,26.5326628156913));
#1436=CARTESIAN_POINT('',(6.54672778049052,110.90625,33.4179378021051));
#1437=CARTESIAN_POINT('',(9.08412719746338,108.796875,41.4080384052943));
#1438=CARTESIAN_POINT('',(9.15027872120235,106.6875,49.7911003342382));
#1439=CARTESIAN_POINT('',(6.73928869229563,104.578125,57.8202491338498));
#1440=CARTESIAN_POINT('',(2.0659601160785,102.46875,64.7801416167984));
#1441=CARTESIAN_POINT('',(-4.453344846548,100.359375,70.0506981493067));
#1442=CARTESIAN_POINT('',(-12.2377999473546,98.2500000000001,73.1623475738119));
#1443=CARTESIAN_POINT('',(-20.5938625654608,96.140625,73.8378628437413));
#1444=CARTESIAN_POINT('',(-28.7770636926265,94.0312500000001,72.0170600894715));
#1445=CARTESIAN_POINT('',(-36.0583351174524,91.921875,67.8621605966307));
#1446=CARTESIAN_POINT('',(-41.7889645020747,89.8125000000001,61.7433379800068));
#1447=CARTESIAN_POINT('',(-45.4583912907008,87.703125,54.2057382028557));
#1448=CARTESIAN_POINT('',(-46.7396942230476,85.5937500000001,45.9209107361447));
#1449=CARTESIAN_POINT('',(-45.5187178210039,83.484375,37.6269780149775));
#1450=CARTESIAN_POINT('',(-41.9042428743569,81.3750000000001,30.0628736914196));
#1451=CARTESIAN_POINT('',(-36.2182948036671,79.2656250000001,23.9025086133571));
#1452=CARTESIAN_POINT('',(-28.9674533600103,77.1562500000001,19.6947298981014));
#1453=CARTESIAN_POINT('',(-20.7977197744861,75.0468750000001,17.8144223436962));
#1454=CARTESIAN_POINT('',(-12.4369623910646,72.9375000000001,18.4291087134543));
#1455=CARTESIAN_POINT('',(-4.63006849001204,70.8281250000001,21.484024583869));
#1456=CARTESIAN_POINT('',(1.9274201615091,68.7187500000001,26.7069974866094));
#1457=CARTESIAN_POINT('',(6.65127540533241,66.6093750000001,33.632695645858));
#1458=CARTESIAN_POINT('',(9.12063349388256,64.5000000000001,41.6440859114801));
#1459=CARTESIAN_POINT('',(9.11549122096435,62.3906250000001,50.0274072648954));
#1460=CARTESIAN_POINT('',(6.63630672852706,60.2812500000001,58.0357621277907));
#1461=CARTESIAN_POINT('',(1.90395868929873,58.1718750000001,64.9556599155624));
#1462=CARTESIAN_POINT('',(-4.65993249816762,56.0625000000001,70.1705842521864));
#1463=CARTESIAN_POINT('',(-12.4705682527891,53.9531250000001,73.2159204349789));
#1464=CARTESIAN_POINT('',(-20.8320734334049,51.8437500000001,73.8203494813815));
#1465=CARTESIAN_POINT('',(-28.9994941360459,49.7343750000001,71.9300208264462));
#1466=CARTESIAN_POINT('',(-36.2451680790582,47.6250000000001,67.7133500461802));
#1467=CARTESIAN_POINT('',(-41.9235544209149,45.5156250000001,61.546014161843));
#1468=CARTESIAN_POINT('',(-45.5287471097448,43.40625,53.9774813427296));
#1469=CARTESIAN_POINT('',(-46.7395477117641,41.2968750000001,45.682056985908));
#1470=CARTESIAN_POINT('',(-45.4480820325633,39.1875000000001,37.3988076381547));
#1471=CARTESIAN_POINT('',(-41.7694109826824,37.078125,29.8657151347824));
#1472=CARTESIAN_POINT('',(-36.0312794239407,34.96875,23.7539273789635));
#1473=CARTESIAN_POINT('',(-28.7449163054135,32.8593750000001,19.6079635751457));
#1474=CARTESIAN_POINT('',(-20.5594876006472,30.7500000000001,17.7972012282934));
#1475=CARTESIAN_POINT('',(-12.2042599832299,28.6406250000001,18.4829670912234));
#1476=CARTESIAN_POINT('',(-4.42362806845079,26.5312500000001,21.6041640353968));
#1477=CARTESIAN_POINT('',(2.08920614296814,24.421875,26.8827143943653));
#1478=CARTESIAN_POINT('',(6.75399290329694,22.3125000000001,33.8483348145633));
#1479=CARTESIAN_POINT('',(9.15513106977039,20.2031250000001,41.8804353407702));
#1480=CARTESIAN_POINT('',(9.07869537266329,18.0937500000001,50.2634098094066));
#1481=CARTESIAN_POINT('',(6.5314957187718,15.9843750000001,58.250391547261));
#1482=CARTESIAN_POINT('',(1.74047047449922,13.8750000000001,65.1297941714964));
#1483=CARTESIAN_POINT('',(-4.86753221707211,11.7656250000001,70.2887091529441));
#1484=CARTESIAN_POINT('',(-12.7037837363677,9.65625000000006,73.2675118459603));
#1485=CARTESIAN_POINT('',(-21.0701267497903,7.54687500000006,73.8008109546759));
#1486=CARTESIAN_POINT('',(-29.221176334988,5.43750000000006,71.8410931134411));
#1487=CARTESIAN_POINT('',(-36.4307287668203,3.32812500000006,67.5629560083157));
#1488=CARTESIAN_POINT('',(-42.0564613875919,1.21875000000006,61.3475528969155));
#1489=CARTESIAN_POINT('',(-45.5971592380318,-0.890624999999935,53.7486344153495));
#1490=CARTESIAN_POINT('',(-46.7373699409097,-2.99999999999994,45.4432131189525));
#1491=CARTESIAN_POINT('',(-45.3755083873117,-5.10937499999994,37.171246214617));
#1492=CARTESIAN_POINT('',(-41.6329072869709,-7.21874999999994,29.6697103477865));
#1493=CARTESIAN_POINT('',(-35.8430072394543,-9.32812499999995,23.6069419374511));
#1494=CARTESIAN_POINT('',(-28.5216494181883,-11.4374999999999,19.5230928938907));
#1495=CARTESIAN_POINT('',(-20.3211175894923,-13.5468749999999,17.7820067144791));
#1496=CARTESIAN_POINT('',(-11.972024013772,-15.6562499999999,18.5388024738899));
#1497=CARTESIAN_POINT('',(-4.21821680443227,-17.7656249999999,21.7260547572851));
#1498=CARTESIAN_POINT('',(2.24949193873539,-19.8749999999999,27.0598008115277));
#1499=CARTESIAN_POINT('',(6.85487284388125,-21.9843749999999,34.0648397176377));
#1500=CARTESIAN_POINT('',(9.18761743060087,-24.0937499999999,42.1170695982824));
#1501=CARTESIAN_POINT('',(9.03989383736849,-26.203125,50.4990908997103));
#1502=CARTESIAN_POINT('',(6.42486324331592,-28.3124999999999,58.4641218695038));
#1503=CARTESIAN_POINT('',(1.57550729564056,-30.421875,65.3025317907029));
#1504=CARTESIAN_POINT('',(-5.07612898900841,-32.5312499999999,70.4050643084164));
#1505=CARTESIAN_POINT('',(-12.9374295312329,-34.640625,73.3171180755094));
#1506=CARTESIAN_POINT('',(-21.308005297871,-36.7499999999999,73.77924867671));
#1507=CARTESIAN_POINT('',(-29.442094256715,-38.859375,71.7502833819819));
#1508=CARTESIAN_POINT('',(-36.6150037604209,-40.9687499999999,67.410989359995));
#1509=CARTESIAN_POINT('',(-42.1876757898661,-43.078125,61.147968538552));
#1510=CARTESIAN_POINT('',(-45.6636227277867,-45.1874999999999,53.5192139716275));
#1511=CARTESIAN_POINT('',(-46.7331610679876,-47.2968749999999,45.2043964092006));
#1512=CARTESIAN_POINT('',(-45.3010021339969,-49.40625,36.9443102023023));
#1513=CARTESIAN_POINT('',(-41.4947416595896,-51.5156249999999,29.4748735061012));
#1514=CARTESIAN_POINT('',(-35.6534918666293,-53.6249999999999,23.461562919257));
#1515=CARTESIAN_POINT('',(-28.297668845681,-55.7343749999999,19.4401239924446));
#1516=CARTESIAN_POINT('',(-20.0826269806721,-57.84375,17.7688399011669));
#1517=CARTESIAN_POINT('',(-11.7402712787066,-59.953125,18.5966108232682));
#1518=CARTESIAN_POINT('',(-4.01384955393084,-62.0625,21.8496879340222));
#1519=CARTESIAN_POINT('',(2.40826595645022,-64.1718749999999,27.2382439306629));
#1520=CARTESIAN_POINT('',(6.95390793113945,-66.2812499999999,34.2821946967845));
#1521=CARTESIAN_POINT('',(9.2180902268601,-68.390625,42.3539715698988));
#1522=CARTESIAN_POINT('',(8.99908942132647,-70.4999999999999,50.7344334906273));
#1523=CARTESIAN_POINT('',(6.31641701414652,-72.609375,58.6769376368871));
#1524=CARTESIAN_POINT('',(1.40908108336744,-74.7187499999999,65.4738602802664));
#1525=CARTESIAN_POINT('',(-5.28570772762214,-76.8281249999999,70.5196413034437));
#1526=CARTESIAN_POINT('',(-13.1714887394018,-78.9375,73.3647355359505));
#1527=CARTESIAN_POINT('',(-21.5456918735407,-81.046875,73.7556642069342));
#1528=CARTESIAN_POINT('',(-29.6622319237656,-83.1562499999999,71.6575981997064));
#1529=CARTESIAN_POINT('',(-36.7979797325259,-85.265625,67.2574610919137));
#1530=CARTESIAN_POINT('',(-42.3171881379104,-87.3749999999999,60.9472755213042));
#1531=CARTESIAN_POINT('',(-45.7281327721659,-89.484375,53.2892366039534));
#1532=CARTESIAN_POINT('',(-46.7269213973962,-91.5937499999999,44.9656241286092));
#1533=CARTESIAN_POINT('',(-45.2245686611406,-93.703125,36.7180160139213));
#1534=CARTESIAN_POINT('',(-41.354924093099,-95.8125,29.2812187009224));
#1535=CARTESIAN_POINT('',(-35.4627470117998,-97.921875,23.3178008386389));
#1536=CARTESIAN_POINT('',(-28.0729907868532,-100.03125,19.3590628713722));
#1537=CARTESIAN_POINT('',(-19.844033022559,-102.140625,17.757701740623));
#1538=CARTESIAN_POINT('',(-11.5090185391077,-104.25,18.6563879584744));
#1539=CARTESIAN_POINT('',(-3.81054109739598,-106.359375,21.9750546241014));
#1540=CARTESIAN_POINT('',(2.56551671303083,-108.46875,27.4180308461311));
#1541=CARTESIAN_POINT('',(7.05109100276363,-110.578125,34.5003840325439));
#1542=CARTESIAN_POINT('',(9.24654725386423,-112.6875,42.5911241209485));
#1543=CARTESIAN_POINT('',(8.95628507861666,-114.796875,50.9694205659233));
#1544=CARTESIAN_POINT('',(6.2061648633098,-116.90625,58.888823441258));
#1545=CARTESIAN_POINT('',(1.24120391562454,-119.015625,65.6437673113791));
#1546=CARTESIAN_POINT('',(-5.4962534303843,-121.125,70.6324316193577));
#1547=CARTESIAN_POINT('',(-13.4059438550846,-123.234375,73.4103616496791));
#1548=CARTESIAN_POINT('',(-21.7831714433763,-125.34375,73.730056018215));
#1549=CARTESIAN_POINT('',(-29.8815653658186,-127.453125,71.5630563349941));
#1550=CARTESIAN_POINT('',(-36.9796734901143,-129.5625,67.1023372801298));
#1551=CARTESIAN_POINT('',(-41.5340097090513,-131.3203125,61.805103217612));
#1552=CARTESIAN_POINT('',(-44.1187424664394,-132.7265625,56.9024417933484));
#1553=CARTESIAN_POINT('',(-45.4879524011236,-133.78125,52.9779745834982));
#1554=CARTESIAN_POINT('',(-46.2558271968881,-134.8359375,48.8929375584764));
#1555=CARTESIAN_POINT('',(-46.4055206851007,-135.890625,44.7390964475949));
#1556=CARTESIAN_POINT('',(-46.0122482696759,-136.76953125,41.2977075709236));
#1557=CARTESIAN_POINT('',(-45.4696651865493,-137.384765625,38.939765613698));
#1558=CARTESIAN_POINT('',(-45.0847165283102,-137.736328125,37.6125902014053));
#1559=CARTESIAN_POINT('',(-44.8675247891175,-137.912109375,36.9566751635887));
#1560=CARTESIAN_POINT('',(-44.7528283444208,-138.,36.6308655911556));
#1561=CARTESIAN_POINT('',(-44.8096454227639,132.,53.6075766648577));
#1562=CARTESIAN_POINT('',(-44.9068777750762,131.912109375,53.281057783091));
#1563=CARTESIAN_POINT('',(-45.0891139475528,131.736328125,52.6243784571183));
#1564=CARTESIAN_POINT('',(-45.4041473268269,131.384765625,51.2982921917561));
#1565=CARTESIAN_POINT('',(-45.8245929390461,130.76953125,48.949130664606));
#1566=CARTESIAN_POINT('',(-46.0456186786341,129.890625,45.5398038878371));
#1567=CARTESIAN_POINT('',(-45.6969683030073,128.8359375,41.4549935435302));
#1568=CARTESIAN_POINT('',(-44.4260488864951,127.4296875,36.1382359666451));
#1569=CARTESIAN_POINT('',(-41.3695824513852,125.671875,29.9628026373356));
#1570=CARTESIAN_POINT('',(-35.6778800950937,123.5625,23.9646397720266));
#1571=CARTESIAN_POINT('',(-28.4694595931113,121.453125,19.9136075892091));
#1572=CARTESIAN_POINT('',(-20.3865073679516,119.34375,18.1705246571002));
#1573=CARTESIAN_POINT('',(-12.1491696098822,117.234375,18.8907150553576));
#1574=CARTESIAN_POINT('',(-4.49133519946794,115.125,22.0100073972553));
#1575=CARTESIAN_POINT('',(1.90473361395304,113.015625,27.2504956498541));
#1576=CARTESIAN_POINT('',(6.46919027710772,110.90625,34.1452870159069));
#1577=CARTESIAN_POINT('',(8.79537233557516,108.796875,42.0801020725293));
#1578=CARTESIAN_POINT('',(8.67603261807946,106.6875,50.3480021000656));
#1579=CARTESIAN_POINT('',(6.12180348771609,104.578125,58.212372794488));
#1580=CARTESIAN_POINT('',(1.36024959092785,102.46875,64.9725515900264));
#1581=CARTESIAN_POINT('',(-5.18440662840159,100.359375,70.0262519999228));
#1582=CARTESIAN_POINT('',(-12.9290802954832,98.25,72.9232232893957));
#1583=CARTESIAN_POINT('',(-21.183773047764,96.1406250000001,73.4053647905951));
#1584=CARTESIAN_POINT('',(-29.2130472506212,94.0312500000001,71.4297209367967));
#1585=CARTESIAN_POINT('',(-36.3015485468855,91.921875,67.1723083147254));
#1586=CARTESIAN_POINT('',(-41.8177391213104,89.8125000000001,61.012433769871));
#1587=CARTESIAN_POINT('',(-45.2701634745938,87.7031250000001,53.4989007163356));
#1588=CARTESIAN_POINT('',(-46.3512338047098,85.5937500000001,45.3011144417937));
#1589=CARTESIAN_POINT('',(-44.9646340124047,83.4843750000001,37.1494425962339));
#1590=CARTESIAN_POINT('',(-41.2339008181859,81.375,29.7701443440098));
#1591=CARTESIAN_POINT('',(-35.4914174709628,79.2656250000001,23.8206655543531));
#1592=CARTESIAN_POINT('',(-28.2488006349094,77.1562500000001,19.831064793896));
#1593=CARTESIAN_POINT('',(-20.1513187838749,75.0468750000001,18.156788671543));
#1594=CARTESIAN_POINT('',(-11.9204031179766,72.9375000000001,18.9470039349936));
#1595=CARTESIAN_POINT('',(-4.28937289326999,70.8281250000001,22.1313077162515));
#1596=CARTESIAN_POINT('',(2.06189839445597,68.7187500000001,27.4259999539));
#1597=CARTESIAN_POINT('',(6.56755516791666,66.6093750000001,34.3593591614919));
#1598=CARTESIAN_POINT('',(8.82617369647467,64.5000000000001,42.3136696409844));
#1599=CARTESIAN_POINT('',(8.63652625209874,62.3906250000001,50.5802557990402));
#1600=CARTESIAN_POINT('',(6.01550914723625,60.2812500000001,58.4226203785362));
#1601=CARTESIAN_POINT('',(1.19663738695663,58.1718750000001,65.142061413302));
#1602=CARTESIAN_POINT('',(-5.39075994827029,56.0625000000001,70.1399218764974));
#1603=CARTESIAN_POINT('',(-13.1597900376089,53.9531250000001,72.9709259974171));
#1604=CARTESIAN_POINT('',(-21.418284524994,51.8437500000001,73.3828503394346));
#1605=CARTESIAN_POINT('',(-29.430467066766,49.7343750000001,71.3389952127093));
#1606=CARTESIAN_POINT('',(-36.4825060578637,47.6250000000001,67.0214543698511));
#1607=CARTESIAN_POINT('',(-41.9461122293252,45.5156250000001,60.8148916766286));
#1608=CARTESIAN_POINT('',(-45.3345149986686,43.4062500000001,53.2722701473184));
#1609=CARTESIAN_POINT('',(-46.3458304566331,41.2968750000001,45.0655866572478));
#1610=CARTESIAN_POINT('',(-44.8899571941675,39.1875000000001,36.9260015384985));
#1611=CARTESIAN_POINT('',(-41.0966037323019,37.0781250000001,29.5786971093174));
#1612=CARTESIAN_POINT('',(-35.3037323648464,34.9687500000001,23.678268804369));
#1613=CARTESIAN_POINT('',(-28.0274489898614,32.8593750000001,19.7504051218267));
#1614=CARTESIAN_POINT('',(-19.9160215435015,30.7500000000001,18.1450523119599));
#1615=CARTESIAN_POINT('',(-11.6921236846815,28.6406250000001,19.0052365186415));
#1616=CARTESIAN_POINT('',(-4.08844943002297,26.5312500000001,22.2543211113778));
#1617=CARTESIAN_POINT('',(2.21756495772585,24.4218750000001,27.6028344939185));
#1618=CARTESIAN_POINT('',(6.66409598684194,22.3125000000001,34.5742600776024));
#1619=CARTESIAN_POINT('',(8.85498763305472,20.2031250000001,42.5474907061658));
#1620=CARTESIAN_POINT('',(8.59504617827715,18.0937500000001,50.8121651281745));
#1621=CARTESIAN_POINT('',(5.90743065875339,15.9843750000001,58.6319564093365));
#1622=CARTESIAN_POINT('',(1.03158955061247,13.8750000000001,65.3101737126198));
#1623=CARTESIAN_POINT('',(-5.59807247974094,11.7656250000001,70.2518327685469));
#1624=CARTESIAN_POINT('',(-13.3908971112451,9.65625000000006,73.0166649740024));
#1625=CARTESIAN_POINT('',(-21.652596054081,7.54687500000006,73.3583423652083));
#1626=CARTESIAN_POINT('',(-29.647107469149,5.43750000000006,71.2464237834275));
#1627=CARTESIAN_POINT('',(-36.6621741299876,3.32812500000006,66.8690669775804));
#1628=CARTESIAN_POINT('',(-42.072800753727,1.21875000000006,60.6162650136433));
#1629=CARTESIAN_POINT('',(-45.3969368794485,-0.890624999999936,53.0451005140841));
#1630=CARTESIAN_POINT('',(-46.3384243238249,-2.99999999999994,44.8301133410083));
#1631=CARTESIAN_POINT('',(-44.8133828844197,-5.10937499999994,36.7032036288358));
#1632=CARTESIAN_POINT('',(-40.957683501865,-7.21874999999994,29.3884244022903));
#1633=CARTESIAN_POINT('',(-35.114843072405,-9.32812499999995,23.5374733191261));
#1634=CARTESIAN_POINT('',(-27.8054194016222,-11.4375,19.6716307896486));
#1635=CARTESIAN_POINT('',(-19.6806330032513,-13.5468749999999,18.1353173963077));
#1636=CARTESIAN_POINT('',(-11.4643477290313,-15.6562499999999,19.0654083350597));
#1637=CARTESIAN_POINT('',(-3.88857936546602,-17.7656249999999,22.3790387555103));
#1638=CARTESIAN_POINT('',(2.37172205200073,-19.8749999999999,27.7809864620489));
#1639=CARTESIAN_POINT('',(6.75880575000777,-21.9843749999999,34.78997422694));
#1640=CARTESIAN_POINT('',(8.8818120618714,-24.09375,42.7815483560788));
#1641=CARTESIAN_POINT('',(8.55159539645523,-26.203125,51.0437133154335));
#1642=CARTESIAN_POINT('',(5.79757583886941,-28.3124999999999,58.8403657469679));
#1643=CARTESIAN_POINT('',(0.865118018652086,-30.421875,65.4768763296086));
#1644=CARTESIAN_POINT('',(-5.80632922933067,-32.5312499999999,70.3619765823243));
#1645=CARTESIAN_POINT('',(-13.6223848020207,-34.640625,73.0604369111704));
#1646=CARTESIAN_POINT('',(-21.8866906888965,-36.7499999999999,73.3318426404073));
#1647=CARTESIAN_POINT('',(-29.8629527896707,-38.859375,71.1520133440018));
#1648=CARTESIAN_POINT('',(-36.8405397691115,-40.9687499999999,66.7151571590368));
#1649=CARTESIAN_POINT('',(-42.1977955320129,-43.0781249999999,60.416568146205));
#1650=CARTESIAN_POINT('',(-45.4574246023914,-45.1875,52.8174082462376));
#1651=CARTESIAN_POINT('',(-46.3290159419199,-47.296875,44.594711523229));
#1652=CARTESIAN_POINT('',(-44.7349166212493,-49.4062499999999,36.4810649806715));
#1653=CARTESIAN_POINT('',(-40.8171501740138,-51.515625,29.1993399840363));
#1654=CARTESIAN_POINT('',(-34.9247632546914,-53.6249999999999,23.3982892813852));
#1655=CARTESIAN_POINT('',(-27.5827279280528,-55.734375,19.5947474945631));
#1656=CARTESIAN_POINT('',(-19.4451701871458,-57.8437499999999,18.1275846286454));
#1657=CARTESIAN_POINT('',(-11.2370917244799,-59.953125,19.1275150324384));
#1658=CARTESIAN_POINT('',(-3.68977715481688,-62.0625,22.5054516286859));
#1659=CARTESIAN_POINT('',(2.52435852816645,-64.1718749999999,27.9604429737935));
#1660=CARTESIAN_POINT('',(6.85167760771437,-66.2812499999999,35.0064860083981));
#1661=CARTESIAN_POINT('',(8.90664504289927,-68.390625,43.0158256629541));
#1662=CARTESIAN_POINT('',(8.50617704912715,-70.4999999999999,51.2748836145419));
#1663=CARTESIAN_POINT('',(5.68595263262122,-72.609375,59.0478333186284));
#1664=CARTESIAN_POINT('',(0.697234830808912,-74.7187499999999,65.6421572078225));
#1665=CARTESIAN_POINT('',(-6.0155151352765,-76.828125,70.4703453518932));
#1666=CARTESIAN_POINT('',(-13.8542363680338,-78.9374999999999,73.1022386431997));
#1667=CARTESIAN_POINT('',(-22.1205514989983,-81.0468749999999,73.3033530815734));
#1668=CARTESIAN_POINT('',(-30.077987417736,-83.15625,71.0557707224841));
#1669=CARTESIAN_POINT('',(-37.0175900752837,-85.2656249999999,66.5597360454518));
#1670=CARTESIAN_POINT('',(-42.3210875241781,-87.375,60.2158155170024));
#1671=CARTESIAN_POINT('',(-45.5159737928396,-89.4843749999999,52.5892098111821));
#1672=CARTESIAN_POINT('',(-46.3176059913609,-91.5937499999999,44.3593982288914));
#1673=CARTESIAN_POINT('',(-44.6545640795783,-93.703125,36.2596016597564));
#1674=CARTESIAN_POINT('',(-40.6750139125479,-95.8125,29.0114575297182));
#1675=CARTESIAN_POINT('',(-34.7335066588619,-97.921875,23.260726757364));
#1676=CARTESIAN_POINT('',(-27.3593906748831,-100.03125,19.5197607970053));
#1677=CARTESIAN_POINT('',(-19.2096501245782,-102.140625,18.1218545682322));
#1678=CARTESIAN_POINT('',(-11.0103721068836,-104.25,19.1915521190241));
#1679=CARTESIAN_POINT('',(-3.49205717604509,-106.359375,22.6335505883616));
#1680=CARTESIAN_POINT('',(2.67546334702978,-108.46875,28.1411910502209));
#1681=CARTESIAN_POINT('',(6.94270484338752,-110.578125,35.2237797634995));
#1682=CARTESIAN_POINT('',(8.9294847793805,-112.6875,43.2503056819434));
#1683=CARTESIAN_POINT('',(8.45879442392636,-114.796875,51.5056593110221));
#1684=CARTESIAN_POINT('',(5.57256910234533,-116.90625,59.2543441029502));
#1685=CARTESIAN_POINT('',(0.527952168454021,-119.015625,65.8060044558839));
#1686=CARTESIAN_POINT('',(-6.22561521619583,-121.125,70.5769310074026));
#1687=CARTESIAN_POINT('',(-14.0864344902694,-123.234375,73.1420680137707));
#1688=CARTESIAN_POINT('',(-22.3541636264731,-125.34375,73.2728725138102));
#1689=CARTESIAN_POINT('',(-30.2921881297052,-127.453125,70.9577149539212));
#1690=CARTESIAN_POINT('',(-37.1933408747703,-129.5625,66.4027698147644));
#1691=CARTESIAN_POINT('',(-41.5676909463775,-131.3203125,61.0789531532629));
#1692=CARTESIAN_POINT('',(-44.0085244431733,-132.7265625,56.1875851776587));
#1693=CARTESIAN_POINT('',(-45.2722815191021,-133.78125,52.2875658992002));
#1694=CARTESIAN_POINT('',(-45.9395334564798,-134.8359375,48.2424501989145));
#1695=CARTESIAN_POINT('',(-45.9956888552551,-135.890625,44.1430981399519));
#1696=CARTESIAN_POINT('',(-45.5321178083648,-136.76953125,40.7582418095753));
#1697=CARTESIAN_POINT('',(-44.9451675784776,-137.384765625,38.4450477554794));
#1698=CARTESIAN_POINT('',(-44.5363534157951,-137.736328125,37.1448103987334));
#1699=CARTESIAN_POINT('',(-44.3077417031358,-137.912109375,36.5028018592631));
#1700=CARTESIAN_POINT('',(-44.1874674295904,-138.,36.1840499726886));
#1701=CARTESIAN_POINT('',(-44.3767210148984,132.,53.031501435545));
#1702=CARTESIAN_POINT('',(-44.4667619263601,131.912109375,52.7103869708997));
#1703=CARTESIAN_POINT('',(-44.6348176177375,131.736328125,52.0647858093871));
#1704=CARTESIAN_POINT('',(-44.9223396509475,131.384765625,50.7619024052377));
#1705=CARTESIAN_POINT('',(-45.2969706299515,130.76953125,48.4560060746005));
#1706=CARTESIAN_POINT('',(-45.4597669345859,129.890625,45.1155810265297));
#1707=CARTESIAN_POINT('',(-45.0543728088794,128.8359375,41.1229572217959));
#1708=CARTESIAN_POINT('',(-43.7269418109307,127.4296875,35.9390203603609));
#1709=CARTESIAN_POINT('',(-40.6383830457532,125.671875,29.9426744627606));
#1710=CARTESIAN_POINT('',(-34.9733123802243,123.5625,24.1612177572866));
#1711=CARTESIAN_POINT('',(-27.8542964766393,121.453125,20.3093758252514));
#1712=CARTESIAN_POINT('',(-19.915555571337,119.34375,18.7302234257904));
#1713=CARTESIAN_POINT('',(-11.8643878197963,117.234375,19.564478805736));
#1714=CARTESIAN_POINT('',(-4.41809554634393,115.125,22.737808349346));
#1715=CARTESIAN_POINT('',(1.75990596594802,113.015625,27.967491620252));
#1716=CARTESIAN_POINT('',(6.11919849876426,110.90625,34.7875984863772));
#1717=CARTESIAN_POINT('',(8.27139834138809,108.796875,42.5905034080036));
#1718=CARTESIAN_POINT('',(8.02475896874374,106.6875,50.6810199727791));
#1719=CARTESIAN_POINT('',(5.40125428738499,104.578125,58.3383375505347));
#1720=CARTESIAN_POINT('',(0.63462092968715,102.46875,64.8802406164166));
#1721=CARTESIAN_POINT('',(-5.85046611465007,100.359375,69.7238895838694));
#1722=CARTESIAN_POINT('',(-13.4762291838927,98.2500000000002,72.4377478896323));
#1723=CARTESIAN_POINT('',(-21.5632640504158,96.140625,72.7800290017828));
#1724=CARTESIAN_POINT('',(-29.3910702701897,94.0312500000002,70.720237974093));
#1725=CARTESIAN_POINT('',(-36.2622429290314,91.921875,66.4418883408281));
#1726=CARTESIAN_POINT('',(-41.564606732365,89.8125000000001,60.3261522944326));
#1727=CARTESIAN_POINT('',(-44.8257567088079,87.7031250000001,52.9179008055035));
#1728=CARTESIAN_POINT('',(-45.7551463175285,85.59375,44.8771592820314));
#1729=CARTESIAN_POINT('',(-44.2699731919227,83.4843750000001,36.9203037423692));
#1730=CARTESIAN_POINT('',(-40.5025562738663,81.375,29.7562365276073));
#1731=CARTESIAN_POINT('',(-34.7885470854677,79.2656250000001,24.0232278683632));
#1732=CARTESIAN_POINT('',(-27.6370254347583,77.1562500000001,20.2320502978027));
#1733=CARTESIAN_POINT('',(-19.6851438269325,75.0468750000001,18.7204722524489));
#1734=CARTESIAN_POINT('',(-11.6413614591898,72.9375000000001,19.6231651750278));
#1735=CARTESIAN_POINT('',(-4.22232526866577,70.8281250000001,22.8597051942113));
#1736=CARTESIAN_POINT('',(1.91097849223219,68.7187500000001,28.141738350925));
#1737=CARTESIAN_POINT('',(6.21211368764085,66.6093750000001,34.9986709977365));
#1738=CARTESIAN_POINT('',(8.29787808469431,64.5000000000001,42.8195965294148));
#1739=CARTESIAN_POINT('',(7.98244409652013,62.3906250000001,50.9077230548335));
#1740=CARTESIAN_POINT('',(5.29391477105719,60.2812500000001,58.5424528704985));
#1741=CARTESIAN_POINT('',(0.4718199984003,58.1718750000001,65.0435828719359));
#1742=CARTESIAN_POINT('',(-6.05422399224342,56.0625000000001,69.8319060778475));
#1743=CARTESIAN_POINT('',(-13.702790550612,53.9531250000001,72.4808150786023));
#1744=CARTESIAN_POINT('',(-21.792443811471,51.8437500000001,72.7543098887028));
#1745=CARTESIAN_POINT('',(-29.6024500494615,49.7343750000001,70.6280239590526));
#1746=CARTESIAN_POINT('',(-36.4369902091217,47.6250000000001,66.2913950726865));
#1747=CARTESIAN_POINT('',(-41.6871527053025,45.5156250000001,60.1307877117365));
#1748=CARTESIAN_POINT('',(-44.8851833521805,43.4062500000001,52.6950705792941));
#1749=CARTESIAN_POINT('',(-45.7461591168892,41.296875,44.6467160875572));
#1750=CARTESIAN_POINT('',(-44.1933728464345,39.1875,36.7027785191736));
#1751=CARTESIAN_POINT('',(-40.3651673593906,37.0781250000001,29.5710093108326));
#1752=CARTESIAN_POINT('',(-34.6026100307292,34.96875,23.8868011578905));
#1753=CARTESIAN_POINT('',(-27.4191059814308,32.8593750000001,20.1565787964498));
#1754=CARTESIAN_POINT('',(-19.4546571334116,30.7500000000001,18.712679963652));
#1755=CARTESIAN_POINT('',(-11.4188423404922,28.6406250000001,19.6837463393377));
#1756=CARTESIAN_POINT('',(-4.02759868245245,26.53125,22.9832624371258));
#1757=CARTESIAN_POINT('',(2.06056371611929,24.4218750000001,28.317263552676));
#1758=CARTESIAN_POINT('',(6.30323051129328,22.3125000000001,35.2105260427618));
#1759=CARTESIAN_POINT('',(8.32240861162921,20.2031250000001,43.0489065573319));
#1760=CARTESIAN_POINT('',(7.93820282168658,18.09375,51.1340580836208));
#1761=CARTESIAN_POINT('',(5.18484329464432,15.9843750000001,58.7456479705584));
#1762=CARTESIAN_POINT('',(0.307635855757683,13.8750000000001,65.2055347257685));
#1763=CARTESIAN_POINT('',(-6.25889309768394,11.7656250000001,69.9381858639479));
#1764=CARTESIAN_POINT('',(-13.9297099773791,9.65625000000005,72.5219539824612));
#1765=CARTESIAN_POINT('',(-22.0213965640359,7.54687500000007,72.7266427105304));
#1766=CARTESIAN_POINT('',(-29.8130379766347,5.43750000000005,70.5340156584397));
#1767=CARTESIAN_POINT('',(-36.6104513422035,3.32812500000006,66.1394211572765));
#1768=CARTESIAN_POINT('',(-41.8080328233743,1.21875000000007,59.9343880357948));
#1769=CARTESIAN_POINT('',(-44.9427128493012,-0.89062499999993,52.4717430337109));
#1770=CARTESIAN_POINT('',(-45.7352125015893,-2.99999999999994,44.4163576553938));
#1771=CARTESIAN_POINT('',(-44.1149253885525,-5.10937499999993,36.4859125882242));
#1772=CARTESIAN_POINT('',(-40.2262082000843,-7.21874999999995,29.3869571777284));
#1773=CARTESIAN_POINT('',(-34.4155194969837,-9.32812499999994,23.7519606304596));
#1774=CARTESIAN_POINT('',(-27.2005525821445,-11.4375,20.0829632592618));
#1775=CARTESIAN_POINT('',(-19.2241125073033,-13.5468749999999,18.7068480662131));
#1776=CARTESIAN_POINT('',(-11.1968464639845,-15.6562499999999,19.7462176645063));
#1777=CARTESIAN_POINT('',(-3.83392989584193,-17.765625,23.1084712097739));
#1778=CARTESIAN_POINT('',(2.20865082582275,-19.8749999999999,28.4940545128378));
#1779=CARTESIAN_POINT('',(6.39254237808447,-21.9843749999999,35.4231483043078));
#1780=CARTESIAN_POINT('',(8.34498814854927,-24.09375,43.2784169060482));
#1781=CARTESIAN_POINT('',(7.89203834377907,-26.203125,51.3600086902469));
#1782=CARTESIAN_POINT('',(5.07404774656507,-28.3125,58.9479081549269));
#1783=CARTESIAN_POINT('',(0.142080376050809,-30.4218749999999,65.3660844650844));
#1784=CARTESIAN_POINT('',(-6.46445862866934,-32.5312499999999,70.0427212556823));
#1785=CARTESIAN_POINT('',(-14.1569710526864,-34.640625,72.5611616259194));
#1786=CARTESIAN_POINT('',(-22.2501057495449,-36.75,72.6970294682401));
#1787=CARTESIAN_POINT('',(-30.0228188213432,-38.859375,70.4382198712238));
#1788=CARTESIAN_POINT('',(-36.7826137830358,-40.9687499999999,65.9859775858175));
#1789=CARTESIAN_POINT('',(-41.927238344159,-43.078125,59.7369674708347));
#1790=CARTESIAN_POINT('',(-44.9983410394602,-45.1875,52.2479343204873));
#1791=CARTESIAN_POINT('',(-45.7223072633218,-47.296875,44.1861006457712));
#1792=CARTESIAN_POINT('',(-44.0346364918366,-49.40625,36.2697216339278));
#1793=CARTESIAN_POINT('',(-40.0856888459012,-51.5156249999999,29.2040934395115));
#1794=CARTESIAN_POINT('',(-34.227289015192,-53.625,23.6187160381503));
#1795=CARTESIAN_POINT('',(-26.9813810433519,-55.7343749999999,20.0112090103406));
#1796=CARTESIAN_POINT('',(-18.9935266223024,-57.84375,18.7029769819128));
#1797=CARTESIAN_POINT('',(-10.9753898850877,-59.9531249999999,19.8105746324163));
#1798=CARTESIAN_POINT('',(-3.64133291555649,-62.0625,23.2353224566724));
#1799=CARTESIAN_POINT('',(2.35522911122838,-64.1718749999999,28.6720984453451));
#1800=CARTESIAN_POINT('',(6.48004282870698,-66.28125,35.6365224048827));
#1801=CARTESIAN_POINT('',(8.36561506243265,-68.3906249999999,43.5081109766691));
#1802=CARTESIAN_POINT('',(7.84395400155468,-70.5,51.5855585332705));
#1803=CARTESIAN_POINT('',(4.96153613989275,-72.609375,59.1492187955277));
#1804=CARTESIAN_POINT('',(-0.0248344672386649,-74.71875,65.5252204784331));
#1805=CARTESIAN_POINT('',(-6.67090571807382,-76.8281249999999,70.1455046927328));
#1806=CARTESIAN_POINT('',(-14.3845573403135,-78.9375,72.5984351733591));
#1807=CARTESIAN_POINT('',(-22.4785548270485,-81.046875,72.6654723035527));
#1808=CARTESIAN_POINT('',(-30.2317774115936,-83.1562499999999,70.3406435256496));
#1809=CARTESIAN_POINT('',(-36.9534650803015,-85.2656250000001,65.8310754558206));
#1810=CARTESIAN_POINT('',(-42.0447606463488,-87.3749999999999,59.538540294916));
#1811=CARTESIAN_POINT('',(-45.0520638994559,-89.484375,52.0236606261558));
#1812=CARTESIAN_POINT('',(-45.7074443354331,-91.59375,43.9559617115822));
#1813=CARTESIAN_POINT('',(-43.9525119630271,-93.703125,36.0542212918798));
#1814=CARTESIAN_POINT('',(-39.9436194596306,-95.8125,29.0224313214461));
#1815=CARTESIAN_POINT('',(-34.0379321987611,-97.921875,23.4870770176214));
#1816=CARTESIAN_POINT('',(-26.7616072162103,-100.03125,19.9413212391727));
#1817=CARTESIAN_POINT('',(-18.7629161550874,-102.140625,18.7010669907216));
#1818=CARTESIAN_POINT('',(-10.7544886202257,-104.25,19.8768125885677));
#1819=CARTESIAN_POINT('',(-3.44982167078505,-106.359375,23.3638070035735));
#1820=CARTESIAN_POINT('',(2.50028797129236,-108.46875,28.8513824734294));
#1821=CARTESIAN_POINT('',(6.56572553505391,-110.578125,35.8506329129324));
#1822=CARTESIAN_POINT('',(8.38428786075214,-112.6875,43.7379721558335));
#1823=CARTESIAN_POINT('',(7.79395327532938,-114.796875,51.8106913046526));
#1824=CARTESIAN_POINT('',(4.8473166017024,-116.90625,59.3495653164686));
#1825=CARTESIAN_POINT('',(-0.193096564590002,-119.015625,65.6829313181519));
#1826=CARTESIAN_POINT('',(-6.87821957581383,-121.125,70.2465285118102));
#1827=CARTESIAN_POINT('',(-14.6124518550293,-123.234375,72.6337727861996));
#1828=CARTESIAN_POINT('',(-22.7067292355843,-125.34375,72.6319702998302));
#1829=CARTESIAN_POINT('',(-30.4398913156455,-127.453125,70.241305617378));
#1830=CARTESIAN_POINT('',(-37.123020193193,-129.5625,65.6746814146692));
#1831=CARTESIAN_POINT('',(-41.3209111045818,-131.3203125,60.395186188037));
#1832=CARTESIAN_POINT('',(-43.6331206242759,-132.7265625,55.5693222189928));
#1833=CARTESIAN_POINT('',(-44.8088078873609,-133.78125,51.7322467178141));
#1834=CARTESIAN_POINT('',(-45.3983740250514,-134.8359375,47.7625219493485));
#1835=CARTESIAN_POINT('',(-45.3889641799299,-135.890625,43.749308348802));
#1836=CARTESIAN_POINT('',(-44.8820804567882,-136.76953125,40.4435846937734));
#1837=CARTESIAN_POINT('',(-44.2712652113443,-137.384765625,38.1887117233125));
#1838=CARTESIAN_POINT('',(-43.8507113153685,-137.736328125,36.9224952774736));
#1839=CARTESIAN_POINT('',(-43.6168709030757,-137.912109375,36.2977051245376));
#1840=CARTESIAN_POINT('',(-43.494144345918,-138.,35.9876083416624));
#1841=CARTESIAN_POINT('',(-43.9631338840052,132.,52.787131505712));
#1842=CARTESIAN_POINT('',(-44.0501242012674,131.912109375,52.471180060725));
#1843=CARTESIAN_POINT('',(-44.2122720652668,131.736328125,51.8360191885858));
#1844=CARTESIAN_POINT('',(-44.4887686783947,131.384765625,50.5544441937674));
#1845=CARTESIAN_POINT('',(-44.8462189339043,130.76953125,48.2868815738532));
#1846=CARTESIAN_POINT('',(-44.9907278288076,129.890625,45.0037465945698));
#1847=CARTESIAN_POINT('',(-44.5739009958821,128.8359375,41.0823749508506));
#1848=CARTESIAN_POINT('',(-43.2455455667781,127.4296875,35.9946575415157));
#1849=CARTESIAN_POINT('',(-40.1829042189628,125.671875,30.1167976279134));
#1850=CARTESIAN_POINT('',(-34.5895150674364,123.5625,24.4620164290249));
#1851=CARTESIAN_POINT('',(-27.5763743014049,121.453125,20.7100493823736));
#1852=CARTESIAN_POINT('',(-19.7682695679489,119.34375,19.1950749447476));
#1853=CARTESIAN_POINT('',(-11.8608601712315,117.234375,20.0520930346369));
#1854=CARTESIAN_POINT('',(-4.55864054501276,115.125,23.2047421667332));
#1855=CARTESIAN_POINT('',(1.48780993536326,113.015625,28.3721443541768));
#1856=CARTESIAN_POINT('',(5.73979336331831,110.90625,35.0939183004457));
#1857=CARTESIAN_POINT('',(7.81848654826657,108.796875,42.7711992653739));
#1858=CARTESIAN_POINT('',(7.53869191414124,106.6875,50.7199930873783));
#1859=CARTESIAN_POINT('',(4.92533727843525,104.578125,58.2321156797972));
#1860=CARTESIAN_POINT('',(0.211254972682259,102.46875,64.6382874149923));
#1861=CARTESIAN_POINT('',(-6.18356195888711,100.359375,69.3677614555467));
#1862=CARTESIAN_POINT('',(-13.6893783147737,98.2499999999999,71.9991734566851));
#1863=CARTESIAN_POINT('',(-21.6374763132084,96.1406250000002,72.2980822980056));
#1864=CARTESIAN_POINT('',(-29.3197338511477,94.03125,70.2378572110554));
#1865=CARTESIAN_POINT('',(-36.0517134235547,91.9218750000001,66.0020504018618));
#1866=CARTESIAN_POINT('',(-41.2336409041721,89.8125000000001,59.9680437832253));
#1867=CARTESIAN_POINT('',(-44.403841388376,87.703125,52.6734267831305));
#1868=CARTESIAN_POINT('',(-45.2798713237131,85.5937500000001,44.7681007404854));
#1869=CARTESIAN_POINT('',(-43.7836823317841,83.484375,36.9563770645898));
#1870=CARTESIAN_POINT('',(-40.0485747941034,81.3750000000001,29.9342278230761));
#1871=CARTESIAN_POINT('',(-34.4073216841778,79.265625,24.3272793091454));
#1872=CARTESIAN_POINT('',(-27.3625207325268,77.15625,20.635072944416));
#1873=CARTESIAN_POINT('',(-19.5418163474556,75.046875,19.1865594962748));
#1874=CARTESIAN_POINT('',(-11.6419807174144,72.9375,20.1107917757682));
#1875=CARTESIAN_POINT('',(-4.3668360928468,70.828125,23.3254268996588));
#1876=CARTESIAN_POINT('',(1.63545104510011,68.7187500000001,28.5440624877938));
#1877=CARTESIAN_POINT('',(5.83011726094932,66.609375,35.3017531899309));
#1878=CARTESIAN_POINT('',(7.84344599220922,64.5000000000001,42.996434190986));
#1879=CARTESIAN_POINT('',(7.49606318290315,62.3906250000001,50.9425611388722));
#1880=CARTESIAN_POINT('',(4.81891830616674,60.2812500000001,58.4321875379047));
#1881=CARTESIAN_POINT('',(0.0505269742418845,58.1718750000001,64.7980380226195));
#1882=CARTESIAN_POINT('',(-6.38427919922899,56.0625,69.4729581072833));
#1883=CARTESIAN_POINT('',(-13.912202240176,53.9531250000001,72.0404438380514));
#1884=CARTESIAN_POINT('',(-21.8625548097784,51.84375,72.2717494954391));
#1885=CARTESIAN_POINT('',(-29.5270139378624,49.734375,70.1462673002534));
#1886=CARTESIAN_POINT('',(-36.222727838064,47.6250000000001,65.8533634281914));
#1887=CARTESIAN_POINT('',(-41.3531534117348,45.5156250000001,59.775506756538));
#1888=CARTESIAN_POINT('',(-44.4612042279534,43.40625,52.4541934582343));
#1889=CARTESIAN_POINT('',(-45.269973851903,41.2968750000001,44.5417033329011));
#1890=CARTESIAN_POINT('',(-43.7074063467918,39.1875000000001,36.7429860614453));
#1891=CARTESIAN_POINT('',(-39.9127159734507,37.078125,29.7528549282983));
#1892=CARTESIAN_POINT('',(-34.2239841355152,34.9687500000001,24.1940836284349));
#1893=CARTESIAN_POINT('',(-27.1480385990113,32.859375,20.5619213175583));
#1894=CARTESIAN_POINT('',(-19.3152985453936,30.7500000000001,19.1799692414832));
#1895=CARTESIAN_POINT('',(-11.4236084602734,28.640625,20.1713500404441));
#1896=CARTESIAN_POINT('',(-4.17606488079907,26.5312500000001,23.4477383495033));
#1897=CARTESIAN_POINT('',(1.78162477946201,24.4218750000001,28.717229994827));
#1898=CARTESIAN_POINT('',(5.91867042050104,22.3125,35.5103486933408));
#1899=CARTESIAN_POINT('',(7.86648908570575,20.2031250000001,43.2218732336372));
#1900=CARTESIAN_POINT('',(7.45154322561408,18.0937500000001,51.1647586175085));
#1901=CARTESIAN_POINT('',(4.7108017270148,15.9843750000001,58.6313471508336));
#1902=CARTESIAN_POINT('',(-0.11155376635047,13.875,64.9564159871173));
#1903=CARTESIAN_POINT('',(-6.58588379681299,11.7656250000001,69.5764440113602));
#1904=CARTESIAN_POINT('',(-14.1353690803303,9.65625000000007,72.0798177833057));
#1905=CARTESIAN_POINT('',(-22.0874012272156,7.54687500000005,72.2435035280281));
#1906=CARTESIAN_POINT('',(-29.7335076282495,5.43750000000008,70.0529179459985));
#1907=CARTESIAN_POINT('',(-36.3924716016766,3.32812500000007,65.7032274870448));
#1908=CARTESIAN_POINT('',(-41.4710242202853,1.21875000000004,59.5819603316135));
#1909=CARTESIAN_POINT('',(-44.5167005847497,-0.890624999999946,52.2344802349369));
#1910=CARTESIAN_POINT('',(-45.2581514046114,-2.99999999999994,44.3153982824723));
#1911=CARTESIAN_POINT('',(-43.6293183959939,-5.10937499999995,36.5302514426142));
#1912=CARTESIAN_POINT('',(-39.7753196306396,-7.21874999999993,29.5726439655582));
#1913=CARTESIAN_POINT('',(-34.0395204912319,-9.32812499999995,24.0624519071552));
#1914=CARTESIAN_POINT('',(-26.9329421239615,-11.4374999999999,20.490596339251));
#1915=CARTESIAN_POINT('',(-19.0887328895849,-13.546875,19.1753055822557));
#1916=CARTESIAN_POINT('',(-11.2057591006219,-15.6562499999999,20.2337632009832));
#1917=CARTESIAN_POINT('',(-3.98634073082323,-17.7656249999999,23.5716677367586));
#1918=CARTESIAN_POINT('',(1.92632057335983,-19.8749999999999,28.8916343334709));
#1919=CARTESIAN_POINT('',(6.00544643575694,-21.984375,35.7196897291778));
#1920=CARTESIAN_POINT('',(7.88761416268604,-24.0937499999999,43.4475000876069));
#1921=CARTESIAN_POINT('',(7.40513526196602,-26.2031249999999,51.3865694536266));
#1922=CARTESIAN_POINT('',(4.60099536033674,-28.3124999999999,58.8295801146571));
#1923=CARTESIAN_POINT('',(-0.274975526927732,-30.421875,65.1134098541296));
#1924=CARTESIAN_POINT('',(-6.78836117097154,-32.53125,69.6782116833517));
#1925=CARTESIAN_POINT('',(-14.3588626951274,-34.6406249999999,72.1172924448054));
#1926=CARTESIAN_POINT('',(-22.3119993039374,-36.75,72.2133464386069));
#1927=CARTESIAN_POINT('',(-29.9391999880508,-38.8593749999999,69.9578158996028));
#1928=CARTESIAN_POINT('',(-36.5609324380032,-40.9687499999999,65.5516534367134));
#1929=CARTESIAN_POINT('',(-41.5872448050446,-43.0781249999999,59.3874185063235));
#1930=CARTESIAN_POINT('',(-44.570326445098,-45.1875,52.0143030035723));
#1931=CARTESIAN_POINT('',(-45.2444048368742,-47.2968749999999,44.0892019562756));
#1932=CARTESIAN_POINT('',(-43.5494241269494,-49.4062499999999,36.3181885937144));
#1933=CARTESIAN_POINT('',(-39.6363957025962,-51.515625,29.3936079682672));
#1934=CARTESIAN_POINT('',(-33.853944092304,-53.6249999999999,23.9323936653157));
#1935=CARTESIAN_POINT('',(-26.7172468638147,-55.734375,20.4211031679357));
#1936=CARTESIAN_POINT('',(-18.8621357659527,-57.8437499999999,19.1725688558822));
#1937=CARTESIAN_POINT('',(-10.9884483939922,-59.953125,20.298026743475));
#1938=CARTESIAN_POINT('',(-3.79767736435337,-62.0624999999999,23.6972060984706));
#1939=CARTESIAN_POINT('',(2.06952796194977,-64.1718749999999,29.0672628902681));
#1940=CARTESIAN_POINT('',(6.09043903081009,-66.2812499999999,35.9297611572581));
#1941=CARTESIAN_POINT('',(7.90681969531942,-68.3906249999999,43.6732984348668));
#1942=CARTESIAN_POINT('',(7.35684264832547,-70.5,51.6079776051866));
#1943=CARTESIAN_POINT('',(4.48950714766527,-72.6093749999999,59.0268720925597));
#1944=CARTESIAN_POINT('',(-0.43972648832524,-74.7187499999999,65.2690082693777));
#1945=CARTESIAN_POINT('',(-6.99169667792373,-76.828125,69.7782537631097));
#1946=CARTESIAN_POINT('',(-14.5826669208216,-78.9374999999998,72.1528651122674));
#1947=CARTESIAN_POINT('',(-22.5363327963218,-81.046875,72.1812804082291));
#1948=CARTESIAN_POINT('',(-30.1440761409644,-83.15625,69.8609680391376));
#1949=CARTESIAN_POINT('',(-36.7280981634382,-85.2656249999999,65.3986522394989));
#1950=CARTESIAN_POINT('',(-41.7018067605847,-87.3749999999999,59.191895350528));
#1951=CARTESIAN_POINT('',(-44.6220779306116,-89.4843749999999,51.7936776880334));
#1952=CARTESIAN_POINT('',(-45.2287351428852,-91.5937499999999,43.8631307135231));
#1953=CARTESIAN_POINT('',(-43.4677293178578,-93.7031249999999,36.1068128517835));
#1954=CARTESIAN_POINT('',(-39.4959542367235,-95.8124999999999,29.2157598848557));
#1955=CARTESIAN_POINT('',(-33.6672683601867,-97.921875,23.8039183091282));
#1956=CARTESIAN_POINT('',(-26.500968418313,-100.03125,20.3534468295709));
#1957=CARTESIAN_POINT('',(-18.6355235626963,-102.140625,19.1717592602931));
#1958=CARTESIAN_POINT('',(-10.7716920569657,-104.25,20.3641360201763));
#1959=CARTESIAN_POINT('',(-3.61008842608773,-106.359375,23.8243443553432));
#1960=CARTESIAN_POINT('',(2.21123658798289,-108.46875,29.2441029631387));
#1961=CARTESIAN_POINT('',(6.17364205892458,-110.578125,36.1405477848826));
#1962=CARTESIAN_POINT('',(7.92410429389532,-112.6875,43.8992519438238));
#1963=CARTESIAN_POINT('',(7.30666888000376,-114.796875,51.8289670636248));
#1964=CARTESIAN_POINT('',(4.37634514231246,-116.90625,59.223208799531));
#1965=CARTESIAN_POINT('',(-0.605794698461473,-119.015625,65.4232000401541));
#1966=CARTESIAN_POINT('',(-7.1958757491156,-121.125,69.8765627889477));
#1967=CARTESIAN_POINT('',(-14.8067650588097,-123.234375,72.1865340576616));
#1968=CARTESIAN_POINT('',(-22.7603873921771,-125.34375,72.1473046035686));
#1969=CARTESIAN_POINT('',(-30.3481141329326,-127.453125,69.7623931340027));
#1970=CARTESIAN_POINT('',(-36.8939833228943,-129.5625,65.2441910530947));
#1971=CARTESIAN_POINT('',(-40.9944992194989,-131.3203125,60.0370059015842));
#1972=CARTESIAN_POINT('',(-43.2441987423416,-132.7265625,55.2842961416146));
#1973=CARTESIAN_POINT('',(-44.3817001607109,-133.78125,51.508453135156));
#1974=CARTESIAN_POINT('',(-44.9426510660291,-134.8359375,47.6049782056871));
#1975=CARTESIAN_POINT('',(-44.9148325798987,-135.890625,43.6615420197819));
#1976=CARTESIAN_POINT('',(-44.4014584413814,-136.76953125,40.4156045712045));
#1977=CARTESIAN_POINT('',(-43.7908217753497,-137.384765625,38.2027391243853));
#1978=CARTESIAN_POINT('',(-43.3717157195447,-137.736328125,36.9604707583599));
#1979=CARTESIAN_POINT('',(-43.139047161615,-137.912109375,36.347619155799));
#1980=CARTESIAN_POINT('',(-43.0170180591095,-138.,36.0434785831459));
#1981=CARTESIAN_POINT('',(-43.7408046454549,132.,52.7091675191214));
#1982=CARTESIAN_POINT('',(-43.8268216986924,131.912109375,52.3959915236581));
#1983=CARTESIAN_POINT('',(-43.9871269785893,131.736328125,51.7664180012871));
#1984=CARTESIAN_POINT('',(-44.2603594841974,131.384765625,50.4961478708957));
#1985=CARTESIAN_POINT('',(-44.6132142193444,130.76953125,48.2486686466864));
#1986=CARTESIAN_POINT('',(-44.7544094570349,129.890625,44.9948412915483));
#1987=CARTESIAN_POINT('',(-44.3389024159278,128.8359375,41.1088372420903));
#1988=CARTESIAN_POINT('',(-43.0193108958132,127.4296875,36.0674914142762));
#1989=CARTESIAN_POINT('',(-39.9804758130604,125.671875,30.2441447743564));
#1990=CARTESIAN_POINT('',(-34.4336899650371,123.5625,24.6434363399256));
#1991=CARTESIAN_POINT('',(-27.4810352639258,121.453125,20.9293780636656));
#1992=CARTESIAN_POINT('',(-19.7419107184009,119.34375,19.432771872739));
#1993=CARTESIAN_POINT('',(-11.9058298910065,117.234375,20.2869809606625));
#1994=CARTESIAN_POINT('',(-4.6709323383699,115.125,23.4158941690031));
#1995=CARTESIAN_POINT('',(1.31820051343617,113.015625,28.5407482050865));
#1996=CARTESIAN_POINT('',(5.5279773718813,110.90625,35.2049525312326));
#1997=CARTESIAN_POINT('',(7.58333536836631,108.796875,42.814771472209));
#1998=CARTESIAN_POINT('',(7.30115593515538,106.6875,50.6922212796026));
#1999=CARTESIAN_POINT('',(4.70657935933507,104.578125,58.1354741387776));
#2000=CARTESIAN_POINT('',(0.0307649735258391,102.46875,64.4813862523958));
#2001=CARTESIAN_POINT('',(-6.30970359246247,100.359375,69.1645795102401));
#2002=CARTESIAN_POINT('',(-13.7499332111647,98.25,71.7678128741678));
#2003=CARTESIAN_POINT('',(-21.6270494382078,96.1406250000001,72.0591557509303));
#2004=CARTESIAN_POINT('',(-29.2392541692269,94.0312500000001,70.0126514486568));
#2005=CARTESIAN_POINT('',(-35.908351133373,91.921875,65.8106297436936));
#2006=CARTESIAN_POINT('',(-41.0401686220763,89.8125000000001,59.8274625231647));
#2007=CARTESIAN_POINT('',(-44.1774961941434,87.7031250000001,52.5962097664347));
#2008=CARTESIAN_POINT('',(-45.0408190526144,85.5937500000001,44.7611274842746));
#2009=CARTESIAN_POINT('',(-43.5532209342195,83.4843750000001,37.0202688391169));
#2010=CARTESIAN_POINT('',(-39.8472368313908,81.375,30.0632923007234));
#2011=CARTESIAN_POINT('',(-34.2530450153628,79.2656250000001,24.5100177125503));
#2012=CARTESIAN_POINT('',(-27.2690503717239,77.1562500000001,20.8552045102375));
#2013=CARTESIAN_POINT('',(-19.5174798754867,75.0468750000001,19.4244719817641));
#2014=CARTESIAN_POINT('',(-11.6889463503376,72.9375000000001,20.3452887777613));
#2015=CARTESIAN_POINT('',(-4.48091950848059,70.8281250000001,23.5356163116113));
#2016=CARTESIAN_POINT('',(1.46441391219838,68.7187500000001,28.711217846034));
#2017=CARTESIAN_POINT('',(5.61736466957717,66.6093750000001,35.4109820756894));
#2018=CARTESIAN_POINT('',(7.60793276809458,64.5000000000001,43.0380050447992));
#2019=CARTESIAN_POINT('',(7.25877197115007,62.3906250000001,50.9127702771124));
#2020=CARTESIAN_POINT('',(4.60099015862593,60.2812500000001,58.3336891260949));
#2021=CARTESIAN_POINT('',(-0.12862217609517,58.1718750000001,64.6396076071269));
#2022=CARTESIAN_POINT('',(-6.50868836734179,56.0625000000001,69.2687107731291));
#2023=CARTESIAN_POINT('',(-13.9707874054878,53.9531250000001,71.8085766497194));
#2024=CARTESIAN_POINT('',(-21.8500964278804,51.8437500000001,72.0329202607544));
#2025=CARTESIAN_POINT('',(-29.4446219668342,49.7343750000001,69.921754098571));
#2026=CARTESIAN_POINT('',(-36.0777428486697,47.6250000000001,65.6631688765608));
#2027=CARTESIAN_POINT('',(-41.1584925919129,45.5156250000001,59.6365759109857));
#2028=CARTESIAN_POINT('',(-44.234210548203,43.40625,52.3789041231796));
#2029=CARTESIAN_POINT('',(-45.0308709231953,41.2968750000001,44.536763281988));
#2030=CARTESIAN_POINT('',(-43.4774966327795,39.1875000000001,36.8088354200023));
#2031=CARTESIAN_POINT('',(-39.7124828841555,37.0781250000001,29.8836269611299));
#2032=CARTESIAN_POINT('',(-34.0712670931885,34.9687500000001,24.3781274264901));
#2033=CARTESIAN_POINT('',(-27.0564436655315,32.8593750000001,20.7828398156078));
#2034=CARTESIAN_POINT('',(-19.2929862136153,30.7500000000001,19.4180800864068));
#2035=CARTESIAN_POINT('',(-11.4725666089702,28.6406250000001,20.4054391565854));
#2036=CARTESIAN_POINT('',(-4.29193166802809,26.5312500000001,23.6569499702055));
#2037=CARTESIAN_POINT('',(1.60917230556433,24.421875,28.8829247710458));
#2038=CARTESIAN_POINT('',(5.70499661610073,22.3125000000001,35.6177643343468));
#2039=CARTESIAN_POINT('',(7.63063085041903,20.2031250000001,43.2614397278851));
#2040=CARTESIAN_POINT('',(7.21451394272123,18.0937500000001,51.1329508563342));
#2041=CARTESIAN_POINT('',(4.49371911226571,15.9843750000001,58.53099899194));
#2042=CARTESIAN_POINT('',(-0.289349111252126,13.8750000000001,64.7964677769024));
#2043=CARTESIAN_POINT('',(-6.70855150181053,11.7656250000001,69.3711460601521));
#2044=CARTESIAN_POINT('',(-14.191980277504,9.65625000000006,71.847460758505));
#2045=CARTESIAN_POINT('',(-22.0729122394485,7.54687500000006,72.0047888785968));
#2046=CARTESIAN_POINT('',(-29.649209326954,5.43750000000006,69.8291135425156));
#2047=CARTESIAN_POINT('',(-36.2458743988288,3.32812500000006,65.5142727974051));
#2048=CARTESIAN_POINT('',(-41.2751889412048,1.21875000000006,59.4446899484746));
#2049=CARTESIAN_POINT('',(-44.2890748363607,-0.890624999999935,52.1611240266788));
#2050=CARTESIAN_POINT('',(-45.019015110952,-2.99999999999994,44.3124917941365));
#2051=CARTESIAN_POINT('',(-43.3999769933095,-5.10937499999994,36.5980536227736));
#2052=CARTESIAN_POINT('',(-39.5762058962329,-7.21874999999994,29.7051140957396));
#2053=CARTESIAN_POINT('',(-33.8883741203584,-9.32812499999994,24.2477877892487));
#2054=CARTESIAN_POINT('',(-26.8432292422314,-11.4375,20.7122857920252));
#2055=CARTESIAN_POINT('',(-19.0684463116933,-13.5468749999999,19.4135975657069));
#2056=CARTESIAN_POINT('',(-11.2567062242887,-15.6562499999999,20.4674275012298));
#2057=CARTESIAN_POINT('',(-4.10398250980602,-17.7656249999999,23.7798864353844));
#2058=CARTESIAN_POINT('',(1.75246523075812,-19.8749999999999,29.0558565441139));
#2059=CARTESIAN_POINT('',(5.79086687187346,-21.9843749999999,35.8252843568026));
#2060=CARTESIAN_POINT('',(7.65142797421837,-24.0937499999999,43.4850593607192));
#2061=CARTESIAN_POINT('',(7.16838505061815,-26.203125,51.3527470934728));
#2062=CARTESIAN_POINT('',(4.38477397846002,-28.3124999999999,58.7273894661664));
#2063=CARTESIAN_POINT('',(-0.451404207689239,-30.421875,64.9519554171378));
#2064=CARTESIAN_POINT('',(-6.90927854114909,-32.5312499999999,69.4718779628673));
#2065=CARTESIAN_POINT('',(-14.4134958298677,-34.640625,71.8844623883091));
#2066=CARTESIAN_POINT('',(-22.2954807581892,-36.7499999999999,71.9747636390048));
#2067=CARTESIAN_POINT('',(-29.8530014531997,-38.859375,69.7347364805406));
#2068=CARTESIAN_POINT('',(-36.4127336240614,-40.9687499999999,65.3639522748474));
#2069=CARTESIAN_POINT('',(-41.3902492301138,-43.078125,59.251818513413));
#2070=CARTESIAN_POINT('',(-44.3420850906629,-45.1874999999999,51.942885227457));
#2071=CARTESIAN_POINT('',(-45.0052524733334,-47.2968749999999,44.0883292407233));
#2072=CARTESIAN_POINT('',(-43.3206676222666,-49.40625,36.3879386918143));
#2073=CARTESIAN_POINT('',(-39.4384157235942,-51.515625,29.5277666151521));
#2074=CARTESIAN_POINT('',(-33.7043793242528,-53.6249999999999,24.119008227388));
#2075=CARTESIAN_POINT('',(-26.629422522145,-55.734375,20.6435475421732));
#2076=CARTESIAN_POINT('',(-18.8438764091354,-57.84375,19.4110247438537));
#2077=CARTESIAN_POINT('',(-11.0413808079768,-59.953125,20.5312493285078));
#2078=CARTESIAN_POINT('',(-3.91708562687558,-62.0624999999999,23.9044168160048));
#2079=CARTESIAN_POINT('',(1.89428232439569,-64.1718749999999,29.2300006582812));
#2080=CARTESIAN_POINT('',(5.87496922649577,-66.28125,36.0335271345743));
#2081=CARTESIAN_POINT('',(7.67032263538039,-68.3906249999999,43.7088477704418));
#2082=CARTESIAN_POINT('',(7.12038863102417,-70.5,51.57214309219));
#2083=CARTESIAN_POINT('',(4.27416263645451,-72.6093749999999,58.9228463452131));
#2084=CARTESIAN_POINT('',(-0.614775745083275,-74.71875,65.1060592824889));
#2085=CARTESIAN_POINT('',(-7.11085496816611,-76.8281249999999,69.5708991960365));
#2086=CARTESIAN_POINT('',(-14.6353180418925,-78.9375,71.9195788630593));
#2087=CARTESIAN_POINT('',(-22.5177858872645,-81.0468749999999,71.9428467134961));
#2088=CARTESIAN_POINT('',(-30.0559836067001,-83.15625,69.6386297382839));
#2089=CARTESIAN_POINT('',(-36.5783084565951,-85.2656249999999,65.2122181805303));
#2090=CARTESIAN_POINT('',(-41.5036651371278,-87.375,59.0579755548535));
#2091=CARTESIAN_POINT('',(-44.3932374772452,-89.484375,51.7242035092134));
#2092=CARTESIAN_POINT('',(-44.9895840056955,-91.5937499999999,43.8642918338718));
#2093=CARTESIAN_POINT('',(-43.2395742555489,-93.703125,36.1785058232831));
#2094=CARTESIAN_POINT('',(-39.2991223316456,-95.8125,29.3515973456793));
#2095=CARTESIAN_POINT('',(-33.5192960119407,-97.921875,23.9917980546417));
#2096=CARTESIAN_POINT('',(-26.4150389684296,-100.03125,20.5766300374123));
#2097=CARTESIAN_POINT('',(-18.6192927475261,-102.140625,19.4103618069235));
#2098=CARTESIAN_POINT('',(-10.8266059330334,-104.25,20.5969000226227));
#2099=CARTESIAN_POINT('',(-3.73125453617768,-106.359375,24.030532105671));
#2100=CARTESIAN_POINT('',(2.03461332977903,-108.46875,29.405344518828));
#2101=CARTESIAN_POINT('',(5.95729759761475,-110.578125,36.2424776072137));
#2102=CARTESIAN_POINT('',(7.68731346668483,-112.6875,43.9327887708343));
#2103=CARTESIAN_POINT('',(7.07052815780256,-114.796875,51.7911229894099));
#2104=CARTESIAN_POINT('',(4.16189307624157,-116.90625,59.117355476929));
#2105=CARTESIAN_POINT('',(-0.779451871483446,-119.015625,65.2587682878186));
#2106=CARTESIAN_POINT('',(-7.31326634016125,-121.125,69.6682023737461));
#2107=CARTESIAN_POINT('',(-14.8574303634282,-123.234375,71.9528084804708));
#2108=CARTESIAN_POINT('',(-22.7398134421184,-125.34375,71.9090372850108));
#2109=CARTESIAN_POINT('',(-30.2581340415166,-127.453125,69.5408119305939));
#2110=CARTESIAN_POINT('',(-36.7426132909065,-129.5625,65.0590379572629));
#2111=CARTESIAN_POINT('',(-40.80321058839,-131.3203125,59.8959542864276));
#2112=CARTESIAN_POINT('',(-43.0298429355112,-132.7265625,55.1844153315548));
#2113=CARTESIAN_POINT('',(-44.1548365336661,-133.78125,51.4416806772803));
#2114=CARTESIAN_POINT('',(-44.7083634171548,-134.8359375,47.5728115788196));
#2115=CARTESIAN_POINT('',(-44.6783680471112,-135.890625,43.6647012343205));
#2116=CARTESIAN_POINT('',(-44.1675936861918,-136.76953125,40.4481430742218));
#2117=CARTESIAN_POINT('',(-43.5610632029176,-137.384765625,38.2554668337185));
#2118=CARTESIAN_POINT('',(-43.1449455058662,-137.736328125,37.0245793167835));
#2119=CARTESIAN_POINT('',(-42.9139831944462,-137.912109375,36.4173581986799));
#2120=CARTESIAN_POINT('',(-42.7928596113418,-138.,36.116015910184));
#2121=CARTESIAN_POINT('',(-16.2536321105035,147.,43.7021105687872));
#2122=CARTESIAN_POINT('',(-16.2536321105035,147.,43.8354439021206));
#2123=CARTESIAN_POINT('',(-16.2536321105035,147.,43.9687772354539));
#2124=CARTESIAN_POINT('',(-16.2536321105035,147.,44.1021105687872));
#2125=CARTESIAN_POINT('',(-16.2536321105035,147.,44.6354439021206));
#2126=CARTESIAN_POINT('',(-16.2536321105035,147.,45.1687772354539));
#2127=CARTESIAN_POINT('',(-16.2536321105035,147.,45.7021105687872));
#2128=CARTESIAN_POINT('',(-16.2536321105035,147.,46.4465112680217));
#2129=CARTESIAN_POINT('',(-16.2536321105035,147.,47.1909119672561));
#2130=CARTESIAN_POINT('',(-16.2536321105035,147.,47.9353126664906));
#2131=CARTESIAN_POINT('',(-16.2536321105035,147.,43.7021105687872));
#2132=CARTESIAN_POINT('',(-16.2536321105035,147.,47.9353126664906));
#2133=CARTESIAN_POINT('',(-16.2536321105035,147.,47.9353126664906));
#2134=CARTESIAN_POINT('',(-16.3833386190056,147.,48.0823860228862));
#2135=CARTESIAN_POINT('',(-16.5272231928683,147.,48.2180530826061));
#2136=CARTESIAN_POINT('',(-16.6816615500296,147.,48.3388965530404));
#2137=CARTESIAN_POINT('',(-16.963730201163,147.,48.5596069732378));
#2138=CARTESIAN_POINT('',(-17.287794730959,147.,48.734661559969));
#2139=CARTESIAN_POINT('',(-17.6270192148062,147.,48.8495639667955));
#2140=CARTESIAN_POINT('',(-17.9662436986533,147.,48.964466373622));
#2141=CARTESIAN_POINT('',(-18.3299843666515,147.,49.0223857507922));
#2142=CARTESIAN_POINT('',(-18.6881196959341,147.,49.0185257695001));
#2143=CARTESIAN_POINT('',(-19.0462550252166,147.,49.014665788208));
#2144=CARTESIAN_POINT('',(-19.4086628303494,147.,48.9489199854037));
#2145=CARTESIAN_POINT('',(-19.7453319634192,147.,48.8267327996029));
#2146=CARTESIAN_POINT('',(-20.082001096489,147.,48.704545613802));
#2147=CARTESIAN_POINT('',(-20.4022173078661,147.,48.5225469715575));
#2148=CARTESIAN_POINT('',(-20.6794633538606,147.,48.2958082595644));
#2149=CARTESIAN_POINT('',(-20.956709399855,147.,48.0690695475712));
#2150=CARTESIAN_POINT('',(-21.1986320687269,147.,47.7913370322017));
#2151=CARTESIAN_POINT('',(-21.385197639082,147.,47.4856098638081));
#2152=CARTESIAN_POINT('',(-21.5717632094371,147.,47.1798826954144));
#2153=CARTESIAN_POINT('',(-21.7081173900555,147.,46.8377285412157));
#2154=CARTESIAN_POINT('',(-21.7829686319552,147.,46.4874813354853));
#2155=CARTESIAN_POINT('',(-21.8298168266717,147.,46.2682672132276));
#2156=CARTESIAN_POINT('',(-21.8536321105035,147.,46.0428758091268));
#2157=CARTESIAN_POINT('',(-21.8536321105035,147.,45.8187116176389));
#2158=CARTESIAN_POINT('',(-21.8536321105035,147.,45.4605554875282));
#2159=CARTESIAN_POINT('',(-21.7917959292227,147.,45.0974601632782));
#2160=CARTESIAN_POINT('',(-21.6732442477186,147.,44.7594937265593));
#2161=CARTESIAN_POINT('',(-21.5546925662145,147.,44.4215272898405));
#2162=CARTESIAN_POINT('',(-21.3761555827372,147.,44.0993682090459));
#2163=CARTESIAN_POINT('',(-21.1524180225141,147.,43.8196946177269));
#2164=CARTESIAN_POINT('',(-20.9286804622909,147.,43.5400210264078));
#2165=CARTESIAN_POINT('',(-20.6535713671656,147.,43.295119181607));
#2166=CARTESIAN_POINT('',(-20.3498726409192,147.,43.1052695115724));
#2167=CARTESIAN_POINT('',(-20.0461739146729,147.,42.9154198415378));
#2168=CARTESIAN_POINT('',(-19.7055091714635,147.,42.7753860579654));
#2169=CARTESIAN_POINT('',(-19.3560890067927,147.,42.6967644193577));
#2170=CARTESIAN_POINT('',(-19.0066688421219,147.,42.6181427807501));
#2171=CARTESIAN_POINT('',(-18.6388558164245,147.,42.5987648052414));
#2172=CARTESIAN_POINT('',(-18.2831086862786,147.,42.6402351914088));
#2173=CARTESIAN_POINT('',(-17.9273615561327,147.,42.6817055775762));
#2174=CARTESIAN_POINT('',(-17.5738683764535,147.,42.7851681298731));
#2175=CARTESIAN_POINT('',(-17.2519020711443,147.,42.9420550693596));
#2176=CARTESIAN_POINT('',(-16.9299357658351,147.,43.0989420088462));
#2177=CARTESIAN_POINT('',(-16.6306161066686,147.,43.3135804710193));
#2178=CARTESIAN_POINT('',(-16.3787298847608,147.,43.5681961515043));
#2179=CARTESIAN_POINT('',(-16.3357695716957,147.,43.6116219858436));
#2180=CARTESIAN_POINT('',(-16.2940361179679,147.,43.656296730621));
#2181=CARTESIAN_POINT('',(-16.2536321105035,147.,43.7021105687872));
#2182=CARTESIAN_POINT('',(-19.1450645415829,147.,54.0787995004347));
#2183=CARTESIAN_POINT('',(-15.0018686599074,147.,53.2422968983158));
#2184=CARTESIAN_POINT('',(-13.1413561377658,147.,51.9804024370339));
#2185=CARTESIAN_POINT('',(-10.8363285994036,147.,48.505043235637));
#2186=CARTESIAN_POINT('',(-10.3945417699957,147.,46.3050138491964));
#2187=CARTESIAN_POINT('',(-11.2291059042658,147.,42.1717979568644));
#2188=CARTESIAN_POINT('',(-12.4855436757055,147.,40.3122518505));
#2189=CARTESIAN_POINT('',(-15.9652931406582,147.,38.0011702787093));
#2190=CARTESIAN_POINT('',(-18.1666111009008,147.,37.5584791560927));
#2191=CARTESIAN_POINT('',(-22.3085662545718,147.,38.3968036256165));
#2192=CARTESIAN_POINT('',(-24.163642825025,147.,39.654164790158));
#2193=CARTESIAN_POINT('',(-26.4718837080772,147.,43.1332503875116));
#2194=CARTESIAN_POINT('',(-26.9081447946787,147.,45.3514634779015));
#2195=CARTESIAN_POINT('',(-26.0838273515973,147.,49.441161304527));
#2196=CARTESIAN_POINT('',(-24.8429446182381,147.,51.3096365504263));
#2197=CARTESIAN_POINT('',(-21.3283504807224,147.,53.6467348222912));
#2198=CARTESIAN_POINT('',(-19.1450645415829,147.,54.0787995004347));
#2199=CARTESIAN_POINT('',(-15.0018686599074,147.,53.2422968983158));
#2200=CARTESIAN_POINT('',(-17.0734666007451,147.,53.6605481993752));
#2201=CARTESIAN_POINT('',(-29.3816142858364,147.,38.6897757611637));
#2202=CARTESIAN_POINT('',(-29.081685278496,147.,40.1778377268367));
#2203=CARTESIAN_POINT('',(-28.4818518688715,147.,43.15399943232));
#2204=CARTESIAN_POINT('',(-27.5820929175441,147.,47.6182258901996));
#2205=CARTESIAN_POINT('',(-26.6823325795304,147.,52.0824592282352));
#2206=CARTESIAN_POINT('',(-26.0825019432786,147.,55.0586071734064));
#2207=CARTESIAN_POINT('',(-25.7825679669787,147.,56.5466937929719));
#2208=CARTESIAN_POINT('',(-27.8935276662709,147.,38.3898417848638));
#2209=CARTESIAN_POINT('',(-27.5936142428358,147.,39.8779272019613));
#2210=CARTESIAN_POINT('',(-26.9937727563428,147.,42.8540759434644));
#2211=CARTESIAN_POINT('',(-26.0940157889586,147.,47.3183084692541));
#2212=CARTESIAN_POINT('',(-25.1942596304748,147.,51.7825369816194));
#2213=CARTESIAN_POINT('',(-24.594416526181,147.,54.7586937499712));
#2214=CARTESIAN_POINT('',(-24.2945060013057,147.,56.2467647856314));
#2215=CARTESIAN_POINT('',(-24.9173797210998,147.,37.790011148612));
#2216=CARTESIAN_POINT('',(-24.617457474484,147.,39.2780840976676));
#2217=CARTESIAN_POINT('',(-24.0176205658824,147.,42.254239728206));
#2218=CARTESIAN_POINT('',(-23.1178624562452,147.,46.7184690405924));
#2219=CARTESIAN_POINT('',(-22.2181039999364,147.,51.1827000730179));
#2220=CARTESIAN_POINT('',(-21.6182677846781,147.,54.1588522634783));
#2221=CARTESIAN_POINT('',(-21.3183442958224,147.,55.646931376007));
#2222=CARTESIAN_POINT('',(-20.4531463830641,147.,36.8902508105983));
#2223=CARTESIAN_POINT('',(-20.1532289621186,147.,38.3783279391837));
#2224=CARTESIAN_POINT('',(-19.5533895334569,147.,41.3544812718972));
#2225=CARTESIAN_POINT('',(-18.6536321105035,147.,45.8187116176389));
#2226=CARTESIAN_POINT('',(-17.75387468755,147.,50.2829419633807));
#2227=CARTESIAN_POINT('',(-17.1540352588883,147.,53.2590952960941));
#2228=CARTESIAN_POINT('',(-16.8541178379428,147.,54.7471724246796));
#2229=CARTESIAN_POINT('',(-15.9889199251846,147.,35.9904918592709));
#2230=CARTESIAN_POINT('',(-15.688996436329,147.,37.4785709717996));
#2231=CARTESIAN_POINT('',(-15.0891602210706,147.,40.45472316226));
#2232=CARTESIAN_POINT('',(-14.1894017647617,147.,44.9189541946854));
#2233=CARTESIAN_POINT('',(-13.2896436551245,147.,49.3831835070718));
#2234=CARTESIAN_POINT('',(-12.689806746523,147.,52.3593391376103));
#2235=CARTESIAN_POINT('',(-12.3898844999072,147.,53.8474120866659));
#2236=CARTESIAN_POINT('',(-13.0127582197013,147.,35.3906584496464));
#2237=CARTESIAN_POINT('',(-12.7128476948259,147.,36.8787294853066));
#2238=CARTESIAN_POINT('',(-12.1130045905321,147.,39.8548862536584));
#2239=CARTESIAN_POINT('',(-11.2132484320483,147.,44.3191147660237));
#2240=CARTESIAN_POINT('',(-10.3134914646642,147.,48.7833472918135));
#2241=CARTESIAN_POINT('',(-9.71364997817119,147.,51.7594960333165));
#2242=CARTESIAN_POINT('',(-9.41373655473602,147.,53.2475814504141));
#2243=CARTESIAN_POINT('',(-11.5246962540283,147.,35.0907294423059));
#2244=CARTESIAN_POINT('',(-11.2247622777284,147.,36.5788160618715));
#2245=CARTESIAN_POINT('',(-10.6249316414766,147.,39.5549640070427));
#2246=CARTESIAN_POINT('',(-9.72517130346283,147.,44.0191973450783));
#2247=CARTESIAN_POINT('',(-8.82541235213546,147.,48.4834238029579));
#2248=CARTESIAN_POINT('',(-8.22557894251094,147.,51.4595855084411));
#2249=CARTESIAN_POINT('',(-7.92564993517051,147.,52.9476474741141));
#2250=CARTESIAN_POINT('',(-27.5976608061788,-138.,44.8165388114793));
#2251=CARTESIAN_POINT('',(-33.0321567805091,-138.,43.0580744635253));
#2252=CARTESIAN_POINT('',(-38.4666531801806,-138.,41.2996301789622));
#2253=CARTESIAN_POINT('',(-43.9011489327756,-138.,39.5411720791707));
#2254=CARTESIAN_POINT('',(-27.5973254763312,-138.,44.8165338899896));
#2255=CARTESIAN_POINT('',(-42.7928596115889,-138.,36.1160159102725));
#2256=CARTESIAN_POINT('',(-37.3583638561343,-138.,37.8744740090419));
#2257=CARTESIAN_POINT('',(-31.9238614764757,-138.,39.63292182376));
#2258=CARTESIAN_POINT('',(-26.4893681577827,-138.,41.3913830565776));
#2259=CARTESIAN_POINT('',(-26.4890758752085,-138.,41.3914989848567));
#2260=CARTESIAN_POINT('',(-27.596990146935,-138.,44.8165290619776));
#2261=CARTESIAN_POINT('',(-27.5590297386385,-138.,44.476379082378));
#2262=CARTESIAN_POINT('',(-27.3567688406199,-138.,43.2834404122069));
#2263=CARTESIAN_POINT('',(-26.9143514212594,-138.,42.1456388690126));
#2264=CARTESIAN_POINT('',(-26.4887834138107,-138.,41.3916147331736));
#2265=CARTESIAN_POINT('',(-25.137324657456,-138.,43.3888625114899));
#2266=CARTESIAN_POINT('',(-25.857505570094,-138.,42.2394499791546));
#2267=CARTESIAN_POINT('',(-27.2978622235867,-138.,39.9406186872597));
#2268=CARTESIAN_POINT('',(-29.4584165980132,-138.,36.4923951015085));
#2269=CARTESIAN_POINT('',(-31.6189574215704,-138.,33.0441529897195));
#2270=CARTESIAN_POINT('',(-33.0593207937062,-138.,30.7453287747848));
#2271=CARTESIAN_POINT('',(-33.7795019151546,-138.,29.5959158953991));
#2272=CARTESIAN_POINT('',(-26.1516538710908,-138.,44.0244036807261));
#2273=CARTESIAN_POINT('',(-26.8718345769311,-138.,42.8749930984632));
#2274=CARTESIAN_POINT('',(-28.3121920083104,-138.,40.5761610328897));
#2275=CARTESIAN_POINT('',(-30.4727448804424,-138.,37.1279374682943));
#2276=CARTESIAN_POINT('',(-32.6332861246419,-138.,33.6796953505817));
#2277=CARTESIAN_POINT('',(-34.0736493765943,-138.,31.3808711373394));
#2278=CARTESIAN_POINT('',(-34.7938305180733,-138.,30.2314582576717));
#2279=CARTESIAN_POINT('',(-28.1803118202951,-138.,45.2954885288306));
#2280=CARTESIAN_POINT('',(-28.9004933843119,-138.,44.1460668567806));
#2281=CARTESIAN_POINT('',(-30.3408484440299,-138.,41.847235769394));
#2282=CARTESIAN_POINT('',(-32.5014022951251,-138.,38.3990249014607));
#2283=CARTESIAN_POINT('',(-34.6619432652151,-138.,34.9507792286828));
#2284=CARTESIAN_POINT('',(-36.1023065954845,-138.,32.6519560311734));
#2285=CARTESIAN_POINT('',(-36.8224877239106,-138.,31.5025429822169));
#2286=CARTESIAN_POINT('',(-31.2233005368462,-138.,47.2021063898673));
#2287=CARTESIAN_POINT('',(-31.9434786189835,-138.,46.0527242953814));
#2288=CARTESIAN_POINT('',(-33.3838448490885,-138.,43.7538852044851));
#2289=CARTESIAN_POINT('',(-35.5443852303075,-138.,40.3056459277298));
#2290=CARTESIAN_POINT('',(-37.7049299719628,-138.,36.8574082094219));
#2291=CARTESIAN_POINT('',(-39.1452922246421,-138.,34.5585827392068));
#2292=CARTESIAN_POINT('',(-39.8654735326666,-138.,33.4091700690346));
#2293=CARTESIAN_POINT('',(-34.2662835166148,-138.,49.1087543664877));
#2294=CARTESIAN_POINT('',(-34.9864657731137,-138.,47.9593321201065));
#2295=CARTESIAN_POINT('',(-36.4268271405395,-138.,45.6605110341958));
#2296=CARTESIAN_POINT('',(-38.5873719929089,-138.,42.2122733554578));
#2297=CARTESIAN_POINT('',(-40.7479154826421,-138.,38.7640351897052));
#2298=CARTESIAN_POINT('',(-42.1882780930134,-138.,36.4652098473314));
#2299=CARTESIAN_POINT('',(-42.9084593414225,-138.,35.3157971558523));
#2300=CARTESIAN_POINT('',(-36.2949415307342,-138.,50.3798331225178));
#2301=CARTESIAN_POINT('',(-37.0151225945583,-138.,49.2304223481067));
#2302=CARTESIAN_POINT('',(-38.455485351321,-138.,46.9315961179143));
#2303=CARTESIAN_POINT('',(-40.616028926219,-138.,43.4833579826001));
#2304=CARTESIAN_POINT('',(-42.7765727736441,-138.,40.0351199446887));
#2305=CARTESIAN_POINT('',(-44.2169352818178,-138.,37.7362945657889));
#2306=CARTESIAN_POINT('',(-44.9371165472599,-138.,36.5868818803975));
#2307=CARTESIAN_POINT('',(-37.3092699989392,-138.,51.0153764795428));
#2308=CARTESIAN_POINT('',(-38.0294512615424,-138.,49.8659637931367));
#2309=CARTESIAN_POINT('',(-39.4698137867491,-138.,47.5671384203247));
#2310=CARTESIAN_POINT('',(-41.6303575745588,-138.,44.1189003611064));
#2311=CARTESIAN_POINT('',(-43.7909013623687,-138.,40.6706623018883));
#2312=CARTESIAN_POINT('',(-45.2312638875752,-138.,38.3718369290761));
#2313=CARTESIAN_POINT('',(-45.9514451501785,-138.,37.22242424267));
#2314=CARTESIAN_POINT('',(-43.7408046454548,132.,52.7091675191217));
#2315=CARTESIAN_POINT('',(-42.3932881903117,132.,52.2366007110523));
#2316=CARTESIAN_POINT('',(-39.6982551358106,132.,51.2914679209087));
#2317=CARTESIAN_POINT('',(-35.6557060948646,132.,49.8737656382117));
#2318=CARTESIAN_POINT('',(-31.6131553233405,132.,48.4560732674555));
#2319=CARTESIAN_POINT('',(-28.9181257299955,132.,47.5109206534304));
#2320=CARTESIAN_POINT('',(-27.5706080247437,132.,47.0383593310625));
#2321=CARTESIAN_POINT('',(-27.5703028072672,132.,47.0382912065812));
#2322=CARTESIAN_POINT('',(-26.4887834138107,-138.,41.3916147331737));
#2323=CARTESIAN_POINT('',(-26.7834692872077,-137.53125,41.9133403081493));
#2324=CARTESIAN_POINT('',(-27.4309651418721,-136.28125,43.382825146084));
#2325=CARTESIAN_POINT('',(-27.8195041607639,-134.25,45.9866703493835));
#2326=CARTESIAN_POINT('',(-27.261419014485,-131.90625,48.9726655794111));
#2327=CARTESIAN_POINT('',(-25.75821129031,-129.5625,51.612361203912));
#2328=CARTESIAN_POINT('',(-23.4749310546205,-127.21875,53.6159224893259));
#2329=CARTESIAN_POINT('',(-20.6622791662308,-124.875,54.7633612967914));
#2330=CARTESIAN_POINT('',(-17.6290807367846,-122.53125,54.9286905068458));
#2331=CARTESIAN_POINT('',(-14.7083765661995,-120.1875,54.093757210805));
#2332=CARTESIAN_POINT('',(-12.2208557482648,-117.84375,52.3502358771283));
#2333=CARTESIAN_POINT('',(-10.4396444709643,-115.5,49.8895626265041));
#2334=CARTESIAN_POINT('',(-9.56031715633449,-113.15625,46.9819158229106));
#2335=CARTESIAN_POINT('',(-9.67942267171943,-110.8125,43.9465508799574));
#2336=CARTESIAN_POINT('',(-10.7838834037966,-108.46875,41.1167464782357));
#2337=CARTESIAN_POINT('',(-12.752431161601,-106.125,38.8032110482178));
#2338=CARTESIAN_POINT('',(-15.3689222484987,-103.78125,37.2599674339794));
#2339=CARTESIAN_POINT('',(-18.3460697274641,-101.4375,36.6564615523211));
#2340=CARTESIAN_POINT('',(-21.3569871112493,-99.09375,37.0589574761793));
#2341=CARTESIAN_POINT('',(-24.071080025902,-96.75,38.4232617352571));
#2342=CARTESIAN_POINT('',(-26.1903449948718,-94.40625,40.5995756951444));
#2343=CARTESIAN_POINT('',(-27.4820897897273,-92.0625000000001,43.3489432307187));
#2344=CARTESIAN_POINT('',(-27.8044827002847,-89.7187499999999,46.3694877630713));
#2345=CARTESIAN_POINT('',(-27.1221254512522,-87.375,49.3295578712608));
#2346=CARTESIAN_POINT('',(-25.5099398816585,-85.03125,51.9041421386519));
#2347=CARTESIAN_POINT('',(-23.1449416352892,-82.6875,53.8105549363887));
#2348=CARTESIAN_POINT('',(-20.2868040990229,-80.34375,54.8394748965856));
#2349=CARTESIAN_POINT('',(-17.2493466405266,-78.,54.8779280957726));
#2350=CARTESIAN_POINT('',(-14.3660776955702,-75.65625,53.9216924282952));
#2351=CARTESIAN_POINT('',(-11.9535760241467,-73.3124999999999,52.0757611874082));
#2352=CARTESIAN_POINT('',(-10.2767308204996,-70.96875,49.5428149535317));
#2353=CARTESIAN_POINT('',(-9.51965726271442,-68.625,46.6009675596638));
#2354=CARTESIAN_POINT('',(-9.76548093245637,-66.28125,43.5732295947635));
#2355=CARTESIAN_POINT('',(-10.9872107463305,-63.9375,40.7920423082623));
#2356=CARTESIAN_POINT('',(-13.0507025378,-61.59375,38.5627760416982));
#2357=CARTESIAN_POINT('',(-15.7293878926565,-59.25,37.1302010068803));
#2358=CARTESIAN_POINT('',(-18.729151033204,-56.90625,36.6516118706529));
#2359=CARTESIAN_POINT('',(-21.7206223052651,-54.5625,37.1795570279749));
#2360=CARTESIAN_POINT('',(-24.3753424898269,-52.21875,38.6560688641562));
#2361=CARTESIAN_POINT('',(-26.401827150232,-49.875,40.9190285151104));
#2362=CARTESIAN_POINT('',(-27.5775712017373,-47.53125,43.719966284154));
#2363=CARTESIAN_POINT('',(-27.7734796480039,-45.1874999999999,46.7513432553313));
#2364=CARTESIAN_POINT('',(-26.9680420249801,-42.84375,49.6803186215856));
#2365=CARTESIAN_POINT('',(-25.2496942187441,-40.5,52.1852951239717));
#2366=CARTESIAN_POINT('',(-22.8071083331188,-38.15625,53.9912299655563));
#2367=CARTESIAN_POINT('',(-19.908476765556,-35.8125,54.8998341127142));
#2368=CARTESIAN_POINT('',(-16.8720650697905,-33.46875,54.811344144231));
#2369=CARTESIAN_POINT('',(-14.0312668583577,-31.1249999999999,53.7354761306601));
#2370=CARTESIAN_POINT('',(-11.6979976661359,-28.78125,51.7903588238295));
#2371=CARTESIAN_POINT('',(-10.1284470757488,-26.4375,49.1895632907434));
#2372=CARTESIAN_POINT('',(-9.49494947192994,-24.09375,46.2186531193214));
#2373=CARTESIAN_POINT('',(-9.86706197533059,-21.75,43.2038299494625));
#2374=CARTESIAN_POINT('',(-11.2039271712759,-19.40625,40.4761170047823));
#2375=CARTESIAN_POINT('',(-13.3587591948015,-17.0625,38.3350132214285));
#2376=CARTESIAN_POINT('',(-16.0949606063271,-14.71875,37.015608698066));
#2377=CARTESIAN_POINT('',(-19.1121004483229,-12.375,36.6627721430632));
#2378=CARTESIAN_POINT('',(-22.0789011299234,-10.03125,37.3152444998406));
#2379=CARTESIAN_POINT('',(-24.6696122272678,-7.68749999999998,38.9013852473153));
#2380=CARTESIAN_POINT('',(-26.5997774088963,-5.34374999999998,41.2470384255016));
#2381=CARTESIAN_POINT('',(-27.6574673295252,-2.99999999999997,44.0946547080268));
#2382=CARTESIAN_POINT('',(-27.7265491656406,-0.656249999999988,47.1315699456692));
#2383=CARTESIAN_POINT('',(-26.7994378315524,1.68750000000002,50.0243352377224));
#2384=CARTESIAN_POINT('',(-24.9779288108321,4.03125000000003,52.455329139019));
#2385=CARTESIAN_POINT('',(-22.4620211594488,6.37500000000003,54.1576320352199));
#2386=CARTESIAN_POINT('',(-19.5279578986862,8.71875000000002,54.9443335304181));
#2387=CARTESIAN_POINT('',(-16.4978949309464,11.0625,54.7290549382721));
#2388=CARTESIAN_POINT('',(-13.7045287876103,13.40625,53.5354335368352));
#2389=CARTESIAN_POINT('',(-11.4545670310815,15.75,51.4945272296125));
#2390=CARTESIAN_POINT('',(-9.99505220803482,18.09375,48.8304245773087));
#2391=CARTESIAN_POINT('',(-9.48623693509817,20.4375,45.8356401979699));
#2392=CARTESIAN_POINT('',(-9.98398839332397,22.78125,42.8389970849955));
#2393=CARTESIAN_POINT('',(-11.433654192513,25.125,40.1695223180485));
#2394=CARTESIAN_POINT('',(-13.6760631246122,27.46875,38.1203203655935));
#2395=CARTESIAN_POINT('',(-16.4650019321449,29.8125,36.9163906381833));
#2396=CARTESIAN_POINT('',(-19.4942491677758,32.1562500000001,36.6899228786057));
#2397=CARTESIAN_POINT('',(-22.4311978663291,34.5,37.4657829193146));
#2398=CARTESIAN_POINT('',(-24.9533753085074,36.8437500000001,39.1587824499916));
#2399=CARTESIAN_POINT('',(-26.7838500590648,39.1875,41.5830325708074));
#2400=CARTESIAN_POINT('',(-27.7216386378647,41.53125,44.4723541247673));
#2401=CARTESIAN_POINT('',(-27.6637732153083,43.875,47.5095037841644));
#2402=CARTESIAN_POINT('',(-26.6166073310997,46.21875,50.361006909124));
#2403=CARTESIAN_POINT('',(-24.6951182847756,48.5625000000001,52.7137725807454));
#2404=CARTESIAN_POINT('',(-22.1102827945111,50.90625,54.3094705311653));
#2405=CARTESIAN_POINT('',(-19.1459120586071,53.25,54.9728954333361));
#2406=CARTESIAN_POINT('',(-16.1274896964017,55.59375,54.6312041925324));
#2407=CARTESIAN_POINT('',(-13.3864341176238,57.9375,53.3219140127954));
#2408=CARTESIAN_POINT('',(-11.2237092603474,60.28125,51.188783062192));
#2409=CARTESIAN_POINT('',(-9.87677918588268,62.625,48.4660260338827));
#2410=CARTESIAN_POINT('',(-9.49353486829825,64.9687500000001,45.4525977115656));
#2411=CARTESIAN_POINT('',(-10.116055979366,67.3125,42.4793681666131));
#2412=CARTESIAN_POINT('',(-11.6759906014634,69.6562500000001,39.8727937027836));
#2413=CARTESIAN_POINT('',(-14.0020601692669,72.0000000000001,37.9190724262342));
#2414=CARTESIAN_POINT('',(-16.8388656085009,74.34375,36.8327201074));
#2415=CARTESIAN_POINT('',(-19.8749297849,76.6875000000001,36.7330166596629));
#2416=CARTESIAN_POINT('',(-22.7768972430523,79.03125,37.6309093773803));
#2417=CARTESIAN_POINT('',(-25.2261361532609,81.375,39.4278109387977));
#2418=CARTESIAN_POINT('',(-26.9537236255977,83.71875,41.9264241513876));
#2419=CARTESIAN_POINT('',(-27.7699730542652,86.0625,44.852404898232));
#2420=CARTESIAN_POINT('',(-27.5852614325632,88.40625,47.8844847252671));
#2421=CARTESIAN_POINT('',(-26.4198698294004,90.75,50.6897456528782));
#2422=CARTESIAN_POINT('',(-24.4017565572609,93.09375,52.9601740885525));
#2423=CARTESIAN_POINT('',(-21.7525075345637,95.4375,54.4464802738462));
#2424=CARTESIAN_POINT('',(-18.7630064723073,97.78125,54.9854699393062));
#2425=CARTESIAN_POINT('',(-15.7614962633166,100.125,54.5179627992231));
#2426=CARTESIAN_POINT('',(-13.0775383873584,102.46875,53.0952904614074));
#2427=CARTESIAN_POINT('',(-11.0058275373187,104.8125,50.8736602908948));
#2428=CARTESIAN_POINT('',(-9.77383456815024,107.15625,48.0970040671924));
#2429=CARTESIAN_POINT('',(-9.51683052599651,109.5,45.0701946276972));
#2430=CARTESIAN_POINT('',(-10.2630340829746,111.84375,42.1255712710906));
#2431=CARTESIAN_POINT('',(-11.9305131677792,114.1875,39.5864493830391));
#2432=CARTESIAN_POINT('',(-14.3361809886544,116.53125,37.7316208743846));
#2433=CARTESIAN_POINT('',(-17.2158986981607,118.875,36.7647432328766));
#2434=CARTESIAN_POINT('',(-20.2534774572009,121.21875,36.7919782243921));
#2435=CARTESIAN_POINT('',(-23.1153955099682,123.5625,37.8103354889941));
#2436=CARTESIAN_POINT('',(-25.4874183988189,125.90625,39.7080008616845));
#2437=CARTESIAN_POINT('',(-27.1091014216358,128.25,42.2766134673656));
#2438=CARTESIAN_POINT('',(-27.7099482307257,130.28125,44.8398059149246));
#2439=CARTESIAN_POINT('',(-27.6511048351907,131.53125,46.4445407921282));
#2440=CARTESIAN_POINT('',(-27.5699976227639,132.,47.0382233332731));
#2441=CARTESIAN_POINT('',(-26.4893685148987,-138.,41.3913834164734));
#2442=CARTESIAN_POINT('',(-26.5446371056331,-137.912109375,41.4892009208905));
#2443=CARTESIAN_POINT('',(-26.6515109084677,-137.736328125,41.6869058356448));
#2444=CARTESIAN_POINT('',(-26.8503010720375,-137.384765625,42.090042808064));
#2445=CARTESIAN_POINT('',(-27.158211323376,-136.76953125,42.8143210438271));
#2446=CARTESIAN_POINT('',(-27.4799732880966,-135.890625,43.894080127618));
#2447=CARTESIAN_POINT('',(-27.6682710428236,-134.8359375,45.2328817310012));
#2448=CARTESIAN_POINT('',(-27.650674906253,-133.4296875,47.0355430837339));
#2449=CARTESIAN_POINT('',(-27.1222139853377,-131.671875,49.2455487260172));
#2450=CARTESIAN_POINT('',(-25.733555574946,-129.5625,51.5923507324927));
#2451=CARTESIAN_POINT('',(-23.7141266813652,-127.453125,53.4247326030716));
#2452=CARTESIAN_POINT('',(-21.2438409071682,-125.34375,54.579476555763));
#2453=CARTESIAN_POINT('',(-18.5427851639857,-123.234375,54.9536932550584));
#2454=CARTESIAN_POINT('',(-15.8516050788716,-121.125,54.5140450304721));
#2455=CARTESIAN_POINT('',(-13.4100667825239,-119.015625,53.299700907684));
#2456=CARTESIAN_POINT('',(-11.4356949043701,-116.90625,51.4188509660452));
#2457=CARTESIAN_POINT('',(-10.1043927120883,-114.796875,49.0390662434095));
#2458=CARTESIAN_POINT('',(-9.53477028028861,-112.6875,46.3723695741999));
#2459=CARTESIAN_POINT('',(-9.77757713892455,-110.578125,43.6563457021179));
#2460=CARTESIAN_POINT('',(-10.8111808289807,-108.46875,41.1329740974727));
#2461=CARTESIAN_POINT('',(-12.5434942097813,-106.359375,39.0270702074047));
#2462=CARTESIAN_POINT('',(-14.8201798040285,-104.25,37.526255912301));
#2463=CARTESIAN_POINT('',(-17.4384002295897,-102.140625,36.7642436770786));
#2464=CARTESIAN_POINT('',(-20.1648896467207,-100.03125,36.8089236695102));
#2465=CARTESIAN_POINT('',(-22.7567361763348,-97.921875,37.656315202616));
#2466=CARTESIAN_POINT('',(-24.9830237155271,-95.8125,39.2309213871234));
#2467=CARTESIAN_POINT('',(-26.6454050100828,-93.703125,41.3924553967939));
#2468=CARTESIAN_POINT('',(-27.5957730614996,-91.5937499999999,43.9483390816081));
#2469=CARTESIAN_POINT('',(-27.7494564649503,-89.484375,46.6708603863833));
#2470=CARTESIAN_POINT('',(-27.0927630622766,-87.3749999999999,49.3174609641691));
#2471=CARTESIAN_POINT('',(-25.6841998212389,-85.265625,51.6523464944361));
#2472=CARTESIAN_POINT('',(-23.6492602579846,-83.15625,53.4674943719806));
#2473=CARTESIAN_POINT('',(-21.16924380835,-81.046875,54.6011871226818));
#2474=CARTESIAN_POINT('',(-18.4651032668559,-78.9374999999999,54.9524203433501));
#2475=CARTESIAN_POINT('',(-15.7777593780046,-76.8281249999999,54.4899015150803));
#2476=CARTESIAN_POINT('',(-13.3466364174564,-74.7187499999999,53.2548379563317));
#2477=CARTESIAN_POINT('',(-11.3883310985273,-72.6093749999999,51.3572655278575));
#2478=CARTESIAN_POINT('',(-10.0773152610336,-70.4999999999999,48.9662451771931));
#2479=CARTESIAN_POINT('',(-9.53039160319883,-68.3906249999999,46.2948007446897));
#2480=CARTESIAN_POINT('',(-9.79628734641159,-66.2812499999999,43.5809399713278));
#2481=CARTESIAN_POINT('',(-10.8513129673532,-64.1718749999999,41.0664496089265));
#2482=CARTESIAN_POINT('',(-12.6014727752802,-62.0624999999999,38.9753538458948));
#2483=CARTESIAN_POINT('',(-14.8908392962124,-59.953125,37.4939552579765));
#2484=CARTESIAN_POINT('',(-17.5154453626908,-57.8437499999999,36.7542365011126));
#2485=CARTESIAN_POINT('',(-20.2414562172923,-55.7343749999999,36.8221015440101));
#2486=CARTESIAN_POINT('',(-22.8260026176335,-53.6249999999999,37.6915040675482));
#2487=CARTESIAN_POINT('',(-25.0388188532556,-51.5156249999999,39.2849861511686));
#2488=CARTESIAN_POINT('',(-26.682757872535,-49.40625,41.4605792529095));
#2489=CARTESIAN_POINT('',(-27.6113557597238,-47.2968749999999,44.0244526521552));
#2490=CARTESIAN_POINT('',(-27.7418806852848,-45.1875,46.7481824638764));
#2491=CARTESIAN_POINT('',(-27.0627037557636,-43.078125,49.3891026712774));
#2492=CARTESIAN_POINT('',(-25.6343350700247,-40.9687499999999,51.7119250366449));
#2493=CARTESIAN_POINT('',(-23.5840326762016,-38.859375,53.5097017016778));
#2494=CARTESIAN_POINT('',(-21.094464735063,-36.7499999999999,54.6222628505168));
#2495=CARTESIAN_POINT('',(-18.3874350148161,-34.640625,54.9504867636479));
#2496=CARTESIAN_POINT('',(-15.7041216663674,-32.5312499999999,54.4651308967944));
#2497=CARTESIAN_POINT('',(-13.2835898713226,-30.4218749999999,53.2094371950389));
#2498=CARTESIAN_POINT('',(-11.341492741346,-28.3124999999999,51.2952795261961));
#2499=CARTESIAN_POINT('',(-10.0508580755737,-26.2031249999999,48.8931964712295));
#2500=CARTESIAN_POINT('',(-9.52667274683447,-24.0937499999999,46.2171974830784));
#2501=CARTESIAN_POINT('',(-9.81563814424596,-21.9843749999999,43.505696083014));
#2502=CARTESIAN_POINT('',(-10.8920093933792,-19.8749999999999,41.0002688185554));
#2503=CARTESIAN_POINT('',(-12.6598890515078,-17.7656249999999,38.9241324170089));
#2504=CARTESIAN_POINT('',(-14.9617709251149,-15.6562499999999,37.4622566755692));
#2505=CARTESIAN_POINT('',(-17.5925728129491,-13.5468749999999,36.7448848957925));
#2506=CARTESIAN_POINT('',(-20.3179079515534,-11.4374999999999,36.8359300809479));
#2507=CARTESIAN_POINT('',(-22.8949673002984,-9.32812499999994,37.727280717061));
#2508=CARTESIAN_POINT('',(-25.0941521946919,-7.21874999999993,39.3395234542819));
#2509=CARTESIAN_POINT('',(-26.7195300439823,-5.10937499999993,41.5290183025263));
#2510=CARTESIAN_POINT('',(-27.6262906078956,-2.99999999999994,44.1006959890149));
#2511=CARTESIAN_POINT('',(-27.7336476156039,-0.890624999999936,46.8254373191868));
#2512=CARTESIAN_POINT('',(-27.0320362793943,1.21875000000006,49.4604861567522));
#2513=CARTESIAN_POINT('',(-25.5839654529586,3.32812500000007,51.7710773635819));
#2514=CARTESIAN_POINT('',(-23.5184485127259,5.43750000000005,53.5513527953795));
#2515=CARTESIAN_POINT('',(-21.0195091332734,7.54687500000008,54.6427018785214));
#2516=CARTESIAN_POINT('',(-18.3097860149667,9.65625000000007,54.9478927459551));
#2517=CARTESIAN_POINT('',(-15.6306972723735,11.7656250000001,54.4397349429432));
#2518=CARTESIAN_POINT('',(-13.220931703116,13.8750000000001,53.1635019138007));
#2519=CARTESIAN_POINT('',(-11.2951832205143,15.9843750000001,51.2328974423441));
#2520=CARTESIAN_POINT('',(-10.0250230691212,18.0937500000001,48.8199254090902));
#2521=CARTESIAN_POINT('',(-9.5236139801686,20.2031250000001,46.1395654017466));
#2522=CARTESIAN_POINT('',(-9.83562813291485,22.3125000000001,43.430619479079));
#2523=CARTESIAN_POINT('',(-10.9332671637689,24.4218750000001,40.9344365127484));
#2524=CARTESIAN_POINT('',(-12.7187388136193,26.5312500000001,38.8734096252401));
#2525=CARTESIAN_POINT('',(-15.0329695607433,28.6406250000001,37.431162457617));
#2526=CARTESIAN_POINT('',(-17.6697770022708,30.7500000000001,36.7361895374552));
#2527=CARTESIAN_POINT('',(-20.3942393202808,32.8593750000001,36.8504082802015));
#2528=CARTESIAN_POINT('',(-22.9636252365917,34.96875,37.7636425636771));
#2529=CARTESIAN_POINT('',(-25.1490197379594,37.0781250000001,39.3945293521585));
#2530=CARTESIAN_POINT('',(-26.7557188649487,39.1875000000001,41.5977675959224));
#2531=CARTESIAN_POINT('',(-27.640576525881,41.2968750000001,44.1770635780349));
#2532=CARTESIAN_POINT('',(-27.7247578513482,43.4062500000001,46.9026193650065));
#2533=CARTESIAN_POINT('',(-27.0007628511344,45.5156250000001,49.5316062579209));
#2534=CARTESIAN_POINT('',(-25.5330946129263,47.6250000000001,51.8297991971689));
#2535=CARTESIAN_POINT('',(-23.4525125108045,49.7343750000001,53.5924446407512));
#2536=CARTESIAN_POINT('',(-20.9443824240003,51.8437500000001,54.6625027284824));
#2537=CARTESIAN_POINT('',(-18.2321618831216,53.9531250000001,54.944638477879));
#2538=CARTESIAN_POINT('',(-15.5574915062998,56.0625000000001,54.4137154902397));
#2539=CARTESIAN_POINT('',(-13.1586664444681,58.1718750000001,53.1170354347981));
#2540=CARTESIAN_POINT('',(-11.2494058852786,60.2812500000001,51.1701237879648));
#2541=CARTESIAN_POINT('',(-9.99981211014334,62.3906250000001,48.7464372899633));
#2542=CARTESIAN_POINT('',(-9.52121552442054,64.5000000000001,46.0619101152849));
#2543=CARTESIAN_POINT('',(-9.85625586668098,66.6093750000001,43.3557155892929));
#2544=CARTESIAN_POINT('',(-10.9750832946342,68.7187500000001,40.8689574526997));
#2545=CARTESIAN_POINT('',(-12.7780178054196,70.8281250000001,38.8231891390164));
#2546=CARTESIAN_POINT('',(-15.1044300537939,72.9375,37.4006748529491));
#2547=CARTESIAN_POINT('',(-17.7470523470118,75.0468750000001,36.7281510549757));
#2548=CARTESIAN_POINT('',(-20.4704448029553,77.15625,36.8655350946631));
#2549=CARTESIAN_POINT('',(-23.0319714609612,79.2656250000001,37.8005869775966));
#2550=CARTESIAN_POINT('',(-25.2034175148688,81.3750000000001,39.449999866603));
#2551=CARTESIAN_POINT('',(-26.7913217181476,83.4843750000001,41.6668221609383));
#2552=CARTESIAN_POINT('',(-27.6542124804784,85.5937500000001,44.2535498960769));
#2553=CARTESIAN_POINT('',(-27.7152120354531,87.7031250000001,46.9797230192929));
#2554=CARTESIAN_POINT('',(-26.968885732774,89.8125000000001,49.6024578311603));
#2555=CARTESIAN_POINT('',(-25.4817262290629,91.9218750000001,51.8880862904628));
#2556=CARTESIAN_POINT('',(-23.386229439132,94.0312500000001,53.6329742659045));
#2557=CARTESIAN_POINT('',(-20.8690900406375,96.1406250000001,54.6816639683418));
#2558=CARTESIAN_POINT('',(-18.1545682332958,98.2500000000001,54.9407241947776));
#2559=CARTESIAN_POINT('',(-15.4845096626134,100.359375,54.3870744204927));
#2560=CARTESIAN_POINT('',(-13.0967985985888,102.46875,53.0700411186211));
#2561=CARTESIAN_POINT('',(-11.204164046412,104.578125,51.1069631030714));
#2562=CARTESIAN_POINT('',(-9.97522702191471,106.6875,48.6727374286241));
#2563=CARTESIAN_POINT('',(-9.51947755327411,108.796875,45.9842372403745));
#2564=CARTESIAN_POINT('',(-9.87751985286201,110.90625,43.2809898293948));
#2565=CARTESIAN_POINT('',(-11.0174547647695,113.015625,40.8038363798031));
#2566=CARTESIAN_POINT('',(-12.8377217282297,115.125,38.7734745689877));
#2567=CARTESIAN_POINT('',(-15.1761472787208,117.234375,37.3707961465737));
#2568=CARTESIAN_POINT('',(-17.8243930990376,119.34375,36.7207697309677));
#2569=CARTESIAN_POINT('',(-20.5465194828443,121.453125,36.8813105452803));
#2570=CARTESIAN_POINT('',(-23.0999988110165,123.5625,37.8381071257786));
#2571=CARTESIAN_POINT('',(-25.2573498740504,125.671875,39.5059465152813));
#2572=CARTESIAN_POINT('',(-26.5648125762379,127.4296875,41.3644236247034));
#2573=CARTESIAN_POINT('',(-27.247070374941,128.8359375,43.0330823294023));
#2574=CARTESIAN_POINT('',(-27.5666466006474,129.890625,44.3467477409966));
#2575=CARTESIAN_POINT('',(-27.666507809622,130.76953125,45.4689946745691));
#2576=CARTESIAN_POINT('',(-27.6479257536477,131.384765625,46.2557871458566));
#2577=CARTESIAN_POINT('',(-27.6121155579261,131.736328125,46.7038435904544));
#2578=CARTESIAN_POINT('',(-27.5858335004599,131.912109375,46.9270441650637));
#2579=CARTESIAN_POINT('',(-27.5706080247437,132.,47.0383593310625));
#2580=CARTESIAN_POINT('',(-27.8479901753685,-138.,40.9517638615542));
#2581=CARTESIAN_POINT('',(-27.9087467600761,-137.912109375,41.0665417345495));
#2582=CARTESIAN_POINT('',(-28.025961364388,-137.736328125,41.2983729233557));
#2583=CARTESIAN_POINT('',(-28.2428626684212,-137.384765625,41.7704890592726));
#2584=CARTESIAN_POINT('',(-28.5756571393934,-136.76953125,42.6171332463044));
#2585=CARTESIAN_POINT('',(-28.9131764450813,-135.890625,43.8749603604164));
#2586=CARTESIAN_POINT('',(-29.0882633602338,-134.8359375,45.4278652303097));
#2587=CARTESIAN_POINT('',(-29.0107290577001,-133.4296875,47.5102073074116));
#2588=CARTESIAN_POINT('',(-28.3299856853057,-131.671875,50.0470078756702));
#2589=CARTESIAN_POINT('',(-26.6509789114524,-129.5625,52.7145748752122));
#2590=CARTESIAN_POINT('',(-24.2594667639631,-127.453125,54.7677349035181));
#2591=CARTESIAN_POINT('',(-21.3685112354998,-125.34375,56.0236056644203));
#2592=CARTESIAN_POINT('',(-18.2356785476229,-123.234375,56.3702866739323));
#2593=CARTESIAN_POINT('',(-15.1400826267064,-121.125,55.776893889504));
#2594=CARTESIAN_POINT('',(-12.3575203690748,-119.015625,54.2962938409525));
#2595=CARTESIAN_POINT('',(-10.1358993377779,-116.90625,52.0603982482949));
#2596=CARTESIAN_POINT('',(-8.67315104036802,-114.796875,49.2684103228373));
#2597=CARTESIAN_POINT('',(-8.09959651517741,-112.6875,46.1690774354403));
#2598=CARTESIAN_POINT('',(-8.46633561541978,-110.578125,43.038529308054));
#2599=CARTESIAN_POINT('',(-9.74069435240253,-108.46875,40.1556767357673));
#2600=CARTESIAN_POINT('',(-11.8091359291824,-106.359375,37.7773625033989));
#2601=CARTESIAN_POINT('',(-14.4873761057138,-104.25,36.1154784216516));
#2602=CARTESIAN_POINT('',(-17.5368016859099,-102.140625,35.3180871906881));
#2603=CARTESIAN_POINT('',(-20.6857293493905,-100.03125,35.456231008978));
#2604=CARTESIAN_POINT('',(-23.6536108090297,-97.9218749999999,36.5176021909386));
#2605=CARTESIAN_POINT('',(-26.1760277774356,-95.8124999999999,38.4076396989965));
#2606=CARTESIAN_POINT('',(-28.0282498588883,-93.703125,40.9579538963739));
#2607=CARTESIAN_POINT('',(-29.045256516919,-91.5937499999999,43.9413289317813));
#2608=CARTESIAN_POINT('',(-29.1364392948083,-89.4843749999999,47.0919661443751));
#2609=CARTESIAN_POINT('',(-28.2936744199948,-87.375,50.1291649376954));
#2610=CARTESIAN_POINT('',(-26.5920465775984,-85.2656249999999,52.7823313158841));
#2611=CARTESIAN_POINT('',(-24.1831593697119,-83.1562499999999,54.8150859897312));
#2612=CARTESIAN_POINT('',(-21.2816284535614,-81.046875,56.0463241823602));
#2613=CARTESIAN_POINT('',(-18.1459607291339,-78.9375,56.3663508474242));
#2614=CARTESIAN_POINT('',(-15.0555231121236,-76.8281249999999,55.7466537603464));
#2615=CARTESIAN_POINT('',(-12.285652819697,-74.71875,54.2424437658633));
#2616=CARTESIAN_POINT('',(-10.083126675317,-72.6093749999999,51.9877358628991));
#2617=CARTESIAN_POINT('',(-8.64417495264877,-70.5,49.1834093690336));
#2618=CARTESIAN_POINT('',(-8.09699857727556,-68.390625,46.0793109236552));
#2619=CARTESIAN_POINT('',(-8.49034728601969,-66.2812499999999,42.9519948319088));
#2620=CARTESIAN_POINT('',(-9.78917635309686,-64.171875,40.0800839351567));
#2621=CARTESIAN_POINT('',(-11.8777688396058,-62.0625,37.7194461887702));
#2622=CARTESIAN_POINT('',(-14.5700451949134,-59.9531249999999,36.0803985472971));
#2623=CARTESIAN_POINT('',(-17.6261416937542,-57.84375,35.3089691376036));
#2624=CARTESIAN_POINT('',(-20.7737806817421,-55.7343749999999,35.4738871343988));
#2625=CARTESIAN_POINT('',(-23.732528684073,-53.6249999999999,36.560459452778));
#2626=CARTESIAN_POINT('',(-26.2387811430055,-51.515625,38.471879803319));
#2627=CARTESIAN_POINT('',(-28.0692478119526,-49.4062499999999,41.0378534817188));
#2628=CARTESIAN_POINT('',(-29.0608464154555,-47.2968749999999,44.0297694821938));
#2629=CARTESIAN_POINT('',(-29.1252321836559,-45.1874999999999,47.1810682013284));
#2630=CARTESIAN_POINT('',(-28.2566687774206,-43.0781249999999,50.210990106876));
#2631=CARTESIAN_POINT('',(-26.5325393575972,-40.9687499999999,52.8495895247615));
#2632=CARTESIAN_POINT('',(-24.1064522655663,-38.8593749999999,54.8617849840177));
#2633=CARTESIAN_POINT('',(-21.1945555526115,-36.7499999999999,56.0683033955837));
#2634=CARTESIAN_POINT('',(-18.0562796415341,-34.6406249999999,56.3616520794354));
#2635=CARTESIAN_POINT('',(-14.9712238199251,-32.5312499999999,55.7156956397867));
#2636=CARTESIAN_POINT('',(-12.2142458231596,-30.421875,54.1879844531687));
#2637=CARTESIAN_POINT('',(-10.0309738578202,-28.3124999999999,51.9146273167444));
#2638=CARTESIAN_POINT('',(-8.61592277965053,-26.2031249999999,49.0981650694319));
#2639=CARTESIAN_POINT('',(-8.09516412747361,-24.09375,45.9895255646728));
#2640=CARTESIAN_POINT('',(-8.51509399655981,-21.9843749999999,42.8656676854765));
#2641=CARTESIAN_POINT('',(-9.83829945842226,-19.8749999999999,40.0049061697141));
#2642=CARTESIAN_POINT('',(-11.9468918012467,-17.7656249999999,37.6621156378592));
#2643=CARTESIAN_POINT('',(-14.6530096216449,-15.6562499999999,36.0460229776173));
#2644=CARTESIAN_POINT('',(-17.7155560128575,-13.5468749999999,35.3006111813342));
#2645=CARTESIAN_POINT('',(-20.8616786784447,-11.4375,35.4922914292594));
#2646=CARTESIAN_POINT('',(-23.8110792377367,-9.32812499999993,36.603986299814));
#2647=CARTESIAN_POINT('',(-26.3009859273296,-7.21874999999992,38.536651253055));
#2648=CARTESIAN_POINT('',(-28.1095647988065,-5.10937499999991,41.1180988333893));
#2649=CARTESIAN_POINT('',(-29.075683632329,-2.99999999999993,44.1183394143896));
#2650=CARTESIAN_POINT('',(-29.1132677342642,-0.890624999999929,47.2700717284744));
#2651=CARTESIAN_POINT('',(-28.2189686137771,1.21875000000004,50.2924976130025));
#2652=CARTESIAN_POINT('',(-26.4724623108546,3.32812500000008,52.9163392389814));
#2653=CARTESIAN_POINT('',(-24.0293507967411,5.43750000000009,54.9078299554979));
#2654=CARTESIAN_POINT('',(-21.107298884284,7.54687500000005,56.089541326889));
#2655=CARTESIAN_POINT('',(-17.9666417562972,9.65625000000004,56.3561908136514));
#2656=CARTESIAN_POINT('',(-14.8871908507903,11.765625,55.6840217389833));
#2657=CARTESIAN_POINT('',(-12.1433045427912,13.8750000000001,54.1329198489893));
#2658=CARTESIAN_POINT('',(-9.97944465741856,15.9843750000001,51.8410778952671));
#2659=CARTESIAN_POINT('',(-8.58839656458211,18.0937500000001,49.0126835896965));
#2660=CARTESIAN_POINT('',(-8.09409329846463,20.203125,45.8997278519014));
#2661=CARTESIAN_POINT('',(-8.54057395727674,22.3125000000001,42.77955411224));
#2662=CARTESIAN_POINT('',(-9.88806011564617,24.4218750000001,39.9301488765158));
#2663=CARTESIAN_POINT('',(-12.0164998149196,26.53125,37.6053749969904));
#2664=CARTESIAN_POINT('',(-14.7362633856669,28.6406250000001,36.012354198758));
#2665=CARTESIAN_POINT('',(-17.8050381765019,30.7500000000001,35.2930139263528));
#2666=CARTESIAN_POINT('',(-20.9494169824468,32.859375,35.5114425625049));
#2667=CARTESIAN_POINT('',(-23.8892567890031,34.9687500000001,36.6481795840513));
#2668=CARTESIAN_POINT('',(-26.3626376315671,37.0781250000001,38.6019493637345));
#2669=CARTESIAN_POINT('',(-28.1491979036021,39.1875,41.1986841477959));
#2670=CARTESIAN_POINT('',(-29.0897670944664,41.2968750000001,44.207032322719));
#2671=CARTESIAN_POINT('',(-29.1005468119387,43.40625,47.3589702888057));
#2672=CARTESIAN_POINT('',(-28.1805766556557,45.515625,50.3736815612021));
#2673=CARTESIAN_POINT('',(-26.4118197823277,47.6250000000001,52.9825756309996));
#2674=CARTESIAN_POINT('',(-23.9518605394497,49.734375,54.953217574059));
#2675=CARTESIAN_POINT('',(-21.0198647592491,51.8437500000001,56.1100364402834));
#2676=CARTESIAN_POINT('',(-17.8770535563099,53.9531250000001,56.3499674450479));
#2677=CARTESIAN_POINT('',(-14.8034302822411,56.0625,55.6516343486896));
#2678=CARTESIAN_POINT('',(-12.0728341092833,58.1718750000001,54.0772539357666));
#2679=CARTESIAN_POINT('',(-9.92854280086183,60.28125,51.7670929177865));
#2680=CARTESIAN_POINT('',(-8.56159829822395,62.3906250000001,48.9269711121109));
#2681=CARTESIAN_POINT('',(-8.09378616769431,64.5,45.8099242797874));
#2682=CARTESIAN_POINT('',(-8.56678532538146,66.609375,42.6936603401968));
#2683=CARTESIAN_POINT('',(-9.93845472592561,68.71875,39.8558174622382));
#2684=CARTESIAN_POINT('',(-12.0865878463599,70.828125,37.5492283698206));
#2685=CARTESIAN_POINT('',(-14.819800465812,72.9375,35.9793946457485));
#2686=CARTESIAN_POINT('',(-17.8945817130628,75.046875,35.2861779221165));
#2687=CARTESIAN_POINT('',(-21.0369892482444,77.15625,35.5313391490662));
#2688=CARTESIAN_POINT('',(-23.9670556838324,79.265625,36.6930361092964));
#2689=CARTESIAN_POINT('',(-26.4237317968779,81.375,38.6677694127982));
#2690=CARTESIAN_POINT('',(-28.1881442599515,83.484375,41.2796035967611));
#2691=CARTESIAN_POINT('',(-29.1030957833086,85.59375,44.2958417926392));
#2692=CARTESIAN_POINT('',(-29.0870703366958,87.703125,47.4477574529049));
#2693=CARTESIAN_POINT('',(-28.1414956796802,89.8125000000001,50.4545360800034));
#2694=CARTESIAN_POINT('',(-26.3506161578697,91.9218750000001,53.0482939103968));
#2695=CARTESIAN_POINT('',(-23.8739870980258,94.0312500000001,54.9979445571289));
#2696=CARTESIAN_POINT('',(-20.9322595010104,96.140625,56.1297872534979));
#2697=CARTESIAN_POINT('',(-17.7875215208653,98.25,56.3429824237172));
#2698=CARTESIAN_POINT('',(-14.7199481721,100.359375,55.6185358112637));
#2699=CARTESIAN_POINT('',(-12.002839619269,102.46875,54.0209907394206));
#2700=CARTESIAN_POINT('',(-9.87827196954575,104.578125,51.6926777351581));
#2701=CARTESIAN_POINT('',(-8.53552991864399,106.6875,48.8410338355338));
#2702=CARTESIAN_POINT('',(-8.09424275761658,108.796875,45.7201213436844));
#2703=CARTESIAN_POINT('',(-8.59372620428732,110.90625,42.6079925796426));
#2704=CARTESIAN_POINT('',(-9.98947964792724,113.015625,39.7819173094955));
#2705=CARTESIAN_POINT('',(-12.1571508140477,115.125,37.4936797918992));
#2706=CARTESIAN_POINT('',(-14.9036148672155,117.234375,35.9471467961752));
#2707=CARTESIAN_POINT('',(-17.9841799718407,119.34375,35.2801033127718));
#2708=CARTESIAN_POINT('',(-21.1243897940923,121.453125,35.5519810571283));
#2709=CARTESIAN_POINT('',(-24.0444678632081,123.5625,36.7385477529744));
#2710=CARTESIAN_POINT('',(-26.4842730824408,125.671875,38.7341248464233));
#2711=CARTESIAN_POINT('',(-27.9360181576648,127.4296875,40.9230069580813));
#2712=CARTESIAN_POINT('',(-28.6713882773037,128.8359375,42.8727225479254));
#2713=CARTESIAN_POINT('',(-28.9989596527364,129.890625,44.4007493660121));
#2714=CARTESIAN_POINT('',(-29.0787335968028,130.76953125,45.7006279944067));
#2715=CARTESIAN_POINT('',(-29.0322960208534,131.384765625,46.6091444174192));
#2716=CARTESIAN_POINT('',(-28.9767009368559,131.736328125,47.1257187180958));
#2717=CARTESIAN_POINT('',(-28.9392504286048,131.912109375,47.3827837351623));
#2718=CARTESIAN_POINT('',(-28.9181257299955,132.,47.5109206534304));
#2719=CARTESIAN_POINT('',(-30.5652470087881,-138.,40.0725521270792));
#2720=CARTESIAN_POINT('',(-30.6369792397013,-137.912109375,40.221250905914));
#2721=CARTESIAN_POINT('',(-30.7748747571691,-137.736328125,40.5213349673918));
#2722=CARTESIAN_POINT('',(-31.0279969391904,-137.384765625,41.1314100273203));
#2723=CARTESIAN_POINT('',(-31.4105573382138,-136.76953125,42.2227870227355));
#2724=CARTESIAN_POINT('',(-31.77958760806,-135.890625,43.8367510830175));
#2725=CARTESIAN_POINT('',(-31.9282482742053,-134.8359375,45.81786287045));
#2726=CARTESIAN_POINT('',(-31.7308315378308,-133.4296875,48.4595659957593));
#2727=CARTESIAN_POINT('',(-30.7455158775919,-131.671875,51.6499542082022));
#2728=CARTESIAN_POINT('',(-28.4858046913169,-129.5625,54.9590460469282));
#2729=CARTESIAN_POINT('',(-25.3501202120436,-127.453125,57.4537552047412));
#2730=CARTESIAN_POINT('',(-21.6178217313713,-125.34375,58.9118709973199));
#2731=CARTESIAN_POINT('',(-17.6214343975604,-123.234375,59.20347140857));
#2732=CARTESIAN_POINT('',(-13.7170088030188,-121.125,58.302580473136));
#2733=CARTESIAN_POINT('',(-10.2524031973198,-119.015625,56.2894605337384));
#2734=CARTESIAN_POINT('',(-7.53629060319978,-116.90625,53.3434673079769));
#2735=CARTESIAN_POINT('',(-5.81065840716252,-114.796875,49.7270689181153));
#2736=CARTESIAN_POINT('',(-5.22924883447513,-112.6875,45.7624621695012));
#2737=CARTESIAN_POINT('',(-5.84386157062151,-110.578125,41.8028668675245));
#2738=CARTESIAN_POINT('',(-7.59973875211317,-108.46875,38.2010563377993));
#2739=CARTESIAN_POINT('',(-10.3404435254828,-106.359375,35.2779276861078));
#2740=CARTESIAN_POINT('',(-13.8217975189432,-104.25,33.2939120255872));
#2741=CARTESIAN_POINT('',(-17.733635494004,-102.140625,32.4257718146339));
#2742=CARTESIAN_POINT('',(-21.7274389832028,-100.03125,32.7508525102478));
#2743=CARTESIAN_POINT('',(-25.4473869427579,-97.921875,34.2401916077024));
#2744=CARTESIAN_POINT('',(-28.5620570156667,-95.8125,36.7610990050339));
#2745=CARTESIAN_POINT('',(-30.7939530358379,-93.703125,40.0889787991588));
#2746=CARTESIAN_POINT('',(-31.9442280711017,-91.59375,43.9273392710588));
#2747=CARTESIAN_POINT('',(-31.9104003481839,-89.484375,47.9342083048758));
#2748=CARTESIAN_POINT('',(-30.6954836897991,-87.3749999999999,51.7526008046305));
#2749=CARTESIAN_POINT('',(-28.4077190033101,-85.265625,55.0423236665522));
#2750=CARTESIAN_POINT('',(-25.2509307434942,-83.15625,57.510284697786));
#2751=CARTESIAN_POINT('',(-21.5063675237723,-81.046875,58.9366051605505));
#2752=CARTESIAN_POINT('',(-17.5076447553557,-78.9374999999999,59.1942094896108));
#2753=CARTESIAN_POINT('',(-13.6110217567392,-76.828125,58.2601468709121));
#2754=CARTESIAN_POINT('',(-10.1636614432595,-74.71875,56.2176360048348));
#2755=CARTESIAN_POINT('',(-7.47270044503794,-72.609375,53.2486508794008));
#2756=CARTESIAN_POINT('',(-5.77788529786561,-70.5,49.6177081112048));
#2757=CARTESIAN_POINT('',(-5.23021263848677,-68.390625,45.6483002930071));
#2758=CARTESIAN_POINT('',(-5.87847641929257,-66.28125,41.6940749782972));
#2759=CARTESIAN_POINT('',(-7.66492069516524,-64.1718749999999,38.1073270615625));
#2760=CARTESIAN_POINT('',(-10.4303852899422,-62.0624999999999,35.207611671384));
#2761=CARTESIAN_POINT('',(-13.9284858982059,-59.953125,33.2532739565907));
#2762=CARTESIAN_POINT('',(-17.8475652706558,-57.8437499999999,32.4184322701411));
#2763=CARTESIAN_POINT('',(-21.8384597800023,-55.734375,32.7774653943336));
#2764=CARTESIAN_POINT('',(-25.545607553012,-53.625,34.2983858912916));
#2765=CARTESIAN_POINT('',(-28.638726643261,-51.515625,36.8456899686526));
#2766=CARTESIAN_POINT('',(-30.8422409323403,-49.4062499999999,40.1924299565841));
#2767=CARTESIAN_POINT('',(-31.9598321095348,-47.296875,44.0404338195832));
#2768=CARTESIAN_POINT('',(-31.8919303136163,-45.1875,48.0468702804684));
#2769=CARTESIAN_POINT('',(-30.6445851381519,-43.078125,51.8547927826009));
#2770=CARTESIAN_POINT('',(-28.3289266533853,-40.96875,55.1249410286173));
#2771=CARTESIAN_POINT('',(-25.1512644640131,-38.859375,57.5659667923556));
#2772=CARTESIAN_POINT('',(-21.3947069102604,-36.75,58.960391087304));
#2773=CARTESIAN_POINT('',(-17.3939380178743,-34.640625,59.1839800823679));
#2774=CARTESIAN_POINT('',(-13.5053994012381,-32.53125,58.2168135010939));
#2775=CARTESIAN_POINT('',(-10.0755337116018,-30.4218749999999,56.1450593843975));
#2776=CARTESIAN_POINT('',(-7.40991892570201,-28.3125,53.153297097351));
#2777=CARTESIAN_POINT('',(-5.74604340219549,-26.2031249999999,49.5080725485372));
#2778=CARTESIAN_POINT('',(-5.2321472653392,-24.09375,45.5341507413648));
#2779=CARTESIAN_POINT('',(-5.91401520642006,-21.9843749999999,41.5855813953952));
#2780=CARTESIAN_POINT('',(-7.73089737553312,-19.875,38.0141554963243));
#2781=CARTESIAN_POINT('',(-10.520921784837,-17.7656249999999,35.1380630839553));
#2782=CARTESIAN_POINT('',(-14.035516014537,-15.65625,33.2135446585917));
#2783=CARTESIAN_POINT('',(-17.9615533445345,-13.5468749999999,32.4120618749562));
#2784=CARTESIAN_POINT('',(-21.949250240295,-11.4374999999999,32.8050214613508));
#2785=CARTESIAN_POINT('',(-25.6433297144614,-9.32812499999995,34.3574133601768));
#2786=CARTESIAN_POINT('',(-28.7146741181884,-7.21874999999994,36.9309298887214));
#2787=CARTESIAN_POINT('',(-30.889647311264,-5.10937499999995,40.2962880239586));
#2788=CARTESIAN_POINT('',(-31.9744738027667,-2.99999999999994,44.1536569786127));
#2789=CARTESIAN_POINT('',(-31.8725028447136,-0.890624999999936,48.1593711087915));
#2790=CARTESIAN_POINT('',(-30.5928193639993,1.21875000000008,51.9565482126651));
#2791=CARTESIAN_POINT('',(-28.2494345564795,3.32812500000006,55.2068853356248));
#2792=CARTESIAN_POINT('',(-25.0511282558282,5.43750000000005,57.6207992893958));
#2793=CARTESIAN_POINT('',(-21.2828480538109,7.54687500000008,58.9832265674857));
#2794=CARTESIAN_POINT('',(-17.280322385333,9.65625000000007,59.1727840579109));
#2795=CARTESIAN_POINT('',(-13.4001493817202,11.7656250000001,58.1725834625164));
#2796=CARTESIAN_POINT('',(-9.98802637433321,13.8750000000001,56.0717359308128));
#2797=CARTESIAN_POINT('',(-7.34795058619427,15.9843750000001,53.0574128555802));
#2798=CARTESIAN_POINT('',(-5.71513502293512,18.0937500000001,49.3981701599698));
#2799=CARTESIAN_POINT('',(-5.23505257514662,20.2031250000001,45.420021770037));
#2800=CARTESIAN_POINT('',(-5.95047536172109,22.3125000000001,41.4773939654572));
#2801=CARTESIAN_POINT('',(-7.79766402158302,24.4218750000001,37.9215483805252));
#2802=CARTESIAN_POINT('',(-10.6120464622906,26.5312500000001,35.0692869537913));
#2803=CARTESIAN_POINT('',(-14.1428801271899,28.6406250000001,33.1747270049342));
#2804=CARTESIAN_POINT('',(-18.0755914716721,30.7500000000001,32.4066610898062));
#2805=CARTESIAN_POINT('',(-22.059802351375,32.8593750000001,32.8335187183601));
#2806=CARTESIAN_POINT('',(-25.7405463595388,34.9687500000001,34.4172697453098));
#2807=CARTESIAN_POINT('',(-28.7898939476958,37.0781250000001,37.0168126004291));
#2808=CARTESIAN_POINT('',(-30.9361687440335,39.1875000000001,40.4005454899466));
#2809=CARTESIAN_POINT('',(-31.9881520918652,41.296875,44.2670005595015));
#2810=CARTESIAN_POINT('',(-31.8521193465301,43.4062500000001,48.27170265344));
#2811=CARTESIAN_POINT('',(-30.5401901112003,45.5156250000001,52.0578597355594));
#2812=CARTESIAN_POINT('',(-28.1692484617057,47.6250000000001,55.28815066111));
#2813=CARTESIAN_POINT('',(-24.9505293610975,49.7343750000001,57.6747782232524));
#2814=CARTESIAN_POINT('',(-21.1707990443991,51.8437500000001,59.0051099495635));
#2815=CARTESIAN_POINT('',(-17.1668060747643,53.953125,59.1606222259712));
#2816=CARTESIAN_POINT('',(-13.2952793101872,56.0625000000001,58.1274599540306));
#2817=CARTESIAN_POINT('',(-9.90114576025402,58.1718750000001,55.9976709470584));
#2818=CARTESIAN_POINT('',(-7.28679990825483,60.2812500000002,52.9610050887309));
#2819=CARTESIAN_POINT('',(-5.68516239547349,62.3906250000001,49.2880088939805));
#2820=CARTESIAN_POINT('',(-5.23892835778795,64.5000000000001,45.3059216331826));
#2821=CARTESIAN_POINT('',(-5.98785424828578,66.6093750000001,41.3695205129283));
#2822=CARTESIAN_POINT('',(-7.86521580454607,68.7187500000001,37.8295124117966));
#2823=CARTESIAN_POINT('',(-10.7037527318858,70.8281250000001,35.0012882549934));
#2824=CARTESIAN_POINT('',(-14.2505704712634,72.9375000000001,33.1368238030298));
#2825=CARTESIAN_POINT('',(-18.1896714044816,75.0468750000001,32.4022303052923));
#2826=CARTESIAN_POINT('',(-22.1701081177745,77.1562500000001,32.8629551043523));
#2827=CARTESIAN_POINT('',(-25.8372504572385,79.2656250000001,34.4779507176935));
#2828=CARTESIAN_POINT('',(-28.8643806916532,81.3750000000001,37.1033318924733));
#2829=CARTESIAN_POINT('',(-30.9818018660769,83.4843750000001,40.5051948143301));
#2830=CARTESIAN_POINT('',(-32.0008659875744,85.5937500000001,44.3804563648933));
#2831=CARTESIAN_POINT('',(-31.830781293263,87.7031250000001,48.383856790252));
#2832=CARTESIAN_POINT('',(-30.4867011860643,89.8125000000001,52.1587200241229));
#2833=CARTESIAN_POINT('',(-28.088374168368,91.921875,55.3687311277155));
#2834=CARTESIAN_POINT('',(-24.8494750554421,94.0312500000001,57.7278996900027));
#2835=CARTESIAN_POINT('',(-21.0585679857535,96.140625,59.0260396508644));
#2836=CARTESIAN_POINT('',(-17.053397296015,98.2500000000001,59.1474954661285));
#2837=CARTESIAN_POINT('',(-13.1907967711674,100.359375,58.0814462391109));
#2838=CARTESIAN_POINT('',(-9.81489815283112,102.46875,55.9228697897294));
#2839=CARTESIAN_POINT('',(-7.22647131450886,104.578125,52.8640807693536));
#2840=CARTESIAN_POINT('',(-5.65612768744706,106.6875,49.1775967176023));
#2841=CARTESIAN_POINT('',(-5.24377433323818,108.796875,45.191858583499));
#2842=CARTESIAN_POINT('',(-6.02614916170047,110.90625,41.2619688372114));
#2843=CARTESIAN_POINT('',(-7.93354784281794,113.015625,37.7380542551817));
#2844=CARTESIAN_POINT('',(-10.7960339464107,115.125,34.9340718728934));
#2845=CARTESIAN_POINT('',(-14.3585793132489,117.234375,33.0998379156036));
#2846=CARTESIAN_POINT('',(-18.3037846871358,119.34375,32.3987693886071));
#2847=CARTESIAN_POINT('',(-22.2801603277235,121.453125,32.8933301819697));
#2848=CARTESIAN_POINT('',(-25.9334321553161,123.5625,34.5394455756619));
#2849=CARTESIAN_POINT('',(-28.938139630299,125.671875,37.1905050680689));
#2850=CARTESIAN_POINT('',(-30.6784429100372,127.4296875,40.040201260813));
#2851=CARTESIAN_POINT('',(-31.5200318911095,128.8359375,42.5520326160216));
#2852=CARTESIAN_POINT('',(-31.8635890564392,129.890625,44.5087830809789));
#2853=CARTESIAN_POINT('',(-31.9031846509831,130.76953125,46.1639252249772));
#2854=CARTESIAN_POINT('',(-31.8010333738943,131.384765625,47.3158893397007));
#2855=CARTESIAN_POINT('',(-31.7058670026425,131.736328125,47.9694991465123));
#2856=CARTESIAN_POINT('',(-31.6460788418581,131.912109375,48.2942929172672));
#2857=CARTESIAN_POINT('',(-31.6131553233405,132.,48.4560732674555));
#2858=CARTESIAN_POINT('',(-34.6411152116704,-138.,38.753701570275));
#2859=CARTESIAN_POINT('',(-34.7293113232874,-137.912109375,38.9532814950595));
#2860=CARTESIAN_POINT('',(-34.8982290412495,-137.736328125,39.355744455333));
#2861=CARTESIAN_POINT('',(-35.2056842313321,-137.384765625,40.1727571436524));
#2862=CARTESIAN_POINT('',(-35.6628965531432,-136.76953125,41.6312321933334));
#2863=CARTESIAN_POINT('',(-36.0791977665438,-135.890625,43.7794005115856));
#2864=CARTESIAN_POINT('',(-36.1882246033819,-134.8359375,46.4028221033009));
#2865=CARTESIAN_POINT('',(-35.8109916401143,-133.4296875,49.8835671477135));
#2866=CARTESIAN_POINT('',(-34.3688265724054,-131.671875,54.0543393398529));
#2867=CARTESIAN_POINT('',(-31.2380682244727,-129.5625,58.3257245154028));
#2868=CARTESIAN_POINT('',(-26.9861324892272,-127.453125,61.4827659658759));
#2869=CARTESIAN_POINT('',(-21.9918239616305,-125.34375,63.2442596586828));
#2870=CARTESIAN_POINT('',(-16.7001057896008,-123.234375,63.4532503572043));
#2871=CARTESIAN_POINT('',(-11.5824334638723,-121.125,62.0911232153992));
#2872=CARTESIAN_POINT('',(-7.09475746174252,-119.015625,59.2792333135235));
#2873=CARTESIAN_POINT('',(-3.63689947429565,-116.90625,55.2681014858615));
#2874=CARTESIAN_POINT('',(-1.51693142358183,-114.796875,50.4150925219338));
#2875=CARTESIAN_POINT('',(-0.923728206802454,-112.6875,45.1525769224304));
#2876=CARTESIAN_POINT('',(-1.91014024436472,-110.578125,39.9494094449784));
#2877=CARTESIAN_POINT('',(-4.38828485419158,-108.46875,35.2691573369248));
#2878=CARTESIAN_POINT('',(-8.1373760102067,-106.359375,31.5287995990772));
#2879=CARTESIAN_POINT('',(-12.8233948924839,-104.25,29.061576962611));
#2880=CARTESIAN_POINT('',(-18.028848718928,-102.140625,28.0873023792626));
#2881=CARTESIAN_POINT('',(-23.2899665456481,-100.03125,28.6927771651588));
#2882=CARTESIAN_POINT('',(-28.1380181405174,-97.9218749999999,30.8240575869907));
#2883=CARTESIAN_POINT('',(-32.1410746959536,-95.8124999999999,34.2912608860443));
#2884=CARTESIAN_POINT('',(-34.9424907821741,-93.7031249999999,38.7854825555724));
#2885=CARTESIAN_POINT('',(-36.2926790575468,-91.59375,43.906317655831));
#2886=CARTESIAN_POINT('',(-36.0713468229575,-89.484375,49.1975342026111));
#2887=CARTESIAN_POINT('',(-34.2982132926708,-87.375,54.1877203701576));
#2888=CARTESIAN_POINT('',(-31.1312527448956,-85.2656249999999,58.4322841159182));
#2889=CARTESIAN_POINT('',(-26.8526200755289,-83.15625,61.5530633429094));
#2890=CARTESIAN_POINT('',(-21.8435126936313,-81.0468749999999,63.2720176004762));
#2891=CARTESIAN_POINT('',(-16.5502083947582,-78.9375,63.4359996194058));
#2892=CARTESIAN_POINT('',(-11.4443050093461,-76.8281249999999,62.0303997041299));
#2893=CARTESIAN_POINT('',(-6.98070420618191,-74.71875,59.1804473583901));
#2894=CARTESIAN_POINT('',(-3.55708281165751,-72.6093749999999,55.1400541782719));
#2895=CARTESIAN_POINT('',(-1.47846247779195,-70.5,50.2691920358343));
#2896=CARTESIAN_POINT('',(-0.930034303452678,-68.3906249999999,45.0018220051089));
#2897=CARTESIAN_POINT('',(-1.96065955233499,-66.28125,39.8072313475732));
#2898=CARTESIAN_POINT('',(-4.47851644282202,-64.1718749999999,35.1482231717893));
#2899=CARTESIAN_POINT('',(-8.25928085148317,-62.0624999999999,31.4398837874833));
#2900=CARTESIAN_POINT('',(-12.9661120845219,-59.9531249999999,29.0126013056359));
#2901=CARTESIAN_POINT('',(-18.1796631192868,-57.84375,28.0826302787264));
#2902=CARTESIAN_POINT('',(-23.4354416050602,-55.7343749999999,28.7328248738107));
#2903=CARTESIAN_POINT('',(-28.2651930090985,-53.6249999999999,30.9052571231982));
#2904=CARTESIAN_POINT('',(-32.2386189478083,-51.515625,34.4063779169705));
#2905=CARTESIAN_POINT('',(-35.0017138801722,-49.40625,38.9242609275999));
#2906=CARTESIAN_POINT('',(-36.3083046217658,-47.2968749999999,44.0563931489066));
#2907=CARTESIAN_POINT('',(-36.0419827206635,-45.1874999999999,49.3455360991382));
#2908=CARTESIAN_POINT('',(-34.2264756679871,-43.0781249999999,54.3204626960518));
#2909=CARTESIAN_POINT('',(-31.0235329379479,-40.96875,58.5379404222617));
#2910=CARTESIAN_POINT('',(-26.7185151970028,-38.8593749999999,61.6222203630491));
#2911=CARTESIAN_POINT('',(-21.6949705867248,-36.7499999999999,63.2985139088037));
#2912=CARTESIAN_POINT('',(-16.4004631626699,-34.640625,63.4174745729627));
#2913=CARTESIAN_POINT('',(-11.3066979456371,-32.5312499999999,61.968503760025));
#2914=CARTESIAN_POINT('',(-6.86749517520978,-30.421875,59.0806950291675));
#2915=CARTESIAN_POINT('',(-3.4783579770681,-28.3124999999999,55.0113327259107));
#2916=CARTESIAN_POINT('',(-1.44123569314443,-26.203125,50.12296967645));
#2917=CARTESIAN_POINT('',(-0.937622225013414,-24.0937499999999,44.8511261679887));
#2918=CARTESIAN_POINT('',(-2.01238614730057,-21.9843749999999,39.6654880187974));
#2919=CARTESIAN_POINT('',(-4.5697732192969,-19.8749999999999,35.0280607291273));
#2920=CARTESIAN_POINT('',(-8.38193744412843,-17.7656249999999,31.3520078968213));
#2921=CARTESIAN_POINT('',(-13.1092406154545,-15.6562499999999,28.9648411181132));
#2922=CARTESIAN_POINT('',(-18.3305117985376,-13.546875,28.0792409059984));
#2923=CARTESIAN_POINT('',(-23.5805708293405,-11.4375,28.7741082862035));
#2924=CARTESIAN_POINT('',(-28.3916727401122,-9.32812499999993,30.9875352461826));
#2925=CARTESIAN_POINT('',(-32.335180691742,-7.21874999999993,34.5223203228772));
#2926=CARTESIAN_POINT('',(-35.0597546347486,-5.10937499999992,39.0635379274506));
#2927=CARTESIAN_POINT('',(-36.3226533459124,-2.99999999999994,44.20659609826));
#2928=CARTESIAN_POINT('',(-36.011361039514,-0.890624999999936,49.4932829249));
#2929=CARTESIAN_POINT('',(-34.1536117674874,1.21875000000006,54.4525901492284));
#2930=CARTESIAN_POINT('',(-30.9149185018266,3.32812500000006,58.6426768349619));
#2931=CARTESIAN_POINT('',(-26.5838270413927,5.43750000000007,61.6902344249582));
#2932=CARTESIAN_POINT('',(-21.5462085208906,7.54687500000007,63.3237460242098));
#2933=CARTESIAN_POINT('',(-16.2508808866707,9.65625000000004,63.3976767299976));
#2934=CARTESIAN_POINT('',(-11.1696222347451,11.7656250000001,61.9054398134129));
#2935=CARTESIAN_POINT('',(-6.75513855381458,13.8750000000001,58.9799835526226));
#2936=CARTESIAN_POINT('',(-3.40073066485495,15.9843750000001,54.8819464349924));
#2937=CARTESIAN_POINT('',(-1.40525376180535,18.0937500000001,49.9764360199194));
#2938=CARTESIAN_POINT('',(-0.946491422753716,20.2031250000001,44.7005003096155));
#2939=CARTESIAN_POINT('',(-2.06531628822162,22.3125000000001,39.5241897100283));
#2940=CARTESIAN_POINT('',(-4.66204858364957,24.4218750000001,34.908678699438));
#2941=CARTESIAN_POINT('',(-8.50533691724124,26.5312500000001,31.2651782825493));
#2942=CARTESIAN_POINT('',(-13.2527701337871,28.6406250000001,28.918299854205));
#2943=CARTESIAN_POINT('',(-18.4813838468402,30.7500000000001,28.0771345062088));
#2944=CARTESIAN_POINT('',(-23.7253437222995,32.8593750000001,28.8166244165942));
#2945=CARTESIAN_POINT('',(-28.5174481861556,34.9687500000001,31.0708860053372));
#2946=CARTESIAN_POINT('',(-32.430752944114,37.078125,34.639079718455));
#2947=CARTESIAN_POINT('',(-35.1166088482173,39.1875,39.2033034821835));
#2948=CARTESIAN_POINT('',(-36.335724192243,41.2968750000001,44.3569156407531));
#2949=CARTESIAN_POINT('',(-35.9794839941629,43.4062500000001,49.6407639943931));
#2950=CARTESIAN_POINT('',(-34.0796268609119,45.515625,54.584093173825));
#2951=CARTESIAN_POINT('',(-30.805417291862,47.6250000000001,58.7464857791592));
#2952=CARTESIAN_POINT('',(-26.4485653497587,49.734375,61.7571006096516));
#2953=CARTESIAN_POINT('',(-21.3972372550575,51.8437500000001,63.34771212183));
#2954=CARTESIAN_POINT('',(-16.1014723850108,53.953125,63.3766075223517));
#2955=CARTESIAN_POINT('',(-11.0330877904038,56.0625000000001,61.8412124252705));
#2956=CARTESIAN_POINT('',(-6.64364246797273,58.1718750000001,58.8783202125188));
#2957=CARTESIAN_POINT('',(-3.32420648926298,60.28125,54.75190466313));
#2958=CARTESIAN_POINT('',(-1.37051928609864,62.3906250000001,49.8296016640062));
#2959=CARTESIAN_POINT('',(-0.956641255225762,64.5000000000001,44.5499553237147));
#2960=CARTESIAN_POINT('',(-2.11944614702839,66.6093750000001,39.3833466403917));
#2961=CARTESIAN_POINT('',(-4.75533586224254,68.7187500000001,34.7900857167965));
#2962=CARTESIAN_POINT('',(-8.62947034619235,70.8281250000001,31.1794012244518));
#2963=CARTESIAN_POINT('',(-13.3966902590256,72.9375,28.872980879918));
#2964=CARTESIAN_POINT('',(-18.6322683526653,75.0468750000001,28.0763112316988));
#2965=CARTESIAN_POINT('',(-23.8697498135168,77.15625,28.8603701900857));
#2966=CARTESIAN_POINT('',(-28.6425102507631,79.2656250000001,31.1553033724798));
#2967=CARTESIAN_POINT('',(-32.5253287928454,81.375,34.7566476593054));
#2968=CARTESIAN_POINT('',(-35.1722724087078,83.4843750000001,39.3435474835264));
#2969=CARTESIAN_POINT('',(-36.3475162154338,85.59375,44.507340904815));
#2970=CARTESIAN_POINT('',(-35.9463538900559,87.7031250000001,49.7879686413338));
#2971=CARTESIAN_POINT('',(-34.0045262990761,89.8125000000001,54.7149622591398));
#2972=CARTESIAN_POINT('',(-30.6950372275171,91.9218750000001,58.8493597470727));
#2973=CARTESIAN_POINT('',(-26.3127399046419,94.0312500000001,61.8228140811613));
#2974=CARTESIAN_POINT('',(-21.2480675632844,96.1406250000001,63.3704104683633));
#2975=CARTESIAN_POINT('',(-15.9522484633706,98.2500000000001,63.3542684738133));
#2976=CARTESIAN_POINT('',(-10.8971044872061,100.359375,61.7758262407244));
#2977=CARTESIAN_POINT('',(-6.53301498141659,102.46875,58.7757123614448));
#2978=CARTESIAN_POINT('',(-3.24879098478052,104.578125,54.6212168154042));
#2979=CARTESIAN_POINT('',(-1.33703477803497,106.6875,49.6824772279963));
#2980=CARTESIAN_POINT('',(-0.968070988709435,108.796875,44.3995020990006));
#2981=CARTESIAN_POINT('',(-2.17477180758911,110.90625,39.2429689929578));
#2982=CARTESIAN_POINT('',(-4.84962831308393,113.015625,34.6722903699031));
#2983=CARTESIAN_POINT('',(-8.75432873524468,115.125,31.0946828825532));
#2984=CARTESIAN_POINT('',(-13.5409906497043,117.234375,28.8288876357076));
#2985=CARTESIAN_POINT('',(-18.7831541524923,119.34375,28.0767705342541));
#2986=CARTESIAN_POINT('',(-24.013779596185,121.453125,28.9053447110265));
#2987=CARTESIAN_POINT('',(-28.7668463918188,123.5625,31.2407727773363));
#2988=CARTESIAN_POINT('',(-32.6189144498089,125.671875,34.8750472341806));
#2989=CARTESIAN_POINT('',(-34.7920628917605,127.4296875,38.7159594449044));
#2990=CARTESIAN_POINT('',(-35.7929871432837,128.8359375,42.0709618913256));
#2991=CARTESIAN_POINT('',(-36.1605284540831,129.890625,44.6707967099018));
#2992=CARTESIAN_POINT('',(-36.1398611629351,130.76953125,46.8588338866659));
#2993=CARTESIAN_POINT('',(-35.9541425727114,131.384765625,48.3759697352309));
#2994=CARTESIAN_POINT('',(-35.7996211110178,131.736328125,49.2351330169528));
#2995=CARTESIAN_POINT('',(-35.7063273869689,131.912109375,49.6615200604797));
#2996=CARTESIAN_POINT('',(-35.6557060948646,132.,49.8737656382117));
#2997=CARTESIAN_POINT('',(-38.716988037535,-138.,37.4348599504449));
#2998=CARTESIAN_POINT('',(-38.8216479182909,-137.912109375,37.6853210788901));
#2999=CARTESIAN_POINT('',(-39.0215876114563,-137.736328125,38.1901630492031));
#3000=CARTESIAN_POINT('',(-39.3833753510025,-137.384765625,39.2141135713715));
#3001=CARTESIAN_POINT('',(-39.9152387737136,-136.76953125,41.0396869894361));
#3002=CARTESIAN_POINT('',(-40.3788097110572,-135.890625,43.7220598805831));
#3003=CARTESIAN_POINT('',(-40.4482012150753,-134.8359375,46.987791431707));
#3004=CARTESIAN_POINT('',(-39.8911500116623,-133.4296875,51.3075783011775));
#3005=CARTESIAN_POINT('',(-37.9921330892163,-131.671875,56.458733791408));
#3006=CARTESIAN_POINT('',(-33.9903250150227,-129.5625,61.6924106554975));
#3007=CARTESIAN_POINT('',(-28.6221360599531,-127.453125,65.5117820668614));
#3008=CARTESIAN_POINT('',(-22.3658162972585,-125.34375,67.5766508523811));
#3009=CARTESIAN_POINT('',(-15.7787669803845,-123.234375,67.7030288050447));
#3010=CARTESIAN_POINT('',(-9.44784852570606,-121.125,65.8796624683565));
#3011=CARTESIAN_POINT('',(-3.93710358459098,-119.015625,62.2689999263646));
#3012=CARTESIAN_POINT('',(0.262497613378162,-116.90625,57.1927273685972));
#3013=CARTESIAN_POINT('',(2.77679880507751,-114.796875,51.10310644144));
#3014=CARTESIAN_POINT('',(3.38179266314302,-112.6875,44.5426814646917));
#3015=CARTESIAN_POINT('',(2.02357829977424,-110.578125,38.0959421951108));
#3016=CARTESIAN_POINT('',(-1.17683651491066,-108.46875,32.3372497676225));
#3017=CARTESIAN_POINT('',(-5.93431633485652,-106.359375,27.7796649659025));
#3018=CARTESIAN_POINT('',(-11.825001688751,-104.25,24.829237958992));
#3019=CARTESIAN_POINT('',(-18.3240721098769,-102.140625,23.7488319598343));
#3020=CARTESIAN_POINT('',(-24.8525041116929,-100.03125,24.6347038802715));
#3021=CARTESIAN_POINT('',(-30.8286582881976,-97.921875,27.4079284871895));
#3022=CARTESIAN_POINT('',(-35.7200994751041,-95.8125,31.8214301102534));
#3023=CARTESIAN_POINT('',(-39.0910331438564,-93.703125,37.4819954232441));
#3024=CARTESIAN_POINT('',(-40.6411317646233,-91.5937499999999,43.8853061081675));
#3025=CARTESIAN_POINT('',(-40.2322919703521,-89.484375,50.4608702272662));
#3026=CARTESIAN_POINT('',(-37.9009386384129,-87.3749999999999,56.6228492197186));
#3027=CARTESIAN_POINT('',(-33.854779678883,-85.265625,61.8222521792872));
#3028=CARTESIAN_POINT('',(-28.4543006560079,-83.15625,65.595847253649));
#3029=CARTESIAN_POINT('',(-22.1806479476821,-81.046875,67.6074324884993));
#3030=CARTESIAN_POINT('',(-15.5927618375317,-78.9374999999999,67.6777891616712));
#3031=CARTESIAN_POINT('',(-9.27757869295403,-76.828125,65.8006489665357));
#3032=CARTESIAN_POINT('',(-3.79773888026945,-74.7187499999999,62.1432524759867));
#3033=CARTESIAN_POINT('',(0.358540709733308,-72.609375,57.0314491316194));
#3034=CARTESIAN_POINT('',(2.82096350488538,-70.4999999999999,50.9206662489051));
#3035=CARTESIAN_POINT('',(3.3701441870117,-68.390625,44.3553335048515));
#3036=CARTESIAN_POINT('',(1.95715444903152,-66.28125,37.9203779135425));
#3037=CARTESIAN_POINT('',(-1.29211782178611,-64.1718749999999,32.1891107611707));
#3038=CARTESIAN_POINT('',(-6.08818430833637,-62.0624999999999,27.6721494243476));
#3039=CARTESIAN_POINT('',(-12.0037477267356,-59.953125,24.7719247943138));
#3040=CARTESIAN_POINT('',(-18.5117711419439,-57.8437499999999,23.7468273897445));
#3041=CARTESIAN_POINT('',(-25.0324334158352,-55.734375,24.6881864984879));
#3042=CARTESIAN_POINT('',(-30.9847873729334,-53.625,27.5121333519492));
#3043=CARTESIAN_POINT('',(-35.8385182885145,-51.5156249999999,31.9670732685922));
#3044=CARTESIAN_POINT('',(-39.161191365699,-49.4062499999999,37.6561010487939));
#3045=CARTESIAN_POINT('',(-40.6567787689494,-47.296875,44.0723625600633));
#3046=CARTESIAN_POINT('',(-40.1920337142582,-45.1875,50.6442120330732));
#3047=CARTESIAN_POINT('',(-37.8083618618934,-43.078125,56.7861418569975));
#3048=CARTESIAN_POINT('',(-33.7181323504073,-40.9687499999999,61.9509473717405));
#3049=CARTESIAN_POINT('',(-28.2857571339736,-38.8593749999999,65.6784791247428));
#3050=CARTESIAN_POINT('',(-21.9952243269205,-36.75,67.6366390939864));
#3051=CARTESIAN_POINT('',(-15.4069781162017,-34.640625,67.6509683893349));
#3052=CARTESIAN_POINT('',(-9.10798695175006,-32.53125,65.7201903668964));
#3053=CARTESIAN_POINT('',(-3.65944860330737,-30.4218749999999,62.0163243694151));
#3054=CARTESIAN_POINT('',(0.453208788391082,-28.3125,56.8693599591756));
#3055=CARTESIAN_POINT('',(2.86357509580667,-26.2031249999999,50.7378570662598));
#3056=CARTESIAN_POINT('',(3.35690288388887,-24.0937499999999,44.1680913813013));
#3057=CARTESIAN_POINT('',(1.889239962962,-21.9843749999999,37.7453848636168));
#3058=CARTESIAN_POINT('',(-1.40865476662749,-19.875,32.0419574892828));
#3059=CARTESIAN_POINT('',(-6.24296105354706,-17.7656249999999,27.5659462978305));
#3060=CARTESIAN_POINT('',(-12.1829747047573,-15.65625,24.7161337978218));
#3061=CARTESIAN_POINT('',(-18.6994804338321,-13.5468749999999,23.7464191260281));
#3062=CARTESIAN_POINT('',(-25.2119013854994,-11.4374999999999,24.7431973410994));
#3063=CARTESIAN_POINT('',(-31.1400246306949,-9.32812499999995,27.6176622046056));
#3064=CARTESIAN_POINT('',(-35.9556942382405,-7.21874999999994,32.1137182199058));
#3065=CARTESIAN_POINT('',(-39.2298664179489,-5.10937499999995,37.8307970193798));
#3066=CARTESIAN_POINT('',(-40.6708344382137,-2.99999999999994,44.2595453132801));
#3067=CARTESIAN_POINT('',(-40.1502177348903,-0.890624999999934,50.8272048438878));
#3068=CARTESIAN_POINT('',(-37.7143997565607,1.21875000000008,56.9486412960779));
#3069=CARTESIAN_POINT('',(-33.5803955110626,3.32812500000007,62.0784758314185));
#3070=CARTESIAN_POINT('',(-28.1165169871106,5.43750000000006,65.7596746765299));
#3071=CARTESIAN_POINT('',(-21.8095590319597,7.54687500000007,67.6642677600311));
#3072=CARTESIAN_POINT('',(-15.2214292028465,9.65625000000007,67.6225686412172));
#3073=CARTESIAN_POINT('',(-8.93908558088734,11.7656250000001,65.6382924312661));
#3074=CARTESIAN_POINT('',(-3.52224275169092,13.8750000000001,61.8882248018021));
#3075=CARTESIAN_POINT('',(0.546495001703899,15.9843750000001,56.7064715699456));
#3076=CARTESIAN_POINT('',(2.90463049629817,18.0937500000001,50.5546921159261));
#3077=CARTESIAN_POINT('',(3.34206971135691,20.2031250000001,43.9809686356686));
#3078=CARTESIAN_POINT('',(1.81983975336842,22.3125000000001,37.5709757014482));
#3079=CARTESIAN_POINT('',(-1.52643892113,24.421875,31.8958005945139));
#3080=CARTESIAN_POINT('',(-6.39863537655959,26.5312500000001,27.4610632672919));
#3081=CARTESIAN_POINT('',(-12.3626696605707,28.6406250000001,24.661869004491));
#3082=CARTESIAN_POINT('',(-18.8871864098286,30.7500000000001,23.7476071982121));
#3083=CARTESIAN_POINT('',(-25.3908950410119,32.8593750000001,24.7997324295534));
#3084=CARTESIAN_POINT('',(-31.2943588342468,34.9687500000001,27.7245074129877));
#3085=CARTESIAN_POINT('',(-36.0716188497594,37.0781250000001,32.2613543583836));
#3086=CARTESIAN_POINT('',(-39.2970533338149,39.1875000000001,38.0060707004515));
#3087=CARTESIAN_POINT('',(-40.6832977558671,41.2968750000001,44.4468408301871));
#3088=CARTESIAN_POINT('',(-40.1068470565086,43.4062500000001,51.0098354251085));
#3089=CARTESIAN_POINT('',(-37.619059118042,45.5156250000001,57.110335784503));
#3090=CARTESIAN_POINT('',(-33.4415791224008,47.6250000000001,62.2048283350706));
#3091=CARTESIAN_POINT('',(-27.9465924553854,49.7343750000001,65.8394280366991));
#3092=CARTESIAN_POINT('',(-21.6236654906831,51.8437500000001,67.6903164884434));
#3093=CARTESIAN_POINT('',(-15.0361285169346,53.9531250000001,67.5925919712758));
#3094=CARTESIAN_POINT('',(-8.77088679582782,56.0625000000001,65.5549610827535));
#3095=CARTESIAN_POINT('',(-3.38613124856944,58.1718750000001,61.7589630377019));
#3096=CARTESIAN_POINT('',(0.638392602927114,60.2812500000002,56.542795744517));
#3097=CARTESIAN_POINT('',(2.94412673710702,62.3906250000001,50.371184644955));
#3098=CARTESIAN_POINT('',(3.32564574219672,64.5000000000001,43.7939788012463));
#3099=CARTESIAN_POINT('',(1.74895883948624,66.6093750000001,37.3971630408406));
#3100=CARTESIAN_POINT('',(-1.64546176678218,68.7187500000001,31.7506506473795));
#3101=CARTESIAN_POINT('',(-6.55519601852805,70.828125,27.357507918195));
#3102=CARTESIAN_POINT('',(-12.5428195980868,72.9375000000001,24.6091343389172));
#3103=CARTESIAN_POINT('',(-19.0748754944611,75.0468750000001,23.7503915203717));
#3104=CARTESIAN_POINT('',(-25.5694014370024,77.1562500000001,24.8577876750587));
#3105=CARTESIAN_POINT('',(-31.4477788216664,79.2656250000001,27.8326612497228));
#3106=CARTESIAN_POINT('',(-36.1862837390465,81.3750000000001,32.4099710065254));
#3107=CARTESIAN_POINT('',(-39.362747254134,83.484375,38.1819094156807));
#3108=CARTESIAN_POINT('',(-40.6941678205241,85.5937500000001,44.6342355649968));
#3109=CARTESIAN_POINT('',(-40.0619248158136,87.7031250000001,51.1920905683314));
#3110=CARTESIAN_POINT('',(-37.5223468416646,89.8125000000001,57.2712136280311));
#3111=CARTESIAN_POINT('',(-33.3016932240489,91.9218750000001,62.3299957444964));
#3112=CARTESIAN_POINT('',(-27.775995828262,94.0312500000001,65.9177334372423));
#3113=CARTESIAN_POINT('',(-21.4375571474821,96.140625,67.7147833952999));
#3114=CARTESIAN_POINT('',(-14.8510894599788,98.2500000000001,67.5610405475134));
#3115=CARTESIAN_POINT('',(-8.60340276122769,100.359375,65.4702023481434));
#3116=CARTESIAN_POINT('',(-3.25112393793639,102.46875,61.6285484257019));
#3117=CARTESIAN_POINT('',(0.728894945714482,104.578125,56.3783443205037));
#3118=CARTESIAN_POINT('',(2.98206096185398,106.6875,50.1873479248875));
#3119=CARTESIAN_POINT('',(3.30763216382983,108.796875,43.6071354027653));
#3120=CARTESIAN_POINT('',(1.67660234917146,110.90625,37.2239594485297));
#3121=CARTESIAN_POINT('',(-1.76571470119944,113.015625,31.6065181602334));
#3122=CARTESIAN_POINT('',(-6.71263163518663,115.125,27.2552876852521));
#3123=CARTESIAN_POINT('',(-12.7234115678801,117.234375,24.5579338192797));
#3124=CARTESIAN_POINT('',(-19.2625338165163,119.34375,23.754771128879));
#3125=CARTESIAN_POINT('',(-25.7474087716256,121.453125,24.9173617236644));
#3126=CARTESIAN_POINT('',(-31.6002693609748,123.5625,27.942105275921));
#3127=CARTESIAN_POINT('',(-36.2996960495975,125.671875,32.5595970386264));
#3128=CARTESIAN_POINT('',(-38.9056875234729,127.4296875,37.3917266513703));
#3129=CARTESIAN_POINT('',(-40.0659451530266,128.8359375,41.5899008823831));
#3130=CARTESIAN_POINT('',(-40.4574691284483,129.890625,44.8328203574084));
#3131=CARTESIAN_POINT('',(-40.3765376936854,130.76953125,47.5537526321966));
#3132=CARTESIAN_POINT('',(-40.1072509120692,131.384765625,49.4360601613759));
#3133=CARTESIAN_POINT('',(-39.8933738608317,131.736328125,50.500776859511));
#3134=CARTESIAN_POINT('',(-39.7665743252374,131.912109375,51.0287571372365));
#3135=CARTESIAN_POINT('',(-39.6982551358106,132.,51.2914679209087));
#3136=CARTESIAN_POINT('',(-41.4342356249901,-138.,36.5556303420218));
#3137=CARTESIAN_POINT('',(-41.5498713750812,-137.912109375,36.8400122608844));
#3138=CARTESIAN_POINT('',(-41.7704924319846,-137.736328125,37.4131068813813));
#3139=CARTESIAN_POINT('',(-42.1685019667143,-137.384765625,38.5750159166453));
#3140=CARTESIAN_POINT('',(-42.750132961252,-136.76953125,40.6453215148576));
#3141=CARTESIAN_POINT('',(-43.2452173019766,-135.890625,43.6838307223253));
#3142=CARTESIAN_POINT('',(-43.2881855640133,-134.8359375,47.377768880737));
#3143=CARTESIAN_POINT('',(-42.6112559532642,-133.4296875,52.2569169865055));
#3144=CARTESIAN_POINT('',(-40.4076716375075,-131.671875,58.0616614841313));
#3145=CARTESIAN_POINT('',(-35.8251642800989,-129.5625,63.9368664839732));
#3146=CARTESIAN_POINT('',(-29.7128069209491,-127.453125,68.1977916883828));
#3147=CARTESIAN_POINT('',(-22.6151465823921,-125.34375,70.46491112061));
#3148=CARTESIAN_POINT('',(-15.1645432328353,-123.234375,70.5362145412704));
#3149=CARTESIAN_POINT('',(-8.02479390005776,-121.125,68.4053560306001));
#3150=CARTESIAN_POINT('',(-1.83200269598458,-119.015625,64.2621789530386));
#3151=CARTESIAN_POINT('',(2.86209443041696,-116.90625,58.475813018577));
#3152=CARTESIAN_POINT('',(5.63928494812568,-114.796875,51.5617844053426));
#3153=CARTESIAN_POINT('',(6.25213985929977,-112.6875,44.1360866200885));
#3154=CARTESIAN_POINT('',(4.64605790880813,-110.578125,36.8602994092242));
#3155=CARTESIAN_POINT('',(0.964130202660089,-108.46875,30.3826465065102));
#3156=CARTESIAN_POINT('',(-4.46560825130515,-106.359375,25.2802432408994));
#3157=CARTESIAN_POINT('',(-11.1594042565277,-104.25,22.0076794442132));
#3158=CARTESIAN_POINT('',(-18.520885585921,-102.140625,20.8565185518939));
#3159=CARTESIAN_POINT('',(-25.8941937383062,-100.03125,21.929321261138));
#3160=CARTESIAN_POINT('',(-32.6224165220844,-97.9218749999998,25.1305080621324));
#3161=CARTESIAN_POINT('',(-38.1061145156078,-95.8125,30.1748747298931));
#3162=CARTESIAN_POINT('',(-41.856727090114,-93.703125,36.6130021035131));
#3163=CARTESIAN_POINT('',(-43.5400998775428,-91.5937499999999,43.871296312316));
#3164=CARTESIAN_POINT('',(-43.0062556784858,-89.484375,51.3030921339278));
#3165=CARTESIAN_POINT('',(-40.3027564224763,-87.3750000000001,58.2462665185855));
#3166=CARTESIAN_POINT('',(-35.6704657197909,-85.2656249999998,64.0822293019494));
#3167=CARTESIAN_POINT('',(-29.5220895329013,-83.15625,68.2910354304718));
#3168=CARTESIAN_POINT('',(-22.4054068495093,-81.046875,70.4977085704945));
#3169=CARTESIAN_POINT('',(-14.9544662570118,-78.9375,70.5056489789168));
#3170=CARTESIAN_POINT('',(-7.83309647556748,-76.8281249999999,68.3141492187253));
#3171=CARTESIAN_POINT('',(-1.67576368150175,-74.7187500000001,64.1184571868757));
#3172=CARTESIAN_POINT('',(2.96895516399167,-72.6093749999999,58.2923808391684));
#3173=CARTESIAN_POINT('',(5.68724683446114,-70.5,51.3549844141937));
#3174=CARTESIAN_POINT('',(6.23692981493994,-68.390625,43.9243432989215));
#3175=CARTESIAN_POINT('',(4.56903104694071,-66.2812499999998,36.6624776665443));
#3176=CARTESIAN_POINT('',(0.832149098760153,-64.171875,30.2163709292677));
#3177=CARTESIAN_POINT('',(-4.64078496804842,-62.0625,25.1603278654311));
#3178=CARTESIAN_POINT('',(-11.3621695182327,-59.953125,21.9448079243422));
#3179=CARTESIAN_POINT('',(-18.7331743707932,-57.84375,20.8562923174164));
#3180=CARTESIAN_POINT('',(-26.0970925426609,-55.7343749999999,21.9917604680226));
#3181=CARTESIAN_POINT('',(-32.7978484263757,-53.6249999999999,25.2500497967739));
#3182=CARTESIAN_POINT('',(-38.2384497164522,-51.515625,30.3408686273183));
#3183=CARTESIAN_POINT('',(-41.934175410697,-49.40625,36.8106592233027));
#3184=CARTESIAN_POINT('',(-43.5557611931234,-47.2968749999998,44.083006733786));
#3185=CARTESIAN_POINT('',(-42.9587346711238,-45.1875,51.509993881683));
#3186=CARTESIAN_POINT('',(-40.1962868944827,-43.0781249999999,58.4299260377331));
#3187=CARTESIAN_POINT('',(-35.5145333904016,-40.9687499999999,64.2262837639276));
#3188=CARTESIAN_POINT('',(-29.330586924458,-38.859375,68.3826505510803));
#3189=CARTESIAN_POINT('',(-22.195395557107,-36.7499999999999,70.5287220583408));
#3190=CARTESIAN_POINT('',(-14.7446568750695,-34.6406249999999,70.4732977407126));
#3191=CARTESIAN_POINT('',(-7.64218160963495,-32.5312499999999,68.221315532323));
#3192=CARTESIAN_POINT('',(-1.52075256277049,-30.421875,63.973411909689));
#3193=CARTESIAN_POINT('',(3.07425208685868,-28.3124999999999,58.1080465303719));
#3194=CARTESIAN_POINT('',(5.73344831346156,-26.203125,51.1477840215711));
#3195=CARTESIAN_POINT('',(6.21991960887028,-24.09375,43.7127369846162));
#3196=CARTESIAN_POINT('',(4.4903246508156,-21.9843749999999,36.4653181307011));
#3197=CARTESIAN_POINT('',(0.698758723395215,-19.875,30.0512237611881));
#3198=CARTESIAN_POINT('',(-4.81697513688297,-17.7656249999999,25.0419065676401));
#3199=CARTESIAN_POINT('',(-11.5654621208788,-15.6562499999999,21.8836630384218));
#3200=CARTESIAN_POINT('',(-18.945457402926,-13.5468749999999,20.8578714416754));
#3201=CARTESIAN_POINT('',(-26.2994530131233,-11.4375,22.0559229131043));
#3202=CARTESIAN_POINT('',(-32.972257377556,-9.32812499999992,25.371079120134));
#3203=CARTESIAN_POINT('',(-38.3693684832093,-7.21874999999993,30.5079819298265));
#3204=CARTESIAN_POINT('',(-42.009940010975,-5.10937499999991,37.0089678330747));
#3205=CARTESIAN_POINT('',(-43.5696215103404,-2.99999999999993,44.2948426867575));
#3206=CARTESIAN_POINT('',(-42.9094558441879,-0.890624999999934,51.7164840184464));
#3207=CARTESIAN_POINT('',(-40.0882593356127,1.21875000000005,58.6126734751678));
#3208=CARTESIAN_POINT('',(-35.3573816289096,3.32812500000007,64.369006933823));
#3209=CARTESIAN_POINT('',(-29.1383121258907,5.43750000000009,68.472633778409));
#3210=CARTESIAN_POINT('',(-21.985128113508,7.54687500000006,70.5579484424333));
#3211=CARTESIAN_POINT('',(-14.5351302022058,9.65625000000004,70.4391634072109));
#3212=CARTESIAN_POINT('',(-7.45206312558275,11.765625,68.1268616208857));
#3213=CARTESIAN_POINT('',(-1.36698054644286,13.8750000000001,63.8270536288863));
#3214=CARTESIAN_POINT('',(3.1779775824891,15.9843750000001,57.9228234191767));
#3215=CARTESIAN_POINT('',(5.77788604399763,18.0937500000001,50.9401982140852));
#3216=CARTESIAN_POINT('',(6.20111047123945,20.2031250000001,43.5012829808551));
#3217=CARTESIAN_POINT('',(4.40994441274292,22.3125,36.268835060968));
#3218=CARTESIAN_POINT('',(0.563968723760937,24.4218750000001,29.8872169461972));
#3219=CARTESIAN_POINT('',(-4.99416601519519,26.53125,24.9249879121235));
#3220=CARTESIAN_POINT('',(-11.7692673617209,28.6406250000001,21.8242492086368));
#3221=CARTESIAN_POINT('',(-19.1577193293582,30.7500000000001,20.8612558104641));
#3222=CARTESIAN_POINT('',(-26.5012605143643,32.859375,22.1218039559585));
#3223=CARTESIAN_POINT('',(-33.1456307618338,34.9687500000001,25.4935872789999));
#3224=CARTESIAN_POINT('',(-38.4988613474338,37.0781250000001,30.6762025512729));
#3225=CARTESIAN_POINT('',(-42.0840154114187,39.1875,37.2079135905402));
#3226=CARTESIAN_POINT('',(-43.5816798267735,41.2968750000001,44.506788850605));
#3227=CARTESIAN_POINT('',(-42.8584227616739,43.40625,51.9225476102182));
#3228=CARTESIAN_POINT('',(-39.9786815587498,45.5156250000001,58.7944956140357));
#3229=CARTESIAN_POINT('',(-35.1990218010137,47.6250000000001,64.5103884894569));
#3230=CARTESIAN_POINT('',(-28.9452790431021,49.734375,68.5609786045958));
#3231=CARTESIAN_POINT('',(-21.7746197258987,51.8437500000001,70.5853856090299));
#3232=CARTESIAN_POINT('',(-14.3259013920344,53.9531250000001,70.4032484471118));
#3233=CARTESIAN_POINT('',(-7.26275477335905,56.0625,68.0307943156082));
#3234=CARTESIAN_POINT('',(-1.2144587537843,58.1718750000001,63.6793929295484));
#3235=CARTESIAN_POINT('',(3.28012414913758,60.28125,57.7367249014858));
#3236=CARTESIAN_POINT('',(5.82055681219597,62.3906250000001,50.7322420049785));
#3237=CARTESIAN_POINT('',(6.18050376238246,64.5,43.2899965806426));
#3238=CARTESIAN_POINT('',(4.3278961460674,66.6093750000001,36.0730426676012));
#3239=CARTESIAN_POINT('',(0.427788848283711,68.7187500000001,29.7243623457717));
#3240=CARTESIAN_POINT('',(-5.17234478799574,70.8281250000001,24.8095803547979));
#3241=CARTESIAN_POINT('',(-11.9735705009403,72.9375,21.7665707319769));
#3242=CARTESIAN_POINT('',(-19.3699447986558,75.0468750000001,20.8664451790148));
#3243=CARTESIAN_POINT('',(-26.7025004510462,77.1562500000001,22.1893988318657));
#3244=CARTESIAN_POINT('',(-33.3179560403148,79.265625,25.6175654132064));
#3245=CARTESIAN_POINT('',(-38.6269189438036,81.375,30.8455183254246));
#3246=CARTESIAN_POINT('',(-42.1563962546689,83.4843750000001,37.4074821073339));
#3247=CARTESIAN_POINT('',(-43.5919352703279,85.59375,44.7188298967306));
#3248=CARTESIAN_POINT('',(-42.805639114451,87.7031250000001,52.1281697538472));
#3249=CARTESIAN_POINT('',(-39.8675614888952,89.8125000000001,58.9753793044016));
#3250=CARTESIAN_POINT('',(-35.039465359782,91.9218750000001,64.6504182056818));
#3251=CARTESIAN_POINT('',(-28.7515016368379,94.03125,68.6476786402708));
#3252=CARTESIAN_POINT('',(-21.5638856188917,96.1406250000001,70.6110315737914));
#3253=CARTESIAN_POINT('',(-14.1169855766233,98.25,70.3655554578936));
#3254=CARTESIAN_POINT('',(-7.07427024432901,100.359375,67.9331205643799));
#3255=CARTESIAN_POINT('',(-1.06319821562999,102.46875,63.5304404909272));
#3256=CARTESIAN_POINT('',(3.38068439921812,104.578125,57.5497644366014));
#3257=CARTESIAN_POINT('',(5.86145753209723,106.6875,50.5239304339614));
#3258=CARTESIAN_POINT('',(6.15810097218716,108.796875,43.0788930660536));
#3259=CARTESIAN_POINT('',(4.2441857864599,110.90625,35.8779551064475));
#3260=CARTESIAN_POINT('',(0.290228939608889,113.015625,29.5626717547018));
#3261=CARTESIAN_POINT('',(-5.35149854533373,115.125,24.6956921801683));
#3262=CARTESIAN_POINT('',(-12.1783568504723,117.234375,21.7106320117718));
#3263=CARTESIAN_POINT('',(-19.5821181344765,119.34375,20.8734383067586));
#3264=CARTESIAN_POINT('',(-26.9031594912987,121.453125,22.2587058813435));
#3265=CARTESIAN_POINT('',(-33.4892161877762,123.5625,25.7429925047878));
#3266=CARTESIAN_POINT('',(-38.7535490368984,125.671875,31.0159619836039));
#3267=CARTESIAN_POINT('',(-41.6481029758669,127.4296875,36.508902909353));
#3268=CARTESIAN_POINT('',(-42.914583251695,128.8359375,41.2691915189727));
#3269=CARTESIAN_POINT('',(-43.3220959787082,129.890625,44.9408340352079));
#3270=CARTESIAN_POINT('',(-43.2009887102692,130.76953125,48.0170296950831));
#3271=CARTESIAN_POINT('',(-42.8759899840285,131.384765625,50.1427850224278));
#3272=CARTESIAN_POINT('',(-42.6225426437413,131.736328125,51.3445373436919));
#3273=CARTESIAN_POINT('',(-42.4734059521751,131.912109375,51.9402464522527));
#3274=CARTESIAN_POINT('',(-42.3932881903117,132.,52.2366007110523));
#3275=CARTESIAN_POINT('',(-42.7928596113419,-138.,36.1160159101842));
#3276=CARTESIAN_POINT('',(-42.9139832914521,-137.912109375,36.4173582266602));
#3277=CARTESIAN_POINT('',(-43.1449450208373,-137.736328125,37.0245791768841));
#3278=CARTESIAN_POINT('',(-43.5610654340505,-137.384765625,38.2554674772567));
#3279=CARTESIAN_POINT('',(-44.1675801802562,-136.76953125,40.4481391786311));
#3280=CARTESIAN_POINT('',(-44.6784211718543,-135.890625,43.664716557381));
#3281=CARTESIAN_POINT('',(-44.7081777502538,-134.8359375,47.5727580259001));
#3282=CARTESIAN_POINT('',(-43.9713088519512,-133.4296875,52.7315867458992));
#3283=CARTESIAN_POINT('',(-41.6154407375697,-131.671875,58.8631257188223));
#3284=CARTESIAN_POINT('',(-36.7425836316951,-129.5625,65.0590947178618));
#3285=CARTESIAN_POINT('',(-30.258141988678,-127.453125,69.5407967216374));
#3286=CARTESIAN_POINT('',(-22.7398113126826,-125.34375,71.9090413602384));
#3287=CARTESIAN_POINT('',(-14.8574309340085,-123.234375,71.9528073885168));
#3288=CARTESIAN_POINT('',(-7.31326618727441,-121.125,69.6682026663342));
#3289=CARTESIAN_POINT('',(-0.779451912449102,-119.015625,65.2587682094196));
#3290=CARTESIAN_POINT('',(4.16189308721844,-116.90625,59.1173554979357));
#3291=CARTESIAN_POINT('',(7.07052815486139,-114.796875,51.7911229837808));
#3292=CARTESIAN_POINT('',(7.68731346747289,-112.6875,43.9327887723423));
#3293=CARTESIAN_POINT('',(5.95729759740346,-110.578125,36.2424776068093));
#3294=CARTESIAN_POINT('',(2.03461332983544,-108.46875,29.4053445189361));
#3295=CARTESIAN_POINT('',(-3.73125453619307,-106.359375,24.0305321056418));
#3296=CARTESIAN_POINT('',(-10.8266059330296,-104.25,20.5969000226304));
#3297=CARTESIAN_POINT('',(-18.6192927475274,-102.140625,19.4103618069214));
#3298=CARTESIAN_POINT('',(-26.4150389684296,-100.03125,20.5766300374129));
#3299=CARTESIAN_POINT('',(-33.519296011941,-97.921875,23.9917980546417));
#3300=CARTESIAN_POINT('',(-39.2991223316457,-95.8125,29.3515973456796));
#3301=CARTESIAN_POINT('',(-43.239574255549,-93.703125,36.1785058232833));
#3302=CARTESIAN_POINT('',(-44.9895840056955,-91.5937499999999,43.8642918338721));
#3303=CARTESIAN_POINT('',(-44.3932374772452,-89.484375,51.7242035092136));
#3304=CARTESIAN_POINT('',(-41.5036651371277,-87.3749999999999,59.0579755548538));
#3305=CARTESIAN_POINT('',(-36.5783084565949,-85.265625,65.2122181805305));
#3306=CARTESIAN_POINT('',(-30.0559836066999,-83.15625,69.638629738284));
#3307=CARTESIAN_POINT('',(-22.5177858872643,-81.046875,71.9428467134961));
#3308=CARTESIAN_POINT('',(-14.6353180418923,-78.9374999999999,71.9195788630592));
#3309=CARTESIAN_POINT('',(-7.11085496816587,-76.8281249999999,69.5708991960364));
#3310=CARTESIAN_POINT('',(-0.614775745083089,-74.7187499999999,65.1060592824887));
#3311=CARTESIAN_POINT('',(4.27416263645463,-72.6093749999999,58.9228463452128));
#3312=CARTESIAN_POINT('',(7.12038863102421,-70.4999999999999,51.5721430921897));
#3313=CARTESIAN_POINT('',(7.67032263538035,-68.3906249999999,43.7088477704415));
#3314=CARTESIAN_POINT('',(5.87496922649565,-66.2812499999999,36.033527134574));
#3315=CARTESIAN_POINT('',(1.89428232439551,-64.1718749999999,29.230000658281));
#3316=CARTESIAN_POINT('',(-3.91708562687581,-62.0624999999999,23.9044168160047));
#3317=CARTESIAN_POINT('',(-11.041380807977,-59.953125,20.5312493285077));
#3318=CARTESIAN_POINT('',(-18.8438764091357,-57.8437499999999,19.4110247438537));
#3319=CARTESIAN_POINT('',(-26.6294225221452,-55.7343749999999,20.6435475421733));
#3320=CARTESIAN_POINT('',(-33.704379324253,-53.6249999999999,24.1190082273881));
#3321=CARTESIAN_POINT('',(-39.4384157235943,-51.5156249999999,29.5277666151524));
#3322=CARTESIAN_POINT('',(-43.3206676222667,-49.40625,36.3879386918146));
#3323=CARTESIAN_POINT('',(-45.0052524733334,-47.2968749999999,44.0883292407236));
#3324=CARTESIAN_POINT('',(-44.3420850906628,-45.1875,51.9428852274572));
#3325=CARTESIAN_POINT('',(-41.3902492301137,-43.078125,59.2518185134132));
#3326=CARTESIAN_POINT('',(-36.4127336240612,-40.9687499999999,65.3639522748475));
#3327=CARTESIAN_POINT('',(-29.8530014531994,-38.859375,69.7347364805407));
#3328=CARTESIAN_POINT('',(-22.295480758189,-36.7499999999999,71.9747636390048));
#3329=CARTESIAN_POINT('',(-14.4134958298674,-34.640625,71.884462388309));
#3330=CARTESIAN_POINT('',(-6.90927854114886,-32.5312499999999,69.4718779628672));
#3331=CARTESIAN_POINT('',(-0.451404207689046,-30.4218749999999,64.9519554171375));
#3332=CARTESIAN_POINT('',(4.38477397846014,-28.3124999999999,58.7273894661662));
#3333=CARTESIAN_POINT('',(7.16838505061819,-26.2031249999999,51.3527470934725));
#3334=CARTESIAN_POINT('',(7.65142797421832,-24.0937499999999,43.485059360719));
#3335=CARTESIAN_POINT('',(5.79086687187334,-21.9843749999999,35.8252843568023));
#3336=CARTESIAN_POINT('',(1.75246523075794,-19.8749999999999,29.0558565441137));
#3337=CARTESIAN_POINT('',(-4.10398250980625,-17.7656249999999,23.7798864353842));
#3338=CARTESIAN_POINT('',(-11.256706224289,-15.6562499999999,20.4674275012297));
#3339=CARTESIAN_POINT('',(-19.0684463116935,-13.5468749999999,19.4135975657069));
#3340=CARTESIAN_POINT('',(-26.8432292422316,-11.4374999999999,20.7122857920253));
#3341=CARTESIAN_POINT('',(-33.8883741203586,-9.32812499999994,24.2477877892489));
#3342=CARTESIAN_POINT('',(-39.5762058962331,-7.21874999999993,29.7051140957398));
#3343=CARTESIAN_POINT('',(-43.3999769933096,-5.10937499999993,36.5980536227738));
#3344=CARTESIAN_POINT('',(-45.019015110952,-2.99999999999994,44.3124917941368));
#3345=CARTESIAN_POINT('',(-44.2890748363607,-0.890624999999936,52.161124026679));
#3346=CARTESIAN_POINT('',(-41.2751889412047,1.21875000000006,59.4446899484748));
#3347=CARTESIAN_POINT('',(-36.2458743988286,3.32812500000007,65.5142727974052));
#3348=CARTESIAN_POINT('',(-29.6492093269537,5.43750000000005,69.8291135425157));
#3349=CARTESIAN_POINT('',(-22.0729122394483,7.54687500000008,72.0047888785968));
#3350=CARTESIAN_POINT('',(-14.1919802775037,9.65625000000007,71.847460758505));
#3351=CARTESIAN_POINT('',(-6.7085515018103,11.7656250000001,69.3711460601519));
#3352=CARTESIAN_POINT('',(-0.289349111251946,13.8750000000001,64.7964677769022));
#3353=CARTESIAN_POINT('',(4.49371911226583,15.9843750000001,58.5309989919398));
#3354=CARTESIAN_POINT('',(7.21451394272127,18.0937500000001,51.1329508563339));
#3355=CARTESIAN_POINT('',(7.63063085041899,20.2031250000001,43.2614397278848));
#3356=CARTESIAN_POINT('',(5.70499661610061,22.3125000000001,35.6177643343466));
#3357=CARTESIAN_POINT('',(1.60917230556416,24.4218750000001,28.8829247710456));
#3358=CARTESIAN_POINT('',(-4.29193166802832,26.5312500000001,23.6569499702054));
#3359=CARTESIAN_POINT('',(-11.4725666089705,28.6406250000001,20.4054391565853));
#3360=CARTESIAN_POINT('',(-19.2929862136155,30.7500000000001,19.4180800864068));
#3361=CARTESIAN_POINT('',(-27.0564436655317,32.8593750000001,20.7828398156079));
#3362=CARTESIAN_POINT('',(-34.0712670931887,34.96875,24.3781274264903));
#3363=CARTESIAN_POINT('',(-39.7124828841556,37.0781250000001,29.8836269611302));
#3364=CARTESIAN_POINT('',(-43.4774966327796,39.1875000000001,36.8088354200026));
#3365=CARTESIAN_POINT('',(-45.0308709231953,41.2968750000001,44.5367632819883));
#3366=CARTESIAN_POINT('',(-44.2342105482029,43.4062500000001,52.3789041231799));
#3367=CARTESIAN_POINT('',(-41.1584925919128,45.5156250000001,59.6365759109859));
#3368=CARTESIAN_POINT('',(-36.0777428486695,47.6250000000001,65.6631688765609));
#3369=CARTESIAN_POINT('',(-29.444621966834,49.7343750000001,69.9217540985711));
#3370=CARTESIAN_POINT('',(-21.8500964278801,51.8437500000001,72.0329202607544));
#3371=CARTESIAN_POINT('',(-13.9707874054875,53.9531250000001,71.8085766497193));
#3372=CARTESIAN_POINT('',(-6.50868836734156,56.0625000000001,69.268710773129));
#3373=CARTESIAN_POINT('',(-0.128622176094991,58.1718750000001,64.6396076071267));
#3374=CARTESIAN_POINT('',(4.60099015862603,60.2812500000001,58.3336891260947));
#3375=CARTESIAN_POINT('',(7.25877197115012,62.3906250000001,50.9127702771121));
#3376=CARTESIAN_POINT('',(7.60793276809453,64.5000000000001,43.0380050447989));
#3377=CARTESIAN_POINT('',(5.61736466957704,66.6093750000001,35.4109820756892));
#3378=CARTESIAN_POINT('',(1.4644139121982,68.7187500000001,28.7112178460338));
#3379=CARTESIAN_POINT('',(-4.48091950848082,70.8281250000001,23.5356163116112));
#3380=CARTESIAN_POINT('',(-11.6889463503379,72.9375,20.3452887777613));
#3381=CARTESIAN_POINT('',(-19.517479875487,75.0468750000001,19.4244719817642));
#3382=CARTESIAN_POINT('',(-27.2690503717241,77.15625,20.8552045102376));
#3383=CARTESIAN_POINT('',(-34.253045015363,79.2656250000001,24.5100177125505));
#3384=CARTESIAN_POINT('',(-39.8472368313909,81.3750000000001,30.0632923007237));
#3385=CARTESIAN_POINT('',(-43.5532209342196,83.4843750000001,37.0202688391171));
#3386=CARTESIAN_POINT('',(-45.0408190526144,85.5937500000001,44.7611274842749));
#3387=CARTESIAN_POINT('',(-44.1774961941433,87.7031250000001,52.596209766435));
#3388=CARTESIAN_POINT('',(-41.0401686220761,89.8125000000001,59.8274625231649));
#3389=CARTESIAN_POINT('',(-35.9083511333728,91.9218750000001,65.8106297436938));
#3390=CARTESIAN_POINT('',(-29.2392541692266,94.0312500000001,70.0126514486569));
#3391=CARTESIAN_POINT('',(-21.6270494382076,96.1406250000001,72.0591557509303));
#3392=CARTESIAN_POINT('',(-13.7499332111644,98.2500000000001,71.7678128741678));
#3393=CARTESIAN_POINT('',(-6.30970359246225,100.359375,69.16457951024));
#3394=CARTESIAN_POINT('',(0.0307649735260138,102.46875,64.4813862523956));
#3395=CARTESIAN_POINT('',(4.70657935933519,104.578125,58.1354741387774));
#3396=CARTESIAN_POINT('',(7.30115593515542,106.6875,50.6922212796024));
#3397=CARTESIAN_POINT('',(7.58333536836626,108.796875,42.8147714722087));
#3398=CARTESIAN_POINT('',(5.52797737188118,110.90625,35.2049525312323));
#3399=CARTESIAN_POINT('',(1.31820051343598,113.015625,28.5407482050863));
#3400=CARTESIAN_POINT('',(-4.67093233837013,115.125,23.4158941690029));
#3401=CARTESIAN_POINT('',(-11.9058298910068,117.234375,20.2869809606624));
#3402=CARTESIAN_POINT('',(-19.7419107184012,119.34375,19.4327718727391));
#3403=CARTESIAN_POINT('',(-27.481035263926,121.453125,20.9293780636657));
#3404=CARTESIAN_POINT('',(-34.4336899650373,123.5625,24.6434363399258));
#3405=CARTESIAN_POINT('',(-39.9804758130605,125.671875,30.2441447743567));
#3406=CARTESIAN_POINT('',(-43.0193108958133,127.4296875,36.0674914142765));
#3407=CARTESIAN_POINT('',(-44.3389024159279,128.8359375,41.1088372420906));
#3408=CARTESIAN_POINT('',(-44.7544094570349,129.890625,44.9948412915486));
#3409=CARTESIAN_POINT('',(-44.6132142193444,130.76953125,48.2486686466866));
#3410=CARTESIAN_POINT('',(-44.2603594841973,131.384765625,50.4961478708961));
#3411=CARTESIAN_POINT('',(-43.9871269785893,131.736328125,51.7664180012874));
#3412=CARTESIAN_POINT('',(-43.8268216986923,131.912109375,52.3959915236584));
#3413=CARTESIAN_POINT('',(-43.7408046454548,132.,52.7091675191217));
#3414=CARTESIAN_POINT('',(-26.3792476213901,132.,50.4355140801608));
#3415=CARTESIAN_POINT('',(-27.7267664940867,132.,50.9080758119446));
#3416=CARTESIAN_POINT('',(-30.4217900644391,132.,51.8532263137419));
#3417=CARTESIAN_POINT('',(-34.4643432645892,132.,53.2709195362028));
#3418=CARTESIAN_POINT('',(-38.50689162552,132.,54.6886215804224));
#3419=CARTESIAN_POINT('',(-41.2019248743112,132.,55.6337544387023));
#3420=CARTESIAN_POINT('',(-42.5494412970727,132.,56.1063212354156));
#3421=CARTESIAN_POINT('',(-26.3789747598375,132.,50.4353220812372));
#3422=CARTESIAN_POINT('',(-27.5699976227638,132.,47.0382233332732));
#3423=CARTESIAN_POINT('',(-27.4522558521089,132.,47.8960096713895));
#3424=CARTESIAN_POINT('',(-27.1155955280408,132.,49.0694598624481));
#3425=CARTESIAN_POINT('',(-26.5544064289406,132.,50.1414108579491));
#3426=CARTESIAN_POINT('',(-26.378701954467,132.,50.435130007603));
#3427=CARTESIAN_POINT('',(-25.285239689568,132.,47.8097456804703));
#3428=CARTESIAN_POINT('',(-26.5542852058603,132.,47.3308582260555));
#3429=CARTESIAN_POINT('',(-29.0923758917999,132.,46.3730752298593));
#3430=CARTESIAN_POINT('',(-32.8995132206285,132.,44.9364310631904));
#3431=CARTESIAN_POINT('',(-36.7066509789167,132.,43.4997639475413));
#3432=CARTESIAN_POINT('',(-39.2447427283048,132.,42.5419906514794));
#3433=CARTESIAN_POINT('',(-40.513788620893,132.,42.063103047241));
#3434=CARTESIAN_POINT('',(-25.7078472931693,132.,48.9296470800611));
#3435=CARTESIAN_POINT('',(-26.9768914643414,132.,48.4507610526009));
#3436=CARTESIAN_POINT('',(-29.5149832377976,132.,47.4929779115131));
#3437=CARTESIAN_POINT('',(-33.32211935808,132.,46.0563328522343));
#3438=CARTESIAN_POINT('',(-37.1292574547612,132.,44.619665986516));
#3439=CARTESIAN_POINT('',(-39.6673491074656,132.,43.6618926190454));
#3440=CARTESIAN_POINT('',(-40.9363950161677,132.,43.1830050267083));
#3441=CARTESIAN_POINT('',(-26.5530606005963,132.,51.1694515873562));
#3442=CARTESIAN_POINT('',(-27.8221121682851,132.,50.6905572525869));
#3443=CARTESIAN_POINT('',(-30.3602014618689,132.,49.7327734543391));
#3444=CARTESIAN_POINT('',(-34.167330675132,132.,48.2961390935035));
#3445=CARTESIAN_POINT('',(-37.9744707057786,132.,46.8594692322212));
#3446=CARTESIAN_POINT('',(-40.5125618059214,132.,45.9016967206259));
#3447=CARTESIAN_POINT('',(-41.7816078067172,132.,45.4228089856431));
#3448=CARTESIAN_POINT('',(-27.8208876858954,132.,54.5291519428735));
#3449=CARTESIAN_POINT('',(-29.0899125230201,132.,54.0502870017089));
#3450=CARTESIAN_POINT('',(-31.6280155526916,132.,53.0925035953837));
#3451=CARTESIAN_POINT('',(-35.4351512426515,132.,51.6558384684771));
#3452=CARTESIAN_POINT('',(-39.242289459823,132.,50.2191772216945));
#3453=CARTESIAN_POINT('',(-41.7803810781015,132.,49.2614022488137));
#3454=CARTESIAN_POINT('',(-43.0494269925413,132.,48.782514924045));
#3455=CARTESIAN_POINT('',(-29.0886919738866,132.,57.8888727957516));
#3456=CARTESIAN_POINT('',(-30.3577444404356,132.,57.4099784230581));
#3457=CARTESIAN_POINT('',(-32.8958326999642,132.,56.4522064039201));
#3458=CARTESIAN_POINT('',(-36.7029709813032,132.,55.0155452556562));
#3459=CARTESIAN_POINT('',(-40.5101084728885,132.,53.5788828948538));
#3460=CARTESIAN_POINT('',(-43.0482002984774,132.,52.6211082402642));
#3461=CARTESIAN_POINT('',(-44.3172461783654,132.,52.1422208624471));
#3462=CARTESIAN_POINT('',(-29.9339090209597,132.,60.1286724934074));
#3463=CARTESIAN_POINT('',(-31.2029535933875,132.,59.6497865297221));
#3464=CARTESIAN_POINT('',(-33.7410460729569,132.,58.6920112571021));
#3465=CARTESIAN_POINT('',(-37.5481836139019,132.,57.2553489720832));
#3466=CARTESIAN_POINT('',(-41.3553213127975,132.,55.818686929572));
#3467=CARTESIAN_POINT('',(-43.8934130791549,132.,54.8609121840422));
#3468=CARTESIAN_POINT('',(-45.1624589689149,132.,54.3820248213817));
#3469=CARTESIAN_POINT('',(-30.3565147068138,132.,61.2485751830879));
#3470=CARTESIAN_POINT('',(-31.6255605949284,132.,60.7696878179013));
#3471=CARTESIAN_POINT('',(-34.1636523711578,132.,59.8119130875282));
#3472=CARTESIAN_POINT('',(-37.9707900355017,132.,58.3752509919685));
#3473=CARTESIAN_POINT('',(-41.7779276998456,132.,56.9385888964088));
#3474=CARTESIAN_POINT('',(-44.316019476075,132.,55.9808141660357));
#3475=CARTESIAN_POINT('',(-45.5850653641896,132.,55.5019268008491));
#3476=CARTESIAN_POINT('',(-26.3787019544669,132.,50.435130007603));
#3477=CARTESIAN_POINT('',(-26.6859943640247,131.53125,49.9207319655135));
#3478=CARTESIAN_POINT('',(-27.3690525061085,130.28125,48.4674446745116));
#3479=CARTESIAN_POINT('',(-27.8208341481046,128.25,45.8738370085325));
#3480=CARTESIAN_POINT('',(-27.3355752304407,125.90625,42.8751600096788));
#3481=CARTESIAN_POINT('',(-25.8970514891214,123.5625,40.1996807416461));
#3482=CARTESIAN_POINT('',(-23.6632107834014,121.21875,38.1411629310203));
#3483=CARTESIAN_POINT('',(-20.8793255830402,118.875,36.9256288634532));
#3484=CARTESIAN_POINT('',(-17.8510624589876,116.53125,36.6865424195295));
#3485=CARTESIAN_POINT('',(-14.9109203217549,114.1875,37.4501549455212));
#3486=CARTESIAN_POINT('',(-12.3817225257589,111.84375,39.1326228903702));
#3487=CARTESIAN_POINT('',(-10.5411713308947,109.5,41.5492137071772));
#3488=CARTESIAN_POINT('',(-9.59135659632252,107.15625,44.4345892194393));
#3489=CARTESIAN_POINT('',(-9.63656660614762,104.8125,47.4719393691239));
#3490=CARTESIAN_POINT('',(-10.6718373666808,102.46875,50.3277675028113));
#3491=CARTESIAN_POINT('',(-12.5834976457605,100.125,52.6885078218988));
#3492=CARTESIAN_POINT('',(-15.1616499096392,97.78125,54.2949544537645));
#3493=CARTESIAN_POINT('',(-18.1232167686073,95.4375,54.970721881685));
#3494=CARTESIAN_POINT('',(-21.1430224649589,93.09375,54.6416118194585));
#3495=CARTESIAN_POINT('',(-23.8894967008762,90.7500000000001,53.3437600759151));
#3496=CARTESIAN_POINT('',(-26.061080577569,88.40625,51.2196688953715));
#3497=CARTESIAN_POINT('',(-27.4193373262079,86.0625000000001,48.50256041731));
#3498=CARTESIAN_POINT('',(-27.8151323202824,83.7187500000001,45.4907692227811));
#3499=CARTESIAN_POINT('',(-27.205007841894,81.375,42.514985628894));
#3500=CARTESIAN_POINT('',(-25.6559546763274,79.0312500000001,39.9019463702866));
#3501=CARTESIAN_POINT('',(-23.3380566207164,76.6875,37.9385593782314));
#3502=CARTESIAN_POINT('',(-20.5058155291172,74.3437500000001,36.8404017047469));
#3503=CARTESIAN_POINT('',(-17.4702073770263,72.0000000000001,36.728049474081));
#3504=CARTESIAN_POINT('',(-14.5645375490463,69.65625,37.6138387986621));
#3505=CARTESIAN_POINT('',(-12.1078443897256,67.3125,39.400511291797));
#3506=CARTESIAN_POINT('',(-10.3698692547645,64.9687500000001,41.8918928978605));
#3507=CARTESIAN_POINT('',(-9.54143930029202,62.625,44.8144335198722));
#3508=CARTESIAN_POINT('',(-9.71351493712472,60.28125,47.8472424244994));
#3509=CARTESIAN_POINT('',(-10.8672025092168,57.9375,50.657321580462));
#3510=CARTESIAN_POINT('',(-12.875828789768,55.59375,52.9361283607433));
#3511=CARTESIAN_POINT('',(-15.518849518314,53.25,54.4334530767791));
#3512=CARTESIAN_POINT('',(-18.506064841546,50.90625,54.9848916403778));
#3513=CARTESIAN_POINT('',(-21.5094828374785,48.5625000000001,54.529896894819));
#3514=CARTESIAN_POINT('',(-24.1993325540972,46.21875,53.1184266050921));
#3515=CARTESIAN_POINT('',(-26.2802723829334,43.875,50.905458167554));
#3516=CARTESIAN_POINT('',(-27.5238181405107,41.5312500000001,48.1339723159598));
#3517=CARTESIAN_POINT('',(-27.793430301227,39.1875,45.1082741883253));
#3518=CARTESIAN_POINT('',(-27.0595058397846,36.8437500000001,42.1605810629014));
#3519=CARTESIAN_POINT('',(-25.4026286005511,34.5,39.614545381516));
#3520=CARTESIAN_POINT('',(-23.0047213080003,32.1562500000001,37.7497181795731));
#3521=CARTESIAN_POINT('',(-20.1290707146835,29.8125,36.7708547866861));
#3522=CARTESIAN_POINT('',(-17.0914190966021,27.4687500000001,36.7854329876331));
#3523=CARTESIAN_POINT('',(-14.2252962079683,25.125,37.7918521170346));
#3524=CARTESIAN_POINT('',(-11.8453981965889,22.78125,39.6796088100989));
#3525=CARTESIAN_POINT('',(-10.2130344219908,20.4375,42.2414301122499));
#3526=CARTESIAN_POINT('',(-9.50743606568476,18.09375,45.1960317497562));
#3527=CARTESIAN_POINT('',(-9.8060768066639,15.75,48.2190027361543));
#3528=CARTESIAN_POINT('',(-11.0761663235022,13.40625,50.9784252293569));
#3529=CARTESIAN_POINT('',(-13.178250624222,11.0625,53.1713186306521));
#3530=CARTESIAN_POINT('',(-15.8815238929161,8.71875000000004,54.5569064162291));
#3531=CARTESIAN_POINT('',(-18.8891706345124,6.37500000000002,54.9830530512516));
#3532=CARTESIAN_POINT('',(-21.8709555868393,4.03125000000004,54.4029682515439));
#3533=CARTESIAN_POINT('',(-24.4994830747829,1.68750000000003,52.8803444891183));
#3534=CARTESIAN_POINT('',(-26.4861445818894,-0.65624999999998,50.5823636508702));
#3535=CARTESIAN_POINT('',(-27.6128075480514,-2.99999999999996,47.7613407091951));
#3536=CARTESIAN_POINT('',(-27.7557660091128,-5.34374999999998,44.7270199029545));
#3537=CARTESIAN_POINT('',(-26.8993233328143,-7.68749999999996,41.8125652680368));
#3538=CARTESIAN_POINT('',(-25.1375156863133,-10.03125,39.3379797080884));
#3539=CARTESIAN_POINT('',(-22.6637870010367,-12.375,37.5749691385184));
#3540=CARTESIAN_POINT('',(-19.7497491087947,-14.71875,36.7171095699673));
#3541=CARTESIAN_POINT('',(-16.7153591554896,-17.0625,36.8585927423123));
#3542=CARTESIAN_POINT('',(-13.8937887692589,-19.40625,37.9838840078613));
#3543=CARTESIAN_POINT('',(-11.5948422975828,-21.75,39.9694280132023));
#3544=CARTESIAN_POINT('',(-10.070940738012,-24.09375,42.5972148983044));
#3545=CARTESIAN_POINT('',(-9.4894062777196,-26.4375,45.5787174638353));
#3546=CARTESIAN_POINT('',(-9.91409055935379,-28.78125,48.5865710403429));
#3547=CARTESIAN_POINT('',(-11.2983638630255,-31.125,51.2905176554811));
#3548=CARTESIAN_POINT('',(-13.4902349821106,-33.46875,53.3936678817125));
#3549=CARTESIAN_POINT('',(-16.2490396379066,-35.8125,54.6650988660502));
#3550=CARTESIAN_POINT('',(-19.2718650693547,-38.15625,54.9652093253254));
#3551=CARTESIAN_POINT('',(-22.2268094160913,-40.5,54.2610475651688));
#3552=CARTESIAN_POINT('',(-24.7894240626746,-42.84375,52.6299295283944));
#3553=CARTESIAN_POINT('',(-26.6783376273023,-45.1875,50.2509496163009));
#3554=CARTESIAN_POINT('',(-27.6861501325734,-47.53125,47.3853163824425));
#3555=CARTESIAN_POINT('',(-27.7022052230413,-49.8749999999999,44.347672211239));
#3556=CARTESIAN_POINT('',(-26.7247400729934,-52.21875,41.471546039247));
#3557=CARTESIAN_POINT('',(-24.8610789421659,-54.5625,39.0727323603177));
#3558=CARTESIAN_POINT('',(-22.3158491272504,-56.90625,37.4146174469163));
#3559=CARTESIAN_POINT('',(-19.3685131806784,-59.25,36.6792599183503));
#3560=CARTESIAN_POINT('',(-16.342684326556,-61.59375,36.9474009676846));
#3561=CARTESIAN_POINT('',(-13.5705941967138,-63.9375,38.1895990955234));
#3562=CARTESIAN_POINT('',(-11.356614278045,-66.28125,40.269462744061));
#3563=CARTESIAN_POINT('',(-9.94383636346987,-68.625,42.958625892861));
#3564=CARTESIAN_POINT('',(-9.48738142466262,-70.96875,45.9618223176083));
#3565=CARTESIAN_POINT('',(-10.0373675537191,-73.3125,48.9493053944844));
#3566=CARTESIAN_POINT('',(-11.5334070691312,-75.65625,51.5930538025409));
#3567=CARTESIAN_POINT('',(-13.8112369958769,-78.,53.6027877903112));
#3568=CARTESIAN_POINT('',(-16.6207549024972,-80.34375,54.7578414726803));
#3569=CARTESIAN_POINT('',(-19.6534797863417,-82.6875,54.9313916259156));
#3570=CARTESIAN_POINT('',(-22.5764228414906,-85.03125,54.1043826942027));
#3571=CARTESIAN_POINT('',(-25.0686491480349,-87.375,52.3676190621143));
#3572=CARTESIAN_POINT('',(-26.8565158621026,-89.71875,49.911794864517));
#3573=CARTESIAN_POINT('',(-27.7437178043381,-92.0625,47.0065560463699));
#3574=CARTESIAN_POINT('',(-27.6328414846723,-94.40625,43.9708936279651));
#3575=CARTESIAN_POINT('',(-26.5360609626408,-96.75,41.1381189522687));
#3576=CARTESIAN_POINT('',(-24.5738011532534,-99.09375,38.8192665815386));
#3577=CARTESIAN_POINT('',(-21.9615153455024,-101.4375,37.2689431522513));
#3578=CARTESIAN_POINT('',(-18.9860287428454,-103.78125,36.6573719346596));
#3579=CARTESIAN_POINT('',(-15.9740454707137,-106.125,37.0517025639204));
#3580=CARTESIAN_POINT('',(-13.2562769360586,-108.46875,38.4086381072737));
#3581=CARTESIAN_POINT('',(-11.1311301931902,-110.8125,40.5791890046386));
#3582=CARTESIAN_POINT('',(-9.83194328080761,-113.15625,43.3250319068218));
#3583=CARTESIAN_POINT('',(-9.50136504283434,-115.5,46.3446772345635));
#3584=CARTESIAN_POINT('',(-10.1756924916759,-117.84375,49.3065722982905));
#3585=CARTESIAN_POINT('',(-11.780885448744,-120.1875,51.8855053038754));
#3586=CARTESIAN_POINT('',(-14.1406960490202,-122.53125,53.7983131373513));
#3587=CARTESIAN_POINT('',(-16.996020501567,-124.875,54.8349722649589));
#3588=CARTESIAN_POINT('',(-20.0333483116036,-127.21875,54.8816590145825));
#3589=CARTESIAN_POINT('',(-22.9191852772229,-129.5625,53.9332472458679));
#3590=CARTESIAN_POINT('',(-25.3366706785129,-131.90625,52.0938712096397));
#3591=CARTESIAN_POINT('',(-27.020368096112,-134.25,49.5654916957443));
#3592=CARTESIAN_POINT('',(-27.6834044638284,-136.28125,47.0176906531028));
#3593=CARTESIAN_POINT('',(-27.663626857828,-137.53125,45.4120066177547));
#3594=CARTESIAN_POINT('',(-27.596990146935,-138.,44.8165290619777));
#3595=CARTESIAN_POINT('',(-43.9011489323572,-138.,39.5411720790211));
#3596=CARTESIAN_POINT('',(-43.9795146374171,-137.912109375,39.8563497334527));
#3597=CARTESIAN_POINT('',(-44.1244422542496,-137.736328125,40.489640021323));
#3598=CARTESIAN_POINT('',(-44.366662634175,-137.384765625,41.7661867278071));
#3599=CARTESIAN_POINT('',(-44.6646865683818,-136.76953125,44.0215915832628));
#3600=CARTESIAN_POINT('',(-44.7266091602979,-135.890625,47.2778922672895));
#3601=CARTESIAN_POINT('',(-44.216601019976,-134.8359375,51.1526264866171));
#3602=CARTESIAN_POINT('',(-42.7746438646806,-133.4296875,56.1603454381823));
#3603=CARTESIAN_POINT('',(-39.5949111724293,-131.671875,61.9079697086669));
#3604=CARTESIAN_POINT('',(-33.9133925830391,-129.5625,67.3719531209535));
#3605=CARTESIAN_POINT('',(-26.8723619692117,-127.453125,70.9156128347927));
#3606=CARTESIAN_POINT('',(-19.0990897197113,-125.34375,72.2233273896643));
#3607=CARTESIAN_POINT('',(-11.2861323495101,-123.234375,71.1785628081645));
#3608=CARTESIAN_POINT('',(-4.12956910409357,-121.125,67.8744073976492));
#3609=CARTESIAN_POINT('',(1.7329976060334,-119.015625,62.6052373703065));
#3610=CARTESIAN_POINT('',(5.77925269272105,-116.90625,55.8405008438799));
#3611=CARTESIAN_POINT('',(7.64870197480533,-114.796875,48.1828902380906));
#3612=CARTESIAN_POINT('',(7.17479010214767,-112.6875,40.3146472170933));
#3613=CARTESIAN_POINT('',(4.39973943309819,-110.578125,32.9367793328315));
#3614=CARTESIAN_POINT('',(-0.429211671136238,-108.46875,26.7066050208857));
#3615=CARTESIAN_POINT('',(-6.88183612856373,-106.359375,22.1791909313627));
#3616=CARTESIAN_POINT('',(-14.3832484757208,-104.25,19.7578992256826));
#3617=CARTESIAN_POINT('',(-22.2651232984126,-102.140625,19.6584507183908));
#3618=CARTESIAN_POINT('',(-29.8252385333891,-100.03125,21.8897056029883));
#3619=CARTESIAN_POINT('',(-36.3900387337455,-97.921875,26.2528740681735));
#3620=CARTESIAN_POINT('',(-41.3746443314595,-95.8125000000001,32.3592271337437));
#3621=CARTESIAN_POINT('',(-44.3349604752412,-93.703125,39.6647297896214));
#3622=CARTESIAN_POINT('',(-45.0072428964856,-91.59375,47.5185108581422));
#3623=CARTESIAN_POINT('',(-43.3315957506702,-89.484375,55.2208512407068));
#3624=CARTESIAN_POINT('',(-39.4573079344682,-87.3750000000001,62.0855241858232));
#3625=CARTESIAN_POINT('',(-33.7295524486068,-85.265625,67.5009334797132));
#3626=CARTESIAN_POINT('',(-26.6586338038165,-83.15625,70.9846025577011));
#3627=CARTESIAN_POINT('',(-18.8745233192927,-81.046875,72.2261599228223));
#3628=CARTESIAN_POINT('',(-11.0707329129367,-78.9375,71.1149911598284));
#3629=CARTESIAN_POINT('',(-3.94252785139878,-76.828125,67.7500939360155));
#3630=CARTESIAN_POINT('',(1.87501671148743,-74.71875,62.4312579745471));
#3631=CARTESIAN_POINT('',(5.86359666180542,-72.609375,55.6323558053665));
#3632=CARTESIAN_POINT('',(7.66785633797351,-70.5,47.9591239082372));
#3633=CARTESIAN_POINT('',(7.12704833142072,-68.390625,40.0951956642727));
#3634=CARTESIAN_POINT('',(4.28935500011702,-66.28125,32.7411942171936));
#3635=CARTESIAN_POINT('',(-0.59240425563144,-64.171875,26.5523116609411));
#3636=CARTESIAN_POINT('',(-7.0832975022496,-62.0625,22.079935828435));
#3637=CARTESIAN_POINT('',(-14.6050297844786,-59.953125,19.7225253421933));
#3638=CARTESIAN_POINT('',(-22.4874653184833,-57.84375,19.6901096295791));
#3639=CARTESIAN_POINT('',(-30.0283320854118,-55.734375,21.9855767126821));
#3640=CARTESIAN_POINT('',(-36.5557895474663,-53.625,26.4044159049625));
#3641=CARTESIAN_POINT('',(-41.4882851235865,-51.515625,32.5529383386645));
#3642=CARTESIAN_POINT('',(-44.3863666151094,-49.40625,39.8833519964776));
#3643=CARTESIAN_POINT('',(-44.9918344425951,-47.296875,47.7425662979234));
#3644=CARTESIAN_POINT('',(-43.2507454926839,-45.1875,55.430378079872));
#3645=CARTESIAN_POINT('',(-39.318219086882,-43.078125,62.2618549914814));
#3646=CARTESIAN_POINT('',(-33.5446168927593,-40.96875,67.6283583624094));
#3647=CARTESIAN_POINT('',(-26.4443280545614,-38.859375,71.0517688169617));
#3648=CARTESIAN_POINT('',(-18.6499405782843,-36.75,72.2270834964511));
#3649=CARTESIAN_POINT('',(-10.8558819927129,-34.640625,71.0495897636241));
#3650=CARTESIAN_POINT('',(-3.75655052468004,-32.53125,67.6241943947381));
#3651=CARTESIAN_POINT('',(2.01555111506265,-30.421875,62.2560770910055));
#3652=CARTESIAN_POINT('',(5.94616747157909,-28.3125,55.4235010186838));
#3653=CARTESIAN_POINT('',(7.68510704985078,-26.203125,47.7352027759457));
#3654=CARTESIAN_POINT('',(7.07744202293632,-24.09375,39.8761580540202));
#3655=CARTESIAN_POINT('',(4.17731125989331,-21.984375,32.5465549076393));
#3656=CARTESIAN_POINT('',(-0.756903083519436,-19.875,26.3994117061654));
#3657=CARTESIAN_POINT('',(-7.28559567802873,-17.765625,21.9823975865858));
#3658=CARTESIAN_POINT('',(-14.8271039005753,-15.65625,19.6890388149482));
#3659=CARTESIAN_POINT('',(-22.7095300639768,-13.546875,19.7236582414134));
#3660=CARTESIAN_POINT('',(-30.2306029842393,-11.4375,22.083171507801));
#3661=CARTESIAN_POINT('',(-36.7202456222466,-9.328125,26.5573618431722));
#3662=CARTESIAN_POINT('',(-41.6002744435607,-7.21875,32.7476089650009));
#3663=CARTESIAN_POINT('',(-44.4359116846825,-5.109375,40.1024034667494));
#3664=CARTESIAN_POINT('',(-44.9745211291185,-3.,47.9664825986328));
#3665=CARTESIAN_POINT('',(-43.1681162960051,-0.890625,55.6392097738344));
#3666=CARTESIAN_POINT('',(-39.1776357129769,1.21875,62.4369965785701));
#3667=CARTESIAN_POINT('',(-33.3586043752128,3.328125,67.7542059045517));
#3668=CARTESIAN_POINT('',(-26.2294588582774,5.4375,71.117110144122));
#3669=CARTESIAN_POINT('',(-18.4253581042591,7.546875,72.2260971356172));
#3670=CARTESIAN_POINT('',(-10.6415950296962,9.65625,70.982363592915));
#3671=CARTESIAN_POINT('',(-3.57165060060087,11.765625,67.4967178140585));
#3672=CARTESIAN_POINT('',(2.15459065990439,13.875,62.0797074067698));
#3673=CARTESIAN_POINT('',(6.02695914838592,15.984375,55.2139515841689));
#3674=CARTESIAN_POINT('',(7.70045286331711,18.09375,47.5111430371348));
#3675=CARTESIAN_POINT('',(7.02597476423913,20.203125,39.657550227469));
#3676=CARTESIAN_POINT('',(4.06361631581083,22.3125,32.3528754811722));
#3677=CARTESIAN_POINT('',(-0.922696257749645,24.421875,26.2479162147284));
#3678=CARTESIAN_POINT('',(-7.4887160250755,26.53125,21.8865832600858));
#3679=CARTESIAN_POINT('',(-15.049454762929,28.640625,19.6574420657941));
#3680=CARTESIAN_POINT('',(-22.9313014744885,30.75,19.7590941275552));
#3681=CARTESIAN_POINT('',(-30.4320366010206,32.859375,22.1824829299905));
#3682=CARTESIAN_POINT('',(-36.8833950641176,34.96875,26.7117008212822));
#3683=CARTESIAN_POINT('',(-41.7106041919723,37.078125,32.9432249335785));
#3684=CARTESIAN_POINT('',(-44.4835921007082,39.1875,40.3218683579602));
#3685=CARTESIAN_POINT('',(-44.9553042082079,41.296875,48.1902435659569));
#3686=CARTESIAN_POINT('',(-43.0837141366311,43.40625,55.8473312192454));
#3687=CARTESIAN_POINT('',(-39.0355679801726,45.515625,62.6109362803139));
#3688=CARTESIAN_POINT('',(-33.1715283489647,47.625,67.8784670044587));
#3689=CARTESIAN_POINT('',(-26.0140417549635,49.734375,71.1806218134974));
#3690=CARTESIAN_POINT('',(-18.2007921397104,51.84375,72.2232009116568));
#3691=CARTESIAN_POINT('',(-10.4278875217789,53.953125,70.9133175097051));
#3692=CARTESIAN_POINT('',(-3.38784145168737,56.0625,67.3676734134716));
#3693=CARTESIAN_POINT('',(2.29212529024491,58.171875,61.9021616774379));
#3694=CARTESIAN_POINT('',(6.10596584912453,60.28125,55.0037226570788));
#3695=CARTESIAN_POINT('',(7.71389266851586,62.390625,47.2869608964923));
#3696=CARTESIAN_POINT('',(6.97265027759988,64.5,39.4393879950099));
#3697=CARTESIAN_POINT('',(3.94827839063571,66.609375,32.1601699452807));
#3698=CARTESIAN_POINT('',(-1.08977178765087,68.7187500000001,26.0978361432495));
#3699=CARTESIAN_POINT('',(-7.69264385310172,70.828125,21.7924997785214));
#3700=CARTESIAN_POINT('',(-15.2720662904453,72.9375,19.6277373799045));
#3701=CARTESIAN_POINT('',(-23.1527635108292,75.046875,19.7964147251728));
#3702=CARTESIAN_POINT('',(-30.6326183674584,77.15625,22.2835037967435));
#3703=CARTESIAN_POINT('',(-37.0452260736115,79.2656250000001,26.8674216770249));
#3704=CARTESIAN_POINT('',(-41.8192663894346,81.375,33.1397720968484));
#3705=CARTESIAN_POINT('',(-44.5294044147933,83.484375,40.5417307977383));
#3706=CARTESIAN_POINT('',(-44.9341850696897,85.59375,48.4138330168147));
#3707=CARTESIAN_POINT('',(-42.9975451187848,87.703125,56.0547273641236));
#3708=CARTESIAN_POINT('',(-38.8920261632435,89.8125,62.7836615168596));
#3709=CARTESIAN_POINT('',(-32.9834023439268,91.921875,68.0011326751869));
#3710=CARTESIAN_POINT('',(-25.7980923242463,94.03125,71.2422992317285));
#3711=CARTESIAN_POINT('',(-17.9762589259379,96.1406250000001,72.2183950340345));
#3712=CARTESIAN_POINT('',(-10.2147749249426,98.2500000000001,70.8424565076164));
#3713=CARTESIAN_POINT('',(-3.20513637158463,100.359375,67.2370705258723));
#3714=CARTESIAN_POINT('',(2.4281450591636,102.46875,61.7234527436361));
#3715=CARTESIAN_POINT('',(6.18318185976651,104.578125,54.7928294419103));
#3716=CARTESIAN_POINT('',(7.72542549351806,106.6875,47.0626725672042));
#3717=CARTESIAN_POINT('',(6.91747241931462,108.796875,39.2216871361236));
#3718=CARTESIAN_POINT('',(3.83130582705865,110.90625,31.9684522320962));
#3719=CARTESIAN_POINT('',(-1.25811759390568,113.015625,25.9491823643578));
#3720=CARTESIAN_POINT('',(-7.89736439812984,115.125,21.7001538777102));
#3721=CARTESIAN_POINT('',(-15.4949224402484,117.234375,19.5999271615876));
#3722=CARTESIAN_POINT('',(-23.3738999431836,119.34375,19.8356163798182));
#3723=CARTESIAN_POINT('',(-30.8323345718003,121.453125,22.3862303671782));
#3724=CARTESIAN_POINT('',(-37.2057239798716,123.5625,27.0244998424702));
#3725=CARTESIAN_POINT('',(-41.9262642491928,125.671875,33.3372858975375));
#3726=CARTESIAN_POINT('',(-44.1321307017643,127.4296875,39.5243722830873));
#3727=CARTESIAN_POINT('',(-44.743163500888,128.8359375,44.6996141570456));
#3728=CARTESIAN_POINT('',(-44.6182548342827,129.890625,48.6057722949889));
#3729=CARTESIAN_POINT('',(-44.0292415673517,130.76953125,51.8089569483566));
#3730=CARTESIAN_POINT('',(-43.3695150434636,131.384765625,53.9862098599512));
#3731=CARTESIAN_POINT('',(-42.9235458503174,131.736328125,55.2066006518903));
#3732=CARTESIAN_POINT('',(-42.6778667565327,131.912109375,55.8080176334518));
#3733=CARTESIAN_POINT('',(-42.5494412970727,132.,56.1063212354156));
#3734=CARTESIAN_POINT('',(-42.542524978654,-138.,39.9807865002945));
#3735=CARTESIAN_POINT('',(-42.6154027538267,-137.912109375,40.2790037575204));
#3736=CARTESIAN_POINT('',(-42.7499896984258,-137.736328125,40.8781677164835));
#3737=CARTESIAN_POINT('',(-42.9740992003028,-137.384765625,42.0857351595168));
#3738=CARTESIAN_POINT('',(-43.2472393834398,-136.76953125,44.2187739147509));
#3739=CARTESIAN_POINT('',(-43.293405324861,-135.890625,47.2970064317745));
#3740=CARTESIAN_POINT('',(-42.7966088678588,-134.8359375,50.9576373461397));
#3741=CARTESIAN_POINT('',(-41.4145909986766,-133.4296875,55.6856756901953));
#3742=CARTESIAN_POINT('',(-38.3871421013906,-131.671875,61.1065054932356));
#3743=CARTESIAN_POINT('',(-32.995973253489,-129.5625,66.2497249140327));
#3744=CARTESIAN_POINT('',(-26.3270269145876,-127.453125,69.5726078338114));
#3745=CARTESIAN_POINT('',(-18.9744249924166,-125.34375,70.7791971847392));
#3746=CARTESIAN_POINT('',(-11.5932446409569,-123.234375,69.7619699949597));
#3747=CARTESIAN_POINT('',(-4.84109679977842,-121.125,66.6115607922621));
#3748=CARTESIAN_POINT('',(0.680446847791387,-119.015625,61.6086481378741));
#3749=CARTESIAN_POINT('',(4.47945406715457,-116.90625,55.1989583799378));
#3750=CARTESIAN_POINT('',(6.2174588024633,-114.796875,47.9535516651635));
#3751=CARTESIAN_POINT('',(5.73961652846269,-112.6875,40.5179450599541));
#3752=CARTESIAN_POINT('',(3.08849977601275,-110.578125,33.5546011203998));
#3753=CARTESIAN_POINT('',(-1.4996947725872,-108.46875,27.6839069849746));
#3754=CARTESIAN_POINT('',(-7.61618982602885,-106.359375,23.4289020365889));
#3755=CARTESIAN_POINT('',(-14.7160467912215,-104.25,21.1686786133634));
#3756=CARTESIAN_POINT('',(-22.1667161391709,-102.140625,21.1046074286113));
#3757=CARTESIAN_POINT('',(-29.304393315782,-100.03125,23.2423967942073));
#3758=CARTESIAN_POINT('',(-35.4931592654413,-97.921875,27.3915840483001));
#3759=CARTESIAN_POINT('',(-40.1816365440903,-95.8125000000001,33.1825044981734));
#3760=CARTESIAN_POINT('',(-42.9521133430369,-93.7031250000001,40.0992260594099));
#3761=CARTESIAN_POINT('',(-43.5577588031649,-91.59375,47.5255153364178));
#3762=CARTESIAN_POINT('',(-41.9446139852408,-89.484375,54.7997398755405));
#3763=CARTESIAN_POINT('',(-38.2563992486755,-87.3750000000001,61.2738151690609));
#3764=CARTESIAN_POINT('',(-32.8217097336188,-85.2656249999999,66.3709446282864));
#3765=CARTESIAN_POINT('',(-26.1247397428477,-83.15625,69.6370082822725));
#3766=CARTESIAN_POINT('',(-18.7621442842383,-81.0468750000001,70.7810218145482));
#3767=CARTESIAN_POINT('',(-11.3898811203869,-78.9375,69.7010613096637));
#3768=CARTESIAN_POINT('',(-4.66476934144445,-76.828125,66.4933439889049));
#3769=CARTESIAN_POINT('',(0.814028800564993,-74.7187500000001,61.4436559026669));
#3770=CARTESIAN_POINT('',(4.55838922070743,-72.609375,55.0018903144725));
#3771=CARTESIAN_POINT('',(6.23471457584975,-70.5,47.7419652354597));
#3772=CARTESIAN_POINT('',(5.69365554542566,-68.3906250000001,40.3106911875742));
#3773=CARTESIAN_POINT('',(2.98341685194461,-66.2812499999999,33.3701447340497));
#3774=CARTESIAN_POINT('',(-1.65453745574307,-64.1718750000001,27.5386819082247));
#3775=CARTESIAN_POINT('',(-7.80699682603126,-62.0625,23.335846847681));
#3776=CARTESIAN_POINT('',(-14.9258184870256,-59.953125,21.1360839040591));
#3777=CARTESIAN_POINT('',(-22.3767632828011,-57.8437500000001,21.1353771684111));
#3778=CARTESIAN_POINT('',(-29.4960021187197,-55.734375,23.333789606133));
#3779=CARTESIAN_POINT('',(-35.6492586713735,-53.6249999999999,27.5354574471686));
#3780=CARTESIAN_POINT('',(-40.2883191452803,-51.5156250000001,33.3660403312911));
#3781=CARTESIAN_POINT('',(-42.999874436858,-49.40625,40.3060725178075));
#3782=CARTESIAN_POINT('',(-43.5423431972173,-47.296875,47.7372437911137));
#3783=CARTESIAN_POINT('',(-41.8673951063876,-45.1875,54.9974867445004));
#3784=CARTESIAN_POINT('',(-38.1242567799427,-43.078125,61.4399625355518));
#3785=CARTESIAN_POINT('',(-32.646416680684,-40.9687499999999,66.4906898788283));
#3786=CARTESIAN_POINT('',(-25.9219135383739,-38.859375,69.6996829199927));
#3787=CARTESIAN_POINT('',(-18.5498553796073,-36.75,70.7810419505363));
#3788=CARTESIAN_POINT('',(-11.187043029957,-34.640625,69.638425149939));
#3789=CARTESIAN_POINT('',(-4.48945357555402,-32.53125,66.3736319942457));
#3790=CARTESIAN_POINT('',(0.946202785678374,-30.421875,61.277533607072));
#3791=CARTESIAN_POINT('',(4.63564561147025,-28.3125,54.8041580977728));
#3792=CARTESIAN_POINT('',(6.25017034717659,-26.203125,47.5302397089697));
#3793=CARTESIAN_POINT('',(5.64593369198831,-24.09375,40.1038356724461));
#3794=CARTESIAN_POINT('',(2.87676907008839,-21.984375,33.1865886661576));
#3795=CARTESIAN_POINT('',(-1.81060956556094,-19.875,27.3947788993205));
#3796=CARTESIAN_POINT('',(-7.99858828797181,-17.765625,23.2444176885146));
#3797=CARTESIAN_POINT('',(-15.1358597897455,-15.65625,21.1052743181073));
#3798=CARTESIAN_POINT('',(-22.5865411581649,-13.546875,21.1679320826751));
#3799=CARTESIAN_POINT('',(-29.6868267681982,-11.4375,23.4268085965916));
#3800=CARTESIAN_POINT('',(-35.8041289014589,-9.32812500000002,27.6806531470639));
#3801=CARTESIAN_POINT('',(-40.393437059538,-7.21874999999996,33.5504767797942));
#3802=CARTESIAN_POINT('',(-43.0458747357514,-5.10937499999999,40.5133176671758));
#3803=CARTESIAN_POINT('',(-43.5251275633368,-2.99999999999999,47.9488334916777));
#3804=CARTESIAN_POINT('',(-41.7884973369855,-0.890624999999997,55.1945697762867));
#3805=CARTESIAN_POINT('',(-37.9907061359075,1.21874999999998,61.604980125257));
#3806=CARTESIAN_POINT('',(-32.4701116266448,3.32812500000001,66.608940068491));
#3807=CARTESIAN_POINT('',(-25.7185616694915,5.43750000000003,69.7606304126124));
#3808=CARTESIAN_POINT('',(-18.3375739804282,7.54687500000001,70.7792567342221));
#3809=CARTESIAN_POINT('',(-10.9847449461521,9.65624999999998,69.5740662754632));
#3810=CARTESIAN_POINT('',(-4.31516220650627,11.765625,66.2524334046932));
#3811=CARTESIAN_POINT('',(1.07695925060967,13.875,61.1102932820496));
#3812=CARTESIAN_POINT('',(4.71121765022722,15.984375,54.6057760260206));
#3813=CARTESIAN_POINT('',(6.26382499911655,18.09375,47.3183903995181));
#3814=CARTESIAN_POINT('',(5.59645441941185,20.203125,39.8973934746758));
#3815=CARTESIAN_POINT('',(2.76856414357407,22.3125,33.003946192148));
#3816=CARTESIAN_POINT('',(-1.96789981443598,24.421875,27.2522083657462));
#3817=CARTESIAN_POINT('',(-8.19095035536724,26.53125,23.1546211715322));
#3818=CARTESIAN_POINT('',(-15.3461555085496,28.640625,21.0762520837506));
#3819=CARTESIAN_POINT('',(-22.7960345934817,30.7500000000001,21.2022698169321));
#3820=CARTESIAN_POINT('',(-29.8768534631946,32.859375,23.5214470381649));
#3821=CARTESIAN_POINT('',(-35.9577587550063,34.96875,27.8271606469866));
#3822=CARTESIAN_POINT('',(-40.4969826844147,37.078125,33.7358005046752));
#3823=CARTESIAN_POINT('',(-43.0901109128336,39.1875,40.7209465189077));
#3824=CARTESIAN_POINT('',(-43.506113146611,41.2968750000001,48.160269135294));
#3825=CARTESIAN_POINT('',(-41.707926383163,43.40625,55.3909747172503));
#3826=CARTESIAN_POINT('',(-37.8557569753611,45.515625,61.7688560035994));
#3827=CARTESIAN_POINT('',(-32.2928073224252,47.625,66.7256866450567));
#3828=CARTESIAN_POINT('',(-25.5146988432311,49.734375,69.8198463522224));
#3829=CARTESIAN_POINT('',(-18.1253154395428,51.84375,70.7756662947175));
#3830=CARTESIAN_POINT('',(-10.7830014997922,53.953125,69.5079893408686));
#3831=CARTESIAN_POINT('',(-4.14190783958417,56.0625,66.1297569856986));
#3832=CARTESIAN_POINT('',(1.20628873864896,58.171875,60.941947022934));
#3833=CARTESIAN_POINT('',(4.78509987137732,60.28125,54.4067584468154));
#3834=CARTESIAN_POINT('',(6.27567754412294,62.390625,47.1064326286969));
#3835=CARTESIAN_POINT('',(5.54522130618983,64.5,39.691379524798));
#3836=CARTESIAN_POINT('',(2.65880989811282,66.609375,32.8222305212829));
#3837=CARTESIAN_POINT('',(-2.1263968266546,68.71875,27.1109806186409));
#3838=CARTESIAN_POINT('',(-8.38406911600125,70.828125,23.066463791094));
#3839=CARTESIAN_POINT('',(-15.556690434208,72.9375,21.0490192999658));
#3840=CARTESIAN_POINT('',(-23.0052284375434,75.046875,21.2383878877719));
#3841=CARTESIAN_POINT('',(-30.0660684603951,77.15625,23.6176980863101));
#3842=CARTESIAN_POINT('',(-36.110137121034,79.265625,27.9749693510657));
#3843=CARTESIAN_POINT('',(-40.5989485311722,81.375,33.9219981027519));
#3844=CARTESIAN_POINT('',(-43.1325797688092,83.484375,40.9289440566501));
#3845=CARTESIAN_POINT('',(-43.4853013222208,85.59375,48.3715354302868));
#3846=CARTESIAN_POINT('',(-41.6256880720591,87.703125,55.5866873627831));
#3847=CARTESIAN_POINT('',(-37.719419058241,89.8125,61.9315783185723));
#3848=CARTESIAN_POINT('',(-32.1145165912159,91.9218750000001,66.8409211650554));
#3849=CARTESIAN_POINT('',(-25.3103398035786,94.03125,69.8773264561436));
#3850=CARTESIAN_POINT('',(-17.9130951081399,96.140625,70.7702708916948));
#3851=CARTESIAN_POINT('',(-10.581827281581,98.2500000000001,69.4401991250394));
#3852=CARTESIAN_POINT('',(-3.96970300507834,100.359375,66.0056116096049));
#3853=CARTESIAN_POINT('',(1.33418189629624,102.46875,60.7725070050194));
#3854=CARTESIAN_POINT('',(4.85728693151153,104.578125,54.2071197538093));
#3855=CARTESIAN_POINT('',(6.28572712505673,106.6875,46.8943817256074));
#3856=CARTESIAN_POINT('',(5.4922380573848,108.796875,39.4858087236215));
#3857=CARTESIAN_POINT('',(2.54751427248769,110.90625,32.6414547911386));
#3858=CARTESIAN_POINT('',(-2.28608914302997,113.015625,26.9711058894158));
#3859=CARTESIAN_POINT('',(-8.57793058873902,115.125,22.9799518581211));
#3860=CARTESIAN_POINT('',(-15.7674493931649,117.234375,21.0235781784858));
#3861=CARTESIAN_POINT('',(-23.2141073630989,119.34375,21.2762827792176));
#3862=CARTESIAN_POINT('',(-30.2544588130597,121.453125,23.7155581529115));
#3863=CARTESIAN_POINT('',(-36.2612502253067,123.5625,28.1240559809092));
#3864=CARTESIAN_POINT('',(-40.6993375025145,125.671875,34.1091030882376));
#3865=CARTESIAN_POINT('',(-42.7609228147688,127.4296875,39.9657837675563));
#3866=CARTESIAN_POINT('',(-43.3188443708823,128.8359375,44.8599684300743));
#3867=CARTESIAN_POINT('',(-43.1859413903754,129.890625,48.551765039946));
#3868=CARTESIAN_POINT('',(-42.6170160922132,130.76953125,51.5773180023196));
#3869=CARTESIAN_POINT('',(-41.9851455765621,131.384765625,53.6328470199745));
#3870=CARTESIAN_POINT('',(-41.5589615482611,131.736328125,54.7847200044329));
#3871=CARTESIAN_POINT('',(-41.324451042539,131.912109375,55.352272572998));
#3872=CARTESIAN_POINT('',(-41.2019248743112,132.,55.6337544387023));
#3873=CARTESIAN_POINT('',(-39.8252771953074,-138.,40.860016172103));
#3874=CARTESIAN_POINT('',(-39.8871791003535,-137.912109375,41.1243126364661));
#3875=CARTESIAN_POINT('',(-40.0010846797239,-137.736328125,41.6552239403249));
#3876=CARTESIAN_POINT('',(-40.1889723838061,-137.384765625,42.7248328603169));
#3877=CARTESIAN_POINT('',(-40.4123449915284,-136.76953125,44.6131394177599));
#3878=CARTESIAN_POINT('',(-40.4269975272969,-135.890625,47.3352355927885));
#3879=CARTESIAN_POINT('',(-39.956624314181,-134.8359375,50.5676598689955));
#3880=CARTESIAN_POINT('',(-38.6944848609771,-133.4296875,54.7363369364277));
#3881=CARTESIAN_POINT('',(-35.9716033789587,-131.671875,59.5035776849542));
#3882=CARTESIAN_POINT('',(-31.1611338561357,-129.5625,64.0052689237501));
#3883=CARTESIAN_POINT('',(-25.236355974963,-127.453125,66.8865980186504));
#3884=CARTESIAN_POINT('',(-18.7250946893082,-125.34375,67.8909367082902));
#3885=CARTESIAN_POINT('',(-12.2074684327865,-123.234375,66.9287840544843));
#3886=CARTESIAN_POINT('',(-6.26415152801744,-121.125,64.0858670479365));
#3887=CARTESIAN_POINT('',(-1.42465419257568,-119.015625,59.615468967508));
#3888=CARTESIAN_POINT('',(1.87985706270585,-116.90625,53.9158726374579));
#3889=CARTESIAN_POINT('',(3.35497245305304,-114.796875,47.4948736681939));
#3890=CARTESIAN_POINT('',(2.86926912537709,-112.6875,40.9245399338695));
#3891=CARTESIAN_POINT('',(0.466019977919301,-110.578125,34.7902439953661));
#3892=CARTESIAN_POINT('',(-3.64066164450439,-108.46875,29.6385103869979));
#3893=CARTESIAN_POINT('',(-9.08489801546224,-106.359375,25.9283239417801));
#3894=CARTESIAN_POINT('',(-15.381644271429,-104.25,23.9902373315537));
#3895=CARTESIAN_POINT('',(-21.9699026489383,-102.140625,23.996921045064));
#3896=CARTESIAN_POINT('',(-28.2627036140715,-100.03125,25.9477796083771));
#3897=CARTESIAN_POINT('',(-33.6994009022392,-97.921875,29.669004637541));
#3898=CARTESIAN_POINT('',(-37.7956213315743,-95.8125000000001,34.8290599972371));
#3899=CARTESIAN_POINT('',(-40.1864191973951,-93.7031250000001,40.9682194417884));
#3900=CARTESIAN_POINT('',(-40.6587904812533,-91.5937500000001,47.5395251332794));
#3901=CARTESIAN_POINT('',(-39.1706500771268,-89.484375,53.9575179081616));
#3902=CARTESIAN_POINT('',(-35.8545812914604,-87.375,59.6503977531588));
#3903=CARTESIAN_POINT('',(-31.0060235618146,-85.2656250000001,64.1109673426983));
#3904=CARTESIAN_POINT('',(-25.0569507889753,-83.1562500000001,66.9418199111484));
#3905=CARTESIAN_POINT('',(-18.5373853662076,-81.046875,67.8907455241876));
#3906=CARTESIAN_POINT('',(-12.0281767469227,-78.9375,66.8732012885522));
#3907=CARTESIAN_POINT('',(-6.10925166296645,-76.8281250000001,63.9798435555122));
#3908=CARTESIAN_POINT('',(-1.30794655117986,-74.71875,59.4684510493815));
#3909=CARTESIAN_POINT('',(1.94797457825932,-72.6093750000001,53.7409585160204));
#3910=CARTESIAN_POINT('',(3.36843103963816,-70.5000000000001,47.3076470388601));
#3911=CARTESIAN_POINT('',(2.82686971082532,-68.390625,40.7416814245751));
#3912=CARTESIAN_POINT('',(0.371540065740226,-66.2812500000001,34.6280450717323));
#3913=CARTESIAN_POINT('',(-3.77880452943184,-64.171875,29.5114218823462));
#3914=CARTESIAN_POINT('',(-9.25439627066508,-62.0625000000001,25.8476685876795));
#3915=CARTESIAN_POINT('',(-15.5673967417811,-59.953125,23.9632009778429));
#3916=CARTESIAN_POINT('',(-22.1553600379905,-57.84375,24.0259124491234));
#3917=CARTESIAN_POINT('',(-28.4313429151408,-55.7343750000001,26.0302158309888));
#3918=CARTESIAN_POINT('',(-33.8361974872243,-53.6250000000001,29.7975411654219));
#3919=CARTESIAN_POINT('',(-37.888387544327,-51.515625,34.9922450898012));
#3920=CARTESIAN_POINT('',(-40.2268901919503,-49.40625,41.1515144042483));
#3921=CARTESIAN_POINT('',(-40.6433605640502,-47.2968750000001,47.7265996166238));
#3922=CARTESIAN_POINT('',(-39.1006939500652,-45.1875,54.1317048334749));
#3923=CARTESIAN_POINT('',(-35.7363315752032,-43.078125,59.7961782363127));
#3924=CARTESIAN_POINT('',(-30.8500155111836,-40.9687500000001,64.215353322608));
#3925=CARTESIAN_POINT('',(-24.8770836725656,-38.859375,66.9955112987065));
#3926=CARTESIAN_POINT('',(-18.3496841349901,-36.75,67.8889587776861));
#3927=CARTESIAN_POINT('',(-11.8493643188371,-34.640625,66.816095595094));
#3928=CARTESIAN_POINT('',(-5.95525902334178,-32.53125,63.8725066485082));
#3929=CARTESIAN_POINT('',(-1.19249340904116,-30.421875,59.3204459257079));
#3930=CARTESIAN_POINT('',(2.01460212404675,-28.3125,53.5654714372771));
#3931=CARTESIAN_POINT('',(3.38029692262709,-26.203125,47.1203127241059));
#3932=CARTESIAN_POINT('',(2.78291676060654,-24.09375,40.5591901019585));
#3933=CARTESIAN_POINT('',(0.275684194717639,-21.984375,34.4666554913557));
#3934=CARTESIAN_POINT('',(-3.91802320751114,-19.875,29.385512770931));
#3935=CARTESIAN_POINT('',(-9.42457430743801,-17.765625,25.7684576006677));
#3936=CARTESIAN_POINT('',(-15.7533724181417,-15.65625,23.9377452817054));
#3937=CARTESIAN_POINT('',(-22.3405641713381,-13.546875,24.0564799752687));
#3938=CARTESIAN_POINT('',(-28.5992750621707,-11.4375,26.1140832183175));
#3939=CARTESIAN_POINT('',(-33.9718960225087,-9.328125,29.927236393496));
#3940=CARTESIAN_POINT('',(-37.9797626405629,-7.21875000000003,35.1562131856343));
#3941=CARTESIAN_POINT('',(-40.2658009423045,-5.10937500000001,41.3351469127281));
#3942=CARTESIAN_POINT('',(-40.626340282231,-3.,47.9135361156557));
#3943=CARTESIAN_POINT('',(-39.0292590287692,-0.890624999999995,54.3052905376184));
#3944=CARTESIAN_POINT('',(-35.6168463857195,1.21875000000002,59.9409478262039));
#3945=CARTESIAN_POINT('',(-30.6931253806914,3.328125,64.3184088009578));
#3946=CARTESIAN_POINT('',(-24.6967664570483,5.43749999999999,67.0476711151508));
#3947=CARTESIAN_POINT('',(-18.1620048862227,7.546875,67.885575843209));
#3948=CARTESIAN_POINT('',(-11.6710439962694,9.65625000000003,66.7574713064158));
#3949=CARTESIAN_POINT('',(-5.80218476901304,11.765625,63.763864035668));
#3950=CARTESIAN_POINT('',(-1.07830311001532,13.875,59.1714643151914));
#3951=CARTESIAN_POINT('',(2.07973487973357,15.984375,53.3894240891003));
#3952=CARTESIAN_POINT('',(3.3905692442786,18.09375,46.932884273567));
#3953=CARTESIAN_POINT('',(2.73741345341562,20.203125,40.3770791640706));
#3954=CARTESIAN_POINT('',(0.178459297473943,22.3125,34.306086926502));
#3955=CARTESIAN_POINT('',(-4.05830761002843,24.421875,29.2607921588655));
#3956=CARTESIAN_POINT('',(-9.59541981798258,26.53125,25.6906967095311));
#3957=CARTESIAN_POINT('',(-15.9395578501789,28.640625,23.9138720841742));
#3958=CARTESIAN_POINT('',(-22.5255016544489,30.75,24.0886214127626));
#3959=CARTESIAN_POINT('',(-28.7664879097939,32.859375,26.1993757048169));
#3960=CARTESIAN_POINT('',(-34.1064866939577,34.9687500000001,30.0580809418058));
#3961=CARTESIAN_POINT('',(-38.0697400117556,37.078125,35.3209524260625));
#3962=CARTESIAN_POINT('',(-40.3031486343124,39.1875000000001,41.5191036863597));
#3963=CARTESIAN_POINT('',(-40.6077308667548,41.296875,48.1003211105543));
#3964=CARTESIAN_POINT('',(-38.9563504796315,43.40625,54.4782624663415));
#3965=CARTESIAN_POINT('',(-35.4961343645436,45.515625,60.0846960526525));
#3966=CARTESIAN_POINT('',(-30.5353645171149,47.625,64.4201263244582));
#3967=CARTESIAN_POINT('',(-24.5160121835171,49.734375,67.098295588124));
#3968=CARTESIAN_POINT('',(-17.9743611934445,51.8437500000001,67.8805969654198));
#3969=CARTESIAN_POINT('',(-11.493228675894,53.953125,66.6973326624068));
#3970=CARTESIAN_POINT('',(-5.65003997077699,56.0625000000001,63.6539235743564));
#3971=CARTESIAN_POINT('',(-0.965383912696153,58.1718750000001,59.0215169926401));
#3972=CARTESIAN_POINT('',(2.14336813471945,60.2812500000001,53.2128292037738));
#3973=CARTESIAN_POINT('',(3.39924726166662,62.390625,46.745375242644));
#3974=CARTESIAN_POINT('',(2.69036308019191,64.5000000000001,40.1953617817348));
#3975=CARTESIAN_POINT('',(0.0798724056111076,66.609375,34.1463509899806));
#3976=CARTESIAN_POINT('',(-4.19964759118516,68.7187500000001,29.1372690663276));
#3977=CARTESIAN_POINT('',(-9.76692044622601,70.8281250000001,25.6143915381761));
#3978=CARTESIAN_POINT('',(-16.1259395723929,72.9375,23.8915831118319));
#3979=CARTESIAN_POINT('',(-22.7101591120767,75.0468750000001,24.122334437038));
#3980=CARTESIAN_POINT('',(-28.9329693646641,77.15625,26.2860871218724));
#3981=CARTESIAN_POINT('',(-34.2399597675611,79.2656250000001,30.1900653472727));
#3982=CARTESIAN_POINT('',(-38.1583131504651,81.3750000000001,35.4864508966372));
#3983=CARTESIAN_POINT('',(-40.3389305668747,83.4843750000001,41.7033714208269));
#3984=CARTESIAN_POINT('',(-40.5875336635114,85.5937500000001,48.2869410924546));
#3985=CARTESIAN_POINT('',(-38.8819735756221,87.7031250000001,54.6506081097836));
#3986=CARTESIAN_POINT('',(-35.3742042419394,89.8125000000001,60.2274125193456));
#3987=CARTESIAN_POINT('',(-30.3767443302034,91.921875,64.5204985365865));
#3988=CARTESIAN_POINT('',(-24.3348339246766,94.0312500000001,67.1473810563082));
#3989=CARTESIAN_POINT('',(-17.786766627623,96.1406250000001,67.8740225044073));
#3990=CARTESIAN_POINT('',(-11.3159312178593,98.25,66.6356840124764));
#3991=CARTESIAN_POINT('',(-5.49883563221508,100.359375,63.5426932158119));
#3992=CARTESIAN_POINT('',(-0.853743983741818,102.46875,58.8706148026831));
#3993=CARTESIAN_POINT('',(2.20549728683537,104.578125,53.0356995532616));
#3994=CARTESIAN_POINT('',(3.40633034723229,106.6875,46.5577991922685));
#3995=CARTESIAN_POINT('',(2.64176904353173,108.796875,40.0140510984151));
#3996=CARTESIAN_POINT('',(-0.0200693499027941,110.90625,33.987459230257));
#3997=CARTESIAN_POINT('',(-4.34203293205525,113.015625,29.0149524422921));
#3998=CARTESIAN_POINT('',(-9.93906377671864,115.125,25.5395475477311));
#3999=CARTESIAN_POINT('',(-16.3125041498669,117.234375,23.870880191261));
#4000=CARTESIAN_POINT('',(-22.8945230220993,119.34375,24.1576158090588));
#4001=CARTESIAN_POINT('',(-29.0987080100664,121.453125,26.3742141868999));
#4002=CARTESIAN_POINT('',(-34.3723032623278,123.5625,30.3231689105807));
#4003=CARTESIAN_POINT('',(-38.2454843383107,125.671875,35.6527382545437));
#4004=CARTESIAN_POINT('',(-40.0185071646689,127.4296875,40.8486075732182));
#4005=CARTESIAN_POINT('',(-40.4702060668502,128.8359375,45.1806778166053));
#4006=CARTESIAN_POINT('',(-40.3213143335991,129.890625,48.4437513543597));
#4007=CARTESIAN_POINT('',(-39.7925648720093,130.76953125,51.1140409060344));
#4008=CARTESIAN_POINT('',(-39.2164063049991,131.384765625,52.9261221079735));
#4009=CARTESIAN_POINT('',(-38.8297925686006,131.736328125,53.9409594594238));
#4010=CARTESIAN_POINT('',(-38.6176192204605,131.912109375,54.4407831922709));
#4011=CARTESIAN_POINT('',(-38.50689162552,132.,54.6886215804224));
#4012=CARTESIAN_POINT('',(-35.7494050550632,-138.,42.1788575700844));
#4013=CARTESIAN_POINT('',(-35.7948431937399,-137.912109375,42.3922728393457));
#4014=CARTESIAN_POINT('',(-35.8777268031252,-137.736328125,42.8208051503865));
#4015=CARTESIAN_POINT('',(-36.0112819668834,-137.384765625,43.6834762713395));
#4016=CARTESIAN_POINT('',(-36.1600034862633,-136.76953125,45.2046845221503));
#4017=CARTESIAN_POINT('',(-36.1273863060401,-135.890625,47.3925762141447));
#4018=CARTESIAN_POINT('',(-35.6966484190772,-134.8359375,49.9826906389892));
#4019=CARTESIAN_POINT('',(-34.6143271757708,-133.4296875,53.3123260225023));
#4020=CARTESIAN_POINT('',(-32.3482974716404,-131.671875,57.0991836378525));
#4021=CARTESIAN_POINT('',(-28.4088775285555,-129.5625,60.6385833499801));
#4022=CARTESIAN_POINT('',(-23.6003526794371,-127.453125,62.8575825954033));
#4023=CARTESIAN_POINT('',(-18.3511024165917,-125.34375,63.5585462433625));
#4024=CARTESIAN_POINT('',(-13.1288070870209,-123.234375,62.6790063215181));
#4025=CARTESIAN_POINT('',(-8.39873610711619,-121.125,60.2973284322664));
#4026=CARTESIAN_POINT('',(-4.58230753856474,-119.015625,56.6257028575892));
#4027=CARTESIAN_POINT('',(-2.01953936903335,-116.90625,51.9912470784726));
#4028=CARTESIAN_POINT('',(-0.938757053339012,-114.796875,46.8068598644221));
#4029=CARTESIAN_POINT('',(-1.43625102031752,-112.6875,41.5344352890155));
#4030=CARTESIAN_POINT('',(-3.46769790451123,-110.578125,36.6437109334543));
#4031=CARTESIAN_POINT('',(-6.85210944357292,-108.46875,32.5704174631115));
#4032=CARTESIAN_POINT('',(-11.2879573202255,-106.359375,29.6774579442965));
#4033=CARTESIAN_POINT('',(-16.3800373072172,-104.25,28.2225756232324));
#4034=CARTESIAN_POINT('',(-21.6746793076496,-102.140625,28.335390734699));
#4035=CARTESIAN_POINT('',(-26.7001663108673,-100.03125,30.0058522106376));
#4036=CARTESIAN_POINT('',(-31.008761207163,-97.9218750000001,33.0851331626996));
#4037=CARTESIAN_POINT('',(-34.2165971544669,-95.8125000000001,37.2988903575662));
#4038=CARTESIAN_POINT('',(-36.0378775335574,-93.703125,42.2717063548508));
#4039=CARTESIAN_POINT('',(-36.3103385056491,-91.5937500000001,47.5605366774077));
#4040=CARTESIAN_POINT('',(-35.0097056296634,-89.484375,52.6941820960174));
#4041=CARTESIAN_POINT('',(-32.251856551749,-87.3750000000001,57.215269313221));
#4042=CARTESIAN_POINT('',(-28.2824970859642,-85.265625,60.7209998495704));
#4043=CARTESIAN_POINT('',(-23.4552704779226,-83.15625,62.8990366804632));
#4044=CARTESIAN_POINT('',(-18.2002501688685,-81.046875,63.5553313654437));
#4045=CARTESIAN_POINT('',(-12.9856231430935,-78.9375,62.6314124598171));
#4046=CARTESIAN_POINT('',(-8.27597761488439,-76.828125,60.2095949273171));
#4047=CARTESIAN_POINT('',(-4.4909113416721,-74.7187500000001,56.505646430172));
#4048=CARTESIAN_POINT('',(-1.96764828446739,-72.609375,51.8495638808334));
#4049=CARTESIAN_POINT('',(-0.930994219813808,-70.5,46.6561729353773));
#4050=CARTESIAN_POINT('',(-1.47330805628685,-68.390625,41.3881698160843));
#4051=CARTESIAN_POINT('',(-3.54627327659321,-66.28125,36.5148981883675));
#4052=CARTESIAN_POINT('',(-6.96520261446911,-64.1718750000001,32.4705337951999));
#4053=CARTESIAN_POINT('',(-11.4254924486016,-62.0625,29.6154023170282));
#4054=CARTESIAN_POINT('',(-16.5297609376833,-59.953125,28.2038767758222));
#4055=CARTESIAN_POINT('',(-21.8232520711981,-57.84375,28.3617146087607));
#4056=CARTESIAN_POINT('',(-26.8343513730021,-55.734375,30.0748535259449));
#4057=CARTESIAN_POINT('',(-31.116603580864,-53.625,33.1906643658981));
#4058=CARTESIAN_POINT('',(-34.2884888091754,-51.515625,37.4315493278528));
#4059=CARTESIAN_POINT('',(-36.0674134061075,-49.40625,42.4196740697309));
#4060=CARTESIAN_POINT('',(-36.2948871483426,-47.296875,47.7106302081527));
#4061=CARTESIAN_POINT('',(-34.9506436545692,-45.1875,52.8330291179954));
#4062=CARTESIAN_POINT('',(-32.1544459838223,-43.078125,57.3304994901294));
#4063=CARTESIAN_POINT('',(-28.1554165519951,-40.96875,60.8023469472458));
#4064=CARTESIAN_POINT('',(-23.3098419992281,-38.859375,62.9392532193337));
#4065=CARTESIAN_POINT('',(-18.049430445302,-36.75,63.5508343222388));
#4066=CARTESIAN_POINT('',(-12.8428491981874,-34.640625,62.5826024908567));
#4067=CARTESIAN_POINT('',(-8.15396964737434,-32.53125,60.120820672725));
#4068=CARTESIAN_POINT('',(-4.40053944130431,-30.421875,56.384817079276));
#4069=CARTESIAN_POINT('',(-1.91696398006647,-28.3125,51.7074445165598));
#4070=CARTESIAN_POINT('',(-0.924513142192855,-26.203125,46.5054254377297));
#4071=CARTESIAN_POINT('',(-1.51160762589454,-24.09375,41.2422247737503));
#4072=CARTESIAN_POINT('',(-3.62594125923486,-21.984375,36.3867583235478));
#4073=CARTESIAN_POINT('',(-7.07914112843444,-19.875,32.3716155084703));
#4074=CARTESIAN_POINT('',(-11.5635503382121,-17.765625,29.5545185627886));
#4075=CARTESIAN_POINT('',(-16.679638173027,-15.65625,28.186451887303));
#4076=CARTESIAN_POINT('',(-21.9715955981087,-13.546875,28.3893010263959));
#4077=CARTESIAN_POINT('',(-26.9679447804247,-11.4375,30.144993485364));
#4078=CARTESIAN_POINT('',(-31.223544594238,-9.328125,33.2971088682114));
#4079=CARTESIAN_POINT('',(-34.3592497030866,-7.21874999999998,37.5648148834434));
#4080=CARTESIAN_POINT('',(-36.095689860577,-5.10937499999999,42.5678876134335));
#4081=CARTESIAN_POINT('',(-36.2781599213566,-3.,47.8605869095418));
#4082=CARTESIAN_POINT('',(-34.8904030296084,-0.890624999999999,52.971368843015));
#4083=CARTESIAN_POINT('',(-32.0560589956225,1.21875,57.4448970992257));
#4084=CARTESIAN_POINT('',(-28.0276488198276,3.32812500000001,60.8826103824517));
#4085=CARTESIAN_POINT('',(-23.1640767691514,5.43750000000002,62.9782315481175));
#4086=CARTESIAN_POINT('',(-17.8986544194537,7.54687500000002,63.545054837526));
#4087=CARTESIAN_POINT('',(-12.7004955069255,9.65624999999998,62.5325801058841));
#4088=CARTESIAN_POINT('',(-8.03272104766294,11.765625,60.0310120457346));
#4089=CARTESIAN_POINT('',(-4.31119836831965,13.875,56.2632235552205));
#4090=CARTESIAN_POINT('',(-1.86749012284528,15.984375,51.5648992610591));
#4091=CARTESIAN_POINT('',(-0.91931428884027,18.09375,46.354628274832));
#4092=CARTESIAN_POINT('',(-1.55114695929707,20.203125,41.0966107169826));
#4093=CARTESIAN_POINT('',(-3.70669609057651,22.3125,36.2593006065238));
#4094=CARTESIAN_POINT('',(-7.19391674509279,24.421875,32.2736697569805));
#4095=CARTESIAN_POINT('',(-11.7021210042861,26.53125,29.4948110848817));
#4096=CARTESIAN_POINT('',(-16.829658173667,28.640625,28.1703022178953));
#4097=CARTESIAN_POINT('',(-22.1196991597218,30.7500000000001,28.4181479924703));
#4098=CARTESIAN_POINT('',(-27.1009368712507,32.859375,30.2162670161583));
#4099=CARTESIAN_POINT('',(-31.3295765129824,34.96875,33.4044589712457));
#4100=CARTESIAN_POINT('',(-34.4288747185561,37.078125,37.6986773861658));
#4101=CARTESIAN_POINT('',(-36.1227048519257,39.1875,42.7163362666993));
#4102=CARTESIAN_POINT('',(-36.2601580344553,41.296875,48.0103959362465));
#4103=CARTESIAN_POINT('',(-34.8289881115679,43.40625,53.109191265923));
#4104=CARTESIAN_POINT('',(-31.9567027027975,45.515625,57.5584538669245));
#4105=CARTESIAN_POINT('',(-27.899203130017,47.625,60.9617843502897));
#4106=CARTESIAN_POINT('',(-23.0179853298807,49.734375,63.0159688477826));
#4107=CARTESIAN_POINT('',(-17.747932995908,51.84375,63.5379933292953));
#4108=CARTESIAN_POINT('',(-12.5585723647645,53.9531250000001,62.4813489226723));
#4109=CARTESIAN_POINT('',(-7.91224058481871,56.0625,59.9401755415798));
#4110=CARTESIAN_POINT('',(-4.22289458413948,58.171875,56.1408746520231));
#4111=CARTESIAN_POINT('',(-1.81923029090459,60.28125,51.4219384236412));
#4112=CARTESIAN_POINT('',(-0.915398035753322,62.390625,46.2037923527979));
#4113=CARTESIAN_POINT('',(-1.59192319688804,64.5,40.9513381770376));
#4114=CARTESIAN_POINT('',(-3.78853193018172,66.609375,36.1325342554275));
#4115=CARTESIAN_POINT('',(-7.30952116351938,68.71875,32.1767036244682));
#4116=CARTESIAN_POINT('',(-11.8411944249669,70.828125,29.4362842015355));
#4117=CARTESIAN_POINT('',(-16.9798100896977,72.9375,28.1554289355924));
#4118=CARTESIAN_POINT('',(-22.2675520447332,75.046875,28.448253420683));
#4119=CARTESIAN_POINT('',(-27.2333180270839,77.15625,30.288668963607));
#4120=CARTESIAN_POINT('',(-31.4346916685439,79.265625,33.5127069111129));
#4121=CARTESIAN_POINT('',(-34.497358820089,81.375,37.8331271546718));
#4122=CARTESIAN_POINT('',(-36.1484564263468,83.484375,42.8650092932678));
#4123=CARTESIAN_POINT('',(-36.2408827895906,85.59375,48.1600464536176));
#4124=CARTESIAN_POINT('',(-34.766403342163,87.703125,53.2464864189791));
#4125=CARTESIAN_POINT('',(-31.8563842910994,89.8125,57.6711615804519));
#4126=CARTESIAN_POINT('',(-27.7700887721493,91.9218750000001,61.0398631246555));
#4127=CARTESIAN_POINT('',(-22.8715782471978,94.03125,63.0524623890513));
#4128=CARTESIAN_POINT('',(-17.5972770753007,96.140625,63.529650308257));
#4129=CARTESIAN_POINT('',(-12.4170900360209,98.2500000000001,62.428912646416));
#4130=CARTESIAN_POINT('',(-7.79253697236021,100.359375,59.8483177298407));
#4131=CARTESIAN_POINT('',(-4.13563447516106,102.46875,56.0177792183146));
#4132=CARTESIAN_POINT('',(-1.7721879745557,104.578125,51.2785723437369));
#4133=CARTESIAN_POINT('',(-0.912764666122497,106.6875,46.0529285803044));
#4134=CARTESIAN_POINT('',(-1.6339333897725,108.796875,40.8064176613635));
#4135=CARTESIAN_POINT('',(-3.87144285880636,110.90625,36.006468435059));
#4136=CARTESIAN_POINT('',(-7.42594602518056,113.015625,32.0807241362551));
#4137=CARTESIAN_POINT('',(-11.9807605333332,115.125,29.3789420991909));
#4138=CARTESIAN_POINT('',(-17.1300830941618,117.234375,28.141833289253));
#4139=CARTESIAN_POINT('',(-22.4151434387132,119.34375,28.4796144874112));
#4140=CARTESIAN_POINT('',(-27.3650791262467,121.453125,30.3621965034254));
#4141=CARTESIAN_POINT('',(-31.5388807697938,123.5625,33.6218358571121));
#4142=CARTESIAN_POINT('',(-34.5647033576824,125.671875,37.9681880606052));
#4143=CARTESIAN_POINT('',(-35.9048832249273,127.4296875,42.1728401439967));
#4144=CARTESIAN_POINT('',(-36.1972487758804,128.8359375,45.6617387446259));
#4145=CARTESIAN_POINT('',(-36.0243743820412,129.890625,48.2817277341072));
#4146=CARTESIAN_POINT('',(-35.5558890539293,130.76953125,50.4191222773986));
#4147=CARTESIAN_POINT('',(-35.0632986642542,131.384765625,51.8660318601504));
#4148=CARTESIAN_POINT('',(-34.7360405074152,131.736328125,52.6753158297644));
#4149=CARTESIAN_POINT('',(-34.5573729651843,131.912109375,53.0735463455025));
#4150=CARTESIAN_POINT('',(-34.4643432645892,132.,53.2709195362028));
#4151=CARTESIAN_POINT('',(-31.6735344035365,-138.,43.4977089192059));
#4152=CARTESIAN_POINT('',(-31.7025086516187,-137.912109375,43.6602430119498));
#4153=CARTESIAN_POINT('',(-31.7543700418725,-137.736328125,43.9863963626892));
#4154=CARTESIAN_POINT('',(-31.8335921649284,-137.384765625,44.6421297309301));
#4155=CARTESIAN_POINT('',(-31.9076617166723,-136.76953125,45.796239706935));
#4156=CARTESIAN_POINT('',(-31.8277735644965,-135.890625,47.4499268200274));
#4157=CARTESIAN_POINT('',(-31.4366695306519,-134.8359375,49.3977310547112));
#4158=CARTESIAN_POINT('',(-30.5341646222667,-133.4296875,51.8883240150533));
#4159=CARTESIAN_POINT('',(-28.7249846000669,-131.671875,54.6947970617259));
#4160=CARTESIAN_POINT('',(-25.6566123419359,-129.5625,57.2719028589172));
#4161=CARTESIAN_POINT('',(-21.964339419396,-127.453125,58.8285694137744));
#4162=CARTESIAN_POINT('',(-17.9770999616483,-125.34375,59.2261549792473));
#4163=CARTESIAN_POINT('',(-14.050136248487,-123.234375,58.4292248197615));
#4164=CARTESIAN_POINT('',(-10.5333127286462,-121.125,56.5087834139771));
#4165=CARTESIAN_POINT('',(-7.7399551711507,-119.015625,53.6359282816528));
#4166=CARTESIAN_POINT('',(-5.91893284056081,-116.90625,50.0666117443362));
#4167=CARTESIAN_POINT('',(-5.23248661644573,-114.796875,46.1188358472658));
#4168=CARTESIAN_POINT('',(-5.74177423460037,-112.6875,42.1443209024882));
#4169=CARTESIAN_POINT('',(-7.40142159401264,-110.578125,38.4971694694979));
#4170=CARTESIAN_POINT('',(-10.0635652708247,-108.46875,35.502318225374));
#4171=CARTESIAN_POINT('',(-13.4910261590267,-106.359375,33.426588283678));
#4172=CARTESIAN_POINT('',(-17.3784405334795,-104.25,32.4549132288526));
#4173=CARTESIAN_POINT('',(-21.379465905368,-102.140625,32.6738627764752));
#4174=CARTESIAN_POINT('',(-25.1376378097053,-100.03125,34.0639299936793));
#4175=CARTESIAN_POINT('',(-28.3181283929607,-97.9218750000001,36.5012692357064));
#4176=CARTESIAN_POINT('',(-30.6375773240258,-95.8125,39.7687299603479));
#4177=CARTESIAN_POINT('',(-31.8893372949194,-93.703125,43.57520338153));
#4178=CARTESIAN_POINT('',(-31.9618849068025,-91.5937500000001,47.5815583052611));
#4179=CARTESIAN_POINT('',(-30.8487566551354,-89.484375,51.4308554393153));
#4180=CARTESIAN_POINT('',(-28.6491247844816,-87.375,54.7801482847539));
#4181=CARTESIAN_POINT('',(-25.5589617081749,-85.2656250000002,57.331037363629));
#4182=CARTESIAN_POINT('',(-21.8535801836507,-83.15625,58.8562556065742));
#4183=CARTESIAN_POINT('',(-17.8631047964676,-81.046875,59.2199163209492));
#4184=CARTESIAN_POINT('',(-13.9430600788896,-78.9375,58.3896197816993));
#4185=CARTESIAN_POINT('',(-10.4426956639705,-76.8281250000001,56.4393398290612));
#4186=CARTESIAN_POINT('',(-7.67387049096472,-74.71875,53.5428332966627));
#4187=CARTESIAN_POINT('',(-5.88326827021946,-72.6093750000001,49.9581594456746));
#4188=CARTESIAN_POINT('',(-5.23041962283522,-70.5,46.0046886193618));
#4189=CARTESIAN_POINT('',(-5.77348897472163,-68.390625,42.0346484923682));
#4190=CARTESIAN_POINT('',(-7.4640924972406,-66.2812500000001,38.4017429526463));
#4191=CARTESIAN_POINT('',(-10.1516087810934,-64.171875,35.4296394627046));
#4192=CARTESIAN_POINT('',(-13.5965981913834,-62.0625000000001,33.3831324644538));
#4193=CARTESIAN_POINT('',(-17.4921353295253,-59.953125,32.44455197443));
#4194=CARTESIAN_POINT('',(-21.4911540230504,-57.84375,32.6975192049777));
#4195=CARTESIAN_POINT('',(-25.2373685885286,-55.734375,34.1194964763492));
#4196=CARTESIAN_POINT('',(-28.3970164909401,-53.6250000000001,36.5837951724659));
#4197=CARTESIAN_POINT('',(-30.688594341933,-51.515625,39.8708628449878));
#4198=CARTESIAN_POINT('',(-31.9079379594043,-49.40625,43.6878438605846));
#4199=CARTESIAN_POINT('',(-31.9464120236971,-47.296875,47.6946708692379));
#4200=CARTESIAN_POINT('',(-30.8005887543123,-45.1875,51.5343625191278));
#4201=CARTESIAN_POINT('',(-28.5725533021109,-43.078125,54.8648280953848));
#4202=CARTESIAN_POINT('',(-25.4608086486074,-40.9687500000001,57.3893455031851));
#4203=CARTESIAN_POINT('',(-21.7425903246907,-38.859375,58.8829972117795));
#4204=CARTESIAN_POINT('',(-17.7491665884529,-36.75,59.2127088945419));
#4205=CARTESIAN_POINT('',(-13.8363246502412,-34.640625,58.3491054569229));
#4206=CARTESIAN_POINT('',(-10.3526724238837,-32.53125,56.3691281599075));
#4207=CARTESIAN_POINT('',(-7.60857990497925,-30.421875,53.4491796708783));
#4208=CARTESIAN_POINT('',(-5.84852729065022,-28.3125,49.8494077717585));
#4209=CARTESIAN_POINT('',(-5.22932343742669,-26.203125,45.890527940411));
#4210=CARTESIAN_POINT('',(-5.80613524622461,-24.09375,41.9252497574678));
#4211=CARTESIAN_POINT('',(-7.52757266231914,-21.984375,38.3068528536757));
#4212=CARTESIAN_POINT('',(-10.2402671837642,-19.875,35.3577120696142));
#4213=CARTESIAN_POINT('',(-13.7025359639468,-17.765625,33.3405760244577));
#4214=CARTESIAN_POINT('',(-17.6059141285809,-15.65625,32.4351579802592));
#4215=CARTESIAN_POINT('',(-21.6026369224445,-13.546875,32.7221245983651));
#4216=CARTESIAN_POINT('',(-25.3366232113338,-11.4375,34.1759090821458));
#4217=CARTESIAN_POINT('',(-28.4751999174732,-9.328125,36.6669890067117));
#4218=CARTESIAN_POINT('',(-30.7387409544537,-7.21875000000002,39.9734258962956));
#4219=CARTESIAN_POINT('',(-31.9255800318325,-5.10937500000001,43.8006384505326));
#4220=CARTESIAN_POINT('',(-31.9299777659721,-3.,47.8076477580869));
#4221=CARTESIAN_POINT('',(-30.7515423483236,-0.890624999999994,51.6374562255342));
#4222=CARTESIAN_POINT('',(-28.4952644529332,1.21875000000001,54.9488536631224));
#4223=CARTESIAN_POINT('',(-25.362163273151,3.328125,57.4468168190056));
#4224=CARTESIAN_POINT('',(-21.6313770627969,5.43749999999999,58.9087939677753));
#4225=CARTESIAN_POINT('',(-17.6352937941594,7.54687499999999,59.204532773165));
#4226=CARTESIAN_POINT('',(-13.7299376240448,9.65625000000003,58.3076848956261));
#4227=CARTESIAN_POINT('',(-10.263249534666,11.765625,56.2981534522667));
#4228=CARTESIAN_POINT('',(-7.54408813104998,13.875,53.3549741862369));
#4229=CARTESIAN_POINT('',(-5.81471241554184,15.984375,49.7403645855324));
#4230=CARTESIAN_POINT('',(-5.22919813920083,18.09375,45.7763620674834));
#4231=CARTESIAN_POINT('',(-5.83971068811134,20.203125,41.8161326096715));
#4232=CARTESIAN_POINT('',(-7.59185749814608,22.3125,38.2125060353747));
#4233=CARTESIAN_POINT('',(-10.3295340667951,24.421875,35.2865412481));
#4234=CARTESIAN_POINT('',(-13.808831814972,26.53125,33.2989220415047));
#4235=CARTESIAN_POINT('',(-17.7197687018142,28.640625,32.4267319257422));
#4236=CARTESIAN_POINT('',(-21.713906540764,30.75,32.7476771770999));
#4237=CARTESIAN_POINT('',(-25.4353944997222,32.859375,34.2331637311365));
#4238=CARTESIAN_POINT('',(-28.5526730180945,34.9687500000001,36.7508447216098));
#4239=CARTESIAN_POINT('',(-30.7880135348316,37.078125,40.0764116965981));
#4240=CARTESIAN_POINT('',(-31.9422622362744,39.1875000000001,43.9135789937214));
#4241=CARTESIAN_POINT('',(-31.9125833222038,41.296875,47.9204808009734));
#4242=CARTESIAN_POINT('',(-30.7016209843558,43.40625,51.7401291024809));
#4243=CARTESIAN_POINT('',(-28.4172638267145,45.515625,55.0322189109807));
#4244=CARTESIAN_POINT('',(-25.2630327161427,47.625,57.5034471545879));
#4245=CARTESIAN_POINT('',(-21.5199484412537,49.7343750000001,58.9336440088614));
#4246=CARTESIAN_POINT('',(-17.5214946492168,51.84375,59.1953885481405));
#4247=CARTESIAN_POINT('',(-13.6239066945378,53.953125,58.2653610934718));
#4248=CARTESIAN_POINT('',(-10.1744334636529,56.0625000000001,56.2264208392453));
#4249=CARTESIAN_POINT('',(-7.48039983342045,58.171875,53.2602236559691));
#4250=CARTESIAN_POINT('',(-5.7818260904895,60.2812500000001,49.6310377733335));
#4251=CARTESIAN_POINT('',(-5.23004373721983,62.3906250000001,45.6621992574051));
#4252=CARTESIAN_POINT('',(-5.87421287210227,64.5,41.7073049406678));
#4253=CARTESIAN_POINT('',(-7.65694235544574,66.6093750000001,38.1187093211931));
#4254=CARTESIAN_POINT('',(-10.4194029741308,68.7187500000001,35.2161321454552));
#4255=CARTESIAN_POINT('',(-13.9154780568157,70.828125,33.2581735281388));
#4256=CARTESIAN_POINT('',(-17.8336908149142,72.9375,32.4192744202768));
#4257=CARTESIAN_POINT('',(-21.8249548306488,75.046875,32.7741750931413));
#4258=CARTESIAN_POINT('',(-25.5336753102512,77.15625,34.2912562824894));
#4259=CARTESIAN_POINT('',(-28.6294301897119,79.2656250000001,36.8353562524581));
#4260=CARTESIAN_POINT('',(-30.8364085195218,81.3750000000001,40.179812797645));
#4261=CARTESIAN_POINT('',(-31.9579833662225,83.484375,44.0266573219463));
#4262=CARTESIAN_POINT('',(-31.8942299504115,85.5937500000001,48.0331618374645));
#4263=CARTESIAN_POINT('',(-30.650828272875,87.7031250000001,51.8423737243511));
#4264=CARTESIAN_POINT('',(-28.3385570646998,89.8125,55.1149178097287));
#4265=CARTESIAN_POINT('',(-25.1634241470083,91.921875,57.5592324142528));
#4266=CARTESIAN_POINT('',(-21.4083125189214,94.0312500000001,58.9575455378063));
#4267=CARTESIAN_POINT('',(-17.4077773839284,96.1406250000001,59.1852768808074));
#4268=CARTESIAN_POINT('',(-13.5182395302016,98.25,58.2221371114459));
#4269=CARTESIAN_POINT('',(-10.0862306342972,100.359375,56.1539355087708));
#4270=CARTESIAN_POINT('',(-7.41751961822182,102.46875,53.1649349327109));
#4271=CARTESIAN_POINT('',(-5.7498706939408,104.578125,49.5214352420618));
#4272=CARTESIAN_POINT('',(-5.2318601702994,106.6875,45.548047766599));
#4273=CARTESIAN_POINT('',(-5.90963930299796,108.796875,41.5987746218862));
#4274=CARTESIAN_POINT('',(-7.72282252669283,110.90625,38.0254694922623));
#4275=CARTESIAN_POINT('',(-10.5098674076262,113.015625,35.146489863343));
#4276=CARTESIAN_POINT('',(-14.0224669710834,115.125,33.2183333961072));
#4277=CARTESIAN_POINT('',(-17.9476722488825,117.234375,32.4127861349916));
#4278=CARTESIAN_POINT('',(-21.9357736853643,119.34375,32.801615938274));
#4279=CARTESIAN_POINT('',(-25.6314588162824,121.453125,34.3501843702135));
#4280=CARTESIAN_POINT('',(-28.7054648310693,123.5625,36.920510637166));
#4281=CARTESIAN_POINT('',(-30.8839263268861,125.671875,40.283647285539));
#4282=CARTESIAN_POINT('',(-31.7912607718797,127.4296875,43.4970827554614));
#4283=CARTESIAN_POINT('',(-31.9242909566594,128.8359375,46.1428097583293));
#4284=CARTESIAN_POINT('',(-31.7274324029422,129.890625,48.1197140078485));
#4285=CARTESIAN_POINT('',(-31.3192099967265,130.76953125,49.7242131982289));
#4286=CARTESIAN_POINT('',(-30.9101869703909,131.384765625,50.8059508277566));
#4287=CARTESIAN_POINT('',(-30.6422839396523,131.736328125,51.4096811989708));
#4288=CARTESIAN_POINT('',(-30.4971219808153,131.912109375,51.7063183809031));
#4289=CARTESIAN_POINT('',(-30.4217900644391,132.,51.8532263137419));
#4290=CARTESIAN_POINT('',(-28.9562836427549,-138.,44.3769186887341));
#4291=CARTESIAN_POINT('',(-28.9742822691607,-137.912109375,44.5055319514463));
#4292=CARTESIAN_POINT('',(-29.0054627924786,-137.736328125,44.7634325820486));
#4293=CARTESIAN_POINT('',(-29.0484641184965,-137.384765625,45.2812073345942));
#4294=CARTESIAN_POINT('',(-29.0727678534126,-136.76953125,46.1905850491552));
#4295=CARTESIAN_POINT('',(-28.9613688075062,-135.890625,47.4881360119886));
#4296=CARTESIAN_POINT('',(-28.5966909636171,-134.8359375,49.0077342861103));
#4297=CARTESIAN_POINT('',(-27.8140682211629,-133.4296875,50.9389674483331));
#4298=CARTESIAN_POINT('',(-26.3094598061455,-131.671875,53.0918543114941));
#4299=CARTESIAN_POINT('',(-23.8217906626613,-129.5625,55.0274367032204));
#4300=CARTESIAN_POINT('',(-20.8736884088016,-127.453125,56.142555115377));
#4301=CARTESIAN_POINT('',(-17.7277900229937,-125.34375,56.3378961011735));
#4302=CARTESIAN_POINT('',(-14.6643790258533,-123.234375,55.5960464168668));
#4303=CARTESIAN_POINT('',(-11.9563833720226,-121.125,53.9831024748897));
#4304=CARTESIAN_POINT('',(-9.84506763832394,-119.015625,51.6427660433221));
#4305=CARTESIAN_POINT('',(-8.51853576543295,-116.90625,48.7835455521583));
#4306=CARTESIAN_POINT('',(-8.09497285242666,-114.796875,45.6601782770654));
#4307=CARTESIAN_POINT('',(-8.61211550050954,-112.6875,42.5509352597505));
#4308=CARTESIAN_POINT('',(-10.0238897779643,-110.578125,39.7328291485536));
#4309=CARTESIAN_POINT('',(-12.2045160863754,-108.46875,37.4569342550995));
#4310=CARTESIAN_POINT('',(-14.9597152803841,-106.359375,35.9260175151391));
#4311=CARTESIAN_POINT('',(-18.044017632739,-104.25,35.2764733191597));
#4312=CARTESIAN_POINT('',(-21.182632537121,-102.140625,35.5661716886454));
#4313=CARTESIAN_POINT('',(-24.0959305039108,-100.03125,36.769302446287));
#4314=CARTESIAN_POINT('',(-26.5243562680107,-97.921875,38.7786747292507));
#4315=CARTESIAN_POINT('',(-28.2515534181774,-95.8125000000001,41.4152669745065));
#4316=CARTESIAN_POINT('',(-29.1236402988782,-93.7031250000001,44.4441765366749));
#4317=CARTESIAN_POINT('',(-29.0629198313759,-91.5937500000001,47.5955479346725));
#4318=CARTESIAN_POINT('',(-28.0748018011505,-89.484375,50.5886151610522));
#4319=CARTESIAN_POINT('',(-26.2473208823786,-87.3750000000001,53.1567160459104));
#4320=CARTESIAN_POINT('',(-23.7432933402485,-85.2656249999999,55.0710500636679));
#4321=CARTESIAN_POINT('',(-20.7858111962167,-83.1562500000001,56.1610629218579));
#4322=CARTESIAN_POINT('',(-17.6383662285604,-81.0468750000001,56.3296418020896));
#4323=CARTESIAN_POINT('',(-14.5813746261748,-78.9375,55.5617674593532));
#4324=CARTESIAN_POINT('',(-11.8871937911562,-76.828125,53.92585233579));
#4325=CARTESIAN_POINT('',(-9.79585712510879,-74.7187500000002,51.5676454719767));
#4326=CARTESIAN_POINT('',(-8.4936886666168,-72.609375,48.6972472471662));
#4327=CARTESIAN_POINT('',(-8.09670287190793,-70.5000000000001,45.5703908478277));
#4328=CARTESIAN_POINT('',(-8.64026850667685,-68.3906250000001,42.4656581598196));
#4329=CARTESIAN_POINT('',(-10.075957526817,-66.2812499999999,39.6596599950419));
#4330=CARTESIAN_POINT('',(-12.2758596916081,-64.1718750000002,37.4023919275243));
#4331=CARTESIAN_POINT('',(-15.0439785063266,-62.0625000000001,35.8949613682983));
#4332=CARTESIAN_POINT('',(-18.133693192401,-59.953125,35.271670246957));
#4333=CARTESIAN_POINT('',(-21.2697309409503,-57.8437500000001,35.5880496125305));
#4334=CARTESIAN_POINT('',(-24.1726918696196,-55.734375,36.8159121903086));
#4335=CARTESIAN_POINT('',(-26.5839416739179,-53.625,38.845863678536));
#4336=CARTESIAN_POINT('',(-28.2886542051615,-51.5156250000001,41.4970490453311));
#4337=CARTESIAN_POINT('',(-29.1349510362173,-49.4062500000001,44.5332654962832));
#4338=CARTESIAN_POINT('',(-29.047432808406,-47.296875,47.6840065556353));
#4339=CARTESIAN_POINT('',(-28.0338968075117,-45.1875,50.6685623748783));
#4340=CARTESIAN_POINT('',(-26.1846422780325,-43.0781250000001,53.2210290932684));
#4341=CARTESIAN_POINT('',(-23.6644253675056,-40.9687499999999,55.1139990843619));
#4342=CARTESIAN_POINT('',(-20.697780461282,-38.8593750000001,56.1788214468562));
#4343=CARTESIAN_POINT('',(-17.5490156781579,-36.75,56.3206276661905));
#4344=CARTESIAN_POINT('',(-14.4986647937143,-34.640625,55.526783761471));
#4345=CARTESIAN_POINT('',(-11.818493566718,-32.53125,53.8680158882385));
#4346=CARTESIAN_POINT('',(-9.74728723687513,-30.4218750000001,51.4921091134459));
#4347=CARTESIAN_POINT('',(-8.46957636513271,-28.3125,48.6107407594307));
#4348=CARTESIAN_POINT('',(-8.09919640114835,-26.203125,45.480621377432));
#4349=CARTESIAN_POINT('',(-8.66914570994843,-24.09375,42.3806235631288));
#4350=CARTESIAN_POINT('',(-10.1286456394263,-21.984375,39.5869362830022));
#4351=CARTESIAN_POINT('',(-12.3476645569014,-19.875,37.3484582940155));
#4352=CARTESIAN_POINT('',(-15.128502793492,-17.765625,35.8646229375146));
#4353=CARTESIAN_POINT('',(-18.22340635564,-15.65625,35.2676299691401));
#4354=CARTESIAN_POINT('',(-21.3566401404875,-13.546875,35.6106674492747));
#4355=CARTESIAN_POINT('',(-24.2490540799962,-11.4375,36.8631730444009));
#4356=CARTESIAN_POINT('',(-26.6429535355112,-9.32812500000002,38.9135569255739));
#4357=CARTESIAN_POINT('',(-28.3250581577917,-7.21874999999997,41.5791436720497));
#4358=CARTESIAN_POINT('',(-29.1455037324197,-5.109375,44.6224474232977));
#4359=CARTESIAN_POINT('',(-29.0311940738863,-3.,47.7723302727468));
#4360=CARTESIAN_POINT('',(-27.9923134043556,-0.890625000000001,50.7481588326206));
#4361=CARTESIAN_POINT('',(-26.1214190079297,1.21874999999998,53.2848067823194));
#4362=CARTESIAN_POINT('',(-23.5851949988232,3.32812500000001,55.1562758413529));
#4363=CARTESIAN_POINT('',(-20.609601887269,5.43750000000002,56.1958306969313));
#4364=CARTESIAN_POINT('',(-17.4597450170044,7.54687500000002,56.3108539995079));
#4365=CARTESIAN_POINT('',(-14.4162554612356,9.65624999999998,55.4910979460314));
#4366=CARTESIAN_POINT('',(-11.7502876804666,11.765625,53.8095972903108));
#4367=CARTESIAN_POINT('',(-9.69936148282299,13.875,51.4161624374044));
#4368=CARTESIAN_POINT('',(-8.44620060580011,15.984375,48.5240323435832));
#4369=CARTESIAN_POINT('',(-8.10245325955543,18.09375,45.3908763587594));
#4370=CARTESIAN_POINT('',(-8.69874502190436,20.203125,42.2958376195123));
#4371=CARTESIAN_POINT('',(-10.181950305208,22.3125,39.5146632720708));
#4372=CARTESIAN_POINT('',(-12.4199254891116,24.4218750000001,37.2951372552103));
#4373=CARTESIAN_POINT('',(-15.2132820288226,26.53125,35.8350044169587));
#4374=CARTESIAN_POINT('',(-18.3131506341253,28.640625,35.2643527779141));
#4375=CARTESIAN_POINT('',(-21.4433538501926,30.7500000000001,35.6340235630866));
#4376=CARTESIAN_POINT('',(-24.3250116122921,32.859375,36.9110815905147));
#4377=CARTESIAN_POINT('',(-26.7013875848712,34.96875,38.9817495745807));
#4378=CARTESIAN_POINT('',(-28.3607626432229,37.078125,41.6615449173272));
#4379=CARTESIAN_POINT('',(-29.1552976242824,39.1875,44.7117158678086));
#4380=CARTESIAN_POINT('',(-29.0142048022517,41.296875,47.8605126981644));
#4381=CARTESIAN_POINT('',(-27.9500545991214,43.4062500000001,50.8273987776195));
#4382=CARTESIAN_POINT('',(-26.0576556445708,45.515625,53.3480445004653));
#4383=CARTESIAN_POINT('',(-23.5056079643851,47.625,55.1978772770558));
#4384=CARTESIAN_POINT('',(-20.521281851521,49.734375,56.2120894419226));
#4385=CARTESIAN_POINT('',(-17.3705607014281,51.84375,56.3003215089032));
#4386=CARTESIAN_POINT('',(-14.3341525888342,53.9531250000001,55.4547125939419));
#4387=CARTESIAN_POINT('',(-11.6825810652605,56.0625,53.7506007670189));
#4388=CARTESIAN_POINT('',(-9.65208332909032,58.1718750000001,51.3398109365493));
#4389=CARTESIAN_POINT('',(-8.4235630792256,60.28125,48.437128270642));
#4390=CARTESIAN_POINT('',(-8.10647321158312,62.3906250000001,45.3011622824456));
#4391=CARTESIAN_POINT('',(-8.72906430183159,64.5000000000001,42.2113064609499));
#4392=CARTESIAN_POINT('',(-10.235867669005,66.609375,39.4428461892536));
#4393=CARTESIAN_POINT('',(-12.492637262107,68.7187500000001,37.2424326674492));
#4394=CARTESIAN_POINT('',(-15.2983100808248,70.828125,35.8061079487331));
#4395=CARTESIAN_POINT('',(-18.4029195372756,72.9375,35.2618389102951));
#4396=CARTESIAN_POINT('',(-21.5298657986639,75.0468750000001,35.6581162647807));
#4397=CARTESIAN_POINT('',(-24.4005589730252,77.1562500000001,36.9596343637563));
#4398=CARTESIAN_POINT('',(-26.7592395958687,79.265625,39.0504366936552));
#4399=CARTESIAN_POINT('',(-28.395765079197,81.375,41.744246821653));
#4400=CARTESIAN_POINT('',(-29.1643320034807,83.4843750000001,44.8010643736479));
#4401=CARTESIAN_POINT('',(-28.9964662222187,85.59375,47.9485474542646));
#4402=CARTESIAN_POINT('',(-27.9071234480957,87.703125,50.9062764789984));
#4403=CARTESIAN_POINT('',(-25.9933567995174,89.8125000000001,53.4107376741612));
#4404=CARTESIAN_POINT('',(-23.4256700201696,91.9218750000001,55.2388003827273));
#4405=CARTESIAN_POINT('',(-20.4328267416147,94.03125,56.2275965059475));
#4406=CARTESIAN_POINT('',(-17.2814691815118,96.1406250000001,56.2890309561185));
#4407=CARTESIAN_POINT('',(-14.2523621144418,98.25,55.4176303367025));
#4408=CARTESIAN_POINT('',(-11.6153786178503,100.359375,53.691030585175));
#4409=CARTESIAN_POINT('',(-9.60545619497681,102.46875,51.2630601328449));
#4410=CARTESIAN_POINT('',(-8.40166542262894,104.578125,48.3500348258148));
#4411=CARTESIAN_POINT('',(-8.11125596647963,106.6875,45.2114856367429));
#4412=CARTESIAN_POINT('',(-8.76010135700854,108.796875,42.1270362015311));
#4413=CARTESIAN_POINT('',(-10.2903938311175,110.90625,39.3714902265781));
#4414=CARTESIAN_POINT('',(-12.5657946180108,113.015625,37.1903483499696));
#4415=CARTESIAN_POINT('',(-15.383580796792,115.125,35.7779355948039));
#4416=CARTESIAN_POINT('',(-18.4927065847327,117.234375,35.2600886522737));
#4417=CARTESIAN_POINT('',(-21.6161696842907,119.34375,35.6829434230944));
#4418=CARTESIAN_POINT('',(-24.4756908655783,121.453125,37.008829303677));
#4419=CARTESIAN_POINT('',(-26.8165047604715,123.5625,39.1196078997925));
#4420=CARTESIAN_POINT('',(-28.4300652630183,125.671875,41.8272636141008));
#4421=CARTESIAN_POINT('',(-29.0488421483917,127.4296875,44.3798864797507));
#4422=CARTESIAN_POINT('',(-29.0756537091298,128.8359375,46.4634989734947));
#4423=CARTESIAN_POINT('',(-28.8628094012482,129.890625,48.0116805342747));
#4424=CARTESIAN_POINT('',(-28.4947652547682,130.76953125,49.2609170030114));
#4425=CARTESIAN_POINT('',(-28.1414558050645,131.384765625,50.0992074848972));
#4426=CARTESIAN_POINT('',(-27.9131239731466,131.736328125,50.5659026562304));
#4427=CARTESIAN_POINT('',(-27.7902996169225,131.912109375,50.7948112358379));
#4428=CARTESIAN_POINT('',(-27.7267664940867,132.,50.9080758119446));
#4429=CARTESIAN_POINT('',(-27.5976608052174,-138.,44.8165386245216));
#4430=CARTESIAN_POINT('',(-27.6101714328956,-137.912109375,44.9281915039618));
#4431=CARTESIAN_POINT('',(-27.6310111457772,-137.736328125,45.1519658309461));
#4432=CARTESIAN_POINT('',(-27.6559013156411,-137.384765625,45.6007613602327));
#4433=CARTESIAN_POINT('',(-27.6553208093648,-136.76953125,46.387773017511));
#4434=CARTESIAN_POINT('',(-27.5281644088401,-135.890625,47.5072557957508));
#4435=CARTESIAN_POINT('',(-27.1766974159716,-134.8359375,48.8127506178702));
#4436=CARTESIAN_POINT('',(-26.4540128914098,-133.4296875,50.4643028134175));
#4437=CARTESIAN_POINT('',(-25.1016870598052,-131.671875,52.2903944674791));
#4438=CARTESIAN_POINT('',(-22.904366531332,-129.5625,53.9052115882391));
#4439=CARTESIAN_POINT('',(-20.3283478537425,-127.453125,54.7995516513948));
#4440=CARTESIAN_POINT('',(-17.6031195866559,-125.34375,54.8937657413686));
#4441=CARTESIAN_POINT('',(-14.9714859082877,-123.234375,54.1794517707025));
#4442=CARTESIAN_POINT('',(-12.6679064406318,-121.125,52.7202525217681));
#4443=CARTESIAN_POINT('',(-10.8976149636685,-119.015625,50.6461722466405));
#4444=CARTESIAN_POINT('',(-9.81833245812828,-116.90625,48.1419977140964));
#4445=CARTESIAN_POINT('',(-9.52621576412962,-114.796875,45.4308339989454));
#4446=CARTESIAN_POINT('',(-10.0472905090088,-112.6875,42.7542275746401));
#4447=CARTESIAN_POINT('',(-11.3351324374849,-110.578125,40.3506460778776));
#4448=CARTESIAN_POINT('',(-13.2750034903859,-108.46875,38.4342324635073));
#4449=CARTESIAN_POINT('',(-15.6940741972039,-106.359375,37.1757263018539));
#4450=CARTESIAN_POINT('',(-18.37682161938,-104.25,36.6872520320626));
#4451=CARTESIAN_POINT('',(-21.0842309955447,-102.140625,37.0123294279392));
#4452=CARTESIAN_POINT('',(-23.5750903499981,-100.03125,38.1219962787473));
#4453=CARTESIAN_POINT('',(-25.6274808582889,-97.921875,39.91738872747));
#4454=CARTESIAN_POINT('',(-27.058548322686,-95.8125000000001,42.2385493758947));
#4455=CARTESIAN_POINT('',(-27.7407942520189,-93.703125,44.878678413529));
#4456=CARTESIAN_POINT('',(-27.6134351201705,-91.59375,47.6025580905684));
#4457=CARTESIAN_POINT('',(-26.6878177696562,-89.484375,50.1675090382237));
#4458=CARTESIAN_POINT('',(-25.0464084842315,-87.3750000000001,52.3450113691463));
#4459=CARTESIAN_POINT('',(-22.835445797363,-85.265625,53.9410642632346));
#4460=CARTESIAN_POINT('',(-20.2519116219403,-83.15625,54.8134701365955));
#4461=CARTESIAN_POINT('',(-17.5259814859868,-81.046875,54.8845034903905));
#4462=CARTESIAN_POINT('',(-14.9005174403959,-78.9375,54.1478357302959));
#4463=CARTESIAN_POINT('',(-12.6094306827633,-76.828125,52.6690990017161));
#4464=CARTESIAN_POINT('',(-10.8568416420733,-74.71875,50.5800388068181));
#4465=CARTESIAN_POINT('',(-9.79889422061624,-72.609375,48.0667763659092));
#4466=CARTESIAN_POINT('',(-9.52984442192021,-70.5,45.3532264678471));
#4467=CARTESIAN_POINT('',(-10.0736627744454,-68.390625,42.6811481675518));
#4468=CARTESIAN_POINT('',(-11.3818987186318,-66.28125,40.2886056793627));
#4469=CARTESIAN_POINT('',(-13.3379972260627,-64.171875,38.3887584558527));
#4470=CARTESIAN_POINT('',(-15.7676830689913,-62.0625,37.1508701135033));
#4471=CARTESIAN_POINT('',(-18.4544875716216,-59.953125,36.6852281822976));
#4472=CARTESIAN_POINT('',(-21.1590345139789,-57.84375,37.0333182281725));
#4473=CARTESIAN_POINT('',(-23.640366943977,-55.734375,38.1641277679681));
#4474=CARTESIAN_POINT('',(-25.6774148220898,-53.625,39.9769092732044));
#4475=CARTESIAN_POINT('',(-27.0886908758003,-51.515625,42.3101560976265));
#4476=CARTESIAN_POINT('',(-27.7484598955879,-49.40625,44.9559916337058));
#4477=CARTESIAN_POINT('',(-27.5979408968821,-47.296875,47.6786897209862));
#4478=CARTESIAN_POINT('',(-26.6505441106504,-45.1875,50.2356762623839));
#4479=CARTESIAN_POINT('',(-24.9906762219649,-43.078125,52.3991409456093));
#4480=CARTESIAN_POINT('',(-22.766220301761,-40.96875,53.9763336106066));
#4481=CARTESIAN_POINT('',(-20.1753604193137,-38.859375,54.8267369931131));
#4482=CARTESIAN_POINT('',(-17.4489247738982,-36.75,54.87458586832));
#4483=CARTESIAN_POINT('',(-14.8298204539029,-34.640625,54.1156172230961));
#4484=CARTESIAN_POINT('',(-12.5513920481232,-32.53125,52.6174500617991));
#4485=CARTESIAN_POINT('',(-10.8166322114864,-30.421875,50.5135610075371));
#4486=CARTESIAN_POINT('',(-9.78009638405201,-28.3125,47.9913924323031));
#4487=CARTESIAN_POINT('',(-9.53413294025411,-26.203125,45.2756526016555));
#4488=CARTESIAN_POINT('',(-10.1006555695219,-24.09375,42.6082956787863));
#4489=CARTESIAN_POINT('',(-11.4291909138605,-21.984375,40.2269652350436));
#4490=CARTESIAN_POINT('',(-13.4013754047559,-19.875,38.3438218052102));
#4491=CARTESIAN_POINT('',(-15.8415006614674,-17.765625,37.1266408100372));
#4492=CARTESIAN_POINT('',(-18.5321679266068,-15.65625,36.6838648940726));
#4493=CARTESIAN_POINT('',(-21.2336568340262,-13.546875,37.0549424150052));
#4494=CARTESIAN_POINT('',(-23.7052828819953,-11.4375,38.2068128601733));
#4495=CARTESIAN_POINT('',(-25.7268408043795,-9.328125,40.0368523160045));
#4496=CARTESIAN_POINT('',(-27.1182233795897,-7.21875,42.3820165688559));
#4497=CARTESIAN_POINT('',(-27.7554677733127,-5.109375,45.0333672484381));
#4498=CARTESIAN_POINT('',(-27.5817997937452,-3.,47.7546868320822));
#4499=CARTESIAN_POINT('',(-26.6126920904378,-0.890625,50.3035240381118));
#4500=CARTESIAN_POINT('',(-24.9344856452292,1.21875,52.4527946052375));
#4501=CARTESIAN_POINT('',(-22.6966973711652,3.328125,54.0110129737324));
#4502=CARTESIAN_POINT('',(-20.0986991606284,5.4375,54.8393523616029));
#4503=CARTESIAN_POINT('',(-17.3719551899397,7.546875,54.8640132976447));
#4504=CARTESIAN_POINT('',(-14.7594000171984,9.65625,54.0827986582316));
#4505=CARTESIAN_POINT('',(-12.4937947462035,11.765625,52.5653094162627));
#4506=CARTESIAN_POINT('',(-10.7769895767724,13.875,50.4467436623463));
#4507=CARTESIAN_POINT('',(-9.76194030881151,15.984375,47.915851363756));
#4508=CARTESIAN_POINT('',(-9.53908100874234,18.09375,45.1981180111577));
#4509=CARTESIAN_POINT('',(-10.1282669420986,20.203125,42.5356753771493));
#4510=CARTESIAN_POINT('',(-11.4770056028377,22.3125,40.1657292029759));
#4511=CARTESIAN_POINT('',(-13.4651334427654,24.421875,38.2994257615286));
#4512=CARTESIAN_POINT('',(-15.915521635916,26.53125,37.1030401437952));
#4513=CARTESIAN_POINT('',(-18.6098570662542,28.640625,36.6831622659841));
#4514=CARTESIAN_POINT('',(-21.3080925587713,30.75,37.0772004245098));
#4515=CARTESIAN_POINT('',(-23.769833469134,32.859375,38.2500484682467));
#4516=CARTESIAN_POINT('',(-25.7757552305189,34.96875,40.0972135206051));
#4517=CARTESIAN_POINT('',(-27.1471436981731,37.078125,42.4541255924136));
#4518=CARTESIAN_POINT('',(-27.7618173783621,39.1875,45.1107996616842));
#4519=CARTESIAN_POINT('',(-27.565012978134,41.296875,47.830543927512));
#4520=CARTESIAN_POINT('',(-26.5742644465927,43.40625,50.3710474584484));
#4521=CARTESIAN_POINT('',(-24.877840817899,45.515625,52.5059684676337));
#4522=CARTESIAN_POINT('',(-22.6268820336877,47.625,54.0450998444938));
#4523=CARTESIAN_POINT('',(-20.0219333902607,49.734375,54.8513153296831));
#4524=CARTESIAN_POINT('',(-17.2950783007881,51.84375,54.852786543005));
#4525=CARTESIAN_POINT('',(-14.6892612233045,53.953125,54.0493824092421));
#4526=CARTESIAN_POINT('',(-12.4366429426174,56.0625,52.5126808360778));
#4527=CARTESIAN_POINT('',(-10.7379166050083,58.171875,50.3795916036814));
#4528=CARTESIAN_POINT('',(-9.74442730799765,60.28125,47.8401586236292));
#4529=CARTESIAN_POINT('',(-9.5446882695255,62.390625,45.1206283038935));
#4530=CARTESIAN_POINT('',(-10.1564948952361,64.5,42.4632925147639));
#4531=CARTESIAN_POINT('',(-11.5253393274586,66.609375,40.104902011937));
#4532=CARTESIAN_POINT('',(-13.5292667289145,68.7187500000001,38.2555735356657));
#4533=CARTESIAN_POINT('',(-15.9897406389135,70.828125,37.0800698216497));
#4534=CARTESIAN_POINT('',(-18.6875493718473,72.9375,36.6831203488483));
#4535=CARTESIAN_POINT('',(-21.382336304794,75.046875,37.1000906469187));
#4536=CARTESIAN_POINT('',(-23.8340140368962,77.15625,38.2938314652562));
#4537=CARTESIAN_POINT('',(-25.8241545628671,79.2656250000001,40.1579885214992));
#4538=CARTESIAN_POINT('',(-27.1754497399444,81.375,42.5264779531537));
#4539=CARTESIAN_POINT('',(-27.7675082515133,83.484375,45.1882832732947));
#4540=CARTESIAN_POINT('',(-27.5475816641225,85.59375,47.9062555210578));
#4541=CARTESIAN_POINT('',(-26.5352639583202,87.703125,50.4382416398925));
#4542=CARTESIAN_POINT('',(-24.8207458367019,89.8125,52.5586586871013));
#4543=CARTESIAN_POINT('',(-22.5567793385877,91.921875,54.078591757624));
#4544=CARTESIAN_POINT('',(-19.9450686601473,94.03125,54.862625032155));
#4545=CARTESIAN_POINT('',(-17.2182996664151,96.1406250000001,54.8409064163545));
#4546=CARTESIAN_POINT('',(-14.6194091448739,98.2500000000001,54.0153708928923));
#4547=CARTESIAN_POINT('',(-12.379940770759,100.359375,52.4595681275076));
#4548=CARTESIAN_POINT('',(-10.6994161220705,102.46875,50.3121096881763));
#4549=CARTESIAN_POINT('',(-9.72755864820733,104.578125,47.7643196862875));
#4550=CARTESIAN_POINT('',(-9.55095431705836,106.6875,45.0431890840308));
#4551=CARTESIAN_POINT('',(-10.1853373874431,108.796875,42.391152327047));
#4552=CARTESIAN_POINT('',(-11.5741885919279,110.90625,40.0444880593973));
#4553=CARTESIAN_POINT('',(-13.5937706254548,113.015625,38.2122683056382));
#4554=CARTESIAN_POINT('',(-16.0641523005951,115.125,37.0577314806677));
#4555=CARTESIAN_POINT('',(-18.7652392323472,117.234375,36.6837392360772));
#4556=CARTESIAN_POINT('',(-21.4563826730491,119.34375,37.1236110894372));
#4557=CARTESIAN_POINT('',(-23.8978200536782,121.453125,38.3381599435159));
#4558=CARTESIAN_POINT('',(-25.8720348900189,123.5625,40.2191682252169));
#4559=CARTESIAN_POINT('',(-27.2031409916586,125.671875,42.5990859516368));
#4560=CARTESIAN_POINT('',(-27.6776353789948,127.4296875,44.821303528798));
#4561=CARTESIAN_POINT('',(-27.6513345727831,128.8359375,46.623858893898));
#4562=CARTESIAN_POINT('',(-27.4304951082491,129.890625,47.9576788624696));
#4563=CARTESIAN_POINT('',(-27.0825382440809,130.76953125,49.02928348249));
#4564=CARTESIAN_POINT('',(-26.7570843384857,131.384765625,49.745849907193));
#4565=CARTESIAN_POINT('',(-26.5485374119849,131.736328125,50.1440271630859));
#4566=CARTESIAN_POINT('',(-26.4368815162218,131.912109375,50.3390712708972));
#4567=CARTESIAN_POINT('',(-26.3792476213901,132.,50.4355140801608));
#4568=CARTESIAN_POINT('',(-14.5445791998909,146.001120563752,54.1701498248601));
#4569=CARTESIAN_POINT('',(-19.2065448158566,145.997641977786,55.1113887579851));
#4570=CARTESIAN_POINT('',(-21.6625695869325,146.001100294289,54.6254566234481));
#4571=CARTESIAN_POINT('',(-25.6164662526734,145.997653438253,51.9961201456825));
#4572=CARTESIAN_POINT('',(-27.0126869759958,146.00108868126,49.89415841864));
#4573=CARTESIAN_POINT('',(-27.9399361697026,145.99766926932,45.2932400488013));
#4574=CARTESIAN_POINT('',(-27.4493826333677,146.001109153258,42.7977656634241));
#4575=CARTESIAN_POINT('',(-24.8526926672742,145.997658646015,38.8839308847825));
#4576=CARTESIAN_POINT('',(-22.7659474446506,146.001132753004,37.4691329911102));
#4577=CARTESIAN_POINT('',(-18.1062304966946,145.997636353381,36.5259485057411));
#4578=CARTESIAN_POINT('',(-15.6296764439251,146.001098253741,37.0236666182529));
#4579=CARTESIAN_POINT('',(-11.7149521441599,145.997663469022,39.6235316575122));
#4580=CARTESIAN_POINT('',(-10.3011231833019,146.00111695236,41.7153458431085));
#4581=CARTESIAN_POINT('',(-9.36214036413529,145.997646013026,46.3653692523601));
#4582=CARTESIAN_POINT('',(-9.85889365747293,146.001110929739,48.8405702009892));
#4583=CARTESIAN_POINT('',(-12.4521154582678,145.997658790107,52.7504028871767));
#4584=CARTESIAN_POINT('',(-14.5445791998909,146.001120563752,54.1701498248601));
#4585=CARTESIAN_POINT('',(-19.2065448158566,145.997641977786,55.1113887579851));
#4586=CARTESIAN_POINT('',(-16.8755620078738,145.999381270769,54.6407692914226));
#4587=CARTESIAN_POINT('',(-9.65401324724855,-146.0167732581,48.1961031284186));
#4588=CARTESIAN_POINT('',(-9.65440125955636,-145.98532542999,43.4413201068582));
#4589=CARTESIAN_POINT('',(-10.6340016841929,-146.016545970857,41.109156388186));
#4590=CARTESIAN_POINT('',(-13.9531418841057,-145.985487343269,37.7941750761201));
#4591=CARTESIAN_POINT('',(-16.2833006804201,-146.016725235106,36.8191955757598));
#4592=CARTESIAN_POINT('',(-21.0231819885983,-145.985378621899,36.8193778983954));
#4593=CARTESIAN_POINT('',(-23.3537822000033,-146.016599663441,37.7921733124436));
#4594=CARTESIAN_POINT('',(-26.6779255271941,-145.985523947788,41.1154761755608));
#4595=CARTESIAN_POINT('',(-27.6541307310782,-146.016762112773,43.4447048956263));
#4596=CARTESIAN_POINT('',(-27.6519814134403,-145.985292171978,48.1994295299442));
#4597=CARTESIAN_POINT('',(-26.6774890328611,-146.016580981969,50.5229679385891));
#4598=CARTESIAN_POINT('',(-23.3540532500208,-145.98549122921,53.8443935206505));
#4599=CARTESIAN_POINT('',(-21.0037341423661,-146.016581267087,54.8174543973657));
#4600=CARTESIAN_POINT('',(-16.3102715104286,-145.985561991972,54.8188178479884));
#4601=CARTESIAN_POINT('',(-13.9728190859144,-146.016759357101,53.8630935970301));
#4602=CARTESIAN_POINT('',(-10.6156827896952,-145.985417328881,50.5097805925479));
#4603=CARTESIAN_POINT('',(-9.65401324724855,-146.0167732581,48.1961031284186));
#4604=CARTESIAN_POINT('',(-9.65440125955636,-145.98532542999,43.4413201068582));
#4605=CARTESIAN_POINT('',(-9.65420725340245,-146.001049344045,45.8187116176384));
#4606=CARTESIAN_POINT('',(-10.9886129548274,147.,40.6689641172841));
#4607=CARTESIAN_POINT('',(-10.4167673947878,146.21875,41.5192770701663));
#4608=CARTESIAN_POINT('',(-9.56038561020592,144.65625,43.4124960235867));
#4609=CARTESIAN_POINT('',(-9.2730199051132,142.3125,46.5160488818449));
#4610=CARTESIAN_POINT('',(-10.0159583064744,139.96875,49.5431622760917));
#4611=CARTESIAN_POINT('',(-11.7072133255468,137.625,52.1613023026765));
#4612=CARTESIAN_POINT('',(-14.1611985187066,135.28125,54.0830441751428));
#4613=CARTESIAN_POINT('',(-17.1084401424145,132.9375,55.097371839493));
#4614=CARTESIAN_POINT('',(-20.2253432921541,130.59375,55.0929166869832));
#4615=CARTESIAN_POINT('',(-23.1696743764608,128.25,54.0701670558045));
#4616=CARTESIAN_POINT('',(-25.6181506724811,125.90625,52.1414195989206));
#4617=CARTESIAN_POINT('',(-27.301932871029,123.5625,49.5184479378165));
#4618=CARTESIAN_POINT('',(-28.0361441630597,121.21875,46.4892505831831));
#4619=CARTESIAN_POINT('',(-27.7401691996228,118.875,43.3864290190493));
#4620=CARTESIAN_POINT('',(-26.4465056065728,116.53125,40.5506685665953));
#4621=CARTESIAN_POINT('',(-24.2971957745699,114.1875,38.2933316217415));
#4622=CARTESIAN_POINT('',(-21.5282308147638,111.84375,36.8622705162568));
#4623=CARTESIAN_POINT('',(-18.4436390748422,109.5,36.4146136897118));
#4624=CARTESIAN_POINT('',(-15.3821042665197,107.15625,36.9995132142067));
#4625=CARTESIAN_POINT('',(-12.6797784837502,104.8125,38.5527479679093));
#4626=CARTESIAN_POINT('',(-10.633373189023,102.46875,40.9037750213565));
#4627=CARTESIAN_POINT('',(-9.46758072391703,100.125,43.7944550044453));
#4628=CARTESIAN_POINT('',(-9.31040341497825,97.7812500000001,46.9073954359159));
#4629=CARTESIAN_POINT('',(-10.1790991033975,95.4374999999999,49.9007999587377));
#4630=CARTESIAN_POINT('',(-11.9782862590087,93.09375,52.445997085762));
#4631=CARTESIAN_POINT('',(-14.5104167343476,90.75,54.2635278536413));
#4632=CARTESIAN_POINT('',(-17.4974662655235,88.40625,55.1538300128156));
#4633=CARTESIAN_POINT('',(-20.6114611342786,86.0625000000001,55.01914967388));
#4634=CARTESIAN_POINT('',(-23.5104892078939,83.7187499999999,53.874274543257));
#4635=CARTESIAN_POINT('',(-25.8762413968436,81.375,51.8449102544196));
#4636=CARTESIAN_POINT('',(-27.4489615324441,79.03125,49.1538780711477));
#4637=CARTESIAN_POINT('',(-28.0559672184819,76.6875,46.0966494350384));
#4638=CARTESIAN_POINT('',(-27.6306101085618,74.3437499999999,43.008903628569));
#4639=CARTESIAN_POINT('',(-26.2195937981455,72.0000000000001,40.2296706753844));
#4640=CARTESIAN_POINT('',(-23.9778458373186,69.65625,38.0641063340505));
#4641=CARTESIAN_POINT('',(-21.1515069098678,67.3125,36.7499864371207));
#4642=CARTESIAN_POINT('',(-18.0509049422035,64.96875,36.4315994486246));
#4643=CARTESIAN_POINT('',(-15.0164815458748,62.625,37.1439037994054));
#4644=CARTESIAN_POINT('',(-12.3814120210149,60.2812499999999,38.8086895019762));
#4645=CARTESIAN_POINT('',(-10.4350231902684,57.9375,41.2431654940274));
#4646=CARTESIAN_POINT('',(-9.39102573212657,55.59375,44.1800298326924));
#4647=CARTESIAN_POINT('',(-9.36404905752652,53.25,47.2968190612665));
#4648=CARTESIAN_POINT('',(-10.3570551663221,50.90625,50.2513142303645));
#4649=CARTESIAN_POINT('',(-12.2610134239842,48.5625,52.7191160436004));
#4650=CARTESIAN_POINT('',(-14.8668719675769,46.21875,54.4292634311412));
#4651=CARTESIAN_POINT('',(-17.8885112979508,43.8749999999999,55.1939846832761));
#4652=CARTESIAN_POINT('',(-20.9941597869241,41.53125,54.9293145125617));
#4653=CARTESIAN_POINT('',(-23.8428217222066,39.1874999999999,53.664313320941));
#4654=CARTESIAN_POINT('',(-26.121718143415,36.84375,51.5378764096428));
#4655=CARTESIAN_POINT('',(-27.5806295195416,34.5,48.7834834759934));
#4656=CARTESIAN_POINT('',(-28.0593694915579,32.15625,45.7035628803414));
#4657=CARTESIAN_POINT('',(-27.5053731029532,29.8124999999999,42.636285449501));
#4658=CARTESIAN_POINT('',(-25.9794683559339,27.46875,39.9184338090775));
#4659=CARTESIAN_POINT('',(-23.6491973847578,25.125,37.8484241382735));
#4660=CARTESIAN_POINT('',(-20.7704205717143,22.78125,36.653540505022));
#4661=CARTESIAN_POINT('',(-17.6592234472091,20.4375,36.4649794040555));
#4662=CARTESIAN_POINT('',(-14.6572109556881,18.09375,37.3034445715382));
#4663=CARTESIAN_POINT('',(-12.0939997268142,15.75,39.0768737447797));
#4664=CARTESIAN_POINT('',(-10.2510266462633,13.40625,41.5905469655251));
#4665=CARTESIAN_POINT('',(-9.33064749272866,11.0625,44.5684665497428));
#4666=CARTESIAN_POINT('',(-9.43391856609473,8.71874999999996,47.6836612341462));
#4667=CARTESIAN_POINT('',(-10.5495008518702,6.37499999999999,50.5940871479932));
#4668=CARTESIAN_POINT('',(-12.554905028579,4.03124999999999,52.9801837353858));
#4669=CARTESIAN_POINT('',(-15.2299406180995,1.68749999999997,54.5799610421162));
#4670=CARTESIAN_POINT('',(-18.2808925816907,-0.656250000000018,55.2177658337143));
#4671=CARTESIAN_POINT('',(-21.3727708064411,-3.00000000000003,54.8235680665402));
#4672=CARTESIAN_POINT('',(-24.1660915351542,-5.34375,53.440650085289));
#4673=CARTESIAN_POINT('',(-26.3541521918877,-7.68750000000003,51.2208542841428));
#4674=CARTESIAN_POINT('',(-27.6967068811935,-10.03125,48.4079110315069));
#4675=CARTESIAN_POINT('',(-28.0463450399661,-12.375,45.31067742807));
#4676=CARTESIAN_POINT('',(-27.364676904065,-14.71875,42.2692252438616));
#4677=CARTESIAN_POINT('',(-25.7265486488936,-17.0625,39.6175015297583));
#4678=CARTESIAN_POINT('',(-23.3118243875926,-19.40625,37.6466617142957));
#4679=CARTESIAN_POINT('',(-20.3856373515596,-21.75,36.5731011587228));
#4680=CARTESIAN_POINT('',(-17.2692786451132,-24.09375,36.5146952593168));
#4681=CARTESIAN_POINT('',(-14.3049199469323,-26.4375,37.4778568993578));
#4682=CARTESIAN_POINT('',(-11.8180435546296,-28.78125,39.3568323238212));
#4683=CARTESIAN_POINT('',(-10.0817048992316,-31.1250000000001,41.9453127487227));
#4684=CARTESIAN_POINT('',(-9.28655145377852,-33.46875,44.9590867672107));
#4685=CARTESIAN_POINT('',(-9.51988991652539,-35.8125,48.0672463509727));
#4686=CARTESIAN_POINT('',(-10.7561000617473,-38.15625,50.9285200731423));
#4687=CARTESIAN_POINT('',(-12.8594478034696,-40.5000000000001,53.2287442173774));
#4688=CARTESIAN_POINT('',(-15.5989886017896,-42.84375,54.7153574995281));
#4689=CARTESIAN_POINT('',(-18.6739248393383,-45.1875,55.2251319313512));
#4690=CARTESIAN_POINT('',(-21.7466329646104,-47.5312500000001,54.7020950175355));
#4691=CARTESIAN_POINT('',(-24.4797340696079,-49.875,53.2036754547327));
#4692=CARTESIAN_POINT('',(-26.5731376059735,-52.21875,50.8943975437266));
#4693=CARTESIAN_POINT('',(-27.7969908931707,-54.5625,48.0278166591632));
#4694=CARTESIAN_POINT('',(-28.0169166103633,-56.90625,44.9186792361392));
#4695=CARTESIAN_POINT('',(-27.2087672318895,-59.2500000000001,41.9083640668588));
#4696=CARTESIAN_POINT('',(-25.4612763906529,-61.59375,39.3273994029929));
#4697=CARTESIAN_POINT('',(-22.9663160535701,-63.9375,37.4591714317028));
#4698=CARTESIAN_POINT('',(-19.997829257111,-66.28125,36.5088088821579));
#4699=CARTESIAN_POINT('',(-16.88175155811,-68.625,36.5806601877586));
#4700=CARTESIAN_POINT('',(-13.960223781034,-70.96875,37.6668361790707));
#4701=CARTESIAN_POINT('',(-11.5540254503074,-73.3125000000001,39.6480763032193));
#4702=CARTESIAN_POINT('',(-9.92735366248178,-75.6562499999999,42.3068432601037));
#4703=CARTESIAN_POINT('',(-9.25881462715326,-78.0000000000001,45.3512082833183));
#4704=CARTESIAN_POINT('',(-9.62181296347134,-80.34375,48.4469044964758));
#4705=CARTESIAN_POINT('',(-10.9764919791247,-82.6875,51.2540289327768));
#4706=CARTESIAN_POINT('',(-13.1741098775099,-85.03125,53.4643633891489));
#4707=CARTESIAN_POINT('',(-15.9733713918694,-87.375,54.83521633916));
#4708=CARTESIAN_POINT('',(-19.0669216565881,-89.71875,55.2160701116074));
#4709=CARTESIAN_POINT('',(-22.1150933269005,-92.0625,54.5651075131175));
#4710=CARTESIAN_POINT('',(-24.783201562075,-94.40625,52.953803295496));
#4711=CARTESIAN_POINT('',(-26.778291936859,-96.7500000000001,50.5590763313577));
#4712=CARTESIAN_POINT('',(-27.8813064136649,-99.09375,47.6438641777937));
#4713=CARTESIAN_POINT('',(-27.9711355982641,-101.4375,44.5282529129019));
#4714=CARTESIAN_POINT('',(-27.0379163761107,-103.78125,41.5543321473578));
#4715=CARTESIAN_POINT('',(-25.1841148680525,-106.125,39.0486340799427));
#4716=CARTESIAN_POINT('',(-22.6132757984614,-108.46875,37.2862807343865));
#4717=CARTESIAN_POINT('',(-19.6076735788919,-110.8125,36.4607759590837));
#4718=CARTESIAN_POINT('',(-16.4973189859541,-113.15625,36.6627589844085));
#4719=CARTESIAN_POINT('',(-13.6237244553474,-115.5,37.8700523663141));
#4720=CARTESIAN_POINT('',(-11.3024065103586,-117.84375,39.9500970376177));
#4721=CARTESIAN_POINT('',(-9.78824250396035,-120.1875,42.6745071018321));
#4722=CARTESIAN_POINT('',(-9.24748545403626,-122.53125,45.7441462743578));
#4723=CARTESIAN_POINT('',(-9.73950970268401,-124.875,48.8219726135827));
#4724=CARTESIAN_POINT('',(-11.2102916985467,-127.21875,51.5700452397129));
#4725=CARTESIAN_POINT('',(-13.4983417075308,-129.5625,53.6866297504347));
#4726=CARTESIAN_POINT('',(-16.3524351411626,-131.90625,54.9393282374197));
#4727=CARTESIAN_POINT('',(-19.4591966936533,-134.25,55.1905961825461));
#4728=CARTESIAN_POINT('',(-22.4775083456834,-136.59375,54.4128448634647));
#4729=CARTESIAN_POINT('',(-25.0759641951447,-138.9375,52.691469747758));
#4730=CARTESIAN_POINT('',(-26.969256235043,-141.28125,50.2154772083064));
#4731=CARTESIAN_POINT('',(-27.9495086377368,-143.625,47.2567206477765));
#4732=CARTESIAN_POINT('',(-27.9090728200905,-145.96875,44.1400933705483));
#4733=CARTESIAN_POINT('',(-26.8524568247495,-148.3125,41.2076990875269));
#4734=CARTESIAN_POINT('',(-24.8954208534691,-150.65625,38.7818741622225));
#4735=CARTESIAN_POINT('',(-23.1343370860115,-152.21875,37.6790335671016));
#4736=CARTESIAN_POINT('',(-22.1874482472389,-153.,37.2873247734007));
#4737=CARTESIAN_POINT('',(-9.60135474701804,147.,43.9942411440982));
#4738=CARTESIAN_POINT('',(-9.39843901773353,146.21875,44.998663699194));
#4739=CARTESIAN_POINT('',(-9.33174894225629,144.65625,47.0754930615603));
#4740=CARTESIAN_POINT('',(-10.2539359093003,142.3125,50.0527721197408));
#4741=CARTESIAN_POINT('',(-12.0987476361032,139.96875,52.5651500098075));
#4742=CARTESIAN_POINT('',(-14.6631823442671,137.625,54.3367807179145));
#4743=CARTESIAN_POINT('',(-17.6657878131883,135.28125,55.1731392239644));
#4744=CARTESIAN_POINT('',(-20.7768504188338,132.9375,54.9823952517478));
#4745=CARTESIAN_POINT('',(-23.654788530644,130.59375,53.7854920318378));
#4746=CARTESIAN_POINT('',(-25.9836064170621,128.25,51.7138478553467));
#4747=CARTESIAN_POINT('',(-27.5076038558285,125.90625,48.9949262435228));
#4748=CARTESIAN_POINT('',(-28.0594479680062,123.5625,45.9272608603761));
#4749=CARTESIAN_POINT('',(-27.5785471122696,121.21875,42.8476769271774));
#4750=CARTESIAN_POINT('',(-26.1177034952354,118.875,40.0943083059417));
#4751=CARTESIAN_POINT('',(-23.8373156363512,116.53125,37.9694708889287));
#4752=CARTESIAN_POINT('',(-20.9877668234772,114.1875,36.7064687513236));
#4753=CARTESIAN_POINT('',(-17.8819333951004,111.84375,36.4439777011106));
#4754=CARTESIAN_POINT('',(-14.8608313695296,109.5,37.2108188759549));
#4755=CARTESIAN_POINT('',(-12.2561733796719,107.15625,38.9227942239654));
#4756=CARTESIAN_POINT('',(-10.3539471056093,104.8125,41.3919313280153));
#4757=CARTESIAN_POINT('',(-9.36301424098444,102.46875,44.3471225052718));
#4758=CARTESIAN_POINT('',(-9.39217778111471,100.125,47.4638920386598));
#4759=CARTESIAN_POINT('',(-10.4382356114741,97.78125,50.4000231412967));
#4760=CARTESIAN_POINT('',(-12.3863320952361,95.4375,52.8331328647337));
#4761=CARTESIAN_POINT('',(-15.0225690560779,93.09375,54.4960692804214));
#4762=CARTESIAN_POINT('',(-18.0574914885729,90.75,55.2062443750757));
#4763=CARTESIAN_POINT('',(-21.1578692991385,88.40625,54.8856819504525));
#4764=CARTESIAN_POINT('',(-23.9832854883506,86.0624999999999,53.5695792971357));
#4765=CARTESIAN_POINT('',(-26.2235134451231,83.7187500000001,51.4024425829381));
#4766=CARTESIAN_POINT('',(-27.6325793799162,81.375,48.6222202846794));
#4767=CARTESIAN_POINT('',(-28.0557698910664,79.0312499999999,45.5341767895841));
#4768=CARTESIAN_POINT('',(-27.4466192725236,76.6875,42.4773748070772));
#4769=CARTESIAN_POINT('',(-25.8720113811696,74.34375,39.7874467736877));
#4770=CARTESIAN_POINT('',(-23.5048358860694,71.9999999999999,37.7597428969527));
#4771=CARTESIAN_POINT('',(-20.6050052328636,69.65625,36.6169021298047));
#4772=CARTESIAN_POINT('',(-17.4909166331555,67.3125,36.4844067355494));
#4773=CARTESIAN_POINT('',(-14.5044925111881,64.96875,37.3768045168437));
#4774=CARTESIAN_POINT('',(-11.9736379161921,62.625,39.1961114880048));
#4775=CARTESIAN_POINT('',(-10.1762370222418,60.28125,41.7425703749215));
#4776=CARTESIAN_POINT('',(-9.30964184785518,57.9375,44.7365836748347));
#4777=CARTESIAN_POINT('',(-9.46900328979505,55.59375,47.8494130577518));
#4778=CARTESIAN_POINT('',(-10.6368236922262,53.25,50.7392743596128));
#4779=CARTESIAN_POINT('',(-12.6848780640175,50.90625,53.0888649891726));
#4780=CARTESIAN_POINT('',(-15.3882929973133,48.5625,54.6402032935934));
#4781=CARTESIAN_POINT('',(-18.4502374424726,46.21875,55.2229545708001));
#4782=CARTESIAN_POINT('',(-21.5345143280057,43.875,54.7731335734072));
#4783=CARTESIAN_POINT('',(-24.302474512769,41.53125,53.340129996338));
#4784=CARTESIAN_POINT('',(-26.4501999718652,39.1875,51.0812855597556));
#4785=CARTESIAN_POINT('',(-27.7418735562094,36.84375,48.2446181157581));
#4786=CARTESIAN_POINT('',(-28.0356713744296,34.5,45.141589646933));
#4787=CARTESIAN_POINT('',(-27.2993348510144,32.15625,42.1129081911487));
#4788=CARTESIAN_POINT('',(-25.6137126712474,29.8125,39.4911185917705));
#4789=CARTESIAN_POINT('',(-23.1638837124982,27.46875,37.5640895548326));
#4790=CARTESIAN_POINT('',(-20.2188356511712,25.125,36.5434060814668));
#4791=CARTESIAN_POINT('',(-17.1019305048826,22.78125,36.5411377408014));
#4792=CARTESIAN_POINT('',(-14.1553999506159,20.4375,37.5575335933607));
#4793=CARTESIAN_POINT('',(-11.7027687815673,18.09375,39.4809948445798));
#4794=CARTESIAN_POINT('',(-10.01333235278,15.75,42.1003282310382));
#4795=CARTESIAN_POINT('',(-9.27258834064879,13.40625,45.1279347353283));
#4796=CARTESIAN_POINT('',(-9.56186936634378,11.0625,48.2313875422036));
#4797=CARTESIAN_POINT('',(-10.8494127916401,8.71875000000002,51.069932022092));
#4798=CARTESIAN_POINT('',(-12.9938482106555,6.37499999999999,53.3319000965795));
#4799=CARTESIAN_POINT('',(-15.7597197159474,4.03125,54.7689309426443));
#4800=CARTESIAN_POINT('',(-18.843338616604,1.6875,55.2232406518122));
#4801=CARTESIAN_POINT('',(-21.9061280172687,-0.656249999999996,54.6449466750991));
#4802=CARTESIAN_POINT('',(-24.6117980715601,-3.,53.097544854743));
#4803=CARTESIAN_POINT('',(-26.6632701208131,-5.34375000000001,50.7509376725626));
#4804=CARTESIAN_POINT('',(-27.8352955011302,-7.6875,47.8627792031875));
#4805=CARTESIAN_POINT('',(-27.9991875208898,-10.03125,44.75018506932));
#4806=CARTESIAN_POINT('',(-27.136951073365,-12.375,41.7549136050136));
#4807=CARTESIAN_POINT('',(-25.3432584734137,-14.71875,39.2058412848922));
#4808=CARTESIAN_POINT('',(-22.8150545742355,-17.0625,37.3828525629006));
#4809=CARTESIAN_POINT('',(-19.8299325073381,-19.40625,36.4861089640663));
#4810=CARTESIAN_POINT('',(-16.7156543581889,-21.75,36.6140716385523));
#4811=CARTESIAN_POINT('',(-13.8141633632846,-24.09375,37.752690469777));
#4812=CARTESIAN_POINT('',(-11.4440390373468,-26.4375,39.7769467568921));
#4813=CARTESIAN_POINT('',(-9.86551760337616,-28.78125,42.4645800873195));
#4814=CARTESIAN_POINT('',(-9.25191843175696,-31.125,45.5204922085881));
#4815=CARTESIAN_POINT('',(-9.6706138240647,-33.46875,48.6091483896463));
#4816=CARTESIAN_POINT('',(-11.0756316317967,-35.8125,51.3914186490361));
#4817=CARTESIAN_POINT('',(-13.3127029317859,-38.15625,53.5618137363629));
#4818=CARTESIAN_POINT('',(-16.1362005308419,-40.5,54.8820274101503));
#4819=CARTESIAN_POINT('',(-19.2361084763023,-42.84375,55.2071021184836));
#4820=CARTESIAN_POINT('',(-22.2720613592529,-45.1875,54.5013451285537));
#4821=CARTESIAN_POINT('',(-24.9107159441402,-47.53125,52.8422475370961));
#4822=CARTESIAN_POINT('',(-26.8623517739152,-49.8750000000001,50.4119758600468));
#4823=CARTESIAN_POINT('',(-27.9126820571813,-52.21875,47.4773704125663));
#4824=CARTESIAN_POINT('',(-27.9463820479625,-54.5625,44.3606466283741));
#4825=CARTESIAN_POINT('',(-26.9597515360122,-56.9062500000001,41.4040162711566));
#4826=CARTESIAN_POINT('',(-25.0611211245475,-59.25,38.9321130778685));
#4827=CARTESIAN_POINT('',(-22.4589576866969,-61.59375,37.2163484439388));
#4828=CARTESIAN_POINT('',(-19.4389750043449,-63.9375000000001,36.4451108446085));
#4829=CARTESIAN_POINT('',(-16.3327628081152,-66.28125,36.703081052818));
#4830=CARTESIAN_POINT('',(-13.4813787045405,-68.6250000000001,37.9619343128168));
#4831=CARTESIAN_POINT('',(-11.1979005441447,-70.96875,40.0834503573766));
#4832=CARTESIAN_POINT('',(-9.7330509262721,-73.3125,42.8346897932212));
#4833=CARTESIAN_POINT('',(-9.247668220306,-75.6562500000001,45.9135705095006));
#4834=CARTESIAN_POINT('',(-9.79504674533706,-78.0000000000001,48.9820358566513));
#4835=CARTESIAN_POINT('',(-11.3150851310077,-80.34375,51.7031727775751));
#4836=CARTESIAN_POINT('',(-13.640885361052,-82.6875000000001,53.7782043740229));
#4837=CARTESIAN_POINT('',(-16.5170779340898,-85.03125,54.9792951778885));
#4838=CARTESIAN_POINT('',(-19.6278610655312,-87.3750000000001,55.1745671560838));
#4839=CARTESIAN_POINT('',(-22.631675266769,-89.71875,54.3425797278312));
#4840=CARTESIAN_POINT('',(-25.19870608302,-92.0625,52.5746839094228));
#4841=CARTESIAN_POINT('',(-27.0470972434388,-94.4062500000001,50.0649921047551));
#4842=CARTESIAN_POINT('',(-27.9738980719983,-96.75,47.0890648441339));
#4843=CARTESIAN_POINT('',(-27.8773471781846,-99.0937500000001,43.9736546365955));
#4844=CARTESIAN_POINT('',(-26.7680457104939,-101.4375,41.0608290170113));
#4845=CARTESIAN_POINT('',(-24.7677933656601,-103.78125,38.6704120254977));
#4846=CARTESIAN_POINT('',(-22.0962149581175,-106.125,37.0648679903871));
#4847=CARTESIAN_POINT('',(-19.0466459330243,-108.46875,36.4204833245843));
#4848=CARTESIAN_POINT('',(-15.9539245586471,-110.8125,36.8080105324007));
#4849=CARTESIAN_POINT('',(-13.1576271687901,-113.15625,38.184899686911));
#4850=CARTESIAN_POINT('',(-10.9647831724855,-115.5,40.399970350388));
#4851=CARTESIAN_POINT('',(-9.61616366894639,-117.84375,43.2100109677135));
#4852=CARTESIAN_POINT('',(-9.25984512911318,-120.1875,46.3064831433412));
#4853=CARTESIAN_POINT('',(-9.93495081329161,-122.53125,49.3493987109731));
#4854=CARTESIAN_POINT('',(-11.5673550938348,-124.875,52.0046499421278));
#4855=CARTESIAN_POINT('',(-13.9778223415545,-127.21875,53.9806940928265));
#4856=CARTESIAN_POINT('',(-16.9016867396709,-129.5625,55.0605643702517));
#4857=CARTESIAN_POINT('',(-20.0179122035962,-131.90625,55.1256925913121));
#4858=CARTESIAN_POINT('',(-22.9843416940197,-134.25,54.1689277285435));
#4859=CARTESIAN_POINT('',(-25.4752655077581,-136.59375,52.2953213405142));
#4860=CARTESIAN_POINT('',(-27.2171839455431,-138.9375,49.7105921000175));
#4861=CARTESIAN_POINT('',(-28.018836386764,-141.28125,46.6985417738698));
#4862=CARTESIAN_POINT('',(-27.7922044021915,-143.625,43.5898807918657));
#4863=CARTESIAN_POINT('',(-26.5621649540354,-145.96875,40.7259667574556));
#4864=CARTESIAN_POINT('',(-24.4638003529413,-148.3125,38.4211371339079));
#4865=CARTESIAN_POINT('',(-21.7274118659548,-150.65625,36.928892378715));
#4866=CARTESIAN_POINT('',(-19.6783437938704,-152.21875,36.5839381060734));
#4867=CARTESIAN_POINT('',(-18.653632110504,-153.,36.5844050397581));
#4868=CARTESIAN_POINT('',(-9.59222370870076,147.,47.5972772616429));
#4869=CARTESIAN_POINT('',(-9.78912989051912,146.21875,48.602895190052));
#4870=CARTESIAN_POINT('',(-10.5222844835911,144.65625,50.547156517449));
#4871=CARTESIAN_POINT('',(-12.5136295166848,142.3125,52.9448980280458));
#4872=CARTESIAN_POINT('',(-15.1794587067838,139.96875,54.5600536549319));
#4873=CARTESIAN_POINT('',(-18.2266611663797,137.625,55.2154603291241));
#4874=CARTESIAN_POINT('',(-21.3207674471053,135.28125,54.8391074678204));
#4875=CARTESIAN_POINT('',(-24.1220199548317,132.9375,53.4723308997086));
#4876=CARTESIAN_POINT('',(-26.3228530397633,130.59375,51.265197277675));
#4877=CARTESIAN_POINT('',(-27.6816163158724,128.25,48.460047602241));
#4878=CARTESIAN_POINT('',(-28.0491201024039,125.90625,45.3648830037915));
#4879=CARTESIAN_POINT('',(-27.3850128646116,123.5625,42.3195481447303));
#4880=CARTESIAN_POINT('',(-25.7622126570165,121.21875,39.658416370298));
#4881=CARTESIAN_POINT('',(-23.3589005844981,118.875,37.6736761051948));
#4882=CARTESIAN_POINT('',(-20.4389568395274,116.53125,36.5832489586638));
#4883=CARTESIAN_POINT('',(-17.3229870213182,114.1875,36.506862254615));
#4884=CARTESIAN_POINT('',(-14.3531201093908,111.84375,37.4529031425812));
#4885=CARTESIAN_POINT('',(-11.8554431952059,109.5,39.3174977013774));
#4886=CARTESIAN_POINT('',(-10.1041975914855,107.15625,41.8959161452639));
#4887=CARTESIAN_POINT('',(-9.29166753263166,104.8125,44.9050518583532));
#4888=CARTESIAN_POINT('',(-9.50706764391951,102.46875,48.0145060915564));
#4889=CARTESIAN_POINT('',(-10.7267473046692,100.125,50.8828652673714));
#4890=CARTESIAN_POINT('',(-12.8167874521925,97.7812500000001,53.1951876968932));
#4891=CARTESIAN_POINT('',(-15.5477047011831,95.4375000000001,54.6975837217463));
#4892=CARTESIAN_POINT('',(-18.6196482875149,93.0937500000001,55.2250924313653));
#4893=CARTESIAN_POINT('',(-21.6953232484588,90.7500000000002,54.7197941323867));
#4894=CARTESIAN_POINT('',(-24.4370249217505,88.4062500000001,53.2371698472093));
#4895=CARTESIAN_POINT('',(-26.5437184290735,86.0625000000002,50.9400095779785));
#4896=CARTESIAN_POINT('',(-27.7840918703017,83.7187500000001,48.0805381997996));
#4897=CARTESIAN_POINT('',(-28.0219540355802,81.3750000000001,44.9727215342516));
#4898=CARTESIAN_POINT('',(-27.2311880031892,79.0312500000002,41.9577933562771));
#4899=CARTESIAN_POINT('',(-25.4986187397747,76.6875000000001,39.3667884192304));
#4900=CARTESIAN_POINT('',(-23.0144798445895,74.3437500000001,37.484195317746));
#4901=CARTESIAN_POINT('',(-20.0515261754352,72.0000000000002,36.5167200515123));
#4902=CARTESIAN_POINT('',(-16.9350857597706,69.65625,36.570590005471));
#4903=CARTESIAN_POINT('',(-14.0073392478274,67.3125000000001,37.6398903365918));
#4904=CARTESIAN_POINT('',(-11.5897489721244,64.9687500000002,39.6072134150805));
#4905=CARTESIAN_POINT('',(-9.94776284829504,62.6250000000001,42.2565500123213));
#4906=CARTESIAN_POINT('',(-9.26166857787889,60.2812500000001,45.297006801758));
#4907=CARTESIAN_POINT('',(-9.60679831944743,57.9375000000001,48.3947460254198));
#4908=CARTESIAN_POINT('',(-10.9452573265489,55.5937500000001,51.2096403969084));
#4909=CARTESIAN_POINT('',(-13.1300847360592,53.2500000000002,53.432618585506));
#4910=CARTESIAN_POINT('',(-15.9213896584004,50.9062500000002,54.819600801269));
#4911=CARTESIAN_POINT('',(-19.0126908502528,48.5625000000001,55.2182984029436));
#4912=CARTESIAN_POINT('',(-22.0645679117987,46.2187500000001,54.5849349705148));
#4913=CARTESIAN_POINT('',(-24.7419291557082,43.8750000000001,52.9890528928096));
#4914=CARTESIAN_POINT('',(-26.7508041897528,41.5312500000002,50.6058777137848));
#4915=CARTESIAN_POINT('',(-27.8706214406952,39.1875000000001,47.6970786212345));
#4916=CARTESIAN_POINT('',(-27.978426594009,36.8437500000001,44.582037548432));
#4917=CARTESIAN_POINT('',(-27.0623827997825,34.5000000000001,41.6027814997868));
#4918=CARTESIAN_POINT('',(-25.2230703417187,32.1562500000001,39.0864284804474));
#4919=CARTESIAN_POINT('',(-22.6624430674557,29.8125000000001,37.3092704124549));
#4920=CARTESIAN_POINT('',(-19.6616541481913,27.4687500000001,36.4664366813147));
#4921=CARTESIAN_POINT('',(-16.5501858671233,25.1250000000001,36.6504692116882));
#4922=CARTESIAN_POINT('',(-13.6696729412966,22.7812500000001,37.8411614979128));
#4923=CARTESIAN_POINT('',(-11.3363915237894,20.4375000000001,39.9077772490971));
#4924=CARTESIAN_POINT('',(-9.80653253954406,18.0937500000001,42.623405044774));
#4925=CARTESIAN_POINT('',(-9.24807229234689,15.7500000000001,45.6898728806774));
#4926=CARTESIAN_POINT('',(-9.72232890962114,13.4062500000001,48.7704870235554));
#4927=CARTESIAN_POINT('',(-11.1772297007227,11.0625000000001,51.527000496111));
#4928=CARTESIAN_POINT('',(-13.4530286630581,8.71875000000009,53.6567521058913));
#4929=CARTESIAN_POINT('',(-16.2998463621239,6.37500000000013,54.9258982064702));
#4930=CARTESIAN_POINT('',(-19.4051063320058,4.0312500000001,55.195088391611));
#4931=CARTESIAN_POINT('',(-22.4278555192485,1.68750000000011,54.4347659683231));
#4932=CARTESIAN_POINT('',(-25.0362004349906,-0.656249999999912,52.7284132390056));
#4933=CARTESIAN_POINT('',(-26.9437485800172,-2.99999999999987,50.2633852653843));
#4934=CARTESIAN_POINT('',(-27.9410539269517,-5.34374999999989,47.3103385537147));
#4935=CARTESIAN_POINT('',(-27.9186137911356,-7.68749999999989,44.1935133618511));
#4936=CARTESIAN_POINT('',(-26.8788920670256,-10.0312499999999,41.2551325878974));
#4937=CARTESIAN_POINT('',(-24.9360486961462,-12.3749999999999,38.8178261909586));
#4938=CARTESIAN_POINT('',(-22.3034050706234,-14.7187499999999,37.1492068882647));
#4939=CARTESIAN_POINT('',(-19.2700216528628,-17.0624999999999,36.432486665874));
#4940=CARTESIAN_POINT('',(-16.1689595548552,-19.4062499999999,36.7463603675895));
#4941=CARTESIAN_POINT('',(-13.340710909796,-21.7499999999999,38.0563651149287));
#4942=CARTESIAN_POINT('',(-11.0958133283268,-24.0937499999999,40.2186642813354));
#4943=CARTESIAN_POINT('',(-9.68075331802549,-26.4374999999999,42.9958405457402));
#4944=CARTESIAN_POINT('',(-9.25090242137647,-28.7812499999999,46.082963971031));
#4945=CARTESIAN_POINT('',(-9.85345764512469,-31.1249999999999,49.1410728701158));
#4946=CARTESIAN_POINT('',(-11.4222592971977,-33.4687499999999,51.8343913089162));
#4947=CARTESIAN_POINT('',(-13.7850552252056,-35.8124999999999,53.8671968182843));
#4948=CARTESIAN_POINT('',(-16.6824138536407,-38.1562499999999,55.0162902934033));
#4949=CARTESIAN_POINT('',(-19.7962093956435,-40.4999999999999,55.1555029326757));
#4950=CARTESIAN_POINT('',(-22.7845516042836,-42.8437499999999,54.2695493896572));
#4951=CARTESIAN_POINT('',(-25.3193248271883,-45.1874999999999,52.455706081988));
#4952=CARTESIAN_POINT('',(-27.1222146306051,-47.5312499999999,49.913130381431));
#4953=CARTESIAN_POINT('',(-27.995266321697,-49.8749999999998,46.9209934224983));
#4954=CARTESIAN_POINT('',(-27.8426200875041,-52.2187499999999,43.8078275156577));
#4955=CARTESIAN_POINT('',(-26.6810362637642,-54.5624999999999,40.9154537748086));
#4956=CARTESIAN_POINT('',(-24.6380550742873,-56.9062499999999,38.5614506533632));
#4957=CARTESIAN_POINT('',(-21.9379928988499,-59.2499999999999,37.0042842893869));
#4958=CARTESIAN_POINT('',(-18.8773126591277,-61.5937499999999,36.4149292974642));
#4959=CARTESIAN_POINT('',(-15.7920726186834,-63.9374999999999,36.8580960033053));
#4960=CARTESIAN_POINT('',(-13.0210276716755,-66.28125,38.2851253435754));
#4961=CARTESIAN_POINT('',(-10.868434545435,-68.6249999999998,40.5393315606705));
#4962=CARTESIAN_POINT('',(-9.57064485185862,-70.9687499999999,43.3732060722845));
#4963=CARTESIAN_POINT('',(-9.27015402226635,-73.3124999999999,46.4755935557655));
#4964=CARTESIAN_POINT('',(-9.99995551513773,-75.6562499999998,49.5058563525095));
#4965=CARTESIAN_POINT('',(-11.6799181820912,-77.9999999999999,52.1312759902003));
#4966=CARTESIAN_POINT('',(-14.1255845520783,-80.3437499999999,54.0635851898475));
#4967=CARTESIAN_POINT('',(-17.0684239949208,-82.6874999999999,55.0906191960909));
#4968=CARTESIAN_POINT('',(-20.1853169961169,-85.0312499999999,55.0996111604768));
#4969=CARTESIAN_POINT('',(-23.1340332121974,-87.3749999999999,54.089573778321));
#4970=CARTESIAN_POINT('',(-25.5908078674595,-89.7187499999999,52.1714076933351));
#4971=CARTESIAN_POINT('',(-27.2858906580671,-92.0624999999999,49.5557247673454));
#4972=CARTESIAN_POINT('',(-28.033163945264,-94.4062499999999,46.5297232024792));
#4973=CARTESIAN_POINT('',(-27.7505782029213,-96.7499999999999,43.425653593957));
#4974=CARTESIAN_POINT('',(-26.4691609368351,-99.0937499999999,40.5843382952781));
#4975=CARTESIAN_POINT('',(-24.3296099094675,-101.4375,38.3177496167533));
#4976=CARTESIAN_POINT('',(-21.5668447291216,-103.78125,36.8747557170439));
#4977=CARTESIAN_POINT('',(-18.4842130167245,-106.125,36.4137952392905));
#4978=CARTESIAN_POINT('',(-15.4201832757877,-108.46875,36.9854809772481));
#4979=CARTESIAN_POINT('',(-12.7111815402623,-110.8125,38.5270426637364));
#4980=CARTESIAN_POINT('',(-10.6546522825931,-113.15625,40.8692190551893));
#4981=CARTESIAN_POINT('',(-9.47639944084759,-115.5,43.7548425713889));
#4982=CARTESIAN_POINT('',(-9.30579347290572,-117.84375,46.8670759238302));
#4983=CARTESIAN_POINT('',(-10.1615666672917,-120.1875,49.864200391722));
#4984=CARTESIAN_POINT('',(-11.9497563650047,-122.53125,52.4171360433864));
#4985=CARTESIAN_POINT('',(-14.4740219235123,-124.875,54.2455742364399));
#4986=CARTESIAN_POINT('',(-17.4572026355637,-127.21875,55.1487551026481));
#4987=CARTESIAN_POINT('',(-20.571749573096,-129.5625,55.0275106860873));
#4988=CARTESIAN_POINT('',(-23.4756899890863,-131.90625,53.8951534599555));
#4989=CARTESIAN_POINT('',(-25.8501754182758,-134.25,51.8760145665533));
#4990=CARTESIAN_POINT('',(-27.4344908233614,-136.59375,49.1917926978692));
#4991=CARTESIAN_POINT('',(-28.0546805578474,-138.9375,46.1372109288194));
#4992=CARTESIAN_POINT('',(-27.6426490832125,-141.28125,43.0476601738273));
#4993=CARTESIAN_POINT('',(-26.2436353766008,-143.625,40.2623602247772));
#4994=CARTESIAN_POINT('',(-24.0112546535813,-145.96875,38.0871643834787));
#4995=CARTESIAN_POINT('',(-21.1905984355283,-148.3125,36.7607888362574));
#4996=CARTESIAN_POINT('',(-18.0914477745559,-150.65625,36.4293049879217));
#4997=CARTESIAN_POINT('',(-16.0663474369713,-152.21875,36.8947531987507));
#4998=CARTESIAN_POINT('',(-15.119815973769,-153.,37.2873247734003));
#4999=CARTESIAN_POINT('',(-10.9626099576862,147.,50.9295428826257));
#5000=CARTESIAN_POINT('',(-11.5293608693846,146.21875,51.7832599706971));
#5001=CARTESIAN_POINT('',(-12.9507439902734,144.65625,53.2989571008015));
#5002=CARTESIAN_POINT('',(-15.7080828597162,142.3125,54.752126654407));
#5003=CARTESIAN_POINT('',(-18.7890811847203,139.96875,55.2241672153415));
#5004=CARTESIAN_POINT('',(-21.8551424442339,137.625,54.6635701307494));
#5005=CARTESIAN_POINT('',(-24.5696999036669,135.28125,53.1318022135784));
#5006=CARTESIAN_POINT('',(-26.6346770125898,132.9375,50.7970723922057));
#5007=CARTESIAN_POINT('',(-27.8233481840637,130.59375,47.9157244542872));
#5008=CARTESIAN_POINT('',(-28.005197458296,128.25,44.8041278892499));
#5009=CARTESIAN_POINT('',(-27.1602584725232,125.90625,41.8039310565519));
#5010=CARTESIAN_POINT('',(-25.3813041915677,123.5625,39.244551347839));
#5011=CARTESIAN_POINT('',(-22.863661253,121.21875,37.4070049216107));
#5012=CARTESIAN_POINT('',(-19.8837632019601,118.875,36.4930517262867));
#5013=CARTESIAN_POINT('',(-16.7687985367187,116.53125,36.6030424985503));
#5014=CARTESIAN_POINT('',(-13.8607858716599,114.1875,37.724900411302));
#5015=CARTESIAN_POINT('',(-11.4790207916123,111.84375,39.7354470881367));
#5016=CARTESIAN_POINT('',(-9.88501765750024,109.5,42.4139274118997));
#5017=CARTESIAN_POINT('',(-9.25379570800257,107.15625,45.4662481170022));
#5018=CARTESIAN_POINT('',(-9.65466220021469,104.8125,48.5572688046961));
#5019=CARTESIAN_POINT('',(-11.0436025730785,102.46875,51.3475998741136));
#5020=CARTESIAN_POINT('',(-13.2681131825224,100.125,53.5308670095784));
#5021=CARTESIAN_POINT('',(-16.0839459810101,97.78125,54.8673506373453));
#5022=CARTESIAN_POINT('',(-19.181926599897,95.4375,55.2103067880848));
#5023=CARTESIAN_POINT('',(-22.2219012479378,93.09375,54.5220793724737));
#5024=CARTESIAN_POINT('',(-24.87008510559,90.75,52.8782347653412));
#5025=CARTESIAN_POINT('',(-26.8357114154366,88.40625,50.4592647270053));
#5026=CARTESIAN_POINT('',(-27.9029572516048,86.0625,47.5307686690412));
#5027=CARTESIAN_POINT('',(-27.9546405648749,83.71875,44.4142912230362));
#5028=CARTESIAN_POINT('',(-26.9850866022012,81.3749999999999,41.4520171051004));
#5029=CARTESIAN_POINT('',(-25.1007509863884,79.03125,38.9691997289513));
#5030=CARTESIAN_POINT('',(-22.5085310426777,76.6874999999999,37.2384488515119));
#5031=CARTESIAN_POINT('',(-19.493048771678,74.3437500000001,36.4497984158846));
#5032=CARTESIAN_POINT('',(-16.3853997653565,72.0000000000001,36.689841099251));
#5033=CARTESIAN_POINT('',(-13.5267993899152,69.6562500000001,37.9322205621587));
#5034=CARTESIAN_POINT('',(-11.231117832092,67.3124999999999,40.0405253364741));
#5035=CARTESIAN_POINT('',(-9.75041760661876,64.96875,42.7832666072853));
#5036=CARTESIAN_POINT('',(-9.24727745666793,62.625,45.8592953499721));
#5037=CARTESIAN_POINT('',(-9.77694144299647,60.28125,48.9308680575466));
#5038=CARTESIAN_POINT('',(-11.2812532259755,57.9375,51.6607304892303));
#5039=CARTESIAN_POINT('',(-13.5950415475683,55.59375,53.7491476983124));
#5040=CARTESIAN_POINT('',(-16.4642557965698,53.25,54.9668144957798));
#5041=CARTESIAN_POINT('',(-19.5738603982763,50.9062499999999,55.1800328284215));
#5042=CARTESIAN_POINT('',(-22.5824252649411,48.5625,54.3653916316975));
#5043=CARTESIAN_POINT('',(-25.1596143255877,46.21875,52.6123373307668));
#5044=CARTESIAN_POINT('',(-27.0224559488284,43.875,50.1133527523728));
#5045=CARTESIAN_POINT('',(-27.9664128187188,41.53125,47.1428227888621));
#5046=CARTESIAN_POINT('',(-27.8878398362198,39.1874999999999,44.0269073338553));
#5047=CARTESIAN_POINT('',(-26.7953642011674,36.84375,41.1077293976642));
#5048=CARTESIAN_POINT('',(-24.8089381582076,34.5,38.7058104955818));
#5049=CARTESIAN_POINT('',(-22.1466684138263,32.15625,37.084877849085));
#5050=CARTESIAN_POINT('',(-19.1008683354299,29.8124999999999,36.4229075183519));
#5051=CARTESIAN_POINT('',(-16.005962366389,27.46875,36.7925828882686));
#5052=CARTESIAN_POINT('',(-13.2017667058423,25.125,38.1533141378911));
#5053=CARTESIAN_POINT('',(-10.99617798152,22.78125,40.3556949440806));
#5054=CARTESIAN_POINT('',(-9.63136664533916,20.4375,43.1579070796904));
#5055=CARTESIAN_POINT('',(-9.25718700804195,18.09375,46.2522717051608));
#5056=CARTESIAN_POINT('',(-9.91472345261598,15.75,49.2990320600929));
#5057=CARTESIAN_POINT('',(-11.5317794284627,13.40625,51.9636582641422));
#5058=CARTESIAN_POINT('',(-13.9308045282341,11.0625,53.9535782140387));
#5059=CARTESIAN_POINT('',(-16.8483892657621,8.71875000000001,55.0503015773682));
#5060=CARTESIAN_POINT('',(-19.9641870566621,6.37499999999996,55.1334097150634));
#5061=CARTESIAN_POINT('',(-22.9360878099712,4.03125,54.1937774738075));
#5062=CARTESIAN_POINT('',(-25.4377811213321,1.68749999999998,52.3345751146697));
#5063=CARTESIAN_POINT('',(-27.1945846834352,-0.65625000000002,49.7599403676603));
#5064=CARTESIAN_POINT('',(-28.0136040060838,-3.00000000000001,46.7525644042232));
#5065=CARTESIAN_POINT('',(-27.8049119522244,-5.34375000000003,43.642652755481));
#5066=CARTESIAN_POINT('',(-26.5914226075329,-7.68749999999999,40.7716692224995));
#5067=CARTESIAN_POINT('',(-24.5063753469481,-10.03125,38.4548436448059));
#5068=CARTESIAN_POINT('',(-21.7787053440115,-12.375,36.9465601199313));
#5069=CARTESIAN_POINT('',(-18.707906819929,-14.71875,36.4124259974283));
#5070=CARTESIAN_POINT('',(-15.631149011251,-17.0625,36.9110884314126));
#5071=CARTESIAN_POINT('',(-12.8862554753569,-19.40625,38.3877950078639));
#5072=CARTESIAN_POINT('',(-10.7746115524603,-21.75,40.6804054804964));
#5073=CARTESIAN_POINT('',(-9.52807269115737,-24.09375,43.5371945352904));
#5074=CARTESIAN_POINT('',(-9.28350705551015,-26.4375,46.6444908658948));
#5075=CARTESIAN_POINT('',(-10.0677675985894,-28.78125,49.6611178293921));
#5076=CARTESIAN_POINT('',(-11.7947436470662,-31.125,52.2558541482336));
#5077=CARTESIAN_POINT('',(-14.2748157285986,-33.4687500000001,54.1438015274613));
#5078=CARTESIAN_POINT('',(-17.2356755156418,-35.8125,55.1176660754343));
#5079=CARTESIAN_POINT('',(-20.3522248859648,-38.15625,55.0705188733168));
#5080=CARTESIAN_POINT('',(-23.2822712262715,-40.5,54.0075366157108));
#5081=CARTESIAN_POINT('',(-25.7040996862154,-42.84375,52.0454332170763));
#5082=CARTESIAN_POINT('',(-27.3517970036633,-45.1875,49.3996447927298));
#5083=CARTESIAN_POINT('',(-28.0444483962763,-47.53125,46.3606750849772));
#5084=CARTESIAN_POINT('',(-27.7060017429495,-49.875,43.2621985723695));
#5085=CARTESIAN_POINT('',(-26.3736179967121,-52.21875,40.444423494566));
#5086=CARTESIAN_POINT('',(-24.1935909658318,-54.5625000000001,38.216737479671));
#5087=CARTESIAN_POINT('',(-21.4052844652557,-56.90625,36.8237372301461));
#5088=CARTESIAN_POINT('',(-18.3148505159313,-59.25,36.418372158649));
#5089=CARTESIAN_POINT('',(-15.2616142956997,-61.59375,37.0451507637371));
#5090=CARTESIAN_POINT('',(-12.5808167255501,-63.9375000000001,38.6352536611018));
#5091=CARTESIAN_POINT('',(-10.5668055013609,-66.2812499999999,41.0140898524291));
#5092=CARTESIAN_POINT('',(-9.44071614261956,-68.625,43.9204665644983));
#5093=CARTESIAN_POINT('',(-9.32619163221657,-70.96875,47.0352678379098));
#5094=CARTESIAN_POINT('',(-10.2358065957539,-73.3125,50.0164929978796));
#5095=CARTESIAN_POINT('',(-12.0696866258402,-75.6562500000001,52.5368078336846));
#5096=CARTESIAN_POINT('',(-14.6264743475718,-78.0000000000001,54.3194854215654));
#5097=CARTESIAN_POINT('',(-17.6254381670657,-80.34375,55.1687903407162));
#5098=CARTESIAN_POINT('',(-20.7372961944398,-82.6875,54.9914701393912));
#5099=CARTESIAN_POINT('',(-23.6203709190674,-85.0312500000001,53.8069943192319));
#5100=CARTESIAN_POINT('',(-25.958104906068,-87.375,51.7454166121467));
#5101=CARTESIAN_POINT('',(-27.4938183448083,-89.7187500000001,49.0330952686475));
#5102=CARTESIAN_POINT('',(-28.0588921208663,-92.0625000000001,45.9678392493338));
#5103=CARTESIAN_POINT('',(-27.5912819509148,-94.4062500000001,42.8862092317475));
#5104=CARTESIAN_POINT('',(-26.1423307552954,-96.75,40.1265637347606));
#5105=CARTESIAN_POINT('',(-23.871131279622,-99.0937500000001,37.9919078425777));
#5106=CARTESIAN_POINT('',(-21.0270579414158,-101.4375,36.7166236847401));
#5107=CARTESIAN_POINT('',(-17.9223858797367,-103.78125,36.4407356172936));
#5108=CARTESIAN_POINT('',(-14.8980035965714,-106.125,37.1945357510182));
#5109=CARTESIAN_POINT('',(-12.2859838923498,-108.46875,38.8952579214762));
#5110=CARTESIAN_POINT('',(-10.3731227527483,-110.8125,41.3561652941602));
#5111=CARTESIAN_POINT('',(-9.36944956426267,-113.15625,44.3070537988387));
#5112=CARTESIAN_POINT('',(-9.38516619134344,-115.5,47.423920145662));
#5113=CARTESIAN_POINT('',(-10.4185469710711,-117.84375,50.3645369177754));
#5114=CARTESIAN_POINT('',(-12.3561281884343,-120.1875,52.8060286466957));
#5115=CARTESIAN_POINT('',(-14.9851662281851,-122.53125,54.4803230718461));
#5116=CARTESIAN_POINT('',(-18.0169965158984,-124.875,55.2035850867396));
#5117=CARTESIAN_POINT('',(-21.1187284714722,-127.21875,54.8964015689319));
#5118=CARTESIAN_POINT('',(-23.9497964106195,-129.5625,53.5925008217231));
#5119=CARTESIAN_POINT('',(-26.1993531746257,-131.90625,51.4350492712337));
#5120=CARTESIAN_POINT('',(-27.6204006607512,-134.25,48.6609319401789));
#5121=CARTESIAN_POINT('',(-28.0569099986146,-136.59375,45.5747430378154));
#5122=CARTESIAN_POINT('',(-27.46095276476,-138.9375,42.5153411246974));
#5123=CARTESIAN_POINT('',(-25.8979654312078,-141.28125,39.8186460364612));
#5124=CARTESIAN_POINT('',(-23.5395571572977,-143.625,37.780743788801));
#5125=CARTESIAN_POINT('',(-20.6446948879129,-145.96875,36.6254199892524));
#5126=CARTESIAN_POINT('',(-17.5311663927873,-148.3125,36.4794271717976));
#5127=CARTESIAN_POINT('',(-14.5410711520913,-150.65625,37.3591696413197));
#5128=CARTESIAN_POINT('',(-12.8482417178234,-152.21875,38.5641600648191));
#5129=CARTESIAN_POINT('',(-12.1239913097288,-153.,39.2890708168635));
#5130=CARTESIAN_POINT('',(-13.5038846101486,147.,53.483730773315));
#5131=CARTESIAN_POINT('',(-14.3541975630309,146.21875,54.0555763333546));
#5132=CARTESIAN_POINT('',(-16.2474165164513,144.65625,54.9119581179365));
#5133=CARTESIAN_POINT('',(-19.3509693747095,142.3125,55.1993238230292));
#5134=CARTESIAN_POINT('',(-22.3780827689563,139.96875,54.456385421668));
#5135=CARTESIAN_POINT('',(-24.9962227955411,137.625,52.7651304025956));
#5136=CARTESIAN_POINT('',(-26.9179646680073,135.28125,50.3111452094358));
#5137=CARTESIAN_POINT('',(-27.9322923323576,132.9375,47.3639035857279));
#5138=CARTESIAN_POINT('',(-27.9278371798477,130.59375,44.2470004359883));
#5139=CARTESIAN_POINT('',(-26.9050875486691,128.25,41.3026693516817));
#5140=CARTESIAN_POINT('',(-24.9763400917851,125.90625,38.8541930556613));
#5141=CARTESIAN_POINT('',(-22.353368430681,123.5625,37.1704108571134));
#5142=CARTESIAN_POINT('',(-19.3241710760476,121.21875,36.4361995650827));
#5143=CARTESIAN_POINT('',(-16.2213495119138,118.875,36.7321745285196));
#5144=CARTESIAN_POINT('',(-13.3855890594599,116.53125,38.0258381215695));
#5145=CARTESIAN_POINT('',(-11.1282521146061,114.1875,40.1751479535726));
#5146=CARTESIAN_POINT('',(-9.69719100912138,111.84375,42.9441129133786));
#5147=CARTESIAN_POINT('',(-9.24953418257643,109.5,46.0287046533002));
#5148=CARTESIAN_POINT('',(-9.83443370707126,107.15625,49.0902394616227));
#5149=CARTESIAN_POINT('',(-11.3876684607739,104.8125,51.7925652443921));
#5150=CARTESIAN_POINT('',(-13.7386955142211,102.46875,53.8389705391194));
#5151=CARTESIAN_POINT('',(-16.62937549731,100.125,55.0047630042253));
#5152=CARTESIAN_POINT('',(-19.7423159287804,97.78125,55.1619403131642));
#5153=CARTESIAN_POINT('',(-22.7357204516023,95.4375000000001,54.293244624745));
#5154=CARTESIAN_POINT('',(-25.2809175786265,93.09375,52.4940574691338));
#5155=CARTESIAN_POINT('',(-27.0984483465059,90.75,49.9619269937948));
#5156=CARTESIAN_POINT('',(-27.9887505056802,88.40625,46.9748774626189));
#5157=CARTESIAN_POINT('',(-27.8540701667445,86.0625000000001,43.8608825938637));
#5158=CARTESIAN_POINT('',(-26.7091950361216,83.71875,40.9618545202485));
#5159=CARTESIAN_POINT('',(-24.6798307472841,81.375,38.5961023312988));
#5160=CARTESIAN_POINT('',(-21.9887985640123,79.03125,37.0233821956983));
#5161=CARTESIAN_POINT('',(-18.9315699279029,76.6875000000001,36.4163765096605));
#5162=CARTESIAN_POINT('',(-15.8438241214335,74.34375,36.8417336195806));
#5163=CARTESIAN_POINT('',(-13.0645911682489,72.,38.252749929997));
#5164=CARTESIAN_POINT('',(-10.899026826915,69.6562500000001,40.4944978908238));
#5165=CARTESIAN_POINT('',(-9.58490692998526,67.3125,43.3208368182746));
#5166=CARTESIAN_POINT('',(-9.26651994148918,64.9687500000001,46.421438785939));
#5167=CARTESIAN_POINT('',(-9.97882429226995,62.625,49.4558621822676));
#5168=CARTESIAN_POINT('',(-11.6436099948408,60.2812500000001,52.0909317071275));
#5169=CARTESIAN_POINT('',(-14.0780859868919,57.9375,54.037320537874));
#5170=CARTESIAN_POINT('',(-17.014950325557,55.5937500000001,55.0813179960158));
#5171=CARTESIAN_POINT('',(-20.1317395541311,53.25,55.1082946706159));
#5172=CARTESIAN_POINT('',(-23.0862347232291,50.9062500000001,54.1152885618203));
#5173=CARTESIAN_POINT('',(-25.5540365364649,48.5625,52.2113303041583));
#5174=CARTESIAN_POINT('',(-27.2641839240057,46.21875,49.6054717605655));
#5175=CARTESIAN_POINT('',(-28.0289051761407,43.875,46.5838324301916));
#5176=CARTESIAN_POINT('',(-27.7642350054262,41.53125,43.4781839412183));
#5177=CARTESIAN_POINT('',(-26.4992338138056,39.1875,40.6295220059358));
#5178=CARTESIAN_POINT('',(-24.3727969025073,36.8437500000001,38.3506255847274));
#5179=CARTESIAN_POINT('',(-21.6184039688578,34.5,36.8917142086008));
#5180=CARTESIAN_POINT('',(-18.5384833732059,32.1562500000001,36.4129742365846));
#5181=CARTESIAN_POINT('',(-15.4712059423655,29.8125,36.9669706251892));
#5182=CARTESIAN_POINT('',(-12.7533543019421,27.46875,38.4928753722085));
#5183=CARTESIAN_POINT('',(-10.6833446311381,25.125,40.8231463433846));
#5184=CARTESIAN_POINT('',(-9.4884609978865,22.78125,43.7019231564281));
#5185=CARTESIAN_POINT('',(-9.29989989692001,20.4375000000001,46.8131202809333));
#5186=CARTESIAN_POINT('',(-10.1383650644028,18.09375,49.8151327724542));
#5187=CARTESIAN_POINT('',(-11.9117942376442,15.7500000000001,52.3783440013282));
#5188=CARTESIAN_POINT('',(-14.4254674583897,13.40625,54.2213170818791));
#5189=CARTESIAN_POINT('',(-17.4033870426074,11.0625,55.1416962354137));
#5190=CARTESIAN_POINT('',(-20.5185817270108,8.71875000000002,55.0384251620476));
#5191=CARTESIAN_POINT('',(-23.4290076408578,6.37500000000006,53.9228428762722));
#5192=CARTESIAN_POINT('',(-25.8151042282503,4.03125000000004,51.9174386995634));
#5193=CARTESIAN_POINT('',(-27.4148815349808,1.68750000000004,49.2424031100429));
#5194=CARTESIAN_POINT('',(-28.0526863265789,-0.656249999999978,46.1914511464517));
#5195=CARTESIAN_POINT('',(-27.6584885594048,-2.99999999999995,43.0995729217014));
#5196=CARTESIAN_POINT('',(-26.2755705781535,-5.34374999999996,40.3062521929882));
#5197=CARTESIAN_POINT('',(-24.0557747770074,-7.68749999999999,38.1181915362547));
#5198=CARTESIAN_POINT('',(-21.2428315243714,-10.03125,36.775636846949));
#5199=CARTESIAN_POINT('',(-18.1455979209346,-12.375,36.4259986881763));
#5200=CARTESIAN_POINT('',(-15.1041457367261,-14.71875,37.1076668240775));
#5201=CARTESIAN_POINT('',(-12.4524220226229,-17.0625,38.7457950792489));
#5202=CARTESIAN_POINT('',(-10.4815822071603,-19.40625,41.1605193405498));
#5203=CARTESIAN_POINT('',(-9.40802165158736,-21.75,44.0867063765829));
#5204=CARTESIAN_POINT('',(-9.34961575218137,-24.09375,47.2030650830292));
#5205=CARTESIAN_POINT('',(-10.3127773922224,-26.4374999999999,50.1674237812101));
#5206=CARTESIAN_POINT('',(-12.1917528166857,-28.78125,52.6543001735128));
#5207=CARTESIAN_POINT('',(-14.7802332415873,-31.1249999999999,54.3906388289108));
#5208=CARTESIAN_POINT('',(-17.7940072600753,-33.46875,55.1857922743639));
#5209=CARTESIAN_POINT('',(-20.9021668438372,-35.8125,54.952453811617));
#5210=CARTESIAN_POINT('',(-23.7634405660069,-38.15625,53.7162436663951));
#5211=CARTESIAN_POINT('',(-26.0636647102419,-40.5,51.6128959246728));
#5212=CARTESIAN_POINT('',(-27.5502779923927,-42.84375,48.8733551263529));
#5213=CARTESIAN_POINT('',(-28.0600524242159,-45.1874999999999,45.7984188888041));
#5214=CARTESIAN_POINT('',(-27.5370155104,-47.53125,42.7257107635321));
#5215=CARTESIAN_POINT('',(-26.0385959475973,-49.875,39.9926096585344));
#5216=CARTESIAN_POINT('',(-23.7293180365911,-52.2187499999999,37.899206122169));
#5217=CARTESIAN_POINT('',(-20.8627371520278,-54.5625,36.6753528349717));
#5218=CARTESIAN_POINT('',(-17.7535997290036,-56.90625,36.4554271177791));
#5219=CARTESIAN_POINT('',(-14.7432845597234,-59.2499999999999,37.2635764962529));
#5220=CARTESIAN_POINT('',(-12.1623198958574,-61.59375,39.0110673374895));
#5221=CARTESIAN_POINT('',(-10.2940919245674,-63.9374999999999,41.5060276745723));
#5222=CARTESIAN_POINT('',(-9.3437293750225,-66.2812500000001,44.4745144710314));
#5223=CARTESIAN_POINT('',(-9.41558068062317,-68.6249999999999,47.5905921700324));
#5224=CARTESIAN_POINT('',(-10.5017566719353,-70.9687500000001,50.5121199471084));
#5225=CARTESIAN_POINT('',(-12.4829967960839,-73.3124999999998,52.9183182778351));
#5226=CARTESIAN_POINT('',(-15.1417637529683,-75.65625,54.5449900656606));
#5227=CARTESIAN_POINT('',(-18.1861287761828,-78.,55.2135291009892));
#5228=CARTESIAN_POINT('',(-21.2818249893403,-80.34375,54.850530764671));
#5229=CARTESIAN_POINT('',(-24.0889494256414,-82.6875,53.4958517490177));
#5230=CARTESIAN_POINT('',(-26.2992838820135,-85.0312499999999,51.2982338506325));
#5231=CARTESIAN_POINT('',(-27.6701368320245,-87.375,48.4989723362729));
#5232=CARTESIAN_POINT('',(-28.0509906044719,-89.7187499999999,45.4054220715543));
#5233=CARTESIAN_POINT('',(-27.400028005982,-92.0625,42.3572504012418));
#5234=CARTESIAN_POINT('',(-25.7887237883605,-94.40625,39.6891421660674));
#5235=CARTESIAN_POINT('',(-23.3939968242222,-96.75,37.6940517912834));
#5236=CARTESIAN_POINT('',(-20.4787846706583,-99.0937499999999,36.5910373144775));
#5237=CARTESIAN_POINT('',(-17.3631734057664,-101.4375,36.5012081298783));
#5238=CARTESIAN_POINT('',(-14.3892526402224,-103.78125,37.4344273520316));
#5239=CARTESIAN_POINT('',(-11.8835545728072,-106.125,39.2882288600899));
#5240=CARTESIAN_POINT('',(-10.1212012272511,-108.46875,41.8590679296811));
#5241=CARTESIAN_POINT('',(-9.29569645194825,-110.8125,44.8646701492505));
#5242=CARTESIAN_POINT('',(-9.49767947727308,-113.15625,47.9750247421883));
#5243=CARTESIAN_POINT('',(-10.7049728591787,-115.5,50.848619272795));
#5244=CARTESIAN_POINT('',(-12.7850175304823,-117.84375,53.1699372177837));
#5245=CARTESIAN_POINT('',(-15.5094275946967,-120.1875,54.6841012241821));
#5246=CARTESIAN_POINT('',(-18.5790667672223,-122.53125,55.2248582741061));
#5247=CARTESIAN_POINT('',(-21.6568931064473,-124.875,54.7328340254584));
#5248=CARTESIAN_POINT('',(-24.4049657325774,-127.21875,53.2620520295957));
#5249=CARTESIAN_POINT('',(-26.5215502432992,-129.5625,50.9740020206116));
#5250=CARTESIAN_POINT('',(-27.7742487302842,-131.90625,48.1199085869798));
#5251=CARTESIAN_POINT('',(-28.0255166754106,-134.25,45.0131470344891));
#5252=CARTESIAN_POINT('',(-27.2477653563292,-136.59375,41.9948353824589));
#5253=CARTESIAN_POINT('',(-25.5263902406225,-138.9375,39.3963795329977));
#5254=CARTESIAN_POINT('',(-23.050397701171,-141.28125,37.5030874930994));
#5255=CARTESIAN_POINT('',(-20.091641140641,-143.625,36.5228350904056));
#5256=CARTESIAN_POINT('',(-16.9750138634129,-145.96875,36.5632709080519));
#5257=CARTESIAN_POINT('',(-14.0426195803914,-148.3125,37.6198869033929));
#5258=CARTESIAN_POINT('',(-11.6167946550871,-150.65625,39.5769228746734));
#5259=CARTESIAN_POINT('',(-10.5139540599662,-152.21875,41.3380066421309));
#5260=CARTESIAN_POINT('',(-10.1222452662652,-153.,42.2848954809036));
#5261=CARTESIAN_POINT('',(-16.8291616369628,147.,54.8709889811244));
#5262=CARTESIAN_POINT('',(-17.8335841920585,146.21875,55.0739047104089));
#5263=CARTESIAN_POINT('',(-19.9104135544249,144.65625,55.1405947858861));
#5264=CARTESIAN_POINT('',(-22.8876926126054,142.3125,54.2184078188421));
#5265=CARTESIAN_POINT('',(-25.4000705026721,139.96875,52.3735960920392));
#5266=CARTESIAN_POINT('',(-27.1717012107791,137.625,49.8091613838753));
#5267=CARTESIAN_POINT('',(-28.008059716829,135.28125,46.8065559149541));
#5268=CARTESIAN_POINT('',(-27.8173157446124,132.9375,43.6954933093086));
#5269=CARTESIAN_POINT('',(-26.6204125247024,130.59375,40.8175551974984));
#5270=CARTESIAN_POINT('',(-24.5487683482112,128.25,38.4887373110803));
#5271=CARTESIAN_POINT('',(-21.8298467363873,125.90625,36.9647398723139));
#5272=CARTESIAN_POINT('',(-18.7621813532407,123.5625,36.4128957601363));
#5273=CARTESIAN_POINT('',(-15.6825974200419,121.21875,36.8937966158729));
#5274=CARTESIAN_POINT('',(-12.9292287988063,118.875,38.354640232907));
#5275=CARTESIAN_POINT('',(-10.8043913817932,116.53125,40.6350280917912));
#5276=CARTESIAN_POINT('',(-9.54138924418818,114.1875,43.4845769046651));
#5277=CARTESIAN_POINT('',(-9.27889819397515,111.84375,46.5904103330421));
#5278=CARTESIAN_POINT('',(-10.0457393688195,109.5,49.6115123586128));
#5279=CARTESIAN_POINT('',(-11.7577147168299,107.15625,52.2161703484705));
#5280=CARTESIAN_POINT('',(-14.2268518208798,104.8125,54.1183966225331));
#5281=CARTESIAN_POINT('',(-17.1820429981363,102.46875,55.109329487158));
#5282=CARTESIAN_POINT('',(-20.2988125315244,100.125,55.0801659470277));
#5283=CARTESIAN_POINT('',(-23.2349436341613,97.7812500000002,54.0341081166683));
#5284=CARTESIAN_POINT('',(-25.6680533575982,95.4375000000001,52.0860116329063));
#5285=CARTESIAN_POINT('',(-27.330989773286,93.0937500000001,49.4497746720645));
#5286=CARTESIAN_POINT('',(-28.0411648679402,90.7500000000001,46.4148522395695));
#5287=CARTESIAN_POINT('',(-27.7206024433171,88.4062500000001,43.3144744290039));
#5288=CARTESIAN_POINT('',(-26.4044997900002,86.0625000000001,40.4890582397918));
#5289=CARTESIAN_POINT('',(-24.2373630758026,83.7187500000001,38.2488302830193));
#5290=CARTESIAN_POINT('',(-21.457140777544,81.375,36.8397643482263));
#5291=CARTESIAN_POINT('',(-18.3690972824485,79.0312500000002,36.4165738370761));
#5292=CARTESIAN_POINT('',(-15.3122952999418,76.6875,37.0257244556189));
#5293=CARTESIAN_POINT('',(-12.6223672665522,74.3437500000001,38.6003323469728));
#5294=CARTESIAN_POINT('',(-10.5946633898173,72.0000000000001,40.967507842073));
#5295=CARTESIAN_POINT('',(-9.45182262266929,69.6562500000001,43.8673384952788));
#5296=CARTESIAN_POINT('',(-9.31932722841399,67.3125000000001,46.981427094987));
#5297=CARTESIAN_POINT('',(-10.2117250097083,64.9687500000002,49.9678512169543));
#5298=CARTESIAN_POINT('',(-12.0310319808694,62.6250000000001,52.4987058119504));
#5299=CARTESIAN_POINT('',(-14.577490867786,60.2812500000001,54.2961067059005));
#5300=CARTESIAN_POINT('',(-17.5715041676993,57.9375,55.1627018802873));
#5301=CARTESIAN_POINT('',(-20.6843335506164,55.5937500000001,55.0033404383473));
#5302=CARTESIAN_POINT('',(-23.5741948524774,53.2500000000001,53.8355200359163));
#5303=CARTESIAN_POINT('',(-25.9237854820372,50.9062500000001,51.7874656641249));
#5304=CARTESIAN_POINT('',(-27.475123786458,48.5625000000001,49.0840507308291));
#5305=CARTESIAN_POINT('',(-28.0578750636646,46.2187500000002,46.0221062856698));
#5306=CARTESIAN_POINT('',(-27.6080540662717,43.875,42.9378294001367));
#5307=CARTESIAN_POINT('',(-26.1750504892025,41.5312500000001,40.1698692153734));
#5308=CARTESIAN_POINT('',(-23.9162060526201,39.1875000000001,38.0221437562772));
#5309=CARTESIAN_POINT('',(-21.0795386086227,36.84375,36.730470171933));
#5310=CARTESIAN_POINT('',(-17.9765101397975,34.5000000000001,36.4366723537128));
#5311=CARTESIAN_POINT('',(-14.9478286840133,32.15625,37.173008877128));
#5312=CARTESIAN_POINT('',(-12.326039084635,29.8125,38.858631056895));
#5313=CARTESIAN_POINT('',(-10.3990100476972,27.4687500000001,41.3084600156442));
#5314=CARTESIAN_POINT('',(-9.37832657433133,25.1250000000001,44.2535080769713));
#5315=CARTESIAN_POINT('',(-9.37605823366598,22.7812500000001,47.3704132232598));
#5316=CARTESIAN_POINT('',(-10.3924540862253,20.4375000000001,50.3169437775266));
#5317=CARTESIAN_POINT('',(-12.3159153374443,18.0937500000001,52.7695749465751));
#5318=CARTESIAN_POINT('',(-14.9352487239029,15.7500000000001,54.4590113753624));
#5319=CARTESIAN_POINT('',(-17.9628552281929,13.40625,55.1997553874936));
#5320=CARTESIAN_POINT('',(-21.0663080350682,11.0625000000001,54.9104743617986));
#5321=CARTESIAN_POINT('',(-23.9048525149566,8.71875000000005,53.6229309365023));
#5322=CARTESIAN_POINT('',(-26.1668205894441,6.37500000000006,51.4784955174869));
#5323=CARTESIAN_POINT('',(-27.6038514355088,4.03125000000007,48.712624012195));
#5324=CARTESIAN_POINT('',(-28.0581611446767,1.68750000000005,45.6290051115384));
#5325=CARTESIAN_POINT('',(-27.4798671679637,-0.65624999999993,42.5662157108736));
#5326=CARTESIAN_POINT('',(-25.9324653476076,-2.99999999999995,39.8605456565823));
#5327=CARTESIAN_POINT('',(-23.5858581654272,-5.34374999999995,37.8090736073294));
#5328=CARTESIAN_POINT('',(-20.697699696052,-7.6874999999999,36.6370482270123));
#5329=CARTESIAN_POINT('',(-17.5851055621845,-10.0312499999999,36.4731562072526));
#5330=CARTESIAN_POINT('',(-14.5898340978781,-12.3749999999999,37.3353926547774));
#5331=CARTESIAN_POINT('',(-12.0407617777568,-14.7187499999999,39.1290852547288));
#5332=CARTESIAN_POINT('',(-10.2177730557652,-17.0624999999999,41.6572891539069));
#5333=CARTESIAN_POINT('',(-9.32102945693084,-19.4062499999999,44.6424112208043));
#5334=CARTESIAN_POINT('',(-9.44899213141695,-21.75,47.7566893699536));
#5335=CARTESIAN_POINT('',(-10.5876109626415,-24.0937499999999,50.6581803648578));
#5336=CARTESIAN_POINT('',(-12.6118672497566,-26.4375,53.0283046907956));
#5337=CARTESIAN_POINT('',(-15.2995005801841,-28.78125,54.6068261247663));
#5338=CARTESIAN_POINT('',(-18.3554127014527,-31.125,55.2204252963855));
#5339=CARTESIAN_POINT('',(-21.4440688825109,-33.46875,54.8017299040777));
#5340=CARTESIAN_POINT('',(-24.2263391419006,-35.8124999999999,53.3967120963457));
#5341=CARTESIAN_POINT('',(-26.3967342292275,-38.15625,51.1596407963565));
#5342=CARTESIAN_POINT('',(-27.7169479030149,-40.5,48.3361431973005));
#5343=CARTESIAN_POINT('',(-28.0420226113481,-42.8437499999999,45.2362352518401));
#5344=CARTESIAN_POINT('',(-27.3362656214182,-45.1875,42.2002823688895));
#5345=CARTESIAN_POINT('',(-25.6771680299607,-47.53125,39.5616277840022));
#5346=CARTESIAN_POINT('',(-23.2468963529114,-49.8749999999999,37.6099919542273));
#5347=CARTESIAN_POINT('',(-20.3122909054308,-52.21875,36.5596616709611));
#5348=CARTESIAN_POINT('',(-17.1955671212387,-54.5624999999999,36.5259616801799));
#5349=CARTESIAN_POINT('',(-14.2389367640212,-56.90625,37.5125921921303));
#5350=CARTESIAN_POINT('',(-11.767033570733,-59.25,39.4112226035949));
#5351=CARTESIAN_POINT('',(-10.0512689368033,-61.5937499999999,42.0133860414455));
#5352=CARTESIAN_POINT('',(-9.28003133747305,-63.9375,45.0333687237976));
#5353=CARTESIAN_POINT('',(-9.53800154568263,-66.2812499999999,48.1395809200272));
#5354=CARTESIAN_POINT('',(-10.7968548056813,-68.6250000000001,50.9909650236019));
#5355=CARTESIAN_POINT('',(-12.9183708502411,-70.9687499999998,53.2744431839977));
#5356=CARTESIAN_POINT('',(-15.6696102860858,-73.3125000000001,54.7392928018703));
#5357=CARTESIAN_POINT('',(-18.7484910023652,-75.65625,55.2246755078364));
#5358=CARTESIAN_POINT('',(-21.8169563495159,-78.,54.6772969828053));
#5359=CARTESIAN_POINT('',(-24.5380932704397,-80.34375,53.1572585971347));
#5360=CARTESIAN_POINT('',(-26.6131248668874,-82.6875,50.8314583670904));
#5361=CARTESIAN_POINT('',(-27.814215670753,-85.03125,47.9552657940525));
#5362=CARTESIAN_POINT('',(-28.0094876489484,-87.3749999999999,44.8444826626112));
#5363=CARTESIAN_POINT('',(-27.1775002206958,-89.7187499999999,41.8406684613734));
#5364=CARTESIAN_POINT('',(-25.4096044022874,-92.0625,39.2736376451224));
#5365=CARTESIAN_POINT('',(-22.8999125976197,-94.4062499999999,37.4252464847036));
#5366=CARTESIAN_POINT('',(-19.9239853369984,-96.75,36.4984456561442));
#5367=CARTESIAN_POINT('',(-16.8085751294601,-99.0937499999999,36.5949965499578));
#5368=CARTESIAN_POINT('',(-13.8957495098759,-101.4375,37.7042980176485));
#5369=CARTESIAN_POINT('',(-11.5053325183623,-103.78125,39.7045503624824));
#5370=CARTESIAN_POINT('',(-9.89978848325163,-106.125,42.3761287700249));
#5371=CARTESIAN_POINT('',(-9.25540381744889,-108.46875,45.4256977951181));
#5372=CARTESIAN_POINT('',(-9.64293102526523,-110.8125,48.5184191694954));
#5373=CARTESIAN_POINT('',(-11.0198201797755,-113.15625,51.3147165593524));
#5374=CARTESIAN_POINT('',(-13.2348908432526,-115.5,53.5075605556569));
#5375=CARTESIAN_POINT('',(-16.0449314605782,-117.84375,54.856180059196));
#5376=CARTESIAN_POINT('',(-19.1414036362057,-120.1875,55.2124985990292));
#5377=CARTESIAN_POINT('',(-22.1843192038376,-122.53125,54.5373929148508));
#5378=CARTESIAN_POINT('',(-24.8395704349923,-124.875,52.9049886343076));
#5379=CARTESIAN_POINT('',(-26.815614585691,-127.21875,50.4945213865879));
#5380=CARTESIAN_POINT('',(-27.8954848631163,-129.5625,47.5706569884715));
#5381=CARTESIAN_POINT('',(-27.9606130841767,-131.90625,44.4544315245462));
#5382=CARTESIAN_POINT('',(-27.0038482214081,-134.25,41.4880020341227));
#5383=CARTESIAN_POINT('',(-25.1302418333787,-136.59375,38.9970782203844));
#5384=CARTESIAN_POINT('',(-22.5455125928821,-138.9375,37.2551597825993));
#5385=CARTESIAN_POINT('',(-19.5334622667344,-141.28125,36.4535073413785));
#5386=CARTESIAN_POINT('',(-16.4248012847302,-143.625,36.6801393259509));
#5387=CARTESIAN_POINT('',(-13.5608872503202,-145.96875,37.910178774107));
#5388=CARTESIAN_POINT('',(-11.2560576267725,-148.3125,40.0085433752011));
#5389=CARTESIAN_POINT('',(-9.76381287157962,-150.65625,42.7449318621877));
#5390=CARTESIAN_POINT('',(-9.41885859893795,-152.21875,44.793999934272));
#5391=CARTESIAN_POINT('',(-9.41932553262268,-153.,45.8187116176385));
#5392=CARTESIAN_POINT('',(-20.4321977545074,147.,54.8801200194417));
#5393=CARTESIAN_POINT('',(-21.4378156829166,146.21875,54.6832138376232));
#5394=CARTESIAN_POINT('',(-23.3820770103136,144.65625,53.9500592445514));
#5395=CARTESIAN_POINT('',(-25.7798185209103,142.3125,51.9587142114576));
#5396=CARTESIAN_POINT('',(-27.3949741477965,139.96875,49.2928850213586));
#5397=CARTESIAN_POINT('',(-28.0503808219887,137.625,46.2456825617626));
#5398=CARTESIAN_POINT('',(-27.674027960685,135.28125,43.1515762810371));
#5399=CARTESIAN_POINT('',(-26.3072513925731,132.9375,40.3503237733107));
#5400=CARTESIAN_POINT('',(-24.1001177705395,130.59375,38.1494906883791));
#5401=CARTESIAN_POINT('',(-21.2949680951055,128.25,36.79072741227));
#5402=CARTESIAN_POINT('',(-18.1998034966561,125.90625,36.4232236257385));
#5403=CARTESIAN_POINT('',(-15.1544686375948,123.5625,37.0873308635308));
#5404=CARTESIAN_POINT('',(-12.4933368631626,121.21875,38.7101310711258));
#5405=CARTESIAN_POINT('',(-10.5085965980593,118.875,41.1134431436444));
#5406=CARTESIAN_POINT('',(-9.4181694515283,116.53125,44.033386888615));
#5407=CARTESIAN_POINT('',(-9.34178274747948,114.1875,47.1493567068242));
#5408=CARTESIAN_POINT('',(-10.2878236354458,111.84375,50.1192236187516));
#5409=CARTESIAN_POINT('',(-12.1524181942419,109.5,52.6169005329365));
#5410=CARTESIAN_POINT('',(-14.7308366381285,107.15625,54.368146136657));
#5411=CARTESIAN_POINT('',(-17.7399723512178,104.8125,55.1806761955108));
#5412=CARTESIAN_POINT('',(-20.849426584421,102.46875,54.9652760842229));
#5413=CARTESIAN_POINT('',(-23.717785760236,100.125,53.7455964234731));
#5414=CARTESIAN_POINT('',(-26.0301081897578,97.7812499999999,51.6555562759499));
#5415=CARTESIAN_POINT('',(-27.5325042146109,95.4375,48.9246390269593));
#5416=CARTESIAN_POINT('',(-28.0600129242299,93.09375,45.8526954406274));
#5417=CARTESIAN_POINT('',(-27.5547146252512,90.7499999999999,42.7770204796836));
#5418=CARTESIAN_POINT('',(-26.0720903400738,88.40625,40.0353188063918));
#5419=CARTESIAN_POINT('',(-23.774930070843,86.0625,37.9286252990689));
#5420=CARTESIAN_POINT('',(-20.9154586926642,83.71875,36.6882518578407));
#5421=CARTESIAN_POINT('',(-17.8076420271162,81.375,36.4503896925621));
#5422=CARTESIAN_POINT('',(-14.7927138491417,79.03125,37.2411557249532));
#5423=CARTESIAN_POINT('',(-12.201708912095,76.6875,38.9737249883677));
#5424=CARTESIAN_POINT('',(-10.3191158106105,74.34375,41.4578638835529));
#5425=CARTESIAN_POINT('',(-9.35164054437673,72.0000000000001,44.4208175527072));
#5426=CARTESIAN_POINT('',(-9.40551049833559,69.6562499999999,47.5372579683718));
#5427=CARTESIAN_POINT('',(-10.4748108294563,67.3125,50.465004480315));
#5428=CARTESIAN_POINT('',(-12.442133907945,64.96875,52.8825947560181));
#5429=CARTESIAN_POINT('',(-15.0914705051858,62.6249999999999,54.5245808798473));
#5430=CARTESIAN_POINT('',(-18.1319272946227,60.2812500000001,55.2106751502636));
#5431=CARTESIAN_POINT('',(-21.2296665182844,57.9375,54.8655454086949));
#5432=CARTESIAN_POINT('',(-24.044560889773,55.59375,53.5270864015936));
#5433=CARTESIAN_POINT('',(-26.2675390783705,53.25,51.3422589920832));
#5434=CARTESIAN_POINT('',(-27.6545212941336,50.90625,48.5509540697421));
#5435=CARTESIAN_POINT('',(-28.0532188958081,48.5625,45.4596528778895));
#5436=CARTESIAN_POINT('',(-27.4198554633794,46.21875,42.4077758163437));
#5437=CARTESIAN_POINT('',(-25.8239733856741,43.8750000000001,39.7304145724342));
#5438=CARTESIAN_POINT('',(-23.4407982066493,41.53125,37.7215395383896));
#5439=CARTESIAN_POINT('',(-20.5319991140991,39.1875,36.6017222874472));
#5440=CARTESIAN_POINT('',(-17.4169580412965,36.84375,36.4939171341334));
#5441=CARTESIAN_POINT('',(-14.4377019926513,34.5,37.4099609283599));
#5442=CARTESIAN_POINT('',(-11.921348973312,32.15625,39.2492733864238));
#5443=CARTESIAN_POINT('',(-10.1441909053194,29.8125,41.8099006606867));
#5444=CARTESIAN_POINT('',(-9.3013571741792,27.46875,44.8106895799511));
#5445=CARTESIAN_POINT('',(-9.4853897045527,25.125,47.9221578610191));
#5446=CARTESIAN_POINT('',(-10.6760819907773,22.78125,50.8026707868458));
#5447=CARTESIAN_POINT('',(-12.7426977419616,20.4375,53.1359522043529));
#5448=CARTESIAN_POINT('',(-15.4583255376386,18.09375,54.6658111885985));
#5449=CARTESIAN_POINT('',(-18.5247933735419,15.75,55.2242714357955));
#5450=CARTESIAN_POINT('',(-21.60540751642,13.40625,54.7500148185213));
#5451=CARTESIAN_POINT('',(-24.3619209889756,11.0625,53.2951140274197));
#5452=CARTESIAN_POINT('',(-26.4916725987558,8.71874999999999,51.0193150650843));
#5453=CARTESIAN_POINT('',(-27.7608186993348,6.37499999999999,48.1724973660185));
#5454=CARTESIAN_POINT('',(-28.0300088844755,4.03125,45.0672373961366));
#5455=CARTESIAN_POINT('',(-27.2696864611877,1.6875,42.0444882088938));
#5456=CARTESIAN_POINT('',(-25.5633337318702,-0.656250000000007,39.4361432931518));
#5457=CARTESIAN_POINT('',(-23.0983057582488,-3.,37.5285951481252));
#5458=CARTESIAN_POINT('',(-20.1452590465792,-5.34375,36.5312898011907));
#5459=CARTESIAN_POINT('',(-17.0284338547156,-7.68750000000001,36.5537299370068));
#5460=CARTESIAN_POINT('',(-14.0900530807619,-10.03125,37.5934516611168));
#5461=CARTESIAN_POINT('',(-11.6527466838231,-12.375,39.5362950319962));
#5462=CARTESIAN_POINT('',(-9.98412738112928,-14.71875,42.168938657519));
#5463=CARTESIAN_POINT('',(-9.26740715873855,-17.0625,45.2023220752796));
#5464=CARTESIAN_POINT('',(-9.58128086045411,-19.40625,48.3033841732873));
#5465=CARTESIAN_POINT('',(-10.8912856077932,-21.75,51.1316328183464));
#5466=CARTESIAN_POINT('',(-13.0535847741999,-24.09375,53.3765303998157));
#5467=CARTESIAN_POINT('',(-15.8307610386047,-26.4375,54.7915904101169));
#5468=CARTESIAN_POINT('',(-18.9178844638956,-28.78125,55.221441306766));
#5469=CARTESIAN_POINT('',(-21.9759933629804,-31.125,54.6188860830177));
#5470=CARTESIAN_POINT('',(-24.6693118017807,-33.4687499999999,53.0500844309447));
#5471=CARTESIAN_POINT('',(-26.7021173111489,-35.8125,50.6872885029367));
#5472=CARTESIAN_POINT('',(-27.8512107862678,-38.15625,47.7899298745017));
#5473=CARTESIAN_POINT('',(-27.9904234255402,-40.5,44.6761343324989));
#5474=CARTESIAN_POINT('',(-27.1044698825218,-42.84375,41.6877921238588));
#5475=CARTESIAN_POINT('',(-25.2906265748525,-45.1875,39.1530189009541));
#5476=CARTESIAN_POINT('',(-22.7480508742956,-47.53125,37.3501290975373));
#5477=CARTESIAN_POINT('',(-19.7559139153629,-49.8750000000001,36.4770774064454));
#5478=CARTESIAN_POINT('',(-16.6427480085222,-52.21875,36.6297236406383));
#5479=CARTESIAN_POINT('',(-13.7503742676731,-54.5625,37.7913074643782));
#5480=CARTESIAN_POINT('',(-11.3963711462277,-56.90625,39.8342886538551));
#5481=CARTESIAN_POINT('',(-9.83920478225144,-59.25,42.5343508292925));
#5482=CARTESIAN_POINT('',(-9.24984979032872,-61.59375,45.5950310690147));
#5483=CARTESIAN_POINT('',(-9.69301649616992,-63.9375,48.680271109459));
#5484=CARTESIAN_POINT('',(-11.1200458364399,-66.2812500000001,51.451316056467));
#5485=CARTESIAN_POINT('',(-13.374252053535,-68.625,53.6039091827074));
#5486=CARTESIAN_POINT('',(-16.2081265651492,-70.9687500000001,54.9016988762838));
#5487=CARTESIAN_POINT('',(-19.31051404863,-73.3124999999999,55.2021897058761));
#5488=CARTESIAN_POINT('',(-22.340776845374,-75.65625,54.4723882130047));
#5489=CARTESIAN_POINT('',(-24.966196483065,-78.,52.7924255460512));
#5490=CARTESIAN_POINT('',(-26.8985056827121,-80.34375,50.3467591760641));
#5491=CARTESIAN_POINT('',(-27.9255396889555,-82.6875,47.4039197332216));
#5492=CARTESIAN_POINT('',(-27.9345316533413,-85.0312499999999,44.2870267320254));
#5493=CARTESIAN_POINT('',(-26.9244942711856,-87.3750000000001,41.3383105159449));
#5494=CARTESIAN_POINT('',(-25.0063281861996,-89.71875,38.8815358606829));
#5495=CARTESIAN_POINT('',(-22.3906452602099,-92.0625,37.1864530700753));
#5496=CARTESIAN_POINT('',(-19.3646436953437,-94.40625,36.4391797828783));
#5497=CARTESIAN_POINT('',(-16.2605740868216,-96.75,36.7217655252211));
#5498=CARTESIAN_POINT('',(-13.4192587881426,-99.0937500000001,38.0031827913072));
#5499=CARTESIAN_POINT('',(-11.1526701096178,-101.4375,40.1427338186749));
#5500=CARTESIAN_POINT('',(-9.70967620990845,-103.78125,42.9054989990208));
#5501=CARTESIAN_POINT('',(-9.24871573215501,-106.125,45.988130711418));
#5502=CARTESIAN_POINT('',(-9.82040147011265,-108.46875,49.0521604523547));
#5503=CARTESIAN_POINT('',(-11.361963156601,-110.8125,51.76116218788));
#5504=CARTESIAN_POINT('',(-13.7041395480538,-113.15625,53.8176914455494));
#5505=CARTESIAN_POINT('',(-16.5897630642535,-115.5,54.9959442872948));
#5506=CARTESIAN_POINT('',(-19.7019964166948,-117.84375,55.1665502552367));
#5507=CARTESIAN_POINT('',(-22.6991208845865,-120.1875,54.3107770608507));
#5508=CARTESIAN_POINT('',(-25.252056536251,-122.53125,52.5225873631377));
#5509=CARTESIAN_POINT('',(-27.0804947293045,-124.875,49.9983218046301));
#5510=CARTESIAN_POINT('',(-27.9836755955127,-127.21875,47.0151410925787));
#5511=CARTESIAN_POINT('',(-27.8624311789519,-129.5625,43.9005941550463));
#5512=CARTESIAN_POINT('',(-26.73007395282,-131.90625,40.9966537390561));
#5513=CARTESIAN_POINT('',(-24.7109350594179,-134.25,38.6221683098666));
#5514=CARTESIAN_POINT('',(-22.0267131907338,-136.59375,37.0378529047809));
#5515=CARTESIAN_POINT('',(-18.9721314216839,-138.9375,36.417663170295));
#5516=CARTESIAN_POINT('',(-15.8825806666919,-141.28125,36.8296946449299));
#5517=CARTESIAN_POINT('',(-13.0972807176417,-143.625,38.2287083515417));
#5518=CARTESIAN_POINT('',(-10.9220848763432,-145.96875,40.4610890745611));
#5519=CARTESIAN_POINT('',(-9.5957093291219,-148.3125,43.2817452926141));
#5520=CARTESIAN_POINT('',(-9.26422548078622,-150.65625,46.3808959535865));
#5521=CARTESIAN_POINT('',(-9.72967369161523,-152.21875,48.4059962911711));
#5522=CARTESIAN_POINT('',(-10.1222452662649,-153.,49.3525277543734));
#5523=CARTESIAN_POINT('',(-23.7644633754903,147.,53.5097337704562));
#5524=CARTESIAN_POINT('',(-24.6181804635617,146.21875,52.9429828587577));
#5525=CARTESIAN_POINT('',(-26.1338775936661,144.65625,51.521599737869));
#5526=CARTESIAN_POINT('',(-27.5870471472715,142.3125,48.7642608684262));
#5527=CARTESIAN_POINT('',(-28.059087708206,139.96875,45.6832625434221));
#5528=CARTESIAN_POINT('',(-27.4984906236139,137.625,42.6172012839085));
#5529=CARTESIAN_POINT('',(-25.9667227064429,135.28125,39.9026438244755));
#5530=CARTESIAN_POINT('',(-23.6319928850702,132.9375,37.8376667155526));
#5531=CARTESIAN_POINT('',(-20.7506449471517,130.59375,36.6489955440788));
#5532=CARTESIAN_POINT('',(-17.6390483821144,128.25,36.4671462698464));
#5533=CARTESIAN_POINT('',(-14.6388515494164,125.90625,37.3120852556192));
#5534=CARTESIAN_POINT('',(-12.0794718407035,123.5625,39.0910395365748));
#5535=CARTESIAN_POINT('',(-10.2419254144753,121.21875,41.6086824751424));
#5536=CARTESIAN_POINT('',(-9.32797221915133,118.875,44.5885805261823));
#5537=CARTESIAN_POINT('',(-9.43796299141489,116.53125,47.7035451914237));
#5538=CARTESIAN_POINT('',(-10.5598209041666,114.1875,50.6115578564826));
#5539=CARTESIAN_POINT('',(-12.5703675810013,111.84375,52.9933229365302));
#5540=CARTESIAN_POINT('',(-15.2488479047643,109.5,54.5873260706422));
#5541=CARTESIAN_POINT('',(-18.3011686098667,107.15625,55.2185480201398));
#5542=CARTESIAN_POINT('',(-21.3921892975606,104.8125,54.8176815279277));
#5543=CARTESIAN_POINT('',(-24.1825203669782,102.46875,53.4287411550639));
#5544=CARTESIAN_POINT('',(-26.365787502443,100.125,51.20423054562));
#5545=CARTESIAN_POINT('',(-27.7022711302099,97.7812500000001,48.3883977471323));
#5546=CARTESIAN_POINT('',(-28.0452272809493,95.4375,45.2904171282453));
#5547=CARTESIAN_POINT('',(-27.3569998653383,93.09375,42.2504424802047));
#5548=CARTESIAN_POINT('',(-25.7131552582058,90.75,39.6022586225524));
#5549=CARTESIAN_POINT('',(-23.2941852198698,88.4062500000001,37.6366323127058));
#5550=CARTESIAN_POINT('',(-20.3656891619057,86.0625,36.5693864765377));
#5551=CARTESIAN_POINT('',(-17.2492117159008,83.7187500000001,36.5177031632676));
#5552=CARTESIAN_POINT('',(-14.286937597965,81.375,37.4872571259412));
#5553=CARTESIAN_POINT('',(-11.8041202218159,79.03125,39.371592741754));
#5554=CARTESIAN_POINT('',(-10.0733693443764,76.6874999999999,41.9638126854647));
#5555=CARTESIAN_POINT('',(-9.28471890874913,74.3437500000001,44.9792949564645));
#5556=CARTESIAN_POINT('',(-9.52476159211554,72.0000000000001,48.086943962786));
#5557=CARTESIAN_POINT('',(-10.7671410550233,69.6562500000001,50.9455443382273));
#5558=CARTESIAN_POINT('',(-12.8754458293386,67.3124999999999,53.2412258960505));
#5559=CARTESIAN_POINT('',(-15.6181871001499,64.96875,54.7219261215236));
#5560=CARTESIAN_POINT('',(-18.6942158428367,62.625,55.2250662714745));
#5561=CARTESIAN_POINT('',(-21.7657885504112,60.28125,54.6954022851459));
#5562=CARTESIAN_POINT('',(-24.4956509820949,57.9375,53.1910905021669));
#5563=CARTESIAN_POINT('',(-26.584068191177,55.59375,50.8773021805741));
#5564=CARTESIAN_POINT('',(-27.8017349886444,53.25,48.0080879315725));
#5565=CARTESIAN_POINT('',(-28.014953321286,50.9062500000001,44.8984833298661));
#5566=CARTESIAN_POINT('',(-27.200312124562,48.5625,41.8899184632012));
#5567=CARTESIAN_POINT('',(-25.4472578236313,46.21875,39.3127294025548));
#5568=CARTESIAN_POINT('',(-22.9482732452373,43.875,37.449887779314));
#5569=CARTESIAN_POINT('',(-19.9777432817266,41.53125,36.5059309094237));
#5570=CARTESIAN_POINT('',(-16.8618278267198,39.1875,36.5845038919227));
#5571=CARTESIAN_POINT('',(-13.9426498905288,36.8437499999999,37.676979526975));
#5572=CARTESIAN_POINT('',(-11.5407309884462,34.5,39.6634055699349));
#5573=CARTESIAN_POINT('',(-9.91979834194957,32.15625,42.3256753143162));
#5574=CARTESIAN_POINT('',(-9.25782801121653,29.8125,45.3714753927125));
#5575=CARTESIAN_POINT('',(-9.62750338113315,27.46875,48.4663813617535));
#5576=CARTESIAN_POINT('',(-10.9882346307557,25.125,51.2705770223001));
#5577=CARTESIAN_POINT('',(-13.1906154369451,22.78125,53.4761657466225));
#5578=CARTESIAN_POINT('',(-15.9928275725551,20.4375,54.8409770828033));
#5579=CARTESIAN_POINT('',(-19.0871921980253,18.09375,55.2151567201004));
#5580=CARTESIAN_POINT('',(-22.1339525529575,15.75,54.5576202755264));
#5581=CARTESIAN_POINT('',(-24.7985787570068,13.40625,52.9405642996797));
#5582=CARTESIAN_POINT('',(-26.7884987069032,11.0625,50.5415391999083));
#5583=CARTESIAN_POINT('',(-27.8852220702328,8.71875000000001,47.6239544623803));
#5584=CARTESIAN_POINT('',(-27.968330207928,6.37499999999999,44.5081566714803));
#5585=CARTESIAN_POINT('',(-27.028697966672,4.03124999999999,41.5362559181711));
#5586=CARTESIAN_POINT('',(-25.1694956075342,1.68749999999996,39.0345626068104));
#5587=CARTESIAN_POINT('',(-22.5948608605248,-0.656250000000018,37.2777590447072));
#5588=CARTESIAN_POINT('',(-19.5874848970878,-3.00000000000002,36.4587397220586));
#5589=CARTESIAN_POINT('',(-16.4775732483455,-5.34375000000004,36.667431775918));
#5590=CARTESIAN_POINT('',(-13.6065897153641,-7.68750000000001,37.8809211206096));
#5591=CARTESIAN_POINT('',(-11.2897641376704,-10.03125,39.9659683811943));
#5592=CARTESIAN_POINT('',(-9.78148061279582,-12.375,42.6936383841309));
#5593=CARTESIAN_POINT('',(-9.24734649029283,-14.71875,45.7644369082135));
#5594=CARTESIAN_POINT('',(-9.74600892427718,-17.0625,48.8411947168914));
#5595=CARTESIAN_POINT('',(-11.2227155007285,-19.40625,51.5860882527855));
#5596=CARTESIAN_POINT('',(-13.515325973361,-21.75,53.6977321756822));
#5597=CARTESIAN_POINT('',(-16.372115028155,-24.09375,54.944271036985));
#5598=CARTESIAN_POINT('',(-19.4794113587595,-26.4375,55.1888366726323));
#5599=CARTESIAN_POINT('',(-22.4960383222566,-28.7812500000001,54.404576129553));
#5600=CARTESIAN_POINT('',(-25.0907746410982,-31.125,52.6776000810762));
#5601=CARTESIAN_POINT('',(-26.9787220203259,-33.46875,50.1975279995437));
#5602=CARTESIAN_POINT('',(-27.9525865682988,-35.8125,47.2366682125006));
#5603=CARTESIAN_POINT('',(-27.9054393661814,-38.15625,44.1201188421776));
#5604=CARTESIAN_POINT('',(-26.8424571085753,-40.5,41.1900725018708));
#5605=CARTESIAN_POINT('',(-24.8803537099408,-42.84375,38.7682440419271));
#5606=CARTESIAN_POINT('',(-22.2345652855943,-45.1875,37.1205467244791));
#5607=CARTESIAN_POINT('',(-19.1955955778417,-47.5312500000001,36.4278953318662));
#5608=CARTESIAN_POINT('',(-16.097119065234,-49.875,36.7663419851929));
#5609=CARTESIAN_POINT('',(-13.2793439874306,-52.21875,38.0987257314303));
#5610=CARTESIAN_POINT('',(-11.0516579725355,-54.5625,40.2787527623106));
#5611=CARTESIAN_POINT('',(-9.65865772301068,-56.9062500000001,43.0670592628868));
#5612=CARTESIAN_POINT('',(-9.25329265151355,-59.2500000000001,46.1574932122112));
#5613=CARTESIAN_POINT('',(-9.8800712566017,-61.59375,49.2107294324427));
#5614=CARTESIAN_POINT('',(-11.4701741539663,-63.9375000000001,51.8915270025924));
#5615=CARTESIAN_POINT('',(-13.8490103452937,-66.28125,53.9055382267816));
#5616=CARTESIAN_POINT('',(-16.7553870573629,-68.6250000000001,55.0316275855229));
#5617=CARTESIAN_POINT('',(-19.8701883307744,-70.96875,55.1461520959258));
#5618=CARTESIAN_POINT('',(-22.8514134907442,-73.3125000000001,54.2365371323885));
#5619=CARTESIAN_POINT('',(-25.3717283265492,-75.65625,52.4026571023021));
#5620=CARTESIAN_POINT('',(-27.15440591443,-78.0000000000001,49.8458693805705));
#5621=CARTESIAN_POINT('',(-28.0037108335807,-80.34375,46.8469055610767));
#5622=CARTESIAN_POINT('',(-27.8263906322558,-82.6875000000001,43.7350475337026));
#5623=CARTESIAN_POINT('',(-26.6419148120964,-85.03125,40.851972809075));
#5624=CARTESIAN_POINT('',(-24.5803371050112,-87.375,38.5142388220745));
#5625=CARTESIAN_POINT('',(-21.8680157615121,-89.71875,36.9785253833341));
#5626=CARTESIAN_POINT('',(-18.8027597421983,-92.0625,36.4134516072761));
#5627=CARTESIAN_POINT('',(-15.721129724612,-94.40625,36.8810617772276));
#5628=CARTESIAN_POINT('',(-12.9614842276251,-96.75,38.330012972847));
#5629=CARTESIAN_POINT('',(-10.8268283354424,-99.0937500000001,40.6012124485204));
#5630=CARTESIAN_POINT('',(-9.55154417760465,-101.4375,43.4452857867266));
#5631=CARTESIAN_POINT('',(-9.27565611015812,-103.78125,46.5499578484058));
#5632=CARTESIAN_POINT('',(-10.0294562438827,-106.125,49.574340131571));
#5633=CARTESIAN_POINT('',(-11.7301784143408,-108.46875,52.1863598357926));
#5634=CARTESIAN_POINT('',(-14.1910857870248,-110.8125,54.0992209753941));
#5635=CARTESIAN_POINT('',(-17.1419742917033,-113.15625,55.1028941638797));
#5636=CARTESIAN_POINT('',(-20.2588406385266,-115.5,55.087177536799));
#5637=CARTESIAN_POINT('',(-23.19945741064,-117.84375,54.0537967570713));
#5638=CARTESIAN_POINT('',(-25.6409491395603,-120.1875,52.1162155397081));
#5639=CARTESIAN_POINT('',(-27.3152435647107,-122.53125,49.4871774999573));
#5640=CARTESIAN_POINT('',(-28.0385055796041,-124.875,46.455347212244));
#5641=CARTESIAN_POINT('',(-27.7313220617964,-127.21875,43.3536152566702));
#5642=CARTESIAN_POINT('',(-26.4274213145876,-129.5625,40.5225473175229));
#5643=CARTESIAN_POINT('',(-24.2699697640982,-131.90625,38.2729905535167));
#5644=CARTESIAN_POINT('',(-21.4958524330434,-134.25,36.8519430673912));
#5645=CARTESIAN_POINT('',(-18.4096635306799,-136.59375,36.4154337295278));
#5646=CARTESIAN_POINT('',(-15.3502616175619,-138.9375,37.0113909633824));
#5647=CARTESIAN_POINT('',(-12.6535665293257,-141.28125,38.5743782969346));
#5648=CARTESIAN_POINT('',(-10.6156642816656,-143.625,40.9327865708447));
#5649=CARTESIAN_POINT('',(-9.46034048211695,-145.96875,43.8276488402296));
#5650=CARTESIAN_POINT('',(-9.31434766466221,-148.3125,46.9411773353551));
#5651=CARTESIAN_POINT('',(-10.1940901341843,-150.65625,49.9312725760512));
#5652=CARTESIAN_POINT('',(-11.3990805576838,-152.21875,51.624102010319));
#5653=CARTESIAN_POINT('',(-12.1239913097281,-153.,52.3483524184137));
#5654=CARTESIAN_POINT('',(-26.3186512661796,147.,50.9684591179938));
#5655=CARTESIAN_POINT('',(-26.8904968262191,146.21875,50.1181461651115));
#5656=CARTESIAN_POINT('',(-27.7468786108011,144.65625,48.2249272116912));
#5657=CARTESIAN_POINT('',(-28.0342443158937,142.3125,45.1213743534329));
#5658=CARTESIAN_POINT('',(-27.2913059145326,139.96875,42.0942609591861));
#5659=CARTESIAN_POINT('',(-25.6000508954601,137.625,39.4761209326012));
#5660=CARTESIAN_POINT('',(-23.1460657023004,135.28125,37.5543790601351));
#5661=CARTESIAN_POINT('',(-20.1988240785925,132.9375,36.5400513957848));
#5662=CARTESIAN_POINT('',(-17.0819209288528,130.59375,36.5445065482947));
#5663=CARTESIAN_POINT('',(-14.1375898445462,128.25,37.5672561794733));
#5664=CARTESIAN_POINT('',(-11.6891135485259,125.90625,39.4960036363573));
#5665=CARTESIAN_POINT('',(-10.005331349978,123.5625,42.1189752974614));
#5666=CARTESIAN_POINT('',(-9.27112005794729,121.21875,45.1481726520948));
#5667=CARTESIAN_POINT('',(-9.56709502138415,118.875,48.2509942162285));
#5668=CARTESIAN_POINT('',(-10.8607586144341,116.53125,51.0867546686826));
#5669=CARTESIAN_POINT('',(-13.0100684464371,114.1875,53.3440916135364));
#5670=CARTESIAN_POINT('',(-15.7790334062432,111.84375,54.775152719021));
#5671=CARTESIAN_POINT('',(-18.8636251461647,109.5,55.222809545566));
#5672=CARTESIAN_POINT('',(-21.9251599544873,107.15625,54.6379100210711));
#5673=CARTESIAN_POINT('',(-24.6274857372567,104.8125,53.0846752673685));
#5674=CARTESIAN_POINT('',(-26.673891031984,102.46875,50.7336482139213));
#5675=CARTESIAN_POINT('',(-27.8396834970899,100.125,47.8429682308325));
#5676=CARTESIAN_POINT('',(-27.9968608060287,97.7812499999999,44.730027799362));
#5677=CARTESIAN_POINT('',(-27.1281651176095,95.4375,41.7366232765401));
#5678=CARTESIAN_POINT('',(-25.3289779619983,93.09375,39.1914261495158));
#5679=CARTESIAN_POINT('',(-22.7968474866593,90.75,37.3738953816365));
#5680=CARTESIAN_POINT('',(-19.8097979554835,88.4062499999999,36.4835932224623));
#5681=CARTESIAN_POINT('',(-16.6958030867283,86.0625000000001,36.6182735613979));
#5682=CARTESIAN_POINT('',(-13.796775013113,83.7187500000001,37.7631486920209));
#5683=CARTESIAN_POINT('',(-11.4310228241633,81.375,39.7925129808582));
#5684=CARTESIAN_POINT('',(-9.85830268856287,79.03125,42.4835451641302));
#5685=CARTESIAN_POINT('',(-9.25129700252508,76.6875,45.5407738002394));
#5686=CARTESIAN_POINT('',(-9.6766541124452,74.34375,48.6285196067088));
#5687=CARTESIAN_POINT('',(-11.0876704228616,72.,51.4077525598935));
#5688=CARTESIAN_POINT('',(-13.3294183836884,69.65625,53.5733169012274));
#5689=CARTESIAN_POINT('',(-16.1557573111392,67.3125,54.8874367981571));
#5690=CARTESIAN_POINT('',(-19.2563592788035,64.9687500000001,55.2058237866532));
#5691=CARTESIAN_POINT('',(-22.2907826751322,62.6249999999999,54.4935194358725));
#5692=CARTESIAN_POINT('',(-24.9258521999921,60.28125,52.8287337333016));
#5693=CARTESIAN_POINT('',(-26.8722410307386,57.9375000000001,50.3942577412505));
#5694=CARTESIAN_POINT('',(-27.9162384888804,55.5937499999999,47.4573934025854));
#5695=CARTESIAN_POINT('',(-27.9432151634804,53.25,44.3406041740113));
#5696=CARTESIAN_POINT('',(-26.9502090546849,50.90625,41.3861090049132));
#5697=CARTESIAN_POINT('',(-25.0462507970228,48.5625,38.9183071916775));
#5698=CARTESIAN_POINT('',(-22.44039225343,46.21875,37.2081598041367));
#5699=CARTESIAN_POINT('',(-19.4187529230561,43.875,36.4434385520017));
#5700=CARTESIAN_POINT('',(-16.3131044340829,41.53125,36.7081087227163));
#5701=CARTESIAN_POINT('',(-13.4644424988004,39.1875,37.9731099143369));
#5702=CARTESIAN_POINT('',(-11.185546077592,36.84375,40.099546825635));
#5703=CARTESIAN_POINT('',(-9.72663470146529,34.5,42.8539397592846));
#5704=CARTESIAN_POINT('',(-9.24789472944916,32.15625,45.9338603549365));
#5705=CARTESIAN_POINT('',(-9.80189111805374,29.8125,49.0011377857769));
#5706=CARTESIAN_POINT('',(-11.3277958650731,27.46875,51.7189894262003));
#5707=CARTESIAN_POINT('',(-13.6580668362492,25.125,53.7889990970043));
#5708=CARTESIAN_POINT('',(-16.5368436492927,22.78125,54.9838827302559));
#5709=CARTESIAN_POINT('',(-19.6480407737979,20.4375,55.1724438312224));
#5710=CARTESIAN_POINT('',(-22.6500532653189,18.09375,54.3339786637397));
#5711=CARTESIAN_POINT('',(-25.2132644941927,15.75,52.5605494904981));
#5712=CARTESIAN_POINT('',(-27.0562375747438,13.40625,50.0468762697527));
#5713=CARTESIAN_POINT('',(-27.9766167282783,11.0625,47.068956685535));
#5714=CARTESIAN_POINT('',(-27.8733456549122,8.71875000000001,43.9537620011316));
#5715=CARTESIAN_POINT('',(-26.7577633691367,6.375,41.0433360872846));
#5716=CARTESIAN_POINT('',(-24.752359192428,4.03125,38.657239499892));
#5717=CARTESIAN_POINT('',(-22.0773236029075,1.6875,37.0574621931616));
#5718=CARTESIAN_POINT('',(-19.0263716393162,-0.656249999999987,36.4196574015635));
#5719=CARTESIAN_POINT('',(-15.9344934145659,-3.00000000000001,36.8138551687377));
#5720=CARTESIAN_POINT('',(-13.1411726858527,-5.34375,38.1967731499889));
#5721=CARTESIAN_POINT('',(-10.9531120291193,-7.68749999999999,40.416568951135));
#5722=CARTESIAN_POINT('',(-9.61055733981346,-10.03125,43.229512203771));
#5723=CARTESIAN_POINT('',(-9.26091918104094,-12.375,46.3267458072078));
#5724=CARTESIAN_POINT('',(-9.94258731694207,-14.71875,49.3681979914163));
#5725=CARTESIAN_POINT('',(-11.5807155721134,-17.0625,52.0199217055195));
#5726=CARTESIAN_POINT('',(-13.9954398334144,-19.40625,53.9907615209822));
#5727=CARTESIAN_POINT('',(-16.9216268694474,-21.75,55.064322076555));
#5728=CARTESIAN_POINT('',(-20.0379855758938,-24.09375,55.1227279759611));
#5729=CARTESIAN_POINT('',(-23.0023442740747,-26.4375,54.15956633592));
#5730=CARTESIAN_POINT('',(-25.4892206663774,-28.78125,52.2805909114567));
#5731=CARTESIAN_POINT('',(-27.2255593217753,-31.125,49.6921104865551));
#5732=CARTESIAN_POINT('',(-28.0207127672285,-33.46875,46.6783364680671));
#5733=CARTESIAN_POINT('',(-27.7873743044816,-35.8125,43.5701768843052));
#5734=CARTESIAN_POINT('',(-26.5511641592596,-38.15625,40.7089031621356));
#5735=CARTESIAN_POINT('',(-24.4478164175374,-40.5,38.4086790179005));
#5736=CARTESIAN_POINT('',(-21.7082756192174,-42.84375,36.9220657357497));
#5737=CARTESIAN_POINT('',(-18.6333393816687,-45.1875,36.4122913039266));
#5738=CARTESIAN_POINT('',(-15.5606312563966,-47.53125,36.9353282177423));
#5739=CARTESIAN_POINT('',(-12.8275301513989,-49.8750000000001,38.4337477805451));
#5740=CARTESIAN_POINT('',(-10.7341266150335,-52.21875,40.7430256915513));
#5741=CARTESIAN_POINT('',(-9.51027332783632,-54.5625,43.6096065761146));
#5742=CARTESIAN_POINT('',(-9.29034761064358,-56.90625,46.7187439991388));
#5743=CARTESIAN_POINT('',(-10.0984969891175,-59.25,49.729059168419));
#5744=CARTESIAN_POINT('',(-11.8459878303541,-61.59375,52.310023832285));
#5745=CARTESIAN_POINT('',(-14.3409481674369,-63.9375,54.178251803575));
#5746=CARTESIAN_POINT('',(-17.309434963896,-66.28125,55.1286143531199));
#5747=CARTESIAN_POINT('',(-20.425512662897,-68.6249999999999,55.0567630475192));
#5748=CARTESIAN_POINT('',(-23.3470404399729,-70.9687500000001,53.9705870562071));
#5749=CARTESIAN_POINT('',(-25.7532387706997,-73.3125,51.9893469320585));
#5750=CARTESIAN_POINT('',(-27.3799105585252,-75.65625,49.330579975174));
#5751=CARTESIAN_POINT('',(-28.0484495938537,-78.,46.2862149519596));
#5752=CARTESIAN_POINT('',(-27.6854512575356,-80.34375,43.1905187388021));
#5753=CARTESIAN_POINT('',(-26.3307722418822,-82.6875,40.383394302501));
#5754=CARTESIAN_POINT('',(-24.133154343497,-85.03125,38.173059846129));
#5755=CARTESIAN_POINT('',(-21.3338928291375,-87.3750000000001,36.8022068961178));
#5756=CARTESIAN_POINT('',(-18.2403425644188,-89.71875,36.4213531236704));
#5757=CARTESIAN_POINT('',(-15.1921708941064,-92.0625000000001,37.0723157221604));
#5758=CARTESIAN_POINT('',(-12.5240626589319,-94.40625,38.6836199397819));
#5759=CARTESIAN_POINT('',(-10.528972284148,-96.7500000000001,41.0783469039202));
#5760=CARTESIAN_POINT('',(-9.42595780734209,-99.0937499999999,43.9935590574842));
#5761=CARTESIAN_POINT('',(-9.3361286227428,-101.4375,47.1091703223761));
#5762=CARTESIAN_POINT('',(-10.2693478448962,-103.78125,50.08309108792));
#5763=CARTESIAN_POINT('',(-12.1231493529545,-106.125,52.5887891553352));
#5764=CARTESIAN_POINT('',(-14.6939884225456,-108.46875,54.3511425008913));
#5765=CARTESIAN_POINT('',(-17.699590642115,-110.8125,55.1766472761942));
#5766=CARTESIAN_POINT('',(-20.8099452350529,-113.15625,54.9746642508693));
#5767=CARTESIAN_POINT('',(-23.6835397656595,-115.5,53.7673708689637));
#5768=CARTESIAN_POINT('',(-26.0048577106483,-117.84375,51.6873261976601));
#5769=CARTESIAN_POINT('',(-27.5190217170467,-120.1875,48.9629161334457));
#5770=CARTESIAN_POINT('',(-28.0597787669707,-122.53125,45.89327696092));
#5771=CARTESIAN_POINT('',(-27.567754518323,-124.875,42.8154506216951));
#5772=CARTESIAN_POINT('',(-26.0969725224602,-127.21875,40.0673779955649));
#5773=CARTESIAN_POINT('',(-23.8089225134761,-129.5625,37.9507934848432));
#5774=CARTESIAN_POINT('',(-20.9548290798443,-131.90625,36.6980949978582));
#5775=CARTESIAN_POINT('',(-17.8480675273536,-134.25,36.4468270527318));
#5776=CARTESIAN_POINT('',(-14.8297558753235,-136.59375,37.2245783718132));
#5777=CARTESIAN_POINT('',(-12.2313000258623,-138.9375,38.9459534875199));
#5778=CARTESIAN_POINT('',(-10.338007985964,-141.28125,41.4219460269714));
#5779=CARTESIAN_POINT('',(-9.35775558327015,-143.625,44.3807025875014));
#5780=CARTESIAN_POINT('',(-9.39819140091643,-145.96875,47.4973298647295));
#5781=CARTESIAN_POINT('',(-10.4548073962575,-148.3125,50.429724147751));
#5782=CARTESIAN_POINT('',(-12.4118433675379,-150.65625,52.8555490730553));
#5783=CARTESIAN_POINT('',(-14.1729271349955,-152.21875,53.9583896681762));
#5784=CARTESIAN_POINT('',(-15.1198159737681,-153.,54.3500984618771));
#5785=CARTESIAN_POINT('',(-27.7059094739889,147.,47.6431820911796));
#5786=CARTESIAN_POINT('',(-27.9088252032734,146.21875,46.6387595360838));
#5787=CARTESIAN_POINT('',(-27.9755152787506,144.65625,44.5619301737175));
#5788=CARTESIAN_POINT('',(-27.0533283117067,142.3125,41.584651115537));
#5789=CARTESIAN_POINT('',(-25.2085165849037,139.96875,39.0722732254703));
#5790=CARTESIAN_POINT('',(-22.6440818767398,137.625,37.3006425173634));
#5791=CARTESIAN_POINT('',(-19.6414764078187,135.28125,36.4642840113134));
#5792=CARTESIAN_POINT('',(-16.5304138021731,132.9375,36.6550279835301));
#5793=CARTESIAN_POINT('',(-13.652475690363,130.59375,37.8519312034401));
#5794=CARTESIAN_POINT('',(-11.3236578039449,128.25,39.9235753799312));
#5795=CARTESIAN_POINT('',(-9.79966036517847,125.90625,42.6424969917551));
#5796=CARTESIAN_POINT('',(-9.24781625300084,123.5625,45.7101623749018));
#5797=CARTESIAN_POINT('',(-9.72871710873741,121.21875,48.7897463081005));
#5798=CARTESIAN_POINT('',(-11.1895607257716,118.875,51.5431149293362));
#5799=CARTESIAN_POINT('',(-13.4699485846558,116.53125,53.6679523463491));
#5800=CARTESIAN_POINT('',(-16.3194973975298,114.1875,54.9309544839543));
#5801=CARTESIAN_POINT('',(-19.4253308259066,111.84375,55.1934455341673));
#5802=CARTESIAN_POINT('',(-22.4464328514774,109.5,54.4266043593229));
#5803=CARTESIAN_POINT('',(-25.051090841335,107.15625,52.7146290113125));
#5804=CARTESIAN_POINT('',(-26.9533171153976,104.8125,50.2454919072625));
#5805=CARTESIAN_POINT('',(-27.9442499800225,102.46875,47.2903007300061));
#5806=CARTESIAN_POINT('',(-27.9150864398922,100.125,44.1735311966181));
#5807=CARTESIAN_POINT('',(-26.8690286095329,97.7812500000003,41.2374000939811));
#5808=CARTESIAN_POINT('',(-24.9209321257708,95.4375,38.8042903705442));
#5809=CARTESIAN_POINT('',(-22.284695164929,93.0937500000001,37.1413539548565));
#5810=CARTESIAN_POINT('',(-19.2497727324341,90.7500000000001,36.4311788602021));
#5811=CARTESIAN_POINT('',(-16.1493949218684,88.4062500000001,36.7517412848254));
#5812=CARTESIAN_POINT('',(-13.3239787326563,86.0625,38.0678439381422));
#5813=CARTESIAN_POINT('',(-11.0837507758838,83.7187500000001,40.2349806523398));
#5814=CARTESIAN_POINT('',(-9.67468484109083,81.375,43.0152029505985));
#5815=CARTESIAN_POINT('',(-9.25149432994062,79.0312500000001,46.1032464456938));
#5816=CARTESIAN_POINT('',(-9.86064494848345,76.6875,49.1600484282007));
#5817=CARTESIAN_POINT('',(-11.4352528398374,74.3437500000001,51.8499764615902));
#5818=CARTESIAN_POINT('',(-13.8024283349376,72.0000000000001,53.8776803383252));
#5819=CARTESIAN_POINT('',(-16.7022589881434,69.6562500000001,55.0205211054731));
#5820=CARTESIAN_POINT('',(-19.8163475878515,67.3125000000001,55.1530164997285));
#5821=CARTESIAN_POINT('',(-22.8027717098189,64.9687500000001,54.2606187184341));
#5822=CARTESIAN_POINT('',(-25.3336263048149,62.6250000000001,52.441311747273));
#5823=CARTESIAN_POINT('',(-27.1310271987651,60.2812500000001,49.8948528603564));
#5824=CARTESIAN_POINT('',(-27.9976223731518,57.9375,46.9008395604431));
#5825=CARTESIAN_POINT('',(-27.8382609312119,55.5937500000001,43.788010177526));
#5826=CARTESIAN_POINT('',(-26.6704405287808,53.25,40.898148875665));
#5827=CARTESIAN_POINT('',(-24.6223861569894,50.9062500000001,38.5485582461053));
#5828=CARTESIAN_POINT('',(-21.9189712236937,48.5625000000001,36.9972199416844));
#5829=CARTESIAN_POINT('',(-18.8570267785344,46.21875,36.4144686644778));
#5830=CARTESIAN_POINT('',(-15.7727498930013,43.8750000000001,36.8642896618707));
#5831=CARTESIAN_POINT('',(-13.004789708238,41.53125,38.2972932389399));
#5832=CARTESIAN_POINT('',(-10.8570642491417,39.1875000000001,40.5561376755223));
#5833=CARTESIAN_POINT('',(-9.56539066479757,36.84375,43.3928051195198));
#5834=CARTESIAN_POINT('',(-9.27159284657738,34.5000000000001,46.4958335883448));
#5835=CARTESIAN_POINT('',(-10.0079293699926,32.1562500000001,49.5245150441292));
#5836=CARTESIAN_POINT('',(-11.6935515497596,29.8125,52.1463046435073));
#5837=CARTESIAN_POINT('',(-14.1433805085088,27.4687500000001,54.0733336804452));
#5838=CARTESIAN_POINT('',(-17.0884285698358,25.125,55.0940171538111));
#5839=CARTESIAN_POINT('',(-20.2053337161244,22.7812500000001,55.0962854944764));
#5840=CARTESIAN_POINT('',(-23.1518642703911,20.4375,54.0798896419171));
#5841=CARTESIAN_POINT('',(-25.6044954394397,18.09375,52.156428390698));
#5842=CARTESIAN_POINT('',(-27.293931868227,15.7500000000001,49.5370950042396));
#5843=CARTESIAN_POINT('',(-28.0346758803581,13.40625,46.5094884999495));
#5844=CARTESIAN_POINT('',(-27.7453948546632,11.0625,43.4060356930742));
#5845=CARTESIAN_POINT('',(-26.4578514293667,8.71875000000004,40.5674912131859));
#5846=CARTESIAN_POINT('',(-24.3134160103514,6.37500000000002,38.3055231386983));
#5847=CARTESIAN_POINT('',(-21.5475445050595,4.03125000000006,36.8684922926336));
#5848=CARTESIAN_POINT('',(-18.4639256044029,1.68750000000004,36.4141825834657));
#5849=CARTESIAN_POINT('',(-15.4011362037382,-0.656249999999964,36.9924765601788));
#5850=CARTESIAN_POINT('',(-12.6954661494469,-2.99999999999996,38.5398783805349));
#5851=CARTESIAN_POINT('',(-10.6439941001939,-5.34374999999994,40.8864855627153));
#5852=CARTESIAN_POINT('',(-9.4719687198768,-7.68749999999998,43.7746440320904));
#5853=CARTESIAN_POINT('',(-9.30807670011719,-10.03125,46.8872381659579));
#5854=CARTESIAN_POINT('',(-10.1703131476419,-12.375,49.8825096302644));
#5855=CARTESIAN_POINT('',(-11.9640057475934,-14.7187499999999,52.4315819503856));
#5856=CARTESIAN_POINT('',(-14.4922096467715,-17.0625,54.2545706723773));
#5857=CARTESIAN_POINT('',(-17.4773317136689,-19.40625,55.1513142712116));
#5858=CARTESIAN_POINT('',(-20.5916098628181,-21.75,55.0233515967255));
#5859=CARTESIAN_POINT('',(-23.4931008577223,-24.09375,53.8847327655008));
#5860=CARTESIAN_POINT('',(-25.8632251836602,-26.4375,51.8604764783858));
#5861=CARTESIAN_POINT('',(-27.4417466176308,-28.78125,49.1728431479583));
#5862=CARTESIAN_POINT('',(-28.05534578925,-31.125,46.1169310266897));
#5863=CARTESIAN_POINT('',(-27.6366503969422,-33.4687499999999,43.0282748456315));
#5864=CARTESIAN_POINT('',(-26.2316325892103,-35.8125,40.2460045862418));
#5865=CARTESIAN_POINT('',(-23.9945612892211,-38.15625,38.0756094989149));
#5866=CARTESIAN_POINT('',(-21.171063690165,-40.5,36.7553958251276));
#5867=CARTESIAN_POINT('',(-18.0711557447046,-42.84375,36.4303211167943));
#5868=CARTESIAN_POINT('',(-15.035202861754,-45.1875,37.1360781067242));
#5869=CARTESIAN_POINT('',(-12.3965482768667,-47.53125,38.7951756981818));
#5870=CARTESIAN_POINT('',(-10.4449124470918,-49.8749999999999,41.2254473752311));
#5871=CARTESIAN_POINT('',(-9.39458216382572,-52.21875,44.1600528227116));
#5872=CARTESIAN_POINT('',(-9.36088217304446,-54.5625,47.2767766069038));
#5873=CARTESIAN_POINT('',(-10.3475126849949,-56.90625,50.2334069641212));
#5874=CARTESIAN_POINT('',(-12.2461430964595,-59.2499999999999,52.7053101574094));
#5875=CARTESIAN_POINT('',(-14.8483065343101,-61.59375,54.4210747913391));
#5876=CARTESIAN_POINT('',(-17.8682892166621,-63.9374999999999,55.1923123906694));
#5877=CARTESIAN_POINT('',(-20.9745014128918,-66.2812499999999,54.9343421824598));
#5878=CARTESIAN_POINT('',(-23.8258855164665,-68.625,53.6754889224611));
#5879=CARTESIAN_POINT('',(-26.1093636768622,-70.9687499999999,51.5539728779012));
#5880=CARTESIAN_POINT('',(-27.5742132947349,-73.3125,48.8027334420566));
#5881=CARTESIAN_POINT('',(-28.059596000701,-75.6562500000001,45.7238527257773));
#5882=CARTESIAN_POINT('',(-27.5122174756699,-78.,42.6553873786265));
#5883=CARTESIAN_POINT('',(-25.9921790899993,-80.34375,39.9342504577027));
#5884=CARTESIAN_POINT('',(-23.6663788599549,-82.6875,37.859218861255));
#5885=CARTESIAN_POINT('',(-20.7901862869171,-85.03125,36.6581280573894));
#5886=CARTESIAN_POINT('',(-17.6794031554757,-87.3749999999999,36.462856079194));
#5887=CARTESIAN_POINT('',(-14.6755889542379,-89.7187499999999,37.2948435074467));
#5888=CARTESIAN_POINT('',(-12.108558137987,-92.0625,39.0627393258551));
#5889=CARTESIAN_POINT('',(-10.2601669775682,-94.40625,41.5724311305228));
#5890=CARTESIAN_POINT('',(-9.33336614900868,-96.75,44.548358391144));
#5891=CARTESIAN_POINT('',(-9.42991704282241,-99.09375,47.6637685986823));
#5892=CARTESIAN_POINT('',(-10.5392185105131,-101.4375,50.5765942182665));
#5893=CARTESIAN_POINT('',(-12.5394708553469,-103.78125,52.9670112097802));
#5894=CARTESIAN_POINT('',(-15.2110492628895,-106.125,54.5725552448907));
#5895=CARTESIAN_POINT('',(-18.2606182879827,-108.46875,55.2169399106935));
#5896=CARTESIAN_POINT('',(-21.3533396623599,-110.8125,54.8294127028771));
#5897=CARTESIAN_POINT('',(-24.1496370522169,-113.15625,53.4525235483668));
#5898=CARTESIAN_POINT('',(-26.3424810485215,-115.5,51.2374528848898));
#5899=CARTESIAN_POINT('',(-27.6911005520606,-117.84375,48.4274122675643));
#5900=CARTESIAN_POINT('',(-28.0474190918938,-120.1875,45.3309400919366));
#5901=CARTESIAN_POINT('',(-27.3723134077153,-122.53125,42.2880245243048));
#5902=CARTESIAN_POINT('',(-25.7399091271722,-124.875,39.6327732931501));
#5903=CARTESIAN_POINT('',(-23.3294418794524,-127.21875,37.6567291424514));
#5904=CARTESIAN_POINT('',(-20.405577481336,-129.5625,36.5768588650261));
#5905=CARTESIAN_POINT('',(-17.2893520174107,-131.90625,36.5117306439657));
#5906=CARTESIAN_POINT('',(-14.3229225269873,-134.25,37.4684955067344));
#5907=CARTESIAN_POINT('',(-11.8319987132489,-136.59375,39.3421018947637));
#5908=CARTESIAN_POINT('',(-10.0900802754639,-138.9375,41.9268311352604));
#5909=CARTESIAN_POINT('',(-9.28842783424302,-141.28125,44.938881461408));
#5910=CARTESIAN_POINT('',(-9.51505981881551,-143.625,48.0475424434122));
#5911=CARTESIAN_POINT('',(-10.7450992669716,-145.96875,50.9114564778223));
#5912=CARTESIAN_POINT('',(-12.8434638680657,-148.3125,53.2162861013699));
#5913=CARTESIAN_POINT('',(-15.5798523550522,-150.65625,54.7085308565629));
#5914=CARTESIAN_POINT('',(-17.6289204271366,-152.21875,55.0534851292044));
#5915=CARTESIAN_POINT('',(-18.653632110503,-153.,55.0530181955197));
#5916=CARTESIAN_POINT('',(-27.7150405123062,147.,44.040145973635));
#5917=CARTESIAN_POINT('',(-27.5181343304879,146.21875,43.0345280452257));
#5918=CARTESIAN_POINT('',(-26.7849797374159,144.65625,41.0902667178289));
#5919=CARTESIAN_POINT('',(-24.7936347043221,142.3125,38.6925252072321));
#5920=CARTESIAN_POINT('',(-22.1278055142232,139.96875,37.0773695803459));
#5921=CARTESIAN_POINT('',(-19.0806030546272,137.625,36.4219629061537));
#5922=CARTESIAN_POINT('',(-15.9864967739016,135.28125,36.7983157674574));
#5923=CARTESIAN_POINT('',(-13.1852442661753,132.9375,38.1650923355693));
#5924=CARTESIAN_POINT('',(-10.9844111812437,130.59375,40.3722259576029));
#5925=CARTESIAN_POINT('',(-9.62564790513449,128.25,43.1773756330369));
#5926=CARTESIAN_POINT('',(-9.25814411860305,125.90625,46.2725402314864));
#5927=CARTESIAN_POINT('',(-9.9222513563954,123.5625,49.3178750905476));
#5928=CARTESIAN_POINT('',(-11.5450515639905,121.21875,51.9790068649799));
#5929=CARTESIAN_POINT('',(-13.9483636365089,118.875,53.963747130083));
#5930=CARTESIAN_POINT('',(-16.8683073814795,116.53125,55.0541742766142));
#5931=CARTESIAN_POINT('',(-19.9842771996888,114.1875,55.1305609806629));
#5932=CARTESIAN_POINT('',(-22.9541441116162,111.84375,54.1845200926967));
#5933=CARTESIAN_POINT('',(-25.4518210258011,109.5,52.3199255339005));
#5934=CARTESIAN_POINT('',(-27.2030666295215,107.15625,49.7415070900139));
#5935=CARTESIAN_POINT('',(-28.0155966883753,104.8125,46.7323713769246));
#5936=CARTESIAN_POINT('',(-27.8001965770875,102.46875,43.6229171437214));
#5937=CARTESIAN_POINT('',(-26.5805169163377,100.125,40.7545579679064));
#5938=CARTESIAN_POINT('',(-24.4904767688144,97.78125,38.4422355383847));
#5939=CARTESIAN_POINT('',(-21.7595595198239,95.4375000000001,36.9398395135315));
#5940=CARTESIAN_POINT('',(-18.687615933492,93.09375,36.4123308039126));
#5941=CARTESIAN_POINT('',(-15.6119409725481,90.75,36.9176291028912));
#5942=CARTESIAN_POINT('',(-12.8702392992564,88.40625,38.4002533880686));
#5943=CARTESIAN_POINT('',(-10.7635457919334,86.0625,40.6974136572994));
#5944=CARTESIAN_POINT('',(-9.52317235070518,83.7187500000001,43.5568850354782));
#5945=CARTESIAN_POINT('',(-9.2853101854267,81.375,46.6647017010262));
#5946=CARTESIAN_POINT('',(-10.0760762178178,79.03125,49.6796298790008));
#5947=CARTESIAN_POINT('',(-11.8086454812323,76.6875,52.2706348160475));
#5948=CARTESIAN_POINT('',(-14.2927843764175,74.3437500000001,54.1532279175319));
#5949=CARTESIAN_POINT('',(-17.2557380455718,72.0000000000001,55.1207031837656));
#5950=CARTESIAN_POINT('',(-20.3721784612364,69.65625,55.0668332298068));
#5951=CARTESIAN_POINT('',(-23.2999249731796,67.3125,53.997532898686));
#5952=CARTESIAN_POINT('',(-25.7175152488826,64.96875,52.0302098201974));
#5953=CARTESIAN_POINT('',(-27.3595013727119,62.6250000000001,49.3808732229565));
#5954=CARTESIAN_POINT('',(-28.0455956431282,60.28125,46.3404164335198));
#5955=CARTESIAN_POINT('',(-27.7004659015595,57.9375000000001,43.242677209858));
#5956=CARTESIAN_POINT('',(-26.3620068944581,55.59375,40.4277828383694));
#5957=CARTESIAN_POINT('',(-24.1771794849477,53.25,38.2048046497719));
#5958=CARTESIAN_POINT('',(-21.3858745626066,50.90625,36.8178224340087));
#5959=CARTESIAN_POINT('',(-18.2945733707541,48.5625,36.4191248323343));
#5960=CARTESIAN_POINT('',(-15.2426963092082,46.21875,37.052488264763));
#5961=CARTESIAN_POINT('',(-12.5653350652988,43.875,38.6483703424683));
#5962=CARTESIAN_POINT('',(-10.5564600312541,41.53125,41.0315455214931));
#5963=CARTESIAN_POINT('',(-9.43664278031182,39.1875,43.9403446140434));
#5964=CARTESIAN_POINT('',(-9.3288376269979,36.84375,47.0553856868459));
#5965=CARTESIAN_POINT('',(-10.2448814212244,34.5,50.0346417354911));
#5966=CARTESIAN_POINT('',(-12.0841938792884,32.15625,52.5509947548304));
#5967=CARTESIAN_POINT('',(-14.6448211535512,29.8125,54.328152822823));
#5968=CARTESIAN_POINT('',(-17.6456100728157,27.46875,55.1709865539632));
#5969=CARTESIAN_POINT('',(-20.7570783538837,25.125,54.9869540235897));
#5970=CARTESIAN_POINT('',(-23.6375912797104,22.78125,53.796261737365));
#5971=CARTESIAN_POINT('',(-25.9708726972175,20.4375,51.7296459861808));
#5972=CARTESIAN_POINT('',(-27.500731681463,18.09375,49.0140181905038));
#5973=CARTESIAN_POINT('',(-28.0591919286601,15.75,45.9475503546004));
#5974=CARTESIAN_POINT('',(-27.5849353113859,13.40625,42.8669362117225));
#5975=CARTESIAN_POINT('',(-26.1300345202842,11.0625,40.1104227391668));
#5976=CARTESIAN_POINT('',(-23.8542355579489,8.71875000000001,37.9806711293865));
#5977=CARTESIAN_POINT('',(-21.007417858883,6.37500000000002,36.7115250288076));
#5978=CARTESIAN_POINT('',(-17.9021578890011,4.03125000000002,36.4423348436669));
#5979=CARTESIAN_POINT('',(-14.8794087017584,1.68750000000002,37.2026572669547));
#5980=CARTESIAN_POINT('',(-12.2710637860164,-0.65624999999998,38.9090099962722));
#5981=CARTESIAN_POINT('',(-10.3635156409898,-2.99999999999999,41.3740379698936));
#5982=CARTESIAN_POINT('',(-9.3662102940553,-5.34374999999999,44.3270846815632));
#5983=CARTESIAN_POINT('',(-9.38865042987137,-7.68749999999997,47.4439098734268));
#5984=CARTESIAN_POINT('',(-10.4283721539814,-10.03125,50.3822906473805));
#5985=CARTESIAN_POINT('',(-12.3712155248608,-12.375,52.8195970443193));
#5986=CARTESIAN_POINT('',(-15.0038591503836,-14.71875,54.4882163470132));
#5987=CARTESIAN_POINT('',(-18.0372425681442,-17.0625,55.2049365694038));
#5988=CARTESIAN_POINT('',(-21.1383046661518,-19.40625,54.8910628676883));
#5989=CARTESIAN_POINT('',(-23.966553311211,-21.75,53.5810581203492));
#5990=CARTESIAN_POINT('',(-26.2114508926803,-24.09375,51.4187589539425));
#5991=CARTESIAN_POINT('',(-27.6265109029815,-26.4375,48.6415826895377));
#5992=CARTESIAN_POINT('',(-28.0563617996305,-28.78125,45.5544592642468));
#5993=CARTESIAN_POINT('',(-27.4538065758823,-31.125,42.496350365162));
#5994=CARTESIAN_POINT('',(-25.8850049238093,-33.46875,39.8030319263616));
#5995=CARTESIAN_POINT('',(-23.5222089958013,-35.8124999999999,37.7702264169936));
#5996=CARTESIAN_POINT('',(-20.6248503673662,-38.15625,36.6211329418746));
#5997=CARTESIAN_POINT('',(-17.5110548253634,-40.5,36.4819203026022));
#5998=CARTESIAN_POINT('',(-14.5227126167233,-42.84375,37.3678738456206));
#5999=CARTESIAN_POINT('',(-11.9879393938187,-45.1875,39.1817171532899));
#6000=CARTESIAN_POINT('',(-10.1850495904018,-47.53125,41.7242928538468));
#6001=CARTESIAN_POINT('',(-9.31199789931003,-49.875,44.7164298127795));
#6002=CARTESIAN_POINT('',(-9.46464413350279,-52.21875,47.8295957196202));
#6003=CARTESIAN_POINT('',(-10.6262279572428,-54.5625,50.7219694604693));
#6004=CARTESIAN_POINT('',(-12.6692091467197,-56.90625,53.0759725819148));
#6005=CARTESIAN_POINT('',(-15.3692713221571,-59.25,54.633138945891));
#6006=CARTESIAN_POINT('',(-18.4299515618793,-61.59375,55.2224939378137));
#6007=CARTESIAN_POINT('',(-21.5151916023236,-63.9375,54.7793272319724));
#6008=CARTESIAN_POINT('',(-24.2862365493315,-66.28125,53.3522978917025));
#6009=CARTESIAN_POINT('',(-26.438829675572,-68.625,51.0980916746073));
#6010=CARTESIAN_POINT('',(-27.7366193691484,-70.96875,48.2642171629933));
#6011=CARTESIAN_POINT('',(-28.0371101987406,-73.3125000000001,45.1618296795123));
#6012=CARTESIAN_POINT('',(-27.3073087058692,-75.6562499999999,42.1315668827683));
#6013=CARTESIAN_POINT('',(-25.6273460389158,-78.,39.5061472450775));
#6014=CARTESIAN_POINT('',(-23.1816796689287,-80.34375,37.5738380454303));
#6015=CARTESIAN_POINT('',(-20.2388402260861,-82.6875,36.546804039187));
#6016=CARTESIAN_POINT('',(-17.12194722489,-85.03125,36.5378120748011));
#6017=CARTESIAN_POINT('',(-14.1732310088095,-87.375,37.5478494569568));
#6018=CARTESIAN_POINT('',(-11.7164563535474,-89.71875,39.4660155419428));
#6019=CARTESIAN_POINT('',(-10.0213735629399,-92.0625,42.0816984679325));
#6020=CARTESIAN_POINT('',(-9.27410027574288,-94.4062500000001,45.1077000327987));
#6021=CARTESIAN_POINT('',(-9.5566860180857,-96.7499999999999,48.2117696413209));
#6022=CARTESIAN_POINT('',(-10.8381032841718,-99.0937500000001,51.0530849399998));
#6023=CARTESIAN_POINT('',(-12.9776543115394,-101.4375,53.3196736185246));
#6024=CARTESIAN_POINT('',(-15.7404194918854,-103.78125,54.7626675182339));
#6025=CARTESIAN_POINT('',(-18.8230512042825,-106.125,55.2236279959874));
#6026=CARTESIAN_POINT('',(-21.8870809452193,-108.46875,54.6519422580298));
#6027=CARTESIAN_POINT('',(-24.5960826807446,-110.8125,53.1103805715414));
#6028=CARTESIAN_POINT('',(-26.652611938414,-113.15625,50.7682041800886));
#6029=CARTESIAN_POINT('',(-27.8308647801594,-115.5,47.8825806638889));
#6030=CARTESIAN_POINT('',(-28.0014707481013,-117.84375,44.7703473114476));
#6031=CARTESIAN_POINT('',(-27.1456975537152,-120.1875,41.7732228435559));
#6032=CARTESIAN_POINT('',(-25.3575078560023,-122.53125,39.2202871918913));
#6033=CARTESIAN_POINT('',(-22.8332422974947,-124.875,37.3918489988379));
#6034=CARTESIAN_POINT('',(-19.8500615854432,-127.21875,36.4886681326297));
#6035=CARTESIAN_POINT('',(-16.7355146479109,-129.5625,36.6099125491906));
#6036=CARTESIAN_POINT('',(-13.8315742319206,-131.90625,37.7422697753224));
#6037=CARTESIAN_POINT('',(-11.4570888027311,-134.25,39.7614086687245));
#6038=CARTESIAN_POINT('',(-9.87277339764553,-136.59375,42.4456305374087));
#6039=CARTESIAN_POINT('',(-9.25258366315959,-138.9375,45.5002123064585));
#6040=CARTESIAN_POINT('',(-9.66461513779448,-141.28125,48.5897630614506));
#6041=CARTESIAN_POINT('',(-11.0636288444062,-143.625,51.3750630105007));
#6042=CARTESIAN_POINT('',(-13.2960095674257,-145.96875,53.5502588517992));
#6043=CARTESIAN_POINT('',(-16.1166657854787,-148.3125,54.8766343990205));
#6044=CARTESIAN_POINT('',(-19.2158164464511,-150.65625,55.2081182473561));
#6045=CARTESIAN_POINT('',(-21.2409167840357,-152.21875,54.7426700365272));
#6046=CARTESIAN_POINT('',(-22.187448247238,-153.,54.3500984618775));
#6047=CARTESIAN_POINT('',(-26.3446542633208,147.,40.7078803526522));
#6048=CARTESIAN_POINT('',(-25.7779033516223,146.21875,39.8541632645807));
#6049=CARTESIAN_POINT('',(-24.3565202307336,144.65625,38.3384661344764));
#6050=CARTESIAN_POINT('',(-21.5991813612907,142.3125,36.8852965808709));
#6051=CARTESIAN_POINT('',(-18.5181830362867,139.96875,36.4132560199364));
#6052=CARTESIAN_POINT('',(-15.452121776773,137.625,36.9738531045285));
#6053=CARTESIAN_POINT('',(-12.7375643173401,135.28125,38.5056210216995));
#6054=CARTESIAN_POINT('',(-10.6725872084171,132.9375,40.8403508430722));
#6055=CARTESIAN_POINT('',(-9.48391603694328,130.59375,43.7216987809907));
#6056=CARTESIAN_POINT('',(-9.30206676271103,128.25,46.833295346028));
#6057=CARTESIAN_POINT('',(-10.1470057484837,125.90625,49.8334921787259));
#6058=CARTESIAN_POINT('',(-11.9259600294393,123.5625,52.3928718874389));
#6059=CARTESIAN_POINT('',(-14.443602968007,121.21875,54.2304183136671));
#6060=CARTESIAN_POINT('',(-17.4235010190469,118.875,55.1443715089911));
#6061=CARTESIAN_POINT('',(-20.5384656842882,116.53125,55.0343807367275));
#6062=CARTESIAN_POINT('',(-23.4464783493471,114.1875,53.9125228239758));
#6063=CARTESIAN_POINT('',(-25.8282434293947,111.84375,51.9019761471411));
#6064=CARTESIAN_POINT('',(-27.4222465635067,109.5,49.2234958233781));
#6065=CARTESIAN_POINT('',(-28.0534685130044,107.15625,46.1711751182757));
#6066=CARTESIAN_POINT('',(-27.6526020207923,104.8125,43.0801544305818));
#6067=CARTESIAN_POINT('',(-26.2636616479284,102.46875,40.2898233611642));
#6068=CARTESIAN_POINT('',(-24.0391510384846,100.125,38.1065562256995));
#6069=CARTESIAN_POINT('',(-21.2233182399968,97.78125,36.7700725979325));
#6070=CARTESIAN_POINT('',(-18.1253376211099,95.4375000000001,36.4271164471932));
#6071=CARTESIAN_POINT('',(-15.0853629730692,93.09375,37.1153438628042));
#6072=CARTESIAN_POINT('',(-12.437179115417,90.75,38.7591884699367));
#6073=CARTESIAN_POINT('',(-10.4715528055704,88.40625,41.1781585082726));
#6074=CARTESIAN_POINT('',(-9.40430696940226,86.0625,44.1066545662367));
#6075=CARTESIAN_POINT('',(-9.3526236561321,83.7187500000001,47.2231320122417));
#6076=CARTESIAN_POINT('',(-10.3221776188058,81.3749999999999,50.1854061301775));
#6077=CARTESIAN_POINT('',(-12.2065132346186,79.03125,52.6682235063265));
#6078=CARTESIAN_POINT('',(-14.7987331783293,76.6875,54.398974383766));
#6079=CARTESIAN_POINT('',(-17.814215449329,74.34375,55.1876248193933));
#6080=CARTESIAN_POINT('',(-20.9218644556505,72.,54.9475821360269));
#6081=CARTESIAN_POINT('',(-23.7804648310918,69.6562499999999,53.7052026731191));
#6082=CARTESIAN_POINT('',(-26.076146388915,67.3125,51.5968978988037));
#6083=CARTESIAN_POINT('',(-27.5568466143881,64.96875,48.8541566279925));
#6084=CARTESIAN_POINT('',(-28.0599867643391,62.625,45.7781278853058));
#6085=CARTESIAN_POINT('',(-27.5303227780104,60.28125,42.7065551777313));
#6086=CARTESIAN_POINT('',(-26.0260109950314,57.9375,39.9766927460475));
#6087=CARTESIAN_POINT('',(-23.7122226734387,55.59375,37.8882755369655));
#6088=CARTESIAN_POINT('',(-20.8430084244371,53.25,36.670608739498));
#6089=CARTESIAN_POINT('',(-17.7334038227306,50.9062499999999,36.4573904068564));
#6090=CARTESIAN_POINT('',(-14.7248389560658,48.5625,37.2720316035804));
#6091=CARTESIAN_POINT('',(-12.1476498954192,46.21875,39.025085904511));
#6092=CARTESIAN_POINT('',(-10.2848082721786,43.875,41.5240704829051));
#6093=CARTESIAN_POINT('',(-9.34085140228825,41.53125,44.4946004464158));
#6094=CARTESIAN_POINT('',(-9.41942438478719,39.1875,47.6105159014226));
#6095=CARTESIAN_POINT('',(-10.5119000198396,36.84375,50.5296938376136));
#6096=CARTESIAN_POINT('',(-12.4983260627995,34.5,52.9316127396961));
#6097=CARTESIAN_POINT('',(-15.1605958071807,32.15625,54.5525453861928));
#6098=CARTESIAN_POINT('',(-18.2063958855771,29.8125,55.2145157169259));
#6099=CARTESIAN_POINT('',(-21.301301854618,27.46875,54.8448403470093));
#6100=CARTESIAN_POINT('',(-24.1054975151647,25.125,53.4841090973867));
#6101=CARTESIAN_POINT('',(-26.311086239487,22.78125,51.2817282911972));
#6102=CARTESIAN_POINT('',(-27.6758975756678,20.4375,48.4795161555874));
#6103=CARTESIAN_POINT('',(-28.050077212965,18.09375,45.3851515301171));
#6104=CARTESIAN_POINT('',(-27.392540768391,15.75,42.3383911751849));
#6105=CARTESIAN_POINT('',(-25.7754847925442,13.40625,39.6737649711356));
#6106=CARTESIAN_POINT('',(-23.3764596927728,11.0625,37.6838450212392));
#6107=CARTESIAN_POINT('',(-20.4588749552449,8.71874999999998,36.5871216579096));
#6108=CARTESIAN_POINT('',(-17.3430771643449,6.37499999999997,36.5040135202145));
#6109=CARTESIAN_POINT('',(-14.3711764110357,4.03124999999998,37.4436457614703));
#6110=CARTESIAN_POINT('',(-11.8694830996749,1.68749999999998,39.3028481206082));
#6111=CARTESIAN_POINT('',(-10.1126795375717,-0.656250000000031,41.8774828676176));
#6112=CARTESIAN_POINT('',(-9.29366021492322,-3.,44.8848588310546));
#6113=CARTESIAN_POINT('',(-9.50235226878253,-5.34375000000004,47.9947704797969));
#6114=CARTESIAN_POINT('',(-10.7158416134742,-7.68750000000003,50.8657540127783));
#6115=CARTESIAN_POINT('',(-12.8008888740588,-10.03125,53.182579590472));
#6116=CARTESIAN_POINT('',(-15.5285588769955,-12.375,54.6908631153466));
#6117=CARTESIAN_POINT('',(-18.5993574010779,-14.71875,55.2249972378495));
#6118=CARTESIAN_POINT('',(-21.676115209756,-17.0625000000001,54.7263348038653));
#6119=CARTESIAN_POINT('',(-24.4210087456501,-19.40625,53.2496282274139));
#6120=CARTESIAN_POINT('',(-26.5326526685467,-21.7500000000001,50.9570177547815));
#6121=CARTESIAN_POINT('',(-27.7791915298496,-24.09375,48.1002286999874));
#6122=CARTESIAN_POINT('',(-28.0237571654968,-26.4375,44.992932369383));
#6123=CARTESIAN_POINT('',(-27.2394966224175,-28.78125,41.9763054058858));
#6124=CARTESIAN_POINT('',(-25.5125205739408,-31.125,39.3815690870442));
#6125=CARTESIAN_POINT('',(-23.0324484924083,-33.4687500000001,37.4936217078166));
#6126=CARTESIAN_POINT('',(-20.0715887053651,-35.8125,36.5197571598436));
#6127=CARTESIAN_POINT('',(-16.9550393350421,-38.15625,36.566904361961));
#6128=CARTESIAN_POINT('',(-14.0249929947354,-40.5,37.6298866195672));
#6129=CARTESIAN_POINT('',(-11.6031645347916,-42.84375,39.5919900182016));
#6130=CARTESIAN_POINT('',(-9.95546721734366,-45.1875,42.2377784425481));
#6131=CARTESIAN_POINT('',(-9.26281582473075,-47.5312500000001,45.2767481503007));
#6132=CARTESIAN_POINT('',(-9.60126247805749,-49.8749999999999,48.3752246629084));
#6133=CARTESIAN_POINT('',(-10.9336462242948,-52.2187500000001,51.1929997407119));
#6134=CARTESIAN_POINT('',(-13.1136732551752,-54.5625,53.4206857556069));
#6135=CARTESIAN_POINT('',(-15.9019797557514,-56.9062500000001,54.8136860051317));
#6136=CARTESIAN_POINT('',(-18.9924137050757,-59.25,55.2190510766288));
#6137=CARTESIAN_POINT('',(-22.0456499253073,-61.5937500000001,54.5922724715407));
#6138=CARTESIAN_POINT('',(-24.7264474954569,-63.9375,53.0021695741761));
#6139=CARTESIAN_POINT('',(-26.7404587196461,-66.28125,50.6233333828486));
#6140=CARTESIAN_POINT('',(-27.8665480783875,-68.625,47.7169566707796));
#6141=CARTESIAN_POINT('',(-27.9810725887903,-70.96875,44.602155397368));
#6142=CARTESIAN_POINT('',(-27.071457625253,-73.3125,41.6209302373982));
#6143=CARTESIAN_POINT('',(-25.2375775951667,-75.6562500000001,39.1006154015933));
#6144=CARTESIAN_POINT('',(-22.6807898734351,-78.,37.3179378137124));
#6145=CARTESIAN_POINT('',(-19.6818260539412,-80.34375,36.4686328945617));
#6146=CARTESIAN_POINT('',(-16.5699680265671,-82.6875,36.6459530958867));
#6147=CARTESIAN_POINT('',(-13.6868933019395,-85.0312500000001,37.830428916046));
#6148=CARTESIAN_POINT('',(-11.349159314939,-87.375,39.8920066231313));
#6149=CARTESIAN_POINT('',(-9.81344587619865,-89.7187500000001,42.6043279666304));
#6150=CARTESIAN_POINT('',(-9.24837210014073,-92.0625,45.6695839859442));
#6151=CARTESIAN_POINT('',(-9.71598227009214,-94.40625,48.7512140035304));
#6152=CARTESIAN_POINT('',(-11.1649334657116,-96.7500000000001,51.5108595005172));
#6153=CARTESIAN_POINT('',(-13.436132941385,-99.0937500000001,53.6455153927001));
#6154=CARTESIAN_POINT('',(-16.2802062795912,-101.4375,54.9207995505378));
#6155=CARTESIAN_POINT('',(-19.3848783412703,-103.78125,55.1966876179843));
#6156=CARTESIAN_POINT('',(-22.4092606244356,-106.125,54.4428874842597));
#6157=CARTESIAN_POINT('',(-25.0212803286571,-108.46875,52.7421653138016));
#6158=CARTESIAN_POINT('',(-26.9341414682587,-110.8125,50.2812579411177));
#6159=CARTESIAN_POINT('',(-27.9378146567443,-113.15625,47.3303694364391));
#6160=CARTESIAN_POINT('',(-27.9220980296635,-115.5,44.2135030896159));
#6161=CARTESIAN_POINT('',(-26.8887172499359,-117.84375,41.2728863175024));
#6162=CARTESIAN_POINT('',(-24.9511360325726,-120.1875,38.8313945885822));
#6163=CARTESIAN_POINT('',(-22.3220979928219,-122.53125,37.1571001634317));
#6164=CARTESIAN_POINT('',(-19.2902677051085,-124.875,36.4338381485384));
#6165=CARTESIAN_POINT('',(-16.1885357495347,-127.21875,36.7410216663459));
#6166=CARTESIAN_POINT('',(-13.3574678103874,-129.5625,38.0449224135548));
#6167=CARTESIAN_POINT('',(-11.1079110463813,-131.90625,40.2023739640442));
#6168=CARTESIAN_POINT('',(-9.68686356025583,-134.25,42.976491295099));
#6169=CARTESIAN_POINT('',(-9.25035422239231,-136.59375,46.0626801974625));
#6170=CARTESIAN_POINT('',(-9.84631145624699,-138.9375,49.1220821105805));
#6171=CARTESIAN_POINT('',(-11.4092987897992,-141.28125,51.8187771988167));
#6172=CARTESIAN_POINT('',(-13.7677070637093,-143.625,53.8566794464768));
#6173=CARTESIAN_POINT('',(-16.6625693330941,-145.96875,55.0120032460254));
#6174=CARTESIAN_POINT('',(-19.7760978282198,-148.3125,55.1579960634802));
#6175=CARTESIAN_POINT('',(-22.7661930689157,-150.65625,54.2782535939582));
#6176=CARTESIAN_POINT('',(-24.4590225031835,-152.21875,53.0732631704586));
#6177=CARTESIAN_POINT('',(-25.1832729112782,-153.,52.3483524184143));
#6178=CARTESIAN_POINT('',(-23.8033796108583,147.,38.1536924619628));
#6179=CARTESIAN_POINT('',(-22.9530666579761,146.21875,37.5818469019233));
#6180=CARTESIAN_POINT('',(-21.0598477045557,144.65625,36.7254651173413));
#6181=CARTESIAN_POINT('',(-17.9562948462975,142.3125,36.4380994122487));
#6182=CARTESIAN_POINT('',(-14.9291814520507,139.96875,37.1810378136098));
#6183=CARTESIAN_POINT('',(-12.3110414254659,137.625,38.8722928326823));
#6184=CARTESIAN_POINT('',(-10.3892995529997,135.28125,41.326278025842));
#6185=CARTESIAN_POINT('',(-9.37497188864939,132.9375,44.2735196495499));
#6186=CARTESIAN_POINT('',(-9.37942704115927,130.59375,47.3904227992896));
#6187=CARTESIAN_POINT('',(-10.4021766723379,128.25,50.3347538835962));
#6188=CARTESIAN_POINT('',(-12.3309241292219,125.90625,52.7832301796165));
#6189=CARTESIAN_POINT('',(-14.9538957903258,123.5625,54.4670123781644));
#6190=CARTESIAN_POINT('',(-17.9830931449594,121.21875,55.2012236701951));
#6191=CARTESIAN_POINT('',(-21.0859147090931,118.875,54.9052487067583));
#6192=CARTESIAN_POINT('',(-23.9216751615471,116.53125,53.6115851137083));
#6193=CARTESIAN_POINT('',(-26.1790121064009,114.1875,51.4622752817053));
#6194=CARTESIAN_POINT('',(-27.6100732118855,111.84375,48.6933103218993));
#6195=CARTESIAN_POINT('',(-28.0577300384306,109.5,45.6087185819777));
#6196=CARTESIAN_POINT('',(-27.4728305139357,107.15625,42.5471837736552));
#6197=CARTESIAN_POINT('',(-25.9195957602331,104.8125,39.8448579908857));
#6198=CARTESIAN_POINT('',(-23.568568706786,102.46875,37.7984526961585));
#6199=CARTESIAN_POINT('',(-20.6778887236971,100.125,36.6326602310525));
#6200=CARTESIAN_POINT('',(-17.5649482922266,97.7812500000001,36.4754829221137));
#6201=CARTESIAN_POINT('',(-14.5715437694047,95.4374999999999,37.3441786105329));
#6202=CARTESIAN_POINT('',(-12.0263466423804,93.0937500000001,39.1433657661441));
#6203=CARTESIAN_POINT('',(-10.2088158745011,90.7499999999999,41.6754962414831));
#6204=CARTESIAN_POINT('',(-9.31851371532681,88.40625,44.6625457726589));
#6205=CARTESIAN_POINT('',(-9.45319405426241,86.0625,47.7765406414141));
#6206=CARTESIAN_POINT('',(-10.5980691848854,83.7187500000001,50.6755687150293));
#6207=CARTESIAN_POINT('',(-12.6274334737227,81.3750000000001,53.041320903979));
#6208=CARTESIAN_POINT('',(-15.3184656569947,79.03125,54.6140410395795));
#6209=CARTESIAN_POINT('',(-18.375694293104,76.6875,55.2210467256173));
#6210=CARTESIAN_POINT('',(-21.4634400995734,74.34375,54.7956896156973));
#6211=CARTESIAN_POINT('',(-24.242673052758,72.0000000000001,53.3846733052809));
#6212=CARTESIAN_POINT('',(-26.4082373940919,69.65625,51.1429253444541));
#6213=CARTESIAN_POINT('',(-27.7223572910217,67.3125,48.3165864170033));
#6214=CARTESIAN_POINT('',(-28.0407442795178,64.96875,45.2159844493389));
#6215=CARTESIAN_POINT('',(-27.328439928737,62.6249999999999,42.1815610530103));
#6216=CARTESIAN_POINT('',(-25.6636542261663,60.2812500000001,39.5464915281503));
#6217=CARTESIAN_POINT('',(-23.2291782341151,57.9375,37.6001026974039));
#6218=CARTESIAN_POINT('',(-20.29231389545,55.59375,36.556105239262));
#6219=CARTESIAN_POINT('',(-17.1755246668759,53.25,36.529128564662));
#6220=CARTESIAN_POINT('',(-14.2210294977779,50.9062500000001,37.5221346734575));
#6221=CARTESIAN_POINT('',(-11.7532276845421,48.5625,39.4260929311196));
#6222=CARTESIAN_POINT('',(-10.0430802970012,46.21875,42.0319514747124));
#6223=CARTESIAN_POINT('',(-9.27835904486625,43.8750000000001,45.0535908050862));
#6224=CARTESIAN_POINT('',(-9.54302921558078,41.53125,48.1592392940595));
#6225=CARTESIAN_POINT('',(-10.8080304072014,39.1875,51.007901229342));
#6226=CARTESIAN_POINT('',(-12.9344673184996,36.84375,53.2867976505505));
#6227=CARTESIAN_POINT('',(-15.6888602521491,34.5,54.7457090266771));
#6228=CARTESIAN_POINT('',(-18.768780847801,32.15625,55.2244489986933));
#6229=CARTESIAN_POINT('',(-21.8360582786415,29.8125,54.6704526100887));
#6230=CARTESIAN_POINT('',(-24.5539099190648,27.46875,53.1445478630694));
#6231=CARTESIAN_POINT('',(-26.6239195898689,25.125,50.8142768918933));
#6232=CARTESIAN_POINT('',(-27.8188032231204,22.78125,47.9355000788498));
#6233=CARTESIAN_POINT('',(-28.007364324087,20.4375,44.8243029543446));
#6234=CARTESIAN_POINT('',(-27.1688991566042,18.09375,41.8222904628236));
#6235=CARTESIAN_POINT('',(-25.3954699833627,15.75,39.2590792339497));
#6236=CARTESIAN_POINT('',(-22.8817967626174,13.40625,37.4161061533987));
#6237=CARTESIAN_POINT('',(-19.9038771783995,11.0625,36.4957269998641));
#6238=CARTESIAN_POINT('',(-16.7886824939962,8.71875000000002,36.5989980732303));
#6239=CARTESIAN_POINT('',(-13.8782565801492,6.37500000000002,37.7145803590056));
#6240=CARTESIAN_POINT('',(-11.4921599927567,4.03125000000003,39.7199845357145));
#6241=CARTESIAN_POINT('',(-9.89238268602612,1.68750000000001,42.3950201252348));
#6242=CARTESIAN_POINT('',(-9.25457789442813,-0.65624999999998,45.4459720888261));
#6243=CARTESIAN_POINT('',(-9.64877566160216,-2.99999999999999,48.5378503135765));
#6244=CARTESIAN_POINT('',(-11.0316936428535,-5.34374999999998,51.3311710422896));
#6245=CARTESIAN_POINT('',(-13.2514894439995,-7.68749999999998,53.5192316990232));
#6246=CARTESIAN_POINT('',(-16.0644326966356,-10.03125,54.8617863883289));
#6247=CARTESIAN_POINT('',(-19.1616663000723,-12.375,55.2114245471016));
#6248=CARTESIAN_POINT('',(-22.2031184842808,-14.71875,54.5297564112003));
#6249=CARTESIAN_POINT('',(-24.8548421983841,-17.0624999999999,52.891628156029));
#6250=CARTESIAN_POINT('',(-26.8256820138467,-19.40625,50.4769038947281));
#6251=CARTESIAN_POINT('',(-27.8992425694196,-21.75,47.550716858695));
#6252=CARTESIAN_POINT('',(-27.9576484688256,-24.09375,44.4343581522487));
#6253=CARTESIAN_POINT('',(-26.9944868287846,-26.4375,41.4699994540678));
#6254=CARTESIAN_POINT('',(-25.1155114043213,-28.78125,38.9831230617651));
#6255=CARTESIAN_POINT('',(-22.5270309794197,-31.125,37.2467844063671));
#6256=CARTESIAN_POINT('',(-19.5132569609317,-33.4687499999999,36.451630960914));
#6257=CARTESIAN_POINT('',(-16.4050973771698,-35.8125,36.6849694236608));
#6258=CARTESIAN_POINT('',(-13.5438236550001,-38.15625,37.9211795688827));
#6259=CARTESIAN_POINT('',(-11.2435995107651,-40.5,40.024527310605));
#6260=CARTESIAN_POINT('',(-9.75698622861427,-42.84375,42.764068108925));
#6261=CARTESIAN_POINT('',(-9.24721179679113,-45.1875,45.8390043464737));
#6262=CARTESIAN_POINT('',(-9.77024871060689,-47.53125,48.9117124717458));
#6263=CARTESIAN_POINT('',(-11.2686682734097,-49.875,51.6448135767434));
#6264=CARTESIAN_POINT('',(-13.5779461844159,-52.21875,53.7382171131089));
#6265=CARTESIAN_POINT('',(-16.4445270689792,-54.5625,54.9620704003061));
#6266=CARTESIAN_POINT('',(-19.5536644920033,-56.90625,55.1819961174988));
#6267=CARTESIAN_POINT('',(-22.5639796612835,-59.25,54.3738467390249));
#6268=CARTESIAN_POINT('',(-25.1449443251495,-61.59375,52.6263558977884));
#6269=CARTESIAN_POINT('',(-27.0131722964395,-63.9375,50.1313955607055));
#6270=CARTESIAN_POINT('',(-27.9635348459845,-66.2812500000001,47.1629087642465));
#6271=CARTESIAN_POINT('',(-27.8916835403838,-68.625,44.0468310652454));
#6272=CARTESIAN_POINT('',(-26.8055075490717,-70.96875,41.1253032881695));
#6273=CARTESIAN_POINT('',(-24.8242674249231,-73.3124999999999,38.7191049574427));
#6274=CARTESIAN_POINT('',(-22.1655004680387,-75.65625,37.0924331696173));
#6275=CARTESIAN_POINT('',(-19.1211354448241,-78.,36.4238941342887));
#6276=CARTESIAN_POINT('',(-16.0254392316667,-80.34375,36.7868924706068));
#6277=CARTESIAN_POINT('',(-13.2183147953656,-82.6875,38.1415714862601));
#6278=CARTESIAN_POINT('',(-11.0079803389935,-85.03125,40.3391893846454));
#6279=CARTESIAN_POINT('',(-9.63712738898241,-87.3750000000001,43.1384508990048));
#6280=CARTESIAN_POINT('',(-9.25627361653505,-89.71875,46.2320011637236));
#6281=CARTESIAN_POINT('',(-9.90723621502489,-92.0625,49.2801728340359));
#6282=CARTESIAN_POINT('',(-11.5185404326464,-94.40625,51.9482810692105));
#6283=CARTESIAN_POINT('',(-13.9132673967848,-96.75,53.9433714439944));
#6284=CARTESIAN_POINT('',(-16.8284795503487,-99.0937500000001,55.0463859208003));
#6285=CARTESIAN_POINT('',(-19.9440908152405,-101.4375,55.1362151053996));
#6286=CARTESIAN_POINT('',(-22.9180115807845,-103.78125,54.2029958832462));
#6287=CARTESIAN_POINT('',(-25.4237096481997,-106.125,52.349194375188));
#6288=CARTESIAN_POINT('',(-27.1860629937559,-108.46875,49.7783553055968));
#6289=CARTESIAN_POINT('',(-28.0115677690587,-110.8125,46.7727530860274));
#6290=CARTESIAN_POINT('',(-27.8095847437339,-113.15625,43.6623984930896));
#6291=CARTESIAN_POINT('',(-26.6022913618283,-115.5,40.7888039624829));
#6292=CARTESIAN_POINT('',(-24.5222466905247,-117.84375,38.4674860174942));
#6293=CARTESIAN_POINT('',(-21.7978366263103,-120.1875,36.9533220110957));
#6294=CARTESIAN_POINT('',(-18.7281974537847,-122.53125,36.4125649611717));
#6295=CARTESIAN_POINT('',(-15.6503711145597,-124.875,36.9045892098194));
#6296=CARTESIAN_POINT('',(-12.9022984884295,-127.21875,38.3753712056822));
#6297=CARTESIAN_POINT('',(-10.7857139777078,-129.5625,40.6634212146662));
#6298=CARTESIAN_POINT('',(-9.53301549072276,-131.90625,43.517514648298));
#6299=CARTESIAN_POINT('',(-9.28174754559636,-134.25,46.6242762007888));
#6300=CARTESIAN_POINT('',(-10.0594988646777,-136.59375,49.6425878528189));
#6301=CARTESIAN_POINT('',(-11.7808739803844,-138.9375,52.2410437022801));
#6302=CARTESIAN_POINT('',(-14.2568665198359,-141.28125,54.1343357421784));
#6303=CARTESIAN_POINT('',(-17.2156230803659,-143.625,55.1145881448722));
#6304=CARTESIAN_POINT('',(-20.3322503575941,-145.96875,55.074152327226));
#6305=CARTESIAN_POINT('',(-23.2646446406155,-148.3125,54.0175363318849));
#6306=CARTESIAN_POINT('',(-25.6904695659199,-150.65625,52.0605003606045));
#6307=CARTESIAN_POINT('',(-26.7933101610408,-152.21875,50.299416593147));
#6308=CARTESIAN_POINT('',(-27.1850189547417,-153.,49.3525277543743));
#6309=CARTESIAN_POINT('',(-20.4781025840442,147.,36.7664342541535));
#6310=CARTESIAN_POINT('',(-19.4736800289483,146.21875,36.563518524869));
#6311=CARTESIAN_POINT('',(-17.3968506665821,144.65625,36.4968284493917));
#6312=CARTESIAN_POINT('',(-14.4195716084015,142.3125,37.4190154164358));
#6313=CARTESIAN_POINT('',(-11.9071937183349,139.96875,39.2638271432387));
#6314=CARTESIAN_POINT('',(-10.1355630102279,137.625,41.8282618514026));
#6315=CARTESIAN_POINT('',(-9.29920450417797,135.28125,44.8308673203238));
#6316=CARTESIAN_POINT('',(-9.48994847639459,132.9375,47.9419299259693));
#6317=CARTESIAN_POINT('',(-10.6868516963046,130.59375,50.8198680377794));
#6318=CARTESIAN_POINT('',(-12.7584958727957,128.25,53.1486859241976));
#6319=CARTESIAN_POINT('',(-15.4774174846197,125.90625,54.672683362964));
#6320=CARTESIAN_POINT('',(-18.5450828677664,123.5625,55.2245274751416));
#6321=CARTESIAN_POINT('',(-21.624666800965,121.21875,54.743626619405));
#6322=CARTESIAN_POINT('',(-24.3780354222007,118.875,53.2827830023708));
#6323=CARTESIAN_POINT('',(-26.5028728392138,116.53125,51.0023951434866));
#6324=CARTESIAN_POINT('',(-27.7658749768188,114.1875,48.1528463306126));
#6325=CARTESIAN_POINT('',(-28.0283660270318,111.84375,45.0470129022358));
#6326=CARTESIAN_POINT('',(-27.2615248521874,109.5,42.025910876665));
#6327=CARTESIAN_POINT('',(-25.549549504177,107.15625,39.4212528868073));
#6328=CARTESIAN_POINT('',(-23.0804124001271,104.8125,37.5190266127448));
#6329=CARTESIAN_POINT('',(-20.1252212228706,102.46875,36.5280937481199));
#6330=CARTESIAN_POINT('',(-17.0084516894826,100.125,36.5572572882502));
#6331=CARTESIAN_POINT('',(-14.0723205868456,97.7812499999999,37.6033151186095));
#6332=CARTESIAN_POINT('',(-11.6392108634087,95.4375,39.5514116023716));
#6333=CARTESIAN_POINT('',(-9.97627444772098,93.09375,42.1876485632134));
#6334=CARTESIAN_POINT('',(-9.26609935306674,90.75,45.2225709957083));
#6335=CARTESIAN_POINT('',(-9.5866617776899,88.40625,48.322948806274));
#6336=CARTESIAN_POINT('',(-10.9027644310068,86.0625,51.1483649954861));
#6337=CARTESIAN_POINT('',(-13.0699011452044,83.7187499999999,53.3885929522586));
#6338=CARTESIAN_POINT('',(-15.850123443463,81.375,54.7976588870516));
#6339=CARTESIAN_POINT('',(-18.9381669385584,79.03125,55.2208493982018));
#6340=CARTESIAN_POINT('',(-21.9949689210652,76.6875,54.611698779659));
#6341=CARTESIAN_POINT('',(-24.6848969544547,74.34375,53.037090888305));
#6342=CARTESIAN_POINT('',(-26.7126008311897,72.0000000000001,50.6699153932048));
#6343=CARTESIAN_POINT('',(-27.8554415983377,69.65625,47.7700847399989));
#6344=CARTESIAN_POINT('',(-27.987936992593,67.3124999999999,44.6559961402909));
#6345=CARTESIAN_POINT('',(-27.0955392112987,64.9687500000001,41.6695720183235));
#6346=CARTESIAN_POINT('',(-25.2762322401376,62.6249999999999,39.1387174233275));
#6347=CARTESIAN_POINT('',(-22.7297733532209,60.28125,37.3413165293773));
#6348=CARTESIAN_POINT('',(-19.7357600533077,57.9375,36.4747213549906));
#6349=CARTESIAN_POINT('',(-16.6229306703905,55.59375,36.6340827969305));
#6350=CARTESIAN_POINT('',(-13.7330693685295,53.25,37.8019031993617));
#6351=CARTESIAN_POINT('',(-11.3834787389698,50.90625,39.849957571153));
#6352=CARTESIAN_POINT('',(-9.83214043454897,48.5625,42.5533725044488));
#6353=CARTESIAN_POINT('',(-9.24938915734236,46.21875,45.6153169496081));
#6354=CARTESIAN_POINT('',(-9.69921015473526,43.875,48.6995938351411));
#6355=CARTESIAN_POINT('',(-11.1322137318045,41.53125,51.4675540199045));
#6356=CARTESIAN_POINT('',(-13.3910581683868,39.1875,53.6152794790007));
#6357=CARTESIAN_POINT('',(-16.2277256123843,36.84375,54.9069530633449));
#6358=CARTESIAN_POINT('',(-19.3307540812094,34.5,55.200750881565));
#6359=CARTESIAN_POINT('',(-22.3594355369938,32.15625,54.4644143581498));
#6360=CARTESIAN_POINT('',(-24.9812251363719,29.8125,52.7787921783829));
#6361=CARTESIAN_POINT('',(-26.9082541733098,27.46875,50.3289632196335));
#6362=CARTESIAN_POINT('',(-27.9289376466757,25.125,47.3839151583066));
#6363=CARTESIAN_POINT('',(-27.931205987341,22.78125,44.267010012018));
#6364=CARTESIAN_POINT('',(-26.9148101347816,20.4375,41.3204794577513));
#6365=CARTESIAN_POINT('',(-24.9913488835626,18.09375,38.8678482887027));
#6366=CARTESIAN_POINT('',(-22.3720154971041,15.75,37.1784118599155));
#6367=CARTESIAN_POINT('',(-19.3444089928141,13.40625,36.4376678477842));
#6368=CARTESIAN_POINT('',(-16.2409561859388,11.0625,36.7269488734792));
#6369=CARTESIAN_POINT('',(-13.4024117060504,8.71874999999996,38.0144922987756));
#6370=CARTESIAN_POINT('',(-11.1404436315629,6.37499999999998,40.158927717791));
#6371=CARTESIAN_POINT('',(-9.70341278549813,4.03124999999999,42.9247992230829));
#6372=CARTESIAN_POINT('',(-9.24910307633024,1.68749999999998,46.0084181237395));
#6373=CARTESIAN_POINT('',(-9.82739705304331,-0.656250000000021,49.0712075244043));
#6374=CARTESIAN_POINT('',(-11.3747988733995,-3.00000000000002,51.7768775786955));
#6375=CARTESIAN_POINT('',(-13.7214060555799,-5.34375000000002,53.8283496279486));
#6376=CARTESIAN_POINT('',(-16.609564524955,-7.68750000000002,55.0003750082656));
#6377=CARTESIAN_POINT('',(-19.7221586588225,-10.03125,55.1642670280252));
#6378=CARTESIAN_POINT('',(-22.7174301231289,-12.375,54.3020305805005));
#6379=CARTESIAN_POINT('',(-25.2665024432502,-14.71875,52.5083379805491));
#6380=CARTESIAN_POINT('',(-27.0894911652418,-17.0625,49.9801340813709));
#6381=CARTESIAN_POINT('',(-27.9862347640761,-19.40625,46.9950120144735));
#6382=CARTESIAN_POINT('',(-27.85827208959,-21.75,43.8807338653243));
#6383=CARTESIAN_POINT('',(-26.7196532583654,-24.09375,40.9792428704201));
#6384=CARTESIAN_POINT('',(-24.6953969712503,-26.4375,38.6091185444822));
#6385=CARTESIAN_POINT('',(-22.0077636408228,-28.78125,37.0305971105116));
#6386=CARTESIAN_POINT('',(-18.9518515195543,-31.125,36.4169979388924));
#6387=CARTESIAN_POINT('',(-15.863195338496,-33.46875,36.8356933312002));
#6388=CARTESIAN_POINT('',(-13.0809250791063,-35.8125,38.2407111389321));
#6389=CARTESIAN_POINT('',(-10.9105299917795,-38.15625,40.4777824389214));
#6390=CARTESIAN_POINT('',(-9.5903163179921,-40.5,43.3012800379773));
#6391=CARTESIAN_POINT('',(-9.26524160965883,-42.84375,46.4011879834378));
#6392=CARTESIAN_POINT('',(-9.97099859958878,-45.1875000000001,49.4371408663884));
#6393=CARTESIAN_POINT('',(-11.6300961910463,-47.53125,52.0757954512757));
#6394=CARTESIAN_POINT('',(-14.0603678680956,-49.875,54.0274312810506));
#6395=CARTESIAN_POINT('',(-16.9949733155762,-52.21875,55.0777615643167));
#6396=CARTESIAN_POINT('',(-20.1116970997683,-54.5625,55.111461555098));
#6397=CARTESIAN_POINT('',(-23.0683274569858,-56.90625,54.1248310431476));
#6398=CARTESIAN_POINT('',(-25.540230650274,-59.25,52.2262006316829));
#6399=CARTESIAN_POINT('',(-27.2559952842036,-61.59375,49.6240371938323));
#6400=CARTESIAN_POINT('',(-28.0272328835339,-63.9375,46.6040545114803));
#6401=CARTESIAN_POINT('',(-27.7692626753243,-66.2812500000001,43.4978423152506));
#6402=CARTESIAN_POINT('',(-26.5104094153256,-68.6249999999999,40.646458211676));
#6403=CARTESIAN_POINT('',(-24.3888933707658,-70.9687500000001,38.3629800512801));
#6404=CARTESIAN_POINT('',(-21.6376539349211,-73.3125,36.8981304334076));
#6405=CARTESIAN_POINT('',(-18.5587732186418,-75.65625,36.4127477274414));
#6406=CARTESIAN_POINT('',(-15.4903078714911,-78.,36.9601262524725));
#6407=CARTESIAN_POINT('',(-12.7691709505673,-80.3437500000001,38.4801646381431));
#6408=CARTESIAN_POINT('',(-10.6941393541195,-82.6875,40.8059648681875));
#6409=CARTESIAN_POINT('',(-9.49304855025397,-85.03125,43.6821574412254));
#6410=CARTESIAN_POINT('',(-9.29777657205857,-87.3750000000001,46.7929405726667));
#6411=CARTESIAN_POINT('',(-10.1297640003112,-89.71875,49.7967547739045));
#6412=CARTESIAN_POINT('',(-11.8976598187196,-92.0625,52.3637855901555));
#6413=CARTESIAN_POINT('',(-14.4073516233874,-94.40625,54.2121767505743));
#6414=CARTESIAN_POINT('',(-17.3832788840086,-96.75,55.1389775791337));
#6415=CARTESIAN_POINT('',(-20.4986890915469,-99.0937500000001,55.0424266853201));
#6416=CARTESIAN_POINT('',(-23.4115147111311,-101.4375,53.9331252176293));
#6417=CARTESIAN_POINT('',(-25.8019317026447,-103.78125,51.9328728727955));
#6418=CARTESIAN_POINT('',(-27.4074757377554,-106.125,49.2612944652529));
#6419=CARTESIAN_POINT('',(-28.0518604035581,-108.46875,46.2117254401598));
#6420=CARTESIAN_POINT('',(-27.6643331957417,-110.8125,43.1190040657825));
#6421=CARTESIAN_POINT('',(-26.2874440412314,-113.15625,40.3227066759255));
#6422=CARTESIAN_POINT('',(-24.0723733777543,-115.5,38.1298626796209));
#6423=CARTESIAN_POINT('',(-21.2623327604288,-117.84375,36.7812431760818));
#6424=CARTESIAN_POINT('',(-18.1658605848012,-120.1875,36.4249246362486));
#6425=CARTESIAN_POINT('',(-15.1229450171693,-122.53125,37.1000303204271));
#6426=CARTESIAN_POINT('',(-12.4676937860146,-124.875,38.7324346009703));
#6427=CARTESIAN_POINT('',(-10.4916496353159,-127.21875,41.14290184869));
#6428=CARTESIAN_POINT('',(-9.41177935789066,-129.5625,44.0667662468065));
#6429=CARTESIAN_POINT('',(-9.34665113683031,-131.90625,47.1829917107317));
#6430=CARTESIAN_POINT('',(-10.3034159995989,-134.25,50.1494212011551));
#6431=CARTESIAN_POINT('',(-12.1770223876283,-136.59375,52.6403450148936));
#6432=CARTESIAN_POINT('',(-14.7617516281249,-138.9375,54.3822634526786));
#6433=CARTESIAN_POINT('',(-17.7738019542726,-141.28125,55.1839158938994));
#6434=CARTESIAN_POINT('',(-20.8824629362767,-143.625,54.9572839093269));
#6435=CARTESIAN_POINT('',(-23.7463769706868,-145.96875,53.7272444611708));
#6436=CARTESIAN_POINT('',(-26.0512065942345,-148.3125,51.6288798600767));
#6437=CARTESIAN_POINT('',(-27.5434513494274,-150.65625,48.8924913730903));
#6438=CARTESIAN_POINT('',(-27.888405622069,-152.21875,46.8434233010058));
#6439=CARTESIAN_POINT('',(-27.8879386883843,-153.,45.8187116176394));
#6440=CARTESIAN_POINT('',(-16.8750664664995,147.,36.7573032158362));
#6441=CARTESIAN_POINT('',(-15.8694485380904,146.21875,36.9542093976546));
#6442=CARTESIAN_POINT('',(-13.9251872106934,144.65625,37.6873639907265));
#6443=CARTESIAN_POINT('',(-11.5274457000967,142.3125,39.6787090238203));
#6444=CARTESIAN_POINT('',(-9.91229007321047,139.96875,42.3445382139192));
#6445=CARTESIAN_POINT('',(-9.2568833990183,137.625,45.3917406735152));
#6446=CARTESIAN_POINT('',(-9.63323626032192,135.28125,48.4858469542407));
#6447=CARTESIAN_POINT('',(-11.0000128284339,132.9375,51.2870994619671));
#6448=CARTESIAN_POINT('',(-13.2071464504674,130.59375,53.4879325468987));
#6449=CARTESIAN_POINT('',(-16.0122961259015,128.25,54.8466958230079));
#6450=CARTESIAN_POINT('',(-19.1074607243508,125.90625,55.2141996095393));
#6451=CARTESIAN_POINT('',(-22.1527955834121,123.5625,54.550092371747));
#6452=CARTESIAN_POINT('',(-24.8139273578444,121.21875,52.927292164152));
#6453=CARTESIAN_POINT('',(-26.7986676229476,118.875,50.5239800916335));
#6454=CARTESIAN_POINT('',(-27.8890947694786,116.53125,47.6040363466629));
#6455=CARTESIAN_POINT('',(-27.9654814735275,114.1875,44.4880665284536));
#6456=CARTESIAN_POINT('',(-27.0194405855612,111.84375,41.5181996165263));
#6457=CARTESIAN_POINT('',(-25.154846026765,109.5,39.0205227023413));
#6458=CARTESIAN_POINT('',(-22.5764275828785,107.15625,37.2692770986209));
#6459=CARTESIAN_POINT('',(-19.5672918697892,104.8125,36.4567470397671));
#6460=CARTESIAN_POINT('',(-16.457837636586,102.46875,36.672147151055));
#6461=CARTESIAN_POINT('',(-13.589478460771,100.125,37.8918268118047));
#6462=CARTESIAN_POINT('',(-11.2771560312492,97.78125,39.981866959328));
#6463=CARTESIAN_POINT('',(-9.77476000639609,95.4375,42.7127842083185));
#6464=CARTESIAN_POINT('',(-9.24725129677716,93.09375,45.7847277946503));
#6465=CARTESIAN_POINT('',(-9.75254959575575,90.75,48.8604027555943));
#6466=CARTESIAN_POINT('',(-11.2351738809331,88.40625,51.602104428886));
#6467=CARTESIAN_POINT('',(-13.532334150164,86.0625,53.7087979362089));
#6468=CARTESIAN_POINT('',(-16.3918055283428,83.71875,54.9491713774372));
#6469=CARTESIAN_POINT('',(-19.4996221938908,81.3749999999999,55.1870335427157));
#6470=CARTESIAN_POINT('',(-22.5145503718653,79.0312500000001,54.3962675103246));
#6471=CARTESIAN_POINT('',(-25.105555308912,76.6875,52.6636982469102));
#6472=CARTESIAN_POINT('',(-26.9881484103964,74.3437499999999,50.179559351725));
#6473=CARTESIAN_POINT('',(-27.9556236766302,72.0000000000001,47.2166056825707));
#6474=CARTESIAN_POINT('',(-27.9017537226714,69.65625,44.100165266906));
#6475=CARTESIAN_POINT('',(-26.8324533915506,67.3125,41.1724187549628));
#6476=CARTESIAN_POINT('',(-24.8651303130619,64.96875,38.7548284792598));
#6477=CARTESIAN_POINT('',(-22.2157937158211,62.6250000000001,37.1128423554305));
#6478=CARTESIAN_POINT('',(-19.1753369263844,60.28125,36.4267480850143));
#6479=CARTESIAN_POINT('',(-16.0775977027225,57.9375,36.7718778265829));
#6480=CARTESIAN_POINT('',(-13.262703331234,55.5937500000001,38.1103368336843));
#6481=CARTESIAN_POINT('',(-11.0397251426365,53.2499999999999,40.2951642431947));
#6482=CARTESIAN_POINT('',(-9.65274292687337,50.9062500000001,43.0864691655358));
#6483=CARTESIAN_POINT('',(-9.25404532519884,48.5625,46.1777703573883));
#6484=CARTESIAN_POINT('',(-9.88740875762759,46.2187500000001,49.2296474189341));
#6485=CARTESIAN_POINT('',(-11.4832908353329,43.875,51.9070086628436));
#6486=CARTESIAN_POINT('',(-13.8664660143576,41.53125,53.9158836968883));
#6487=CARTESIAN_POINT('',(-16.7752651069079,39.1875,55.0357009478306));
#6488=CARTESIAN_POINT('',(-19.8903061797105,36.84375,55.1435061011444));
#6489=CARTESIAN_POINT('',(-22.8695622283557,34.5,54.227462306918));
#6490=CARTESIAN_POINT('',(-25.3859152476949,32.15625,52.3881498488541));
#6491=CARTESIAN_POINT('',(-27.1630733156875,29.8125,49.8275225745912));
#6492=CARTESIAN_POINT('',(-28.0059070468278,27.46875,46.8267336553267));
#6493=CARTESIAN_POINT('',(-27.8218745164543,25.125,43.7152653742587));
#6494=CARTESIAN_POINT('',(-26.6311822302296,22.78125,40.8347524484321));
#6495=CARTESIAN_POINT('',(-24.5645664790453,20.4375,38.5014710309249));
#6496=CARTESIAN_POINT('',(-21.8489386833684,18.09375,36.9716120466795));
#6497=CARTESIAN_POINT('',(-18.782470847465,15.75,36.4131517994823));
#6498=CARTESIAN_POINT('',(-15.7018567045871,13.40625,36.8874084167566));
#6499=CARTESIAN_POINT('',(-12.9453432320314,11.0625,38.3423092078582));
#6500=CARTESIAN_POINT('',(-10.8155916222511,8.71875,40.6181081701936));
#6501=CARTESIAN_POINT('',(-9.5464455216722,6.37500000000002,43.4649258692593));
#6502=CARTESIAN_POINT('',(-9.27725533653148,4.03125000000001,46.5701858391412));
#6503=CARTESIAN_POINT('',(-10.0375777598193,1.6875,49.592935026384));
#6504=CARTESIAN_POINT('',(-11.7439304891367,-0.656249999999996,52.201279942126));
#6505=CARTESIAN_POINT('',(-14.2089584627582,-2.99999999999999,54.1088280871526));
#6506=CARTESIAN_POINT('',(-17.1620051744277,-5.34375000000001,55.1061334340871));
#6507=CARTESIAN_POINT('',(-20.2788303662914,-7.68749999999998,55.083693298271));
#6508=CARTESIAN_POINT('',(-23.217211140245,-10.03125,54.0439715741611));
#6509=CARTESIAN_POINT('',(-25.6545175371838,-12.375,52.1011282032817));
#6510=CARTESIAN_POINT('',(-27.3231368398777,-14.71875,49.4684845777588));
#6511=CARTESIAN_POINT('',(-28.0398570622684,-17.0625,46.4351011599982));
#6512=CARTESIAN_POINT('',(-27.7259833605528,-19.40625,43.3340390619906));
#6513=CARTESIAN_POINT('',(-26.4159786132137,-21.75,40.5057904169315));
#6514=CARTESIAN_POINT('',(-24.253679446807,-24.09375,38.2608928354622));
#6515=CARTESIAN_POINT('',(-21.4765031824023,-26.4375,36.845832825161));
#6516=CARTESIAN_POINT('',(-18.3893797571114,-28.78125,36.4159819285119));
#6517=CARTESIAN_POINT('',(-15.3312708580266,-31.125,37.0185371522601));
#6518=CARTESIAN_POINT('',(-12.6379524192262,-33.46875,38.5873388043331));
#6519=CARTESIAN_POINT('',(-10.6051469098581,-35.8125,40.9501347323411));
#6520=CARTESIAN_POINT('',(-9.45605343473914,-38.15625,43.8474933607761));
#6521=CARTESIAN_POINT('',(-9.31684079546672,-40.5,46.961288902779));
#6522=CARTESIAN_POINT('',(-10.2027943384852,-42.84375,49.9496311114191));
#6523=CARTESIAN_POINT('',(-12.0166376461544,-45.1875,52.4844043343237));
#6524=CARTESIAN_POINT('',(-14.5592133467113,-47.53125,54.2872941377406));
#6525=CARTESIAN_POINT('',(-17.5513503056441,-49.875,55.1603458288324));
#6526=CARTESIAN_POINT('',(-20.6645162124847,-52.21875,55.0076995946396));
#6527=CARTESIAN_POINT('',(-23.5568899533338,-54.5625,53.8461157708996));
#6528=CARTESIAN_POINT('',(-25.9108930747792,-56.9062500000001,51.8031345814227));
#6529=CARTESIAN_POINT('',(-27.4680594387555,-59.25,49.1030724059854));
#6530=CARTESIAN_POINT('',(-28.0574144306782,-61.59375,46.0423921662631));
#6531=CARTESIAN_POINT('',(-27.614247724837,-63.9375000000001,42.9571521258188));
#6532=CARTESIAN_POINT('',(-26.187218384567,-66.2812499999999,40.186107178811));
#6533=CARTESIAN_POINT('',(-23.933012167472,-68.6250000000001,38.0335140525705));
#6534=CARTESIAN_POINT('',(-21.0991376558578,-70.9687499999999,36.735724358994));
#6535=CARTESIAN_POINT('',(-17.9967501723769,-73.3125,36.4352335294018));
#6536=CARTESIAN_POINT('',(-14.9664873756329,-75.6562500000001,37.1650350222732));
#6537=CARTESIAN_POINT('',(-12.3410677379421,-78.,38.8449976892266));
#6538=CARTESIAN_POINT('',(-10.4087585382949,-80.34375,41.2906640592137));
#6539=CARTESIAN_POINT('',(-9.3817245320515,-82.6875,44.2335035020563));
#6540=CARTESIAN_POINT('',(-9.37273256766567,-85.0312500000001,47.3503965032524));
#6541=CARTESIAN_POINT('',(-10.3827699498214,-87.3749999999999,50.2991127193329));
#6542=CARTESIAN_POINT('',(-12.3009360348073,-89.71875,52.7558873745949));
#6543=CARTESIAN_POINT('',(-14.916618960797,-92.0625,54.4509701652025));
#6544=CARTESIAN_POINT('',(-17.9426205256632,-94.40625,55.1982434523995));
#6545=CARTESIAN_POINT('',(-21.0466901341854,-96.75,54.9156577100567));
#6546=CARTESIAN_POINT('',(-23.8880054328643,-99.09375,53.6342404439706));
#6547=CARTESIAN_POINT('',(-26.1545941113892,-101.4375,51.494689416603));
#6548=CARTESIAN_POINT('',(-27.5975880110985,-103.78125,48.731924236257));
#6549=CARTESIAN_POINT('',(-28.0585484888519,-106.125,45.6492925238599));
#6550=CARTESIAN_POINT('',(-27.4868627508943,-108.46875,42.5852627829232));
#6551=CARTESIAN_POINT('',(-25.9453010644059,-110.8125,39.8762610473978));
#6552=CARTESIAN_POINT('',(-23.6031246729531,-113.15625,37.8197317897285));
#6553=CARTESIAN_POINT('',(-20.7175011567535,-115.5,36.641478947983));
#6554=CARTESIAN_POINT('',(-17.6052678043122,-117.84375,36.4708729800412));
#6555=CARTESIAN_POINT('',(-14.6081433364205,-120.1875,37.3266461744272));
#6556=CARTESIAN_POINT('',(-12.0552076847559,-122.53125,39.1148358721402));
#6557=CARTESIAN_POINT('',(-10.2267694917025,-124.875,41.6391014306478));
#6558=CARTESIAN_POINT('',(-9.32358862549431,-127.21875,44.6222821426991));
#6559=CARTESIAN_POINT('',(-9.44483304205512,-129.5625,47.7368290802315));
#6560=CARTESIAN_POINT('',(-10.577190268187,-131.90625,50.6407694962217));
#6561=CARTESIAN_POINT('',(-12.5963291615891,-134.25,53.0152549254113));
#6562=CARTESIAN_POINT('',(-15.2805510302731,-136.59375,54.5995703304969));
#6563=CARTESIAN_POINT('',(-18.3351327993231,-138.9375,55.2197600649828));
#6564=CARTESIAN_POINT('',(-21.424683554315,-141.28125,54.8077285903479));
#6565=CARTESIAN_POINT('',(-24.2099835033653,-143.625,53.4087148837362));
#6566=CARTESIAN_POINT('',(-26.3851793446637,-145.96875,51.1763341607167));
#6567=CARTESIAN_POINT('',(-27.711554891885,-148.3125,48.3556779426638));
#6568=CARTESIAN_POINT('',(-28.0430387402207,-150.65625,45.2565272816913));
#6569=CARTESIAN_POINT('',(-27.5775905293917,-152.21875,43.2314269441068));
#6570=CARTESIAN_POINT('',(-27.1850189547421,-153.,42.2848954809044));
#6571=CARTESIAN_POINT('',(-13.5428008455167,147.,38.1276894648216));
#6572=CARTESIAN_POINT('',(-12.6890837574453,146.21875,38.69444037652));
#6573=CARTESIAN_POINT('',(-11.1733866273409,144.65625,40.1158234974089));
#6574=CARTESIAN_POINT('',(-9.72021707373546,142.3125,42.8731623668516));
#6575=CARTESIAN_POINT('',(-9.24817651280097,139.96875,45.9541606918557));
#6576=CARTESIAN_POINT('',(-9.80877359739306,137.625,49.0202219513694));
#6577=CARTESIAN_POINT('',(-11.340541514564,135.28125,51.7347794108023));
#6578=CARTESIAN_POINT('',(-13.6752713359367,132.9375,53.7997565197253));
#6579=CARTESIAN_POINT('',(-16.5566192738553,130.59375,54.9884276911991));
#6580=CARTESIAN_POINT('',(-19.6682158388925,128.25,55.1702769654314));
#6581=CARTESIAN_POINT('',(-22.6684126715906,125.90625,54.3253379796587));
#6582=CARTESIAN_POINT('',(-25.2277923803035,123.5625,52.5463836987032));
#6583=CARTESIAN_POINT('',(-27.0653388065316,121.21875,50.0287407601354));
#6584=CARTESIAN_POINT('',(-27.9792920018557,118.875,47.0488427090955));
#6585=CARTESIAN_POINT('',(-27.8693012295921,116.53125,43.9338780438542));
#6586=CARTESIAN_POINT('',(-26.7474433168404,114.1875,41.0258653787953));
#6587=CARTESIAN_POINT('',(-24.7368966400057,111.84375,38.6441002987477));
#6588=CARTESIAN_POINT('',(-22.0584163162427,109.5,37.0500971646357));
#6589=CARTESIAN_POINT('',(-19.0060956111402,107.15625,36.418875215138));
#6590=CARTESIAN_POINT('',(-15.9150749234464,104.8125,36.8197417073502));
#6591=CARTESIAN_POINT('',(-13.1247438540287,102.46875,38.208682080214));
#6592=CARTESIAN_POINT('',(-10.941476718564,100.125,40.4331926896579));
#6593=CARTESIAN_POINT('',(-9.60499309079706,97.7812500000001,43.2490254881455));
#6594=CARTESIAN_POINT('',(-9.26203694005768,95.4375000000001,46.3470061070325));
#6595=CARTESIAN_POINT('',(-9.95026435566866,93.09375,49.3869807550732));
#6596=CARTESIAN_POINT('',(-11.5941089628012,90.75,52.0351646127254));
#6597=CARTESIAN_POINT('',(-14.0130790011371,88.40625,54.000790922572));
#6598=CARTESIAN_POINT('',(-16.9415750591012,86.0625000000001,55.0680367587402));
#6599=CARTESIAN_POINT('',(-20.0580525051062,83.7187500000001,55.1197200720103));
#6600=CARTESIAN_POINT('',(-23.020326623042,81.3750000000001,54.1501661093366));
#6601=CARTESIAN_POINT('',(-25.5031439991911,79.03125,52.2658304935239));
#6602=CARTESIAN_POINT('',(-27.2338948766306,76.6875,49.6736105498131));
#6603=CARTESIAN_POINT('',(-28.0225453122578,74.3437500000001,46.6581282788134));
#6604=CARTESIAN_POINT('',(-27.7825026288914,72.0000000000001,43.5504792724919));
#6605=CARTESIAN_POINT('',(-26.5401231659837,69.6562500000001,40.6918788970506));
#6606=CARTESIAN_POINT('',(-24.4318183916683,67.3125,38.3961973392274));
#6607=CARTESIAN_POINT('',(-21.6890771208571,64.9687500000001,36.9154971137542));
#6608=CARTESIAN_POINT('',(-18.6130483781703,62.625,36.4123569638034));
#6609=CARTESIAN_POINT('',(-15.5414756705958,60.2812500000001,36.942020950132));
#6610=CARTESIAN_POINT('',(-12.8116132389121,57.9375,38.4463327331109));
#6611=CARTESIAN_POINT('',(-10.72319602983,55.5937500000001,40.7601210547037));
#6612=CARTESIAN_POINT('',(-9.50552923236257,53.2500000000001,43.6293353037052));
#6613=CARTESIAN_POINT('',(-9.29231089972092,50.90625,46.7389399054118));
#6614=CARTESIAN_POINT('',(-10.1069520964449,48.5625000000001,49.7475047720766));
#6615=CARTESIAN_POINT('',(-11.8600063973756,46.21875,52.3246938327232));
#6616=CARTESIAN_POINT('',(-14.3589909757696,43.8750000000001,54.1875354559639));
#6617=CARTESIAN_POINT('',(-17.3295209392803,41.53125,55.1314923258542));
#6618=CARTESIAN_POINT('',(-20.4454363942872,39.1875,55.0529193433552));
#6619=CARTESIAN_POINT('',(-23.3646143304781,36.84375,53.9604437083029));
#6620=CARTESIAN_POINT('',(-25.7665332325607,34.5000000000001,51.974017665343));
#6621=CARTESIAN_POINT('',(-27.3874658790574,32.15625,49.3117479209617));
#6622=CARTESIAN_POINT('',(-28.0494362097905,29.8125,46.2659478425654));
#6623=CARTESIAN_POINT('',(-27.6797608398738,27.46875,43.1710418735244));
#6624=CARTESIAN_POINT('',(-26.3190295902512,25.125,40.3668462129778));
#6625=CARTESIAN_POINT('',(-24.1166487840619,22.78125,38.1612574886554));
#6626=CARTESIAN_POINT('',(-21.3144366484519,20.4375000000001,36.7964461524746));
#6627=CARTESIAN_POINT('',(-18.2200720229817,18.09375,36.4222665151774));
#6628=CARTESIAN_POINT('',(-15.1733116680495,15.75,37.0798029597514));
#6629=CARTESIAN_POINT('',(-12.5086854640001,13.40625,38.6968589355981));
#6630=CARTESIAN_POINT('',(-10.5187655141038,11.0625,41.0958840353696));
#6631=CARTESIAN_POINT('',(-9.42204215077424,8.71875000000001,44.0134687728975));
#6632=CARTESIAN_POINT('',(-9.33893401307902,6.37500000000004,47.1292665637975));
#6633=CARTESIAN_POINT('',(-10.2785662543349,4.03125000000002,50.1011673171067));
#6634=CARTESIAN_POINT('',(-12.1377686134727,1.68750000000003,52.6028606284675));
#6635=CARTESIAN_POINT('',(-14.7124033604822,-0.656249999999975,54.3596641905707));
#6636=CARTESIAN_POINT('',(-17.7197793239192,-2.99999999999997,55.1786835132192));
#6637=CARTESIAN_POINT('',(-20.8296909726614,-5.34374999999997,54.9699914593599));
#6638=CARTESIAN_POINT('',(-23.7006745056429,-7.68749999999997,53.7565021146683));
#6639=CARTESIAN_POINT('',(-26.0175000833365,-10.03125,51.6714548540835));
#6640=CARTESIAN_POINT('',(-27.5257836082111,-12.375,48.9437848511469));
#6641=CARTESIAN_POINT('',(-28.0599177307141,-14.71875,45.8729863270645));
#6642=CARTESIAN_POINT('',(-27.5612552967298,-17.0625,42.7962285183865));
#6643=CARTESIAN_POINT('',(-26.0845487202785,-19.4062499999999,40.0513349824923));
#6644=CARTESIAN_POINT('',(-23.7919382476461,-21.75,37.9396910595957));
#6645=CARTESIAN_POINT('',(-20.935149192852,-24.09375,36.6931521982929));
#6646=CARTESIAN_POINT('',(-17.8278528622475,-26.4375,36.4485865626456));
#6647=CARTESIAN_POINT('',(-14.8112258987504,-28.78125,37.2328471057249));
#6648=CARTESIAN_POINT('',(-12.2164895799088,-31.125,38.9598231542017));
#6649=CARTESIAN_POINT('',(-10.3285422006811,-33.46875,41.4398952357341));
#6650=CARTESIAN_POINT('',(-9.35467765270811,-35.8125,44.4007550227773));
#6651=CARTESIAN_POINT('',(-9.40182485482554,-38.15625,47.5173043931003));
#6652=CARTESIAN_POINT('',(-10.4648071124317,-40.5,50.447350733407));
#6653=CARTESIAN_POINT('',(-12.4269105110661,-42.84375,52.8691791933508));
#6654=CARTESIAN_POINT('',(-15.0726989354126,-45.1875,54.5168765107988));
#6655=CARTESIAN_POINT('',(-18.1116686431653,-47.53125,55.2095279034117));
#6656=CARTESIAN_POINT('',(-21.2101451557729,-49.8750000000001,54.871081250085));
#6657=CARTESIAN_POINT('',(-24.0279202335765,-52.2187499999999,53.5386975038476));
#6658=CARTESIAN_POINT('',(-26.2556062484714,-54.5625,51.3586704729673));
#6659=CARTESIAN_POINT('',(-27.6486064979963,-56.90625,48.5703639723911));
#6660=CARTESIAN_POINT('',(-28.0539715694934,-59.25,45.4799300230667));
#6661=CARTESIAN_POINT('',(-27.4271929644053,-61.59375,42.4266938028351));
#6662=CARTESIAN_POINT('',(-25.8370900670407,-63.9375,39.7458962326856));
#6663=CARTESIAN_POINT('',(-23.4582538757133,-66.28125,37.7318850084963));
#6664=CARTESIAN_POINT('',(-20.5518771636441,-68.625,36.605795649755));
#6665=CARTESIAN_POINT('',(-17.4370758902326,-70.96875,36.491271139352));
#6666=CARTESIAN_POINT('',(-14.4558507302628,-73.3125,37.4008861028894));
#6667=CARTESIAN_POINT('',(-11.9355358944578,-75.6562500000001,39.2347661329757));
#6668=CARTESIAN_POINT('',(-10.152858306577,-78.,41.7915538547073));
#6669=CARTESIAN_POINT('',(-9.30355338742621,-80.34375,44.7905176742012));
#6670=CARTESIAN_POINT('',(-9.48087358875124,-82.6875,47.9023757015753));
#6671=CARTESIAN_POINT('',(-10.6653494089105,-85.03125,50.7854504262028));
#6672=CARTESIAN_POINT('',(-12.7269271159958,-87.3750000000001,53.1231844132034));
#6673=CARTESIAN_POINT('',(-15.4392484594949,-89.71875,54.6588978519437));
#6674=CARTESIAN_POINT('',(-18.5045044788086,-92.0625,55.2239716280017));
#6675=CARTESIAN_POINT('',(-21.5861344963949,-94.40625,54.7563614580503));
#6676=CARTESIAN_POINT('',(-24.3457799933818,-96.75,53.3074102624308));
#6677=CARTESIAN_POINT('',(-26.4804358855647,-99.09375,51.0362107867574));
#6678=CARTESIAN_POINT('',(-27.7557200434023,-101.4375,48.1921374485512));
#6679=CARTESIAN_POINT('',(-28.0316081108489,-103.78125,45.0874653868721));
#6680=CARTESIAN_POINT('',(-27.2778079771243,-106.125,42.0630831037069));
#6681=CARTESIAN_POINT('',(-25.5770858066662,-108.46875,39.4510633994853));
#6682=CARTESIAN_POINT('',(-23.1161784339822,-110.8125,37.5382022598837));
#6683=CARTESIAN_POINT('',(-20.1652899293037,-113.15625,36.5345290713981));
#6684=CARTESIAN_POINT('',(-17.0484235824804,-115.5,36.5502456984789));
#6685=CARTESIAN_POINT('',(-14.107806810367,-117.84375,37.5836264782065));
#6686=CARTESIAN_POINT('',(-11.6663150814467,-120.1875,39.5212076955697));
#6687=CARTESIAN_POINT('',(-9.99202065629624,-122.53125,42.1502457353205));
#6688=CARTESIAN_POINT('',(-9.26875864140286,-124.875,45.1820760230339));
#6689=CARTESIAN_POINT('',(-9.57594215921053,-127.21875,48.2838079786077));
#6690=CARTESIAN_POINT('',(-10.8798429064193,-129.5625,51.114875917755));
#6691=CARTESIAN_POINT('',(-13.0372944569087,-131.90625,53.3644326817611));
#6692=CARTESIAN_POINT('',(-15.8114117879635,-134.25,54.7854801678866));
#6693=CARTESIAN_POINT('',(-18.8976006903271,-136.59375,55.2219895057501));
#6694=CARTESIAN_POINT('',(-21.957002603445,-138.9375,54.6260322718954));
#6695=CARTESIAN_POINT('',(-24.6536976916813,-141.28125,53.0630449383433));
#6696=CARTESIAN_POINT('',(-26.6915999393414,-143.625,50.7046366644331));
#6697=CARTESIAN_POINT('',(-27.84692373889,-145.96875,47.8097743950483));
#6698=CARTESIAN_POINT('',(-27.9929165563448,-148.3125,44.6962458999227));
#6699=CARTESIAN_POINT('',(-27.1131740868227,-150.65625,41.7061506592268));
#6700=CARTESIAN_POINT('',(-25.9081836633232,-152.21875,40.0133212249589));
#6701=CARTESIAN_POINT('',(-25.1832729112789,-153.,39.2890708168642));
#6702=CARTESIAN_POINT('',(-10.9886129548274,147.,40.6689641172841));
#6703=CARTESIAN_POINT('',(-10.4167673947878,146.21875,41.5192770701663));
#6704=CARTESIAN_POINT('',(-9.56038561020592,144.65625,43.4124960235867));
#6705=CARTESIAN_POINT('',(-9.2730199051132,142.3125,46.5160488818449));
#6706=CARTESIAN_POINT('',(-10.0159583064744,139.96875,49.5431622760917));
#6707=CARTESIAN_POINT('',(-11.7072133255468,137.625,52.1613023026765));
#6708=CARTESIAN_POINT('',(-14.1611985187066,135.28125,54.0830441751428));
#6709=CARTESIAN_POINT('',(-17.1084401424145,132.9375,55.097371839493));
#6710=CARTESIAN_POINT('',(-20.2253432921541,130.59375,55.0929166869832));
#6711=CARTESIAN_POINT('',(-23.1696743764608,128.25,54.0701670558045));
#6712=CARTESIAN_POINT('',(-25.6181506724811,125.90625,52.1414195989206));
#6713=CARTESIAN_POINT('',(-27.301932871029,123.5625,49.5184479378165));
#6714=CARTESIAN_POINT('',(-28.0361441630597,121.21875,46.4892505831831));
#6715=CARTESIAN_POINT('',(-27.7401691996228,118.875,43.3864290190493));
#6716=CARTESIAN_POINT('',(-26.4465056065728,116.53125,40.5506685665953));
#6717=CARTESIAN_POINT('',(-24.2971957745699,114.1875,38.2933316217415));
#6718=CARTESIAN_POINT('',(-21.5282308147638,111.84375,36.8622705162568));
#6719=CARTESIAN_POINT('',(-18.4436390748422,109.5,36.4146136897118));
#6720=CARTESIAN_POINT('',(-15.3821042665197,107.15625,36.9995132142067));
#6721=CARTESIAN_POINT('',(-12.6797784837502,104.8125,38.5527479679093));
#6722=CARTESIAN_POINT('',(-10.633373189023,102.46875,40.9037750213565));
#6723=CARTESIAN_POINT('',(-9.46758072391703,100.125,43.7944550044453));
#6724=CARTESIAN_POINT('',(-9.31040341497825,97.7812500000001,46.9073954359159));
#6725=CARTESIAN_POINT('',(-10.1790991033975,95.4374999999999,49.9007999587377));
#6726=CARTESIAN_POINT('',(-11.9782862590087,93.09375,52.445997085762));
#6727=CARTESIAN_POINT('',(-14.5104167343476,90.75,54.2635278536413));
#6728=CARTESIAN_POINT('',(-17.4974662655235,88.40625,55.1538300128156));
#6729=CARTESIAN_POINT('',(-20.6114611342786,86.0625000000001,55.01914967388));
#6730=CARTESIAN_POINT('',(-23.5104892078939,83.7187499999999,53.874274543257));
#6731=CARTESIAN_POINT('',(-25.8762413968436,81.375,51.8449102544196));
#6732=CARTESIAN_POINT('',(-27.4489615324441,79.03125,49.1538780711477));
#6733=CARTESIAN_POINT('',(-28.0559672184819,76.6875,46.0966494350384));
#6734=CARTESIAN_POINT('',(-27.6306101085618,74.3437499999999,43.008903628569));
#6735=CARTESIAN_POINT('',(-26.2195937981455,72.0000000000001,40.2296706753844));
#6736=CARTESIAN_POINT('',(-23.9778458373186,69.65625,38.0641063340505));
#6737=CARTESIAN_POINT('',(-21.1515069098678,67.3125,36.7499864371207));
#6738=CARTESIAN_POINT('',(-18.0509049422035,64.96875,36.4315994486246));
#6739=CARTESIAN_POINT('',(-15.0164815458748,62.625,37.1439037994054));
#6740=CARTESIAN_POINT('',(-12.3814120210149,60.2812499999999,38.8086895019762));
#6741=CARTESIAN_POINT('',(-10.4350231902684,57.9375,41.2431654940274));
#6742=CARTESIAN_POINT('',(-9.39102573212657,55.59375,44.1800298326924));
#6743=CARTESIAN_POINT('',(-9.36404905752652,53.25,47.2968190612665));
#6744=CARTESIAN_POINT('',(-10.3570551663221,50.90625,50.2513142303645));
#6745=CARTESIAN_POINT('',(-12.2610134239842,48.5625,52.7191160436004));
#6746=CARTESIAN_POINT('',(-14.8668719675769,46.21875,54.4292634311412));
#6747=CARTESIAN_POINT('',(-17.8885112979508,43.8749999999999,55.1939846832761));
#6748=CARTESIAN_POINT('',(-20.9941597869241,41.53125,54.9293145125617));
#6749=CARTESIAN_POINT('',(-23.8428217222066,39.1874999999999,53.664313320941));
#6750=CARTESIAN_POINT('',(-26.121718143415,36.84375,51.5378764096428));
#6751=CARTESIAN_POINT('',(-27.5806295195416,34.5,48.7834834759934));
#6752=CARTESIAN_POINT('',(-28.0593694915579,32.15625,45.7035628803414));
#6753=CARTESIAN_POINT('',(-27.5053731029532,29.8124999999999,42.636285449501));
#6754=CARTESIAN_POINT('',(-25.9794683559339,27.46875,39.9184338090775));
#6755=CARTESIAN_POINT('',(-23.6491973847578,25.125,37.8484241382735));
#6756=CARTESIAN_POINT('',(-20.7704205717143,22.78125,36.653540505022));
#6757=CARTESIAN_POINT('',(-17.6592234472091,20.4375,36.4649794040555));
#6758=CARTESIAN_POINT('',(-14.6572109556881,18.09375,37.3034445715382));
#6759=CARTESIAN_POINT('',(-12.0939997268142,15.75,39.0768737447797));
#6760=CARTESIAN_POINT('',(-10.2510266462633,13.40625,41.5905469655251));
#6761=CARTESIAN_POINT('',(-9.33064749272866,11.0625,44.5684665497428));
#6762=CARTESIAN_POINT('',(-9.43391856609473,8.71874999999996,47.6836612341462));
#6763=CARTESIAN_POINT('',(-10.5495008518702,6.37499999999999,50.5940871479932));
#6764=CARTESIAN_POINT('',(-12.554905028579,4.03124999999999,52.9801837353858));
#6765=CARTESIAN_POINT('',(-15.2299406180995,1.68749999999997,54.5799610421162));
#6766=CARTESIAN_POINT('',(-18.2808925816907,-0.656250000000018,55.2177658337143));
#6767=CARTESIAN_POINT('',(-21.3727708064411,-3.00000000000003,54.8235680665402));
#6768=CARTESIAN_POINT('',(-24.1660915351542,-5.34375,53.440650085289));
#6769=CARTESIAN_POINT('',(-26.3541521918877,-7.68750000000003,51.2208542841428));
#6770=CARTESIAN_POINT('',(-27.6967068811935,-10.03125,48.4079110315069));
#6771=CARTESIAN_POINT('',(-28.0463450399661,-12.375,45.31067742807));
#6772=CARTESIAN_POINT('',(-27.364676904065,-14.71875,42.2692252438616));
#6773=CARTESIAN_POINT('',(-25.7265486488936,-17.0625,39.6175015297583));
#6774=CARTESIAN_POINT('',(-23.3118243875926,-19.40625,37.6466617142957));
#6775=CARTESIAN_POINT('',(-20.3856373515596,-21.75,36.5731011587228));
#6776=CARTESIAN_POINT('',(-17.2692786451132,-24.09375,36.5146952593168));
#6777=CARTESIAN_POINT('',(-14.3049199469323,-26.4375,37.4778568993578));
#6778=CARTESIAN_POINT('',(-11.8180435546296,-28.78125,39.3568323238212));
#6779=CARTESIAN_POINT('',(-10.0817048992316,-31.1250000000001,41.9453127487227));
#6780=CARTESIAN_POINT('',(-9.28655145377852,-33.46875,44.9590867672107));
#6781=CARTESIAN_POINT('',(-9.51988991652539,-35.8125,48.0672463509727));
#6782=CARTESIAN_POINT('',(-10.7561000617473,-38.15625,50.9285200731423));
#6783=CARTESIAN_POINT('',(-12.8594478034696,-40.5000000000001,53.2287442173774));
#6784=CARTESIAN_POINT('',(-15.5989886017896,-42.84375,54.7153574995281));
#6785=CARTESIAN_POINT('',(-18.6739248393383,-45.1875,55.2251319313512));
#6786=CARTESIAN_POINT('',(-21.7466329646104,-47.5312500000001,54.7020950175355));
#6787=CARTESIAN_POINT('',(-24.4797340696079,-49.875,53.2036754547327));
#6788=CARTESIAN_POINT('',(-26.5731376059735,-52.21875,50.8943975437266));
#6789=CARTESIAN_POINT('',(-27.7969908931707,-54.5625,48.0278166591632));
#6790=CARTESIAN_POINT('',(-28.0169166103633,-56.90625,44.9186792361392));
#6791=CARTESIAN_POINT('',(-27.2087672318895,-59.2500000000001,41.9083640668588));
#6792=CARTESIAN_POINT('',(-25.4612763906529,-61.59375,39.3273994029929));
#6793=CARTESIAN_POINT('',(-22.9663160535701,-63.9375,37.4591714317028));
#6794=CARTESIAN_POINT('',(-19.997829257111,-66.28125,36.5088088821579));
#6795=CARTESIAN_POINT('',(-16.88175155811,-68.625,36.5806601877586));
#6796=CARTESIAN_POINT('',(-13.960223781034,-70.96875,37.6668361790707));
#6797=CARTESIAN_POINT('',(-11.5540254503074,-73.3125000000001,39.6480763032193));
#6798=CARTESIAN_POINT('',(-9.92735366248178,-75.6562499999999,42.3068432601037));
#6799=CARTESIAN_POINT('',(-9.25881462715326,-78.0000000000001,45.3512082833183));
#6800=CARTESIAN_POINT('',(-9.62181296347134,-80.34375,48.4469044964758));
#6801=CARTESIAN_POINT('',(-10.9764919791247,-82.6875,51.2540289327768));
#6802=CARTESIAN_POINT('',(-13.1741098775099,-85.03125,53.4643633891489));
#6803=CARTESIAN_POINT('',(-15.9733713918694,-87.375,54.83521633916));
#6804=CARTESIAN_POINT('',(-19.0669216565881,-89.71875,55.2160701116074));
#6805=CARTESIAN_POINT('',(-22.1150933269005,-92.0625,54.5651075131175));
#6806=CARTESIAN_POINT('',(-24.783201562075,-94.40625,52.953803295496));
#6807=CARTESIAN_POINT('',(-26.778291936859,-96.7500000000001,50.5590763313577));
#6808=CARTESIAN_POINT('',(-27.8813064136649,-99.09375,47.6438641777937));
#6809=CARTESIAN_POINT('',(-27.9711355982641,-101.4375,44.5282529129019));
#6810=CARTESIAN_POINT('',(-27.0379163761107,-103.78125,41.5543321473578));
#6811=CARTESIAN_POINT('',(-25.1841148680525,-106.125,39.0486340799427));
#6812=CARTESIAN_POINT('',(-22.6132757984614,-108.46875,37.2862807343865));
#6813=CARTESIAN_POINT('',(-19.6076735788919,-110.8125,36.4607759590837));
#6814=CARTESIAN_POINT('',(-16.4973189859541,-113.15625,36.6627589844085));
#6815=CARTESIAN_POINT('',(-13.6237244553474,-115.5,37.8700523663141));
#6816=CARTESIAN_POINT('',(-11.3024065103586,-117.84375,39.9500970376177));
#6817=CARTESIAN_POINT('',(-9.78824250396035,-120.1875,42.6745071018321));
#6818=CARTESIAN_POINT('',(-9.24748545403626,-122.53125,45.7441462743578));
#6819=CARTESIAN_POINT('',(-9.73950970268401,-124.875,48.8219726135827));
#6820=CARTESIAN_POINT('',(-11.2102916985467,-127.21875,51.5700452397129));
#6821=CARTESIAN_POINT('',(-13.4983417075308,-129.5625,53.6866297504347));
#6822=CARTESIAN_POINT('',(-16.3524351411626,-131.90625,54.9393282374197));
#6823=CARTESIAN_POINT('',(-19.4591966936533,-134.25,55.1905961825461));
#6824=CARTESIAN_POINT('',(-22.4775083456834,-136.59375,54.4128448634647));
#6825=CARTESIAN_POINT('',(-25.0759641951447,-138.9375,52.691469747758));
#6826=CARTESIAN_POINT('',(-26.969256235043,-141.28125,50.2154772083064));
#6827=CARTESIAN_POINT('',(-27.9495086377368,-143.625,47.2567206477765));
#6828=CARTESIAN_POINT('',(-27.9090728200905,-145.96875,44.1400933705483));
#6829=CARTESIAN_POINT('',(-26.8524568247495,-148.3125,41.2076990875269));
#6830=CARTESIAN_POINT('',(-24.8954208534691,-150.65625,38.7818741622225));
#6831=CARTESIAN_POINT('',(-23.1343370860115,-152.21875,37.6790335671016));
#6832=CARTESIAN_POINT('',(-22.1874482472389,-153.,37.2873247734007));
#6833=CARTESIAN_POINT('',(-9.60135474701804,147.,43.9942411440982));
#6834=CARTESIAN_POINT('',(-9.39843901773353,146.21875,44.998663699194));
#6835=CARTESIAN_POINT('',(-9.33174894225629,144.65625,47.0754930615603));
#6836=CARTESIAN_POINT('',(-10.2539359093003,142.3125,50.0527721197408));
#6837=CARTESIAN_POINT('',(-12.0987476361032,139.96875,52.5651500098075));
#6838=CARTESIAN_POINT('',(-14.6631823442671,137.625,54.3367807179145));
#6839=CARTESIAN_POINT('',(-17.6657878131883,135.28125,55.1731392239644));
#6840=CARTESIAN_POINT('',(-20.7768504188338,132.9375,54.9823952517478));
#6841=CARTESIAN_POINT('',(-23.654788530644,130.59375,53.7854920318378));
#6842=CARTESIAN_POINT('',(-25.9836064170621,128.25,51.7138478553467));
#6843=CARTESIAN_POINT('',(-27.5076038558285,125.90625,48.9949262435228));
#6844=CARTESIAN_POINT('',(-28.0594479680062,123.5625,45.9272608603761));
#6845=CARTESIAN_POINT('',(-27.5785471122696,121.21875,42.8476769271774));
#6846=CARTESIAN_POINT('',(-26.1177034952354,118.875,40.0943083059417));
#6847=CARTESIAN_POINT('',(-23.8373156363512,116.53125,37.9694708889287));
#6848=CARTESIAN_POINT('',(-20.9877668234772,114.1875,36.7064687513236));
#6849=CARTESIAN_POINT('',(-17.8819333951004,111.84375,36.4439777011106));
#6850=CARTESIAN_POINT('',(-14.8608313695296,109.5,37.2108188759549));
#6851=CARTESIAN_POINT('',(-12.2561733796719,107.15625,38.9227942239654));
#6852=CARTESIAN_POINT('',(-10.3539471056093,104.8125,41.3919313280153));
#6853=CARTESIAN_POINT('',(-9.36301424098444,102.46875,44.3471225052718));
#6854=CARTESIAN_POINT('',(-9.39217778111471,100.125,47.4638920386598));
#6855=CARTESIAN_POINT('',(-10.4382356114741,97.78125,50.4000231412967));
#6856=CARTESIAN_POINT('',(-12.3863320952361,95.4375,52.8331328647337));
#6857=CARTESIAN_POINT('',(-15.0225690560779,93.09375,54.4960692804214));
#6858=CARTESIAN_POINT('',(-18.0574914885729,90.75,55.2062443750757));
#6859=CARTESIAN_POINT('',(-21.1578692991385,88.40625,54.8856819504525));
#6860=CARTESIAN_POINT('',(-23.9832854883506,86.0624999999999,53.5695792971357));
#6861=CARTESIAN_POINT('',(-26.2235134451231,83.7187500000001,51.4024425829381));
#6862=CARTESIAN_POINT('',(-27.6325793799162,81.375,48.6222202846794));
#6863=CARTESIAN_POINT('',(-28.0557698910664,79.0312499999999,45.5341767895841));
#6864=CARTESIAN_POINT('',(-27.4466192725236,76.6875,42.4773748070772));
#6865=CARTESIAN_POINT('',(-25.8720113811696,74.34375,39.7874467736877));
#6866=CARTESIAN_POINT('',(-23.5048358860694,71.9999999999999,37.7597428969527));
#6867=CARTESIAN_POINT('',(-20.6050052328636,69.65625,36.6169021298047));
#6868=CARTESIAN_POINT('',(-17.4909166331555,67.3125,36.4844067355494));
#6869=CARTESIAN_POINT('',(-14.5044925111881,64.96875,37.3768045168437));
#6870=CARTESIAN_POINT('',(-11.9736379161921,62.625,39.1961114880048));
#6871=CARTESIAN_POINT('',(-10.1762370222418,60.28125,41.7425703749215));
#6872=CARTESIAN_POINT('',(-9.30964184785518,57.9375,44.7365836748347));
#6873=CARTESIAN_POINT('',(-9.46900328979505,55.59375,47.8494130577518));
#6874=CARTESIAN_POINT('',(-10.6368236922262,53.25,50.7392743596128));
#6875=CARTESIAN_POINT('',(-12.6848780640175,50.90625,53.0888649891726));
#6876=CARTESIAN_POINT('',(-15.3882929973133,48.5625,54.6402032935934));
#6877=CARTESIAN_POINT('',(-18.4502374424726,46.21875,55.2229545708001));
#6878=CARTESIAN_POINT('',(-21.5345143280057,43.875,54.7731335734072));
#6879=CARTESIAN_POINT('',(-24.302474512769,41.53125,53.340129996338));
#6880=CARTESIAN_POINT('',(-26.4501999718652,39.1875,51.0812855597556));
#6881=CARTESIAN_POINT('',(-27.7418735562094,36.84375,48.2446181157581));
#6882=CARTESIAN_POINT('',(-28.0356713744296,34.5,45.141589646933));
#6883=CARTESIAN_POINT('',(-27.2993348510144,32.15625,42.1129081911487));
#6884=CARTESIAN_POINT('',(-25.6137126712474,29.8125,39.4911185917705));
#6885=CARTESIAN_POINT('',(-23.1638837124982,27.46875,37.5640895548326));
#6886=CARTESIAN_POINT('',(-20.2188356511712,25.125,36.5434060814668));
#6887=CARTESIAN_POINT('',(-17.1019305048826,22.78125,36.5411377408014));
#6888=CARTESIAN_POINT('',(-14.1553999506159,20.4375,37.5575335933607));
#6889=CARTESIAN_POINT('',(-11.7027687815673,18.09375,39.4809948445798));
#6890=CARTESIAN_POINT('',(-10.01333235278,15.75,42.1003282310382));
#6891=CARTESIAN_POINT('',(-9.27258834064879,13.40625,45.1279347353283));
#6892=CARTESIAN_POINT('',(-9.56186936634378,11.0625,48.2313875422036));
#6893=CARTESIAN_POINT('',(-10.8494127916401,8.71875000000002,51.069932022092));
#6894=CARTESIAN_POINT('',(-12.9938482106555,6.37499999999999,53.3319000965795));
#6895=CARTESIAN_POINT('',(-15.7597197159474,4.03125,54.7689309426443));
#6896=CARTESIAN_POINT('',(-18.843338616604,1.6875,55.2232406518122));
#6897=CARTESIAN_POINT('',(-21.9061280172687,-0.656249999999996,54.6449466750991));
#6898=CARTESIAN_POINT('',(-24.6117980715601,-3.,53.097544854743));
#6899=CARTESIAN_POINT('',(-26.6632701208131,-5.34375000000001,50.7509376725626));
#6900=CARTESIAN_POINT('',(-27.8352955011302,-7.6875,47.8627792031875));
#6901=CARTESIAN_POINT('',(-27.9991875208898,-10.03125,44.75018506932));
#6902=CARTESIAN_POINT('',(-27.136951073365,-12.375,41.7549136050136));
#6903=CARTESIAN_POINT('',(-25.3432584734137,-14.71875,39.2058412848922));
#6904=CARTESIAN_POINT('',(-22.8150545742355,-17.0625,37.3828525629006));
#6905=CARTESIAN_POINT('',(-19.8299325073381,-19.40625,36.4861089640663));
#6906=CARTESIAN_POINT('',(-16.7156543581889,-21.75,36.6140716385523));
#6907=CARTESIAN_POINT('',(-13.8141633632846,-24.09375,37.752690469777));
#6908=CARTESIAN_POINT('',(-11.4440390373468,-26.4375,39.7769467568921));
#6909=CARTESIAN_POINT('',(-9.86551760337616,-28.78125,42.4645800873195));
#6910=CARTESIAN_POINT('',(-9.25191843175696,-31.125,45.5204922085881));
#6911=CARTESIAN_POINT('',(-9.6706138240647,-33.46875,48.6091483896463));
#6912=CARTESIAN_POINT('',(-11.0756316317967,-35.8125,51.3914186490361));
#6913=CARTESIAN_POINT('',(-13.3127029317859,-38.15625,53.5618137363629));
#6914=CARTESIAN_POINT('',(-16.1362005308419,-40.5,54.8820274101503));
#6915=CARTESIAN_POINT('',(-19.2361084763023,-42.84375,55.2071021184836));
#6916=CARTESIAN_POINT('',(-22.2720613592529,-45.1875,54.5013451285537));
#6917=CARTESIAN_POINT('',(-24.9107159441402,-47.53125,52.8422475370961));
#6918=CARTESIAN_POINT('',(-26.8623517739152,-49.8750000000001,50.4119758600468));
#6919=CARTESIAN_POINT('',(-27.9126820571813,-52.21875,47.4773704125663));
#6920=CARTESIAN_POINT('',(-27.9463820479625,-54.5625,44.3606466283741));
#6921=CARTESIAN_POINT('',(-26.9597515360122,-56.9062500000001,41.4040162711566));
#6922=CARTESIAN_POINT('',(-25.0611211245475,-59.25,38.9321130778685));
#6923=CARTESIAN_POINT('',(-22.4589576866969,-61.59375,37.2163484439388));
#6924=CARTESIAN_POINT('',(-19.4389750043449,-63.9375000000001,36.4451108446085));
#6925=CARTESIAN_POINT('',(-16.3327628081152,-66.28125,36.703081052818));
#6926=CARTESIAN_POINT('',(-13.4813787045405,-68.6250000000001,37.9619343128168));
#6927=CARTESIAN_POINT('',(-11.1979005441447,-70.96875,40.0834503573766));
#6928=CARTESIAN_POINT('',(-9.7330509262721,-73.3125,42.8346897932212));
#6929=CARTESIAN_POINT('',(-9.247668220306,-75.6562500000001,45.9135705095006));
#6930=CARTESIAN_POINT('',(-9.79504674533706,-78.0000000000001,48.9820358566513));
#6931=CARTESIAN_POINT('',(-11.3150851310077,-80.34375,51.7031727775751));
#6932=CARTESIAN_POINT('',(-13.640885361052,-82.6875000000001,53.7782043740229));
#6933=CARTESIAN_POINT('',(-16.5170779340898,-85.03125,54.9792951778885));
#6934=CARTESIAN_POINT('',(-19.6278610655312,-87.3750000000001,55.1745671560838));
#6935=CARTESIAN_POINT('',(-22.631675266769,-89.71875,54.3425797278312));
#6936=CARTESIAN_POINT('',(-25.19870608302,-92.0625,52.5746839094228));
#6937=CARTESIAN_POINT('',(-27.0470972434388,-94.4062500000001,50.0649921047551));
#6938=CARTESIAN_POINT('',(-27.9738980719983,-96.75,47.0890648441339));
#6939=CARTESIAN_POINT('',(-27.8773471781846,-99.0937500000001,43.9736546365955));
#6940=CARTESIAN_POINT('',(-26.7680457104939,-101.4375,41.0608290170113));
#6941=CARTESIAN_POINT('',(-24.7677933656601,-103.78125,38.6704120254977));
#6942=CARTESIAN_POINT('',(-22.0962149581175,-106.125,37.0648679903871));
#6943=CARTESIAN_POINT('',(-19.0466459330243,-108.46875,36.4204833245843));
#6944=CARTESIAN_POINT('',(-15.9539245586471,-110.8125,36.8080105324007));
#6945=CARTESIAN_POINT('',(-13.1576271687901,-113.15625,38.184899686911));
#6946=CARTESIAN_POINT('',(-10.9647831724855,-115.5,40.399970350388));
#6947=CARTESIAN_POINT('',(-9.61616366894639,-117.84375,43.2100109677135));
#6948=CARTESIAN_POINT('',(-9.25984512911318,-120.1875,46.3064831433412));
#6949=CARTESIAN_POINT('',(-9.93495081329161,-122.53125,49.3493987109731));
#6950=CARTESIAN_POINT('',(-11.5673550938348,-124.875,52.0046499421278));
#6951=CARTESIAN_POINT('',(-13.9778223415545,-127.21875,53.9806940928265));
#6952=CARTESIAN_POINT('',(-16.9016867396709,-129.5625,55.0605643702517));
#6953=CARTESIAN_POINT('',(-20.0179122035962,-131.90625,55.1256925913121));
#6954=CARTESIAN_POINT('',(-22.9843416940197,-134.25,54.1689277285435));
#6955=CARTESIAN_POINT('',(-25.4752655077581,-136.59375,52.2953213405142));
#6956=CARTESIAN_POINT('',(-27.2171839455431,-138.9375,49.7105921000175));
#6957=CARTESIAN_POINT('',(-28.018836386764,-141.28125,46.6985417738698));
#6958=CARTESIAN_POINT('',(-27.7922044021915,-143.625,43.5898807918657));
#6959=CARTESIAN_POINT('',(-26.5621649540354,-145.96875,40.7259667574556));
#6960=CARTESIAN_POINT('',(-24.4638003529413,-148.3125,38.4211371339079));
#6961=CARTESIAN_POINT('',(-21.7274118659548,-150.65625,36.928892378715));
#6962=CARTESIAN_POINT('',(-19.6783437938704,-152.21875,36.5839381060734));
#6963=CARTESIAN_POINT('',(-18.653632110504,-153.,36.5844050397581));
#6964=CARTESIAN_POINT('',(-9.59222370870076,147.,47.5972772616429));
#6965=CARTESIAN_POINT('',(-9.78912989051912,146.21875,48.602895190052));
#6966=CARTESIAN_POINT('',(-10.5222844835911,144.65625,50.547156517449));
#6967=CARTESIAN_POINT('',(-12.5136295166848,142.3125,52.9448980280458));
#6968=CARTESIAN_POINT('',(-15.1794587067838,139.96875,54.5600536549319));
#6969=CARTESIAN_POINT('',(-18.2266611663797,137.625,55.2154603291241));
#6970=CARTESIAN_POINT('',(-21.3207674471053,135.28125,54.8391074678204));
#6971=CARTESIAN_POINT('',(-24.1220199548317,132.9375,53.4723308997086));
#6972=CARTESIAN_POINT('',(-26.3228530397633,130.59375,51.265197277675));
#6973=CARTESIAN_POINT('',(-27.6816163158724,128.25,48.460047602241));
#6974=CARTESIAN_POINT('',(-28.0491201024039,125.90625,45.3648830037915));
#6975=CARTESIAN_POINT('',(-27.3850128646116,123.5625,42.3195481447303));
#6976=CARTESIAN_POINT('',(-25.7622126570165,121.21875,39.658416370298));
#6977=CARTESIAN_POINT('',(-23.3589005844981,118.875,37.6736761051948));
#6978=CARTESIAN_POINT('',(-20.4389568395274,116.53125,36.5832489586638));
#6979=CARTESIAN_POINT('',(-17.3229870213182,114.1875,36.506862254615));
#6980=CARTESIAN_POINT('',(-14.3531201093908,111.84375,37.4529031425812));
#6981=CARTESIAN_POINT('',(-11.8554431952059,109.5,39.3174977013774));
#6982=CARTESIAN_POINT('',(-10.1041975914855,107.15625,41.8959161452639));
#6983=CARTESIAN_POINT('',(-9.29166753263166,104.8125,44.9050518583532));
#6984=CARTESIAN_POINT('',(-9.50706764391951,102.46875,48.0145060915564));
#6985=CARTESIAN_POINT('',(-10.7267473046692,100.125,50.8828652673714));
#6986=CARTESIAN_POINT('',(-12.8167874521925,97.7812500000001,53.1951876968932));
#6987=CARTESIAN_POINT('',(-15.5477047011831,95.4375000000001,54.6975837217463));
#6988=CARTESIAN_POINT('',(-18.6196482875149,93.0937500000001,55.2250924313653));
#6989=CARTESIAN_POINT('',(-21.6953232484588,90.7500000000002,54.7197941323867));
#6990=CARTESIAN_POINT('',(-24.4370249217505,88.4062500000001,53.2371698472093));
#6991=CARTESIAN_POINT('',(-26.5437184290735,86.0625000000002,50.9400095779785));
#6992=CARTESIAN_POINT('',(-27.7840918703017,83.7187500000001,48.0805381997996));
#6993=CARTESIAN_POINT('',(-28.0219540355802,81.3750000000001,44.9727215342516));
#6994=CARTESIAN_POINT('',(-27.2311880031892,79.0312500000002,41.9577933562771));
#6995=CARTESIAN_POINT('',(-25.4986187397747,76.6875000000001,39.3667884192304));
#6996=CARTESIAN_POINT('',(-23.0144798445895,74.3437500000001,37.484195317746));
#6997=CARTESIAN_POINT('',(-20.0515261754352,72.0000000000002,36.5167200515123));
#6998=CARTESIAN_POINT('',(-16.9350857597706,69.65625,36.570590005471));
#6999=CARTESIAN_POINT('',(-14.0073392478274,67.3125000000001,37.6398903365918));
#7000=CARTESIAN_POINT('',(-11.5897489721244,64.9687500000002,39.6072134150805));
#7001=CARTESIAN_POINT('',(-9.94776284829504,62.6250000000001,42.2565500123213));
#7002=CARTESIAN_POINT('',(-9.26166857787889,60.2812500000001,45.297006801758));
#7003=CARTESIAN_POINT('',(-9.60679831944743,57.9375000000001,48.3947460254198));
#7004=CARTESIAN_POINT('',(-10.9452573265489,55.5937500000001,51.2096403969084));
#7005=CARTESIAN_POINT('',(-13.1300847360592,53.2500000000002,53.432618585506));
#7006=CARTESIAN_POINT('',(-15.9213896584004,50.9062500000002,54.819600801269));
#7007=CARTESIAN_POINT('',(-19.0126908502528,48.5625000000001,55.2182984029436));
#7008=CARTESIAN_POINT('',(-22.0645679117987,46.2187500000001,54.5849349705148));
#7009=CARTESIAN_POINT('',(-24.7419291557082,43.8750000000001,52.9890528928096));
#7010=CARTESIAN_POINT('',(-26.7508041897528,41.5312500000002,50.6058777137848));
#7011=CARTESIAN_POINT('',(-27.8706214406952,39.1875000000001,47.6970786212345));
#7012=CARTESIAN_POINT('',(-27.978426594009,36.8437500000001,44.582037548432));
#7013=CARTESIAN_POINT('',(-27.0623827997825,34.5000000000001,41.6027814997868));
#7014=CARTESIAN_POINT('',(-25.2230703417187,32.1562500000001,39.0864284804474));
#7015=CARTESIAN_POINT('',(-22.6624430674557,29.8125000000001,37.3092704124549));
#7016=CARTESIAN_POINT('',(-19.6616541481913,27.4687500000001,36.4664366813147));
#7017=CARTESIAN_POINT('',(-16.5501858671233,25.1250000000001,36.6504692116882));
#7018=CARTESIAN_POINT('',(-13.6696729412966,22.7812500000001,37.8411614979128));
#7019=CARTESIAN_POINT('',(-11.3363915237894,20.4375000000001,39.9077772490971));
#7020=CARTESIAN_POINT('',(-9.80653253954406,18.0937500000001,42.623405044774));
#7021=CARTESIAN_POINT('',(-9.24807229234689,15.7500000000001,45.6898728806774));
#7022=CARTESIAN_POINT('',(-9.72232890962114,13.4062500000001,48.7704870235554));
#7023=CARTESIAN_POINT('',(-11.1772297007227,11.0625000000001,51.527000496111));
#7024=CARTESIAN_POINT('',(-13.4530286630581,8.71875000000009,53.6567521058913));
#7025=CARTESIAN_POINT('',(-16.2998463621239,6.37500000000013,54.9258982064702));
#7026=CARTESIAN_POINT('',(-19.4051063320058,4.0312500000001,55.195088391611));
#7027=CARTESIAN_POINT('',(-22.4278555192485,1.68750000000011,54.4347659683231));
#7028=CARTESIAN_POINT('',(-25.0362004349906,-0.656249999999912,52.7284132390056));
#7029=CARTESIAN_POINT('',(-26.9437485800172,-2.99999999999987,50.2633852653843));
#7030=CARTESIAN_POINT('',(-27.9410539269517,-5.34374999999989,47.3103385537147));
#7031=CARTESIAN_POINT('',(-27.9186137911356,-7.68749999999989,44.1935133618511));
#7032=CARTESIAN_POINT('',(-26.8788920670256,-10.0312499999999,41.2551325878974));
#7033=CARTESIAN_POINT('',(-24.9360486961462,-12.3749999999999,38.8178261909586));
#7034=CARTESIAN_POINT('',(-22.3034050706234,-14.7187499999999,37.1492068882647));
#7035=CARTESIAN_POINT('',(-19.2700216528628,-17.0624999999999,36.432486665874));
#7036=CARTESIAN_POINT('',(-16.1689595548552,-19.4062499999999,36.7463603675895));
#7037=CARTESIAN_POINT('',(-13.340710909796,-21.7499999999999,38.0563651149287));
#7038=CARTESIAN_POINT('',(-11.0958133283268,-24.0937499999999,40.2186642813354));
#7039=CARTESIAN_POINT('',(-9.68075331802549,-26.4374999999999,42.9958405457402));
#7040=CARTESIAN_POINT('',(-9.25090242137647,-28.7812499999999,46.082963971031));
#7041=CARTESIAN_POINT('',(-9.85345764512469,-31.1249999999999,49.1410728701158));
#7042=CARTESIAN_POINT('',(-11.4222592971977,-33.4687499999999,51.8343913089162));
#7043=CARTESIAN_POINT('',(-13.7850552252056,-35.8124999999999,53.8671968182843));
#7044=CARTESIAN_POINT('',(-16.6824138536407,-38.1562499999999,55.0162902934033));
#7045=CARTESIAN_POINT('',(-19.7962093956435,-40.4999999999999,55.1555029326757));
#7046=CARTESIAN_POINT('',(-22.7845516042836,-42.8437499999999,54.2695493896572));
#7047=CARTESIAN_POINT('',(-25.3193248271883,-45.1874999999999,52.455706081988));
#7048=CARTESIAN_POINT('',(-27.1222146306051,-47.5312499999999,49.913130381431));
#7049=CARTESIAN_POINT('',(-27.995266321697,-49.8749999999998,46.9209934224983));
#7050=CARTESIAN_POINT('',(-27.8426200875041,-52.2187499999999,43.8078275156577));
#7051=CARTESIAN_POINT('',(-26.6810362637642,-54.5624999999999,40.9154537748086));
#7052=CARTESIAN_POINT('',(-24.6380550742873,-56.9062499999999,38.5614506533632));
#7053=CARTESIAN_POINT('',(-21.9379928988499,-59.2499999999999,37.0042842893869));
#7054=CARTESIAN_POINT('',(-18.8773126591277,-61.5937499999999,36.4149292974642));
#7055=CARTESIAN_POINT('',(-15.7920726186834,-63.9374999999999,36.8580960033053));
#7056=CARTESIAN_POINT('',(-13.0210276716755,-66.28125,38.2851253435754));
#7057=CARTESIAN_POINT('',(-10.868434545435,-68.6249999999998,40.5393315606705));
#7058=CARTESIAN_POINT('',(-9.57064485185862,-70.9687499999999,43.3732060722845));
#7059=CARTESIAN_POINT('',(-9.27015402226635,-73.3124999999999,46.4755935557655));
#7060=CARTESIAN_POINT('',(-9.99995551513773,-75.6562499999998,49.5058563525095));
#7061=CARTESIAN_POINT('',(-11.6799181820912,-77.9999999999999,52.1312759902003));
#7062=CARTESIAN_POINT('',(-14.1255845520783,-80.3437499999999,54.0635851898475));
#7063=CARTESIAN_POINT('',(-17.0684239949208,-82.6874999999999,55.0906191960909));
#7064=CARTESIAN_POINT('',(-20.1853169961169,-85.0312499999999,55.0996111604768));
#7065=CARTESIAN_POINT('',(-23.1340332121974,-87.3749999999999,54.089573778321));
#7066=CARTESIAN_POINT('',(-25.5908078674595,-89.7187499999999,52.1714076933351));
#7067=CARTESIAN_POINT('',(-27.2858906580671,-92.0624999999999,49.5557247673454));
#7068=CARTESIAN_POINT('',(-28.033163945264,-94.4062499999999,46.5297232024792));
#7069=CARTESIAN_POINT('',(-27.7505782029213,-96.7499999999999,43.425653593957));
#7070=CARTESIAN_POINT('',(-26.4691609368351,-99.0937499999999,40.5843382952781));
#7071=CARTESIAN_POINT('',(-24.3296099094675,-101.4375,38.3177496167533));
#7072=CARTESIAN_POINT('',(-21.5668447291216,-103.78125,36.8747557170439));
#7073=CARTESIAN_POINT('',(-18.4842130167245,-106.125,36.4137952392905));
#7074=CARTESIAN_POINT('',(-15.4201832757877,-108.46875,36.9854809772481));
#7075=CARTESIAN_POINT('',(-12.7111815402623,-110.8125,38.5270426637364));
#7076=CARTESIAN_POINT('',(-10.6546522825931,-113.15625,40.8692190551893));
#7077=CARTESIAN_POINT('',(-9.47639944084759,-115.5,43.7548425713889));
#7078=CARTESIAN_POINT('',(-9.30579347290572,-117.84375,46.8670759238302));
#7079=CARTESIAN_POINT('',(-10.1615666672917,-120.1875,49.864200391722));
#7080=CARTESIAN_POINT('',(-11.9497563650047,-122.53125,52.4171360433864));
#7081=CARTESIAN_POINT('',(-14.4740219235123,-124.875,54.2455742364399));
#7082=CARTESIAN_POINT('',(-17.4572026355637,-127.21875,55.1487551026481));
#7083=CARTESIAN_POINT('',(-20.571749573096,-129.5625,55.0275106860873));
#7084=CARTESIAN_POINT('',(-23.4756899890863,-131.90625,53.8951534599555));
#7085=CARTESIAN_POINT('',(-25.8501754182758,-134.25,51.8760145665533));
#7086=CARTESIAN_POINT('',(-27.4344908233614,-136.59375,49.1917926978692));
#7087=CARTESIAN_POINT('',(-28.0546805578474,-138.9375,46.1372109288194));
#7088=CARTESIAN_POINT('',(-27.6426490832125,-141.28125,43.0476601738273));
#7089=CARTESIAN_POINT('',(-26.2436353766008,-143.625,40.2623602247772));
#7090=CARTESIAN_POINT('',(-24.0112546535813,-145.96875,38.0871643834787));
#7091=CARTESIAN_POINT('',(-21.1905984355283,-148.3125,36.7607888362574));
#7092=CARTESIAN_POINT('',(-18.0914477745559,-150.65625,36.4293049879217));
#7093=CARTESIAN_POINT('',(-16.0663474369713,-152.21875,36.8947531987507));
#7094=CARTESIAN_POINT('',(-15.119815973769,-153.,37.2873247734003));
#7095=CARTESIAN_POINT('',(-15.6376014885499,-152.923527635033,46.1257244762987));
#7096=CARTESIAN_POINT('',(-15.6214989722803,-152.92349376834,45.9674270253667));
#7097=CARTESIAN_POINT('',(-15.609217836868,-152.923531269027,45.8151040188231));
#7098=CARTESIAN_POINT('',(-15.63717000155,-152.923736129811,45.5317731249969));
#7099=CARTESIAN_POINT('',(-15.6441580427206,-152.923787345007,45.4609404015403));
#7100=CARTESIAN_POINT('',(-15.644500494672,-152.923779801238,45.462352441988));
#7101=CARTESIAN_POINT('',(-15.6499063761025,-152.923798393118,45.4219183103365));
#7102=CARTESIAN_POINT('',(-15.6553122575329,-152.923816984998,45.3814841786849));
#7103=CARTESIAN_POINT('',(-15.6620657042532,-152.923834497222,45.3369199465922));
#7104=CARTESIAN_POINT('',(-15.6708608458927,-152.923856941477,45.2880586627169));
#7105=CARTESIAN_POINT('',(-15.6884511291718,-152.923901829988,45.1903360949664));
#7106=CARTESIAN_POINT('',(-15.7147760829214,-152.923973386269,45.0743911924957));
#7107=CARTESIAN_POINT('',(-15.752411288337,-152.923948122251,44.9489457583956));
#7108=CARTESIAN_POINT('',(-15.7900464937527,-152.923922858233,44.8235003242954));
#7109=CARTESIAN_POINT('',(-15.8139671573626,-152.92388968373,44.7602742131058));
#7110=CARTESIAN_POINT('',(-15.8512394847829,-152.923851420472,44.6688385240442));
#7111=CARTESIAN_POINT('',(-15.8885118122032,-152.923813157214,44.5774028349826));
#7112=CARTESIAN_POINT('',(-15.9302019651845,-152.923775019149,44.487555421332));
#7113=CARTESIAN_POINT('',(-15.9769861623789,-152.923756852696,44.398815599405));
#7114=CARTESIAN_POINT('',(-16.0237703595732,-152.923738686242,44.3100757774781));
#7115=CARTESIAN_POINT('',(-16.0721879677766,-152.923697101869,44.2276734574222));
#7116=CARTESIAN_POINT('',(-16.1280964395268,-152.923657162936,44.1428316519723));
#7117=CARTESIAN_POINT('',(-16.1560506754019,-152.923637193469,44.1004107492474));
#7118=CARTESIAN_POINT('',(-16.2099031595694,-152.923608745371,44.0244645450299));
#7119=CARTESIAN_POINT('',(-16.2397695049993,-152.92358202085,43.9849580830795));
#7120=CARTESIAN_POINT('',(-16.2696358504293,-152.923555296329,43.9454516211291));
#7121=CARTESIAN_POINT('',(-16.2914788281433,-152.923533878553,43.9183761854311));
#7122=CARTESIAN_POINT('',(-16.30443636142,-152.923527388116,43.9024707492318));
#7123=CARTESIAN_POINT('',(-16.3562664945268,-152.923501426371,43.8388490044342));
#7124=CARTESIAN_POINT('',(-16.5044866434787,-152.923500896369,43.662354826053));
#7125=CARTESIAN_POINT('',(-16.7230948693906,-152.923681970929,43.4827737409904));
#7126=CARTESIAN_POINT('',(-16.7777469258686,-152.923727239569,43.4378784697247));
#7127=CARTESIAN_POINT('',(-16.7757414022803,-152.92371872971,43.4400914481505));
#7128=CARTESIAN_POINT('',(-16.8078976791179,-152.923734009869,43.4154480555008));
#7129=CARTESIAN_POINT('',(-16.8400539559556,-152.923749290028,43.390804662851));
#7130=CARTESIAN_POINT('',(-16.8762678289233,-152.923763587414,43.3640346313272));
#7131=CARTESIAN_POINT('',(-16.9170487279374,-152.923782981184,43.3356107125437));
#7132=CARTESIAN_POINT('',(-16.9986105259656,-152.923821768724,43.2787628749768));
#7133=CARTESIAN_POINT('',(-17.0988268516689,-152.923890064987,43.2153550439598));
#7134=CARTESIAN_POINT('',(-17.216020003819,-152.923861126032,43.1521781858989));
#7135=CARTESIAN_POINT('',(-17.3332131559691,-152.923832187077,43.0890013278379));
#7136=CARTESIAN_POINT('',(-17.3911263478856,-152.923800895451,43.0630462548702));
#7137=CARTESIAN_POINT('',(-17.4820633801475,-152.923764603411,43.0246856508611));
#7138=CARTESIAN_POINT('',(-17.5730004124094,-152.923728311371,42.9863250468521));
#7139=CARTESIAN_POINT('',(-17.666985088102,-152.923693729071,42.9518358952074));
#7140=CARTESIAN_POINT('',(-17.7633065386779,-152.923681447369,42.9220038549991));
#7141=CARTESIAN_POINT('',(-17.8596279892539,-152.923669165666,42.8921718147908));
#7142=CARTESIAN_POINT('',(-17.9525192475718,-152.923637606034,42.8681360676332));
#7143=CARTESIAN_POINT('',(-18.051035560002,-152.92361101237,42.8479114062889));
#7144=CARTESIAN_POINT('',(-18.1495518724322,-152.923584418706,42.8276867449447));
#7145=CARTESIAN_POINT('',(-18.3023551431691,-152.923533724009,42.8071771369932));
#7146=CARTESIAN_POINT('',(-18.3455087570341,-152.923527958326,42.8027947432035));
#7147=CARTESIAN_POINT('',(-18.431815984764,-152.923516426959,42.7940299556242));
#7148=CARTESIAN_POINT('',(-18.6475803136412,-152.923547585833,42.7736929115618));
#7149=CARTESIAN_POINT('',(-18.9385853635173,-152.923747144114,42.8021383209456));
#7150=CARTESIAN_POINT('',(-19.0113366259863,-152.923797033684,42.8092496732915));
#7151=CARTESIAN_POINT('',(-19.008076103386,-152.923787844314,42.8094097500857));
#7152=CARTESIAN_POINT('',(-19.0486191537117,-152.923804318461,42.8147907405669));
#7153=CARTESIAN_POINT('',(-19.0891622040373,-152.923820792609,42.8201717310481));
#7154=CARTESIAN_POINT('',(-19.1338019315308,-152.923835718564,42.8268956914502));
#7155=CARTESIAN_POINT('',(-19.1826343946432,-152.923855026991,42.8356358150916));
#7156=CARTESIAN_POINT('',(-19.2802993208682,-152.923893643845,42.8531160623745));
#7157=CARTESIAN_POINT('',(-19.3949493120291,-152.923957984743,42.8789421273901));
#7158=CARTESIAN_POINT('',(-19.521356552927,-152.923923621412,42.9167041100377));
#7159=CARTESIAN_POINT('',(-19.6477637938248,-152.92388925808,42.9544660926853));
#7160=CARTESIAN_POINT('',(-19.7094760816614,-152.923853852471,42.9778098035029));
#7161=CARTESIAN_POINT('',(-19.8012701467894,-152.923811670445,43.0151133148204));
#7162=CARTESIAN_POINT('',(-19.8930642119174,-152.923769488419,43.0524168261379));
#7163=CARTESIAN_POINT('',(-19.9830343256228,-152.923728789121,43.0940876330765));
#7164=CARTESIAN_POINT('',(-20.0716701660833,-152.923709372379,43.1407233371766));
#7165=CARTESIAN_POINT('',(-20.1603060065437,-152.923689955637,43.1873590412767));
#7166=CARTESIAN_POINT('',(-20.2449516963712,-152.923653366438,43.2371882123711));
#7167=CARTESIAN_POINT('',(-20.3278776724359,-152.923622400785,43.2918136050762));
#7168=CARTESIAN_POINT('',(-20.4108036485006,-152.923591435131,43.3464389977812));
#7169=CARTESIAN_POINT('',(-20.5342795404985,-152.923534958962,43.4404976768362));
#7170=CARTESIAN_POINT('',(-20.568306539456,-152.923527944676,43.468239905065));
#7171=CARTESIAN_POINT('',(-20.6363605373711,-152.923513916104,43.5237243615225));
#7172=CARTESIAN_POINT('',(-20.8047588234191,-152.923527061032,43.663722877683));
#7173=CARTESIAN_POINT('',(-20.9886601866393,-152.923697858307,43.8872441856871));
#7174=CARTESIAN_POINT('',(-21.0346355274443,-152.923740557626,43.9431245126881));
#7175=CARTESIAN_POINT('',(-21.029570931451,-152.92372944838,43.9375791130756));
#7176=CARTESIAN_POINT('',(-21.0536148725203,-152.923741910634,43.9688131736564));
#7177=CARTESIAN_POINT('',(-21.0776588135896,-152.923754372888,44.0000472342372));
#7178=CARTESIAN_POINT('',(-21.1041141384757,-152.923765569972,44.0356124061346));
#7179=CARTESIAN_POINT('',(-21.1325561292521,-152.923781736246,44.0761698236947));
#7180=CARTESIAN_POINT('',(-21.1894401108048,-152.923814068795,44.1572846588151));
#7181=CARTESIAN_POINT('',(-21.254830266682,-152.923881602945,44.2598957879587));
#7182=CARTESIAN_POINT('',(-21.3196060139167,-152.923848861842,44.3798843010124));
#7183=CARTESIAN_POINT('',(-21.3843817611514,-152.923816120739,44.4998728140661));
#7184=CARTESIAN_POINT('',(-21.4098598386286,-152.923776439308,44.5570821668453));
#7185=CARTESIAN_POINT('',(-21.448095561242,-152.923724848147,44.6474959375037));
#7186=CARTESIAN_POINT('',(-21.4863312838553,-152.923673256986,44.7379097081622));
#7187=CARTESIAN_POINT('',(-21.5201871879011,-152.923617723102,44.8297978414369));
#7188=CARTESIAN_POINT('',(-21.549680336023,-152.92357718925,44.9238891511122));
#7189=CARTESIAN_POINT('',(-21.6086666322669,-152.923496121546,45.1120717704627));
#7190=CARTESIAN_POINT('',(-21.649499879275,-152.92358711148,45.3146300855442));
#7191=CARTESIAN_POINT('',(-21.6696629373973,-152.923527684952,45.5117041594533));
#7192=CARTESIAN_POINT('',(-21.6797444664585,-152.923497971688,45.6102411964079));
#7193=CARTESIAN_POINT('',(-21.6813889047007,-152.923518925999,45.6386722732731));
#7194=CARTESIAN_POINT('',(-21.6838146033671,-152.923540637533,45.7382045306095));
#7195=CARTESIAN_POINT('',(-21.6862403020336,-152.923562349067,45.8377367879459));
#7196=CARTESIAN_POINT('',(-21.6846757815214,-152.923594318361,45.9613743496347));
#7197=CARTESIAN_POINT('',(-21.6702698334161,-152.923682047818,46.1076617371152));
#7198=CARTESIAN_POINT('',(-21.6630668593635,-152.923725912546,46.1808054308554));
#7199=CARTESIAN_POINT('',(-21.663671466666,-152.923713458963,46.1709324640959));
#7200=CARTESIAN_POINT('',(-21.6585907584944,-152.923726434122,46.209753935407));
#7201=CARTESIAN_POINT('',(-21.6535100503228,-152.923739409282,46.248575406718));
#7202=CARTESIAN_POINT('',(-21.6470518003858,-152.923751516929,46.2923528057417));
#7203=CARTESIAN_POINT('',(-21.638436867223,-152.92376911377,46.341188874083));
#7204=CARTESIAN_POINT('',(-21.6212070008974,-152.923804307453,46.4388610107657));
#7205=CARTESIAN_POINT('',(-21.5950174343812,-152.923875867239,46.5572028634797));
#7206=CARTESIAN_POINT('',(-21.5549706463987,-152.923847896005,46.6904209504358));
#7207=CARTESIAN_POINT('',(-21.544958949403,-152.923840903197,46.7237254721748));
#7208=CARTESIAN_POINT('',(-21.5540000312316,-152.923847106285,46.6936532742673));
#7209=CARTESIAN_POINT('',(-21.5529558572217,-152.923846113436,46.6971042064082));
#7210=CARTESIAN_POINT('',(-21.5519116832118,-152.923845120587,46.7005551385491));
#7211=CARTESIAN_POINT('',(-21.5504247596693,-152.923843666337,46.7054520557111));
#7212=CARTESIAN_POINT('',(-21.5484740436431,-152.923841648377,46.7117877623451));
#7213=CARTESIAN_POINT('',(-21.5445726115906,-152.923837612455,46.7244591756133));
#7214=CARTESIAN_POINT('',(-21.5388290170319,-152.923831336889,46.7428883324335));
#7215=CARTESIAN_POINT('',(-21.5309221883613,-152.923821579454,46.7669778476204));
#7216=CARTESIAN_POINT('',(-21.51510853102,-152.923802064584,46.8151568779942));
#7217=CARTESIAN_POINT('',(-21.4907417860727,-152.923766796802,46.8862516048217));
#7218=CARTESIAN_POINT('',(-21.4535140273223,-152.923713733179,46.9771010656306));
#7219=CARTESIAN_POINT('',(-21.3790585098214,-152.923607605935,47.1587999872484));
#7220=CARTESIAN_POINT('',(-21.2522025123214,-152.923635351291,47.4290755053468));
#7221=CARTESIAN_POINT('',(-21.0026675172721,-152.923527383726,47.7351484858591));
#7222=CARTESIAN_POINT('',(-20.971475642891,-152.92351388778,47.7734076084231));
#7223=CARTESIAN_POINT('',(-20.9830040812744,-152.923520753121,47.7590737607639));
#7224=CARTESIAN_POINT('',(-20.9719628503906,-152.923519691082,47.7721499616304));
#7225=CARTESIAN_POINT('',(-20.9609216195068,-152.923518629044,47.7852261624968));
#7226=CARTESIAN_POINT('',(-20.9489335470481,-152.923518951012,47.7991861517951));
#7227=CARTESIAN_POINT('',(-20.9359567013962,-152.923520535144,47.8139747902464));
#7228=CARTESIAN_POINT('',(-20.9100030100923,-152.923523703409,47.8435520671489));
#7229=CARTESIAN_POINT('',(-20.8801039399387,-152.923531789179,47.8764477030018));
#7230=CARTESIAN_POINT('',(-20.8458211355238,-152.923545027754,47.9121705953424));
#7231=CARTESIAN_POINT('',(-20.7772555266939,-152.923571504905,47.9836163800236));
#7232=CARTESIAN_POINT('',(-20.6914674792698,-152.923613610805,48.0664609905857));
#7233=CARTESIAN_POINT('',(-20.5823146199674,-152.923712648338,48.1559178181465));
#7234=CARTESIAN_POINT('',(-20.5277381903163,-152.923762167105,48.2006462319269));
#7235=CARTESIAN_POINT('',(-20.529212046627,-152.92375394428,48.1988589351474));
#7236=CARTESIAN_POINT('',(-20.4969977760553,-152.923771869928,48.223477282974));
#7237=CARTESIAN_POINT('',(-20.4647835054836,-152.923789795577,48.2480956308006));
#7238=CARTESIAN_POINT('',(-20.4285830893627,-152.923806851219,48.2747800580638));
#7239=CARTESIAN_POINT('',(-20.3877687579966,-152.923829155244,48.3031468117652));
#7240=CARTESIAN_POINT('',(-20.3061400952645,-152.923873763294,48.3598803191679));
#7241=CARTESIAN_POINT('',(-20.2049748801116,-152.923946520157,48.4236313380785));
#7242=CARTESIAN_POINT('',(-20.0886333116594,-152.923922704028,48.4861760663887));
#7243=CARTESIAN_POINT('',(-19.9722917432072,-152.923898887899,48.548720794699));
#7244=CARTESIAN_POINT('',(-19.9118357996397,-152.923867529088,48.5758481911036));
#7245=CARTESIAN_POINT('',(-19.8208119496593,-152.923831585546,48.6140844056272));
#7246=CARTESIAN_POINT('',(-19.7297880996789,-152.923795642003,48.6523206201508));
#7247=CARTESIAN_POINT('',(-19.636775100595,-152.923760295787,48.6863030540568));
#7248=CARTESIAN_POINT('',(-19.54095572688,-152.923745389627,48.7158953083891));
#7249=CARTESIAN_POINT('',(-19.445136353165,-152.923730483467,48.7454875627214));
#7250=CARTESIAN_POINT('',(-19.3530157034343,-152.923690689409,48.7693853572345));
#7251=CARTESIAN_POINT('',(-19.2530762591957,-152.923652610446,48.7898664070227));
#7252=CARTESIAN_POINT('',(-19.2031065370765,-152.923633570964,48.8001069319168));
#7253=CARTESIAN_POINT('',(-19.1110828902287,-152.923606291734,48.8157010763631));
#7254=CARTESIAN_POINT('',(-19.0621711971762,-152.923580248137,48.8224658727279));
#7255=CARTESIAN_POINT('',(-19.0132595041238,-152.923554204541,48.8292306690926));
#7256=CARTESIAN_POINT('',(-18.9789168410405,-152.92353333397,48.8328828798938));
#7257=CARTESIAN_POINT('',(-18.9588707208559,-152.923527200474,48.8349225653812));
#7258=CARTESIAN_POINT('',(-18.8786862401176,-152.923502666493,48.8430813073307));
#7259=CARTESIAN_POINT('',(-18.6478629990049,-152.923502562264,48.8632371485027));
#7260=CARTESIAN_POINT('',(-18.3653686314461,-152.923684542079,48.8353972755506));
#7261=CARTESIAN_POINT('',(-18.2947450395564,-152.923730037033,48.8284373073125));
#7262=CARTESIAN_POINT('',(-18.2985463681632,-152.923720693744,48.8283872781217));
#7263=CARTESIAN_POINT('',(-18.2584260147562,-152.923735850226,48.8230680311804));
#7264=CARTESIAN_POINT('',(-18.2183056613491,-152.923751006708,48.817748784239));
#7265=CARTESIAN_POINT('',(-18.1737802982948,-152.923765171885,48.8110603858035));
#7266=CARTESIAN_POINT('',(-18.1248206323737,-152.923784465016,48.8023027256597));
#7267=CARTESIAN_POINT('',(-18.0269013005316,-152.923823051279,48.7847874053723));
#7268=CARTESIAN_POINT('',(-17.9110326601838,-152.923890629665,48.7586928707695));
#7269=CARTESIAN_POINT('',(-17.7831762527787,-152.923860776532,48.720338048577));
#7270=CARTESIAN_POINT('',(-17.6553198453736,-152.923830923399,48.6819832263845));
#7271=CARTESIAN_POINT('',(-17.5966791857823,-152.923799784917,48.6595753304165));
#7272=CARTESIAN_POINT('',(-17.5052404081397,-152.923763234435,48.6223528641831));
#7273=CARTESIAN_POINT('',(-17.4138016304971,-152.923726683952,48.5851303979497));
#7274=CARTESIAN_POINT('',(-17.3228600740122,-152.923691931381,48.5429660581455));
#7275=CARTESIAN_POINT('',(-17.233738204034,-152.923679637011,48.4959454712755));
#7276=CARTESIAN_POINT('',(-17.1446163340558,-152.923667342641,48.4489248844055));
#7277=CARTESIAN_POINT('',(-17.061815300194,-152.923635625502,48.400116557319));
#7278=CARTESIAN_POINT('',(-16.9779483694554,-152.923609284479,48.3447629678273));
#7279=CARTESIAN_POINT('',(-16.8940814387168,-152.923582943457,48.2894093783356));
#7280=CARTESIAN_POINT('',(-16.7724411858003,-152.923533039946,48.1965159298074));
#7281=CARTESIAN_POINT('',(-16.7382150590949,-152.923527690416,48.1685785511098));
#7282=CARTESIAN_POINT('',(-16.6697628056842,-152.923516991354,48.1127037937145));
#7283=CARTESIAN_POINT('',(-16.5033630380214,-152.923551869989,47.9746794909025));
#7284=CARTESIAN_POINT('',(-16.3180440496603,-152.923759439489,47.7488553191697));
#7285=CARTESIAN_POINT('',(-16.27171430257,-152.923811331864,47.6923992762365));
#7286=CARTESIAN_POINT('',(-16.2740924165039,-152.923801852494,47.6945527478194));
#7287=CARTESIAN_POINT('',(-16.2491422897523,-152.923819499643,47.6619108070632));
#7288=CARTESIAN_POINT('',(-16.2241921630006,-152.923837146793,47.629268866307));
#7289=CARTESIAN_POINT('',(-16.1973465316499,-152.923853328596,47.5928291732986));
#7290=CARTESIAN_POINT('',(-16.1690059373728,-152.923873973826,47.5520493000306));
#7291=CARTESIAN_POINT('',(-16.1123247488188,-152.923915264286,47.4704895534947));
#7292=CARTESIAN_POINT('',(-16.049738707916,-152.923980805331,47.3712797708898));
#7293=CARTESIAN_POINT('',(-15.9873447024606,-152.923948218033,47.2555436699852));
#7294=CARTESIAN_POINT('',(-15.9249506970053,-152.923915630734,47.1398075690806));
#7295=CARTESIAN_POINT('',(-15.8975475376362,-152.923880324695,47.0790399343508));
#7296=CARTESIAN_POINT('',(-15.859094394661,-152.923838101403,46.9877775402471));
#7297=CARTESIAN_POINT('',(-15.8206412516857,-152.923795878111,46.8965151461435));
#7298=CARTESIAN_POINT('',(-15.7865858882194,-152.923754519762,46.8035249448636));
#7299=CARTESIAN_POINT('',(-15.7569855675308,-152.923733734045,46.7080445562215));
#7300=CARTESIAN_POINT('',(-15.7273852468423,-152.923712948328,46.6125641675795));
#7301=CARTESIAN_POINT('',(-15.7028513317178,-152.923672841837,46.5178429252767));
#7302=CARTESIAN_POINT('',(-15.6827543081102,-152.92363750251,46.4200332863407));
#7303=CARTESIAN_POINT('',(-15.6727057963064,-152.923619832846,46.3711284668727));
#7304=CARTESIAN_POINT('',(-15.6571570554295,-152.923597032104,46.2799729856342));
#7305=CARTESIAN_POINT('',(-15.6503292882906,-152.92357388687,46.2309049507599));
#7306=CARTESIAN_POINT('',(-15.6435015211517,-152.923550741636,46.1818369158856));
#7307=CARTESIAN_POINT('',(-15.6397410223625,-152.923532134885,46.1467573846366));
#7308=CARTESIAN_POINT('',(-15.6376014885499,-152.923527635033,46.1257244762987));
#7309=CARTESIAN_POINT('',(-15.6376014885499,-152.923527635033,46.1257244762987));
#7310=CARTESIAN_POINT('',(-15.6994884807389,-152.932525050201,46.1186003580243));
#7311=CARTESIAN_POINT('',(-9.70319475831979,-152.089700762983,46.7180488474635));
#7312=CARTESIAN_POINT('',(-9.69898574313334,-146.004866189778,46.718469622014));
#7313=CARTESIAN_POINT('',(-15.6799710528865,-152.932524361848,45.9234173585106));
#7314=CARTESIAN_POINT('',(-9.64403719388078,-152.089688248799,46.1268826523956));
#7315=CARTESIAN_POINT('',(-9.63985878807366,-146.004799145148,46.1270221251375));
#7316=CARTESIAN_POINT('',(-15.679221557047,-152.932456767831,45.7328596475844));
#7317=CARTESIAN_POINT('',(-9.6377253964483,-152.088458897542,45.5627104810099));
#7318=CARTESIAN_POINT('',(-9.6392833998701,-145.99821606751,45.5627158138758));
#7319=CARTESIAN_POINT('',(-15.7144167926126,-152.93241679028,45.3493597567532));
#7320=CARTESIAN_POINT('',(-9.74118237775522,-152.087731341743,44.4077506257333));
#7321=CARTESIAN_POINT('',(-9.74607714398968,-145.99432306543,44.4084832200021));
#7322=CARTESIAN_POINT('',(-15.7535181633303,-152.932525870857,45.1510043619939));
#7323=CARTESIAN_POINT('',(-9.87055241935069,-152.089715682343,43.7869410036186));
#7324=CARTESIAN_POINT('',(-9.86635556254142,-146.004946120833,43.7859662137491));
#7325=CARTESIAN_POINT('',(-15.8660135706518,-152.932524225014,44.7784172173929));
#7326=CARTESIAN_POINT('',(-10.2111622803333,-152.089685761147,42.6584751006724));
#7327=CARTESIAN_POINT('',(-10.2072589973667,-146.00478581765,42.6570100717677));
#7328=CARTESIAN_POINT('',(-15.9379682910996,-152.932456984226,44.6022067586754));
#7329=CARTESIAN_POINT('',(-10.4204404402044,-152.088462834878,42.1351693098636));
#7330=CARTESIAN_POINT('',(-10.4218614918436,-145.99823714076,42.1357620260588));
#7331=CARTESIAN_POINT('',(-16.1177621020281,-152.932416690852,44.2602233703703));
#7332=CARTESIAN_POINT('',(-10.9595327026836,-152.087729531916,41.1042949142433));
#7333=CARTESIAN_POINT('',(-10.9637819318521,-145.994313383524,41.1068490228287));
#7334=CARTESIAN_POINT('',(-16.2302853842607,-152.932525808943,44.0914327104424));
#7335=CARTESIAN_POINT('',(-11.3181191385794,-152.089714556759,40.5787345926877));
#7336=CARTESIAN_POINT('',(-11.3146196761385,-146.00494009042,40.5762302732393));
#7337=CARTESIAN_POINT('',(-16.4755102795226,-152.932524288943,43.7917840283615));
#7338=CARTESIAN_POINT('',(-12.0607598350376,-152.089686923381,39.6711252597523));
#7339=CARTESIAN_POINT('',(-12.0577091468771,-146.004792044296,39.6682757592846));
#7340=CARTESIAN_POINT('',(-16.6092705712585,-152.932457162073,43.6563844142484));
#7341=CARTESIAN_POINT('',(-12.4539353664183,-152.088466070823,39.2673161239449));
#7342=CARTESIAN_POINT('',(-12.4550118946317,-145.998254459995,39.2683958406097));
#7343=CARTESIAN_POINT('',(-16.9077160372287,-152.932416572351,43.407968106195));
#7344=CARTESIAN_POINT('',(-13.3508785297836,-152.087727374877,38.5173909562327));
#7345=CARTESIAN_POINT('',(-13.3538323362622,-145.994301844363,38.5213853249265));
#7346=CARTESIAN_POINT('',(-17.0747968939972,-152.932525436387,43.2961658426698));
#7347=CARTESIAN_POINT('',(-13.8787822540317,-152.089707783762,38.1723370490742));
#7348=CARTESIAN_POINT('',(-13.8765221712257,-146.00490380372,38.1687122633754));
#7349=CARTESIAN_POINT('',(-17.4151550213359,-152.932524670834,43.1134101076004));
#7350=CARTESIAN_POINT('',(-14.9097346753076,-152.089693866156,37.6187110396064));
#7351=CARTESIAN_POINT('',(-14.9079900537104,-146.004829240077,37.6148830706959));
#7352=CARTESIAN_POINT('',(-17.5919951020993,-152.932457235125,43.0387695977101));
#7353=CARTESIAN_POINT('',(-15.4318330393254,-152.088467400054,37.3938874473411));
#7354=CARTESIAN_POINT('',(-15.432412539472,-145.998261574366,37.3952910210419));
#7355=CARTESIAN_POINT('',(-17.9631899832172,-152.932416538476,42.923321971133));
#7356=CARTESIAN_POINT('',(-16.5486821267243,-152.087726758241,37.0438347635849));
#7357=CARTESIAN_POINT('',(-16.5498832952845,-145.994298545508,37.0486582525144));
#7358=CARTESIAN_POINT('',(-18.1577635692255,-152.932524859986,42.8843999305262));
#7359=CARTESIAN_POINT('',(-17.1605396072826,-152.089697304908,36.9283465858629));
#7360=CARTESIAN_POINT('',(-17.1598419081784,-146.004847663137,36.924181746237));
#7361=CARTESIAN_POINT('',(-18.5424543753866,-152.932525249601,42.8454672864955));
#7362=CARTESIAN_POINT('',(-18.3260301786156,-152.089704388049,36.8104177390419));
#7363=CARTESIAN_POINT('',(-18.3258772698987,-146.004885611115,36.8061646775644));
#7364=CARTESIAN_POINT('',(-18.7364972372839,-152.932457493788,42.8441936023417));
#7365=CARTESIAN_POINT('',(-18.9007203640959,-152.088472106346,36.8025347450316));
#7366=CARTESIAN_POINT('',(-18.9007192057125,-145.99828676356,36.8040312165254));
#7367=CARTESIAN_POINT('',(-19.1209580311397,-152.932416592248,42.8791458727145));
#7368=CARTESIAN_POINT('',(-20.0584134221384,-152.087727737186,36.9051868245372));
#7369=CARTESIAN_POINT('',(-20.0576825960732,-145.994303781863,36.9100988551063));
#7370=CARTESIAN_POINT('',(-19.3154174288845,-152.932524315324,42.9172463678885));
#7371=CARTESIAN_POINT('',(-20.6671943523272,-152.089687402965,37.0313551991669));
#7372=CARTESIAN_POINT('',(-20.6681278794492,-146.004794613622,37.027284012813));
#7373=CARTESIAN_POINT('',(-19.6874793286736,-152.932525783645,43.0287240510597));
#7374=CARTESIAN_POINT('',(-21.7945965048879,-152.089714096864,37.3692455036029));
#7375=CARTESIAN_POINT('',(-21.7960958745533,-146.004937626533,37.3652141951252));
#7376=CARTESIAN_POINT('',(-19.8670631942186,-152.932458008276,43.101738446982));
#7377=CARTESIAN_POINT('',(-22.3280111755785,-152.088481467421,37.5816987161677));
#7378=CARTESIAN_POINT('',(-22.3274562887959,-145.99833686659,37.5830413750656));
#7379=CARTESIAN_POINT('',(-20.2079092562032,-152.932416539157,43.2803274977637));
#7380=CARTESIAN_POINT('',(-23.3552574065718,-152.087726770902,38.1169726357855));
#7381=CARTESIAN_POINT('',(-23.3527045027595,-145.99429861166,38.1212374621825));
#7382=CARTESIAN_POINT('',(-20.3735381796486,-152.93252412772,43.3899169235254));
#7383=CARTESIAN_POINT('',(-23.8710812571322,-152.089683992355,38.4664006408385));
#7384=CARTESIAN_POINT('',(-23.8734895769615,-146.004776341473,38.4630072896873));
#7385=CARTESIAN_POINT('',(-20.6771850077719,-152.932525965098,43.6372626384852));
#7386=CARTESIAN_POINT('',(-24.7911784668032,-152.089717395613,39.2160460021184));
#7387=CARTESIAN_POINT('',(-24.7941176693859,-146.004955299744,39.2128846129079));
#7388=CARTESIAN_POINT('',(-20.8132378948192,-152.932458469342,43.7716525531777));
#7389=CARTESIAN_POINT('',(-25.1968883465132,-152.088489856415,39.6110872224305));
#7390=CARTESIAN_POINT('',(-25.1958912139139,-145.998381766868,39.6120893719059));
#7391=CARTESIAN_POINT('',(-21.0600194594587,-152.932416446019,44.0670062889974));
#7392=CARTESIAN_POINT('',(-25.9417304047951,-152.08772507564,40.4983869898064));
#7393=CARTESIAN_POINT('',(-25.9377353681355,-145.994289542104,40.5013575327668));
#7394=CARTESIAN_POINT('',(-21.1728380054245,-152.932524267738,44.2343145311379));
#7395=CARTESIAN_POINT('',(-26.2898432639208,-152.089686537875,41.0267726446035));
#7396=CARTESIAN_POINT('',(-26.2933781237105,-146.004789978982,41.0245550407534));
#7397=CARTESIAN_POINT('',(-21.3577114919627,-152.932525829812,44.5773163339128));
#7398=CARTESIAN_POINT('',(-26.8499718934601,-152.08971493615,42.0662049625462));
#7399=CARTESIAN_POINT('',(-26.8538864955657,-146.004942123017,42.0644134644161));
#7400=CARTESIAN_POINT('',(-21.4317770445675,-152.932458738462,44.7526642914273));
#7401=CARTESIAN_POINT('',(-27.0730158938161,-152.088494752988,42.5838571246822));
#7402=CARTESIAN_POINT('',(-27.0717328470826,-145.998407974732,42.5843942343694));
#7403=CARTESIAN_POINT('',(-21.5471789965787,-152.932416345449,45.1210193009169));
#7404=CARTESIAN_POINT('',(-27.4229146028887,-152.08772324504,43.691743530508));
#7405=CARTESIAN_POINT('',(-27.4180787742156,-145.994279748998,43.6929619560921));
#7406=CARTESIAN_POINT('',(-21.5875124932895,-152.932524483738,45.3195550015176));
#7407=CARTESIAN_POINT('',(-27.5427065092606,-152.089690464764,44.3155811061338));
#7408=CARTESIAN_POINT('',(-27.5468391965989,-146.004811017194,44.314883252278));
#7409=CARTESIAN_POINT('',(-21.626999624392,-152.932525619874,45.7077850152134));
#7410=CARTESIAN_POINT('',(-27.6622831995336,-152.089711119521,45.4919438709855));
#7411=CARTESIAN_POINT('',(-27.666567743178,-146.004921675183,45.4917895090372));
#7412=CARTESIAN_POINT('',(-21.6281373842702,-152.932457378276,45.9020203143108));
#7413=CARTESIAN_POINT('',(-27.6697791654962,-152.088470004645,46.0671220032747));
#7414=CARTESIAN_POINT('',(-27.6682728995225,-145.998275514909,46.0671202197006));
#7415=CARTESIAN_POINT('',(-21.593134498526,-152.93241661893,46.2864303484732));
#7416=CARTESIAN_POINT('',(-27.5669632298039,-152.087728222817,47.224688906916));
#7417=CARTESIAN_POINT('',(-27.5620535516728,-145.994306379798,47.2239576324213));
#7418=CARTESIAN_POINT('',(-21.5549784077299,-152.93252463046,46.4811794661165));
#7419=CARTESIAN_POINT('',(-27.4405911860312,-152.089693132133,47.834395927949));
#7420=CARTESIAN_POINT('',(-27.444688061281,-146.004825307483,47.8353370293691));
#7421=CARTESIAN_POINT('',(-21.4429992595075,-152.932525476164,46.8543420948474));
#7422=CARTESIAN_POINT('',(-27.1012542310326,-152.089708506926,48.9650270948976));
#7423=CARTESIAN_POINT('',(-27.1052600498887,-146.004907678177,48.966520475661));
#7424=CARTESIAN_POINT('',(-21.3699189122776,-152.932457513669,47.0337214585584));
#7425=CARTESIAN_POINT('',(-26.8886358593154,-152.0884724681,49.4978018347015));
#7426=CARTESIAN_POINT('',(-26.8872553795383,-145.998288699923,49.4972286122082));
#7427=CARTESIAN_POINT('',(-21.1909204678442,-152.932416623305,47.3748085915544));
#7428=CARTESIAN_POINT('',(-26.3520389538259,-152.087728302503,50.5258674788852));
#7429=CARTESIAN_POINT('',(-26.3477822750748,-145.994306805814,50.5233147845863));
#7430=CARTESIAN_POINT('',(-21.0807692482424,-152.93252493889,47.5409839895109));
#7431=CARTESIAN_POINT('',(-26.0007800404054,-152.08969873938,51.0434222680993));
#7432=CARTESIAN_POINT('',(-26.004226052239,-146.004855348339,51.0458751300383));
#7433=CARTESIAN_POINT('',(-20.8325916517528,-152.932525171231,47.8449835611106));
#7434=CARTESIAN_POINT('',(-25.2488914628646,-152.089702963284,51.9644081613587));
#7435=CARTESIAN_POINT('',(-25.2519990536019,-146.00487797789,51.9673065281815));
#7436=CARTESIAN_POINT('',(-20.6982816764629,-152.932457504519,47.9806467064879));
#7437=CARTESIAN_POINT('',(-24.8541369462668,-152.088472301623,52.3689475874892));
#7438=CARTESIAN_POINT('',(-24.8530802826714,-145.99828780887,52.3678892153001));
#7439=CARTESIAN_POINT('',(-20.4019975888755,-152.932416604992,48.2275672986488));
#7440=CARTESIAN_POINT('',(-23.9638040848606,-152.087727969129,53.1143093890465));
#7441=CARTESIAN_POINT('',(-23.9608478219222,-145.994305022477,53.1103204437718));
#7442=CARTESIAN_POINT('',(-20.2338111141771,-152.932525465068,48.3405435834194));
#7443=CARTESIAN_POINT('',(-23.4325470509854,-152.089708305191,53.4629248251898));
#7444=CARTESIAN_POINT('',(-23.4348102948034,-146.004906597343,53.4665506871616));
#7445=CARTESIAN_POINT('',(-19.8905771754498,-152.932524641715,48.5248280067363));
#7446=CARTESIAN_POINT('',(-22.3928941184138,-152.089693336763,54.0211798215785));
#7447=CARTESIAN_POINT('',(-22.3946354952204,-146.004826403814,54.0250067172439));
#7448=CARTESIAN_POINT('',(-19.7149050536729,-152.932457274285,48.5987342680186));
#7449=CARTESIAN_POINT('',(-21.8743196132806,-152.088468112504,54.2437807578556));
#7450=CARTESIAN_POINT('',(-21.8737416723088,-145.998265387583,54.2423801820229));
#7451=CARTESIAN_POINT('',(-19.3453425446442,-152.932416598647,48.7137393213828));
#7452=CARTESIAN_POINT('',(-20.7624148789689,-152.087727853585,54.5924903666341));
#7453=CARTESIAN_POINT('',(-20.7612129919684,-145.994304404941,54.5876724136619));
#7454=CARTESIAN_POINT('',(-19.1462231452527,-152.932525764217,48.7535951036097));
#7455=CARTESIAN_POINT('',(-20.1366108877334,-152.089713743677,54.7107701306828));
#7456=CARTESIAN_POINT('',(-20.1373146056172,-146.004935734405,54.7150116196013));
#7457=CARTESIAN_POINT('',(-18.7605325767581,-152.93252433515,48.7921439809955));
#7458=CARTESIAN_POINT('',(-18.9684573322555,-152.089687763383,54.8276148959036));
#7459=CARTESIAN_POINT('',(-18.9685997956553,-146.004796544457,54.8317908860823));
#7460=CARTESIAN_POINT('',(-18.569918040108,-152.932457013961,48.7933090684415));
#7461=CARTESIAN_POINT('',(-18.4040636854266,-152.088463375946,54.8351650420702));
#7462=CARTESIAN_POINT('',(-18.4040664902321,-145.998240036445,54.8336277572862));
#7463=CARTESIAN_POINT('',(-18.1824216379202,-152.932416573281,48.757765663113));
#7464=CARTESIAN_POINT('',(-17.2370768829473,-152.087727391739,54.7306897334217));
#7465=CARTESIAN_POINT('',(-17.2378145663369,-145.994301934833,54.7257769510638));
#7466=CARTESIAN_POINT('',(-17.9852649777129,-152.932525749612,48.7185933413109));
#7467=CARTESIAN_POINT('',(-16.6198832838946,-152.089713478126,54.6011020997763));
#7468=CARTESIAN_POINT('',(-16.6189101229005,-146.004934311588,54.6052886760954));
#7469=CARTESIAN_POINT('',(-17.6149499916252,-152.932524350165,48.6068498561806));
#7470=CARTESIAN_POINT('',(-15.4982591732926,-152.089688036391,54.2627413241795));
#7471=CARTESIAN_POINT('',(-15.4967929064688,-146.004798007201,54.2666553500046));
#7472=CARTESIAN_POINT('',(-17.4366033619318,-152.932456627111,48.5342351248387));
#7473=CARTESIAN_POINT('',(-14.9685556239299,-152.088456337155,54.0515290917661));
#7474=CARTESIAN_POINT('',(-14.9691610364895,-145.99820236356,54.0500804364974));
#7475=CARTESIAN_POINT('',(-17.0924460854431,-152.932416671162,48.3530269086666));
#7476=CARTESIAN_POINT('',(-13.9310379841384,-152.087729173379,53.5081024437696));
#7477=CARTESIAN_POINT('',(-13.9335975328488,-145.994311466319,53.5038543666671));
#7478=CARTESIAN_POINT('',(-16.9272362751051,-152.932525560878,48.2426941337418));
#7479=CARTESIAN_POINT('',(-13.4163585703565,-152.089710046994,53.1561940573865));
#7480=CARTESIAN_POINT('',(-13.4138681716751,-146.004915929133,53.1596776538966));
#7481=CARTESIAN_POINT('',(-16.6274567763298,-152.932524543934,47.9975354962683));
#7482=CARTESIAN_POINT('',(-12.5082968555252,-152.089691559112,52.413667140017));
#7483=CARTESIAN_POINT('',(-12.5054340128556,-146.004816880075,52.4167349228369));
#7484=CARTESIAN_POINT('',(-16.4892417719682,-152.932456493719,47.8608104713209));
#7485=CARTESIAN_POINT('',(-12.0960380594308,-152.088453910026,52.0116777885331));
#7486=CARTESIAN_POINT('',(-12.0971607535387,-145.99818937335,52.0105642059913));
#7487=CARTESIAN_POINT('',(-16.2422429405326,-152.932416801756,47.5636336645228));
#7488=CARTESIAN_POINT('',(-11.3503344864851,-152.087731550572,51.1184097997708));
#7489=CARTESIAN_POINT('',(-11.3543148969042,-145.994324183133,51.1154699177482));
#7490=CARTESIAN_POINT('',(-16.131731221031,-152.932525451812,47.3987549849178));
#7491=CARTESIAN_POINT('',(-11.0092106116886,-152.089708064204,50.5972183689831));
#7492=CARTESIAN_POINT('',(-11.005585630435,-146.004905306234,50.5994808416337));
#7493=CARTESIAN_POINT('',(-15.9476356724025,-152.932524655195,47.055887356495));
#7494=CARTESIAN_POINT('',(-10.4515268151822,-152.089693581835,49.5586697571245));
#7495=CARTESIAN_POINT('',(-10.4476990482288,-146.004827716794,49.5604119627399));
#7496=CARTESIAN_POINT('',(-15.8725544073044,-152.932456583724,46.8770843837687));
#7497=CARTESIAN_POINT('',(-10.2253670612731,-152.088455547675,49.0307521738948));
#7498=CARTESIAN_POINT('',(-10.2268232944778,-145.998198138423,49.0301557657442));
#7499=CARTESIAN_POINT('',(-15.7583298922758,-152.932416822669,46.5090439872829));
#7500=CARTESIAN_POINT('',(-9.87901889053104,-152.087731931278,47.9232715351946));
#7501=CARTESIAN_POINT('',(-9.88381915675126,-145.994326219467,47.9220774191808));
#7502=CARTESIAN_POINT('',(-15.7190058845019,-152.932525738553,46.3137831166328));
#7503=CARTESIAN_POINT('',(-9.76235183023825,-152.089713277064,47.309210120735));
#7504=CARTESIAN_POINT('',(-9.75811269819302,-146.004933234408,47.3099171188905));
#7505=CARTESIAN_POINT('',(-15.6994884807389,-152.932525050201,46.1186003580243));
#7506=CARTESIAN_POINT('',(-9.70319475831979,-152.089700762983,46.7180488474635));
#7507=CARTESIAN_POINT('',(-9.69898574313334,-146.004866189778,46.718469622014));
#7508=CARTESIAN_POINT('',(-17.8024544566572,145.999341341778,54.7782515617645));
#7509=CARTESIAN_POINT('',(-17.8023918810417,147.,54.7789076767041));
#7510=CARTESIAN_POINT('',(-17.8973965640408,147.,53.7827689841094));
#7511=CARTESIAN_POINT('',(-16.6175547847311,145.998262630583,54.6652434741114));
#7512=CARTESIAN_POINT('',(-16.6166623783068,147.,54.666906080326));
#7513=CARTESIAN_POINT('',(-16.844994447619,147.,53.6823983056892));
#7514=CARTESIAN_POINT('',(-15.4793911174966,146.00040212127,54.3230682069077));
#7515=CARTESIAN_POINT('',(-15.4791025994409,147.,54.3224593035128));
#7516=CARTESIAN_POINT('',(-15.8316806206527,147.,53.3779096426849));
#7517=CARTESIAN_POINT('',(-13.3935840706045,145.998276285138,53.2157431217718));
#7518=CARTESIAN_POINT('',(-13.3921426117453,147.,53.2169321624776));
#7519=CARTESIAN_POINT('',(-13.9791018047011,147.,52.3944035005592));
#7520=CARTESIAN_POINT('',(-12.4637868182317,146.000401797317,52.4573914830433));
#7521=CARTESIAN_POINT('',(-12.4637550630667,147.,52.4567213083849));
#7522=CARTESIAN_POINT('',(-13.1512623310325,147.,51.7193935436423));
#7523=CARTESIAN_POINT('',(-10.2195009258993,145.997217379777,49.7391857909927));
#7524=CARTESIAN_POINT('',(-10.2156494718598,147.,49.7389001840252));
#7525=CARTESIAN_POINT('',(-11.1579300391035,147.,49.3051375821264));
#7526=CARTESIAN_POINT('',(-9.47214444868595,146.001513550322,47.3120575984061));
#7527=CARTESIAN_POINT('',(-9.47387483734699,146.999999999971,47.3098390956021));
#7528=CARTESIAN_POINT('',(-10.4924496661738,147.,47.1448014748041));
#7529=CARTESIAN_POINT('',(-9.80417566922081,145.998263843583,43.8046423895482));
#7530=CARTESIAN_POINT('',(-9.80251292840411,147.000000000014,43.8037590842924));
#7531=CARTESIAN_POINT('',(-10.7873464987588,147.,44.029635756464));
#7532=CARTESIAN_POINT('',(-10.1459331308762,146.000444202838,42.6538478240975));
#7533=CARTESIAN_POINT('',(-10.146588110655,147.000000000015,42.6535607956162));
#7534=CARTESIAN_POINT('',(-11.0914775762358,147.,43.0050658804065));
#7535=CARTESIAN_POINT('',(-11.2497309392012,145.998254136312,40.5685506094441));
#7536=CARTESIAN_POINT('',(-11.2485284997915,146.999999999986,40.5670851658425));
#7537=CARTESIAN_POINT('',(-12.071826683367,147.,41.1529855155382));
#7538=CARTESIAN_POINT('',(-11.9985407097734,146.0004471803,39.6438457277199));
#7539=CARTESIAN_POINT('',(-11.9992627720375,146.999999999985,39.6438293054015));
#7540=CARTESIAN_POINT('',(-12.7383890336884,147.,40.3296336548132));
#7541=CARTESIAN_POINT('',(-14.7468780621542,145.997149264607,37.3704088145014));
#7542=CARTESIAN_POINT('',(-14.7472089463406,147.000000000029,37.3664280209774));
#7543=CARTESIAN_POINT('',(-15.1793617514095,147.,38.3104476624358));
#7544=CARTESIAN_POINT('',(-17.1463210654891,146.00150154896,36.6348087938045));
#7545=CARTESIAN_POINT('',(-17.148547596007,147.000000000087,36.6365290064775));
#7546=CARTESIAN_POINT('',(-17.3151195021303,147.,37.6553822592912));
#7547=CARTESIAN_POINT('',(-21.8589980164194,145.997185061573,37.0831249284115));
#7548=CARTESIAN_POINT('',(-21.8619856640022,146.999999999912,37.0805758656729));
#7549=CARTESIAN_POINT('',(-21.5007962578095,147.,38.0535624263891));
#7550=CARTESIAN_POINT('',(-24.0786898635334,146.00147665877,38.2530049682669));
#7551=CARTESIAN_POINT('',(-24.0790567696538,146.999999999971,38.2557695678198));
#7552=CARTESIAN_POINT('',(-23.4767266863186,147.,39.0946565201434));
#7553=CARTESIAN_POINT('',(-26.3497089066657,145.998269758852,41.0047010770944));
#7554=CARTESIAN_POINT('',(-26.3515063649183,147.000000000015,41.0041569188441));
#7555=CARTESIAN_POINT('',(-25.49381091952,147.,41.5386677724903));
#7556=CARTESIAN_POINT('',(-26.9131456923538,146.000389117108,42.0532018110389));
#7557=CARTESIAN_POINT('',(-26.912929422315,147.,42.0538261845132));
#7558=CARTESIAN_POINT('',(-25.9955416618852,147.,42.4720304571444));
#7559=CARTESIAN_POINT('',(-27.603912509811,145.998283561415,44.3102968295829));
#7560=CARTESIAN_POINT('',(-27.6057637779238,147.,44.3104724268874));
#7561=CARTESIAN_POINT('',(-26.6090745631299,147.,44.4767577889317));
#7562=CARTESIAN_POINT('',(-27.7248802258996,146.000387610976,45.5051297117092));
#7563=CARTESIAN_POINT('',(-27.7244433795519,147.,45.5056203245146));
#7564=CARTESIAN_POINT('',(-26.7169066806112,147.,45.5404220524097));
#7565=CARTESIAN_POINT('',(-27.3884090894405,145.997236070181,49.0134885763941));
#7566=CARTESIAN_POINT('',(-27.3909131090114,147.,49.0163878880628));
#7567=CARTESIAN_POINT('',(-26.4180590299029,147.,48.6565031682818));
#7568=CARTESIAN_POINT('',(-26.1998451618681,146.001480361551,51.2584106844056));
#7569=CARTESIAN_POINT('',(-26.197099678376,147.,51.2587584714071));
#7570=CARTESIAN_POINT('',(-25.3603579051411,147.,50.6548231084742));
#7571=CARTESIAN_POINT('',(-23.4822976367711,145.998273663324,53.503414993522));
#7572=CARTESIAN_POINT('',(-23.4828472829584,147.,53.5052032796156));
#7573=CARTESIAN_POINT('',(-22.946699957007,147.,52.6487823841404));
#7574=CARTESIAN_POINT('',(-22.4271360320143,146.000421668116,54.0746472698568));
#7575=CARTESIAN_POINT('',(-22.4264865591422,147.000000000102,54.0744051670043));
#7576=CARTESIAN_POINT('',(-22.0073950454927,147.,53.1574489635909));
#7577=CARTESIAN_POINT('',(-20.1696674754776,145.998265749531,54.7677833910573));
#7578=CARTESIAN_POINT('',(-20.1694851910864,146.999999999898,54.7696560576155));
#7579=CARTESIAN_POINT('',(-20.0023728372817,147.,53.7730749390216));
#7580=CARTESIAN_POINT('',(-18.9873541285833,146.000420052974,54.8912596494175));
#7581=CARTESIAN_POINT('',(-18.9868421714628,147.,54.8907884412896));
#7582=CARTESIAN_POINT('',(-18.9497986804625,147.,53.8831396625296));
#7583=CARTESIAN_POINT('',(-17.8024544566572,145.999341341778,54.7782515617645));
#7584=CARTESIAN_POINT('',(-17.8023918810417,147.,54.7789076767041));
#7585=CARTESIAN_POINT('',(-17.8973965640408,147.,53.7827689841094));
#7586=CARTESIAN_POINT('',(-16.4536321105035,147.,43.7791038122018));
#7587=CARTESIAN_POINT('',(-16.4536321105035,132.,43.7791038122018));
#7588=CARTESIAN_POINT('',(-16.4536321105035,146.8,43.7791038122018));
#7589=CARTESIAN_POINT('',(-16.4536321105035,146.8,43.7791038122018));
#7590=CARTESIAN_POINT('',(-16.4756759222586,146.8,43.7553265027937));
#7591=CARTESIAN_POINT('',(-16.4981082045944,146.8,43.731903533235));
#7592=CARTESIAN_POINT('',(-16.5209112738697,146.8,43.7088533681378));
#7593=CARTESIAN_POINT('',(-16.7570546069083,146.8,43.470151167683));
#7594=CARTESIAN_POINT('',(-17.0376667873769,146.8,43.2689276093957));
#7595=CARTESIAN_POINT('',(-17.3395101986042,146.8,43.1218461036271));
#7596=CARTESIAN_POINT('',(-17.6413536098316,146.8,42.9747645978585));
#7597=CARTESIAN_POINT('',(-17.9727534657809,146.8,42.8777684550801));
#7598=CARTESIAN_POINT('',(-18.3062664002927,146.8,42.8388899680482));
#7599=CARTESIAN_POINT('',(-18.6397793348044,146.8,42.8000114810162));
#7600=CARTESIAN_POINT('',(-18.9846040463958,146.8,42.8181783330556));
#7601=CARTESIAN_POINT('',(-19.3121854507746,146.8,42.8918861192503));
#7602=CARTESIAN_POINT('',(-19.6397668551535,146.8,42.965593905445));
#7603=CARTESIAN_POINT('',(-19.9591400519123,146.8,43.0968755775441));
#7604=CARTESIAN_POINT('',(-20.2438576077683,146.8,43.2748596432015));
#7605=CARTESIAN_POINT('',(-20.5285751636242,146.8,43.452843708859));
#7606=CARTESIAN_POINT('',(-20.7864899403042,146.8,43.6824391883598));
#7607=CARTESIAN_POINT('',(-20.9962439030134,146.8,43.9446331802214));
#7608=CARTESIAN_POINT('',(-21.2059978657226,146.8,44.206827172083));
#7609=CARTESIAN_POINT('',(-21.3733762877326,146.8,44.5088513103279));
#7610=CARTESIAN_POINT('',(-21.4845184891427,146.8,44.8256948447518));
#7611=CARTESIAN_POINT('',(-21.5956606905528,146.8,45.1425383791758));
#7612=CARTESIAN_POINT('',(-21.6536321105035,146.8,45.4829402456601));
#7613=CARTESIAN_POINT('',(-21.6536321105035,146.8,45.8187116176389));
#7614=CARTESIAN_POINT('',(-21.6536321105035,146.8,46.0288655471588));
#7615=CARTESIAN_POINT('',(-21.6313052819111,146.8,46.2401699885033));
#7616=CARTESIAN_POINT('',(-21.5873850993645,146.8,46.4456832281199));
#7617=CARTESIAN_POINT('',(-21.5172120600835,146.8,46.7740399834922));
#7618=CARTESIAN_POINT('',(-21.3893800157537,146.8,47.0948095030535));
#7619=CARTESIAN_POINT('',(-21.2144747935458,146.8,47.3814287234225));
#7620=CARTESIAN_POINT('',(-21.0395695713379,146.8,47.6680479437915));
#7621=CARTESIAN_POINT('',(-20.8127670692706,146.8,47.9284221769504));
#7622=CARTESIAN_POINT('',(-20.5528489011507,146.8,48.140989719444));
#7623=CARTESIAN_POINT('',(-20.2929307330309,146.8,48.3535572619376));
#7624=CARTESIAN_POINT('',(-19.9927280348649,146.8,48.5241809890418));
#7625=CARTESIAN_POINT('',(-19.6771007226119,146.8,48.6387314757301));
#7626=CARTESIAN_POINT('',(-19.361473410359,146.8,48.7532819624184));
#7627=CARTESIAN_POINT('',(-19.021716093047,146.8,48.8149186525475));
#7628=CARTESIAN_POINT('',(-18.6859642218446,146.8,48.8185373850088));
#7629=CARTESIAN_POINT('',(-18.3502123506423,146.8,48.8221561174701));
#7630=CARTESIAN_POINT('',(-18.009205474394,146.8,48.767856701373));
#7631=CARTESIAN_POINT('',(-17.6911825207872,146.8,48.6601356949732));
#7632=CARTESIAN_POINT('',(-17.3731595671805,146.8,48.5524146885734));
#7633=CARTESIAN_POINT('',(-17.0693490704968,146.8,48.3883010135128));
#7634=CARTESIAN_POINT('',(-16.8049097100592,146.8,48.1813849945778));
#7635=CARTESIAN_POINT('',(-16.6796224592154,146.8,48.083351407123));
#7636=CARTESIAN_POINT('',(-16.5617879213054,146.8,47.9749804709157));
#7637=CARTESIAN_POINT('',(-16.4536321105035,146.8,47.858319423076));
#7638=CARTESIAN_POINT('',(-16.4536321105035,146.8,47.858319423076));
#7639=CARTESIAN_POINT('',(-16.4536321105035,147.,47.858319423076));
#7640=CARTESIAN_POINT('',(-16.4536321105035,132.,47.858319423076));
#7641=CARTESIAN_POINT('',(-18.6536321105035,132.,45.8187116176389));
#7642=CARTESIAN_POINT('',(-18.6536321105035,147.,45.8187116176389));
#7643=CARTESIAN_POINT('',(-16.4536321105035,146.8,47.858319423076));
#7644=CARTESIAN_POINT('',(-16.4536321105035,146.8,47.7249860897427));
#7645=CARTESIAN_POINT('',(-16.4536321105035,146.8,47.5916527564094));
#7646=CARTESIAN_POINT('',(-16.4536321105035,146.8,47.458319423076));
#7647=CARTESIAN_POINT('',(-16.4536321105035,146.8,46.9249860897427));
#7648=CARTESIAN_POINT('',(-16.4536321105035,146.8,46.3916527564094));
#7649=CARTESIAN_POINT('',(-16.4536321105035,146.8,45.858319423076));
#7650=CARTESIAN_POINT('',(-16.4536321105035,146.8,45.1652475527846));
#7651=CARTESIAN_POINT('',(-16.4536321105035,146.8,44.4721756824932));
#7652=CARTESIAN_POINT('',(-16.4536321105035,146.8,43.7791038122018));
#7653=CARTESIAN_POINT('',(-16.4536321105035,132.,43.7791038122018));
#7654=CARTESIAN_POINT('',(-16.4536321105035,147.,43.7791038122018));
#7655=CARTESIAN_POINT('',(-18.6536321105035,132.,45.8187116176389));
#7656=CARTESIAN_POINT('',(-18.6536321105035,-141.,45.8187116176389));
#7657=CARTESIAN_POINT('',(-18.6536321105035,-141.,48.3187116176389));
#7658=CARTESIAN_POINT('',(-18.6536321105035,-139.497848452431,45.8187116176389));
#7659=CARTESIAN_POINT('',(-18.6536321105035,-141.,45.8187116176389));
#7660=CARTESIAN_POINT('',(-16.1001906391742,-152.4951181423,45.4208361357723));
#7661=CARTESIAN_POINT('',(-16.2327951900542,-152.4951181423,46.7230991734824));
#7662=CARTESIAN_POINT('',(-16.5667358794678,-152.4951181423,47.342926946083));
#7663=CARTESIAN_POINT('',(-17.5813404814647,-152.4951181423,48.170000393793));
#7664=CARTESIAN_POINT('',(-18.2557566286368,-152.4951181423,48.3721530889682));
#7665=CARTESIAN_POINT('',(-19.558019666347,-152.4951181423,48.2395485380882));
#7666=CARTESIAN_POINT('',(-20.1778474389476,-152.4951181423,47.9056078486746));
#7667=CARTESIAN_POINT('',(-21.0049208866576,-152.4951181423,46.8910032466777));
#7668=CARTESIAN_POINT('',(-21.2070735818328,-152.4951181423,46.2165870995056));
#7669=CARTESIAN_POINT('',(-21.0744690309528,-152.4951181423,44.9143240617954));
#7670=CARTESIAN_POINT('',(-20.7405283415392,-152.4951181423,44.2944962891948));
#7671=CARTESIAN_POINT('',(-19.7259237395423,-152.4951181423,43.4674228414847));
#7672=CARTESIAN_POINT('',(-19.0515075923702,-152.4951181423,43.2652701463096));
#7673=CARTESIAN_POINT('',(-17.74924455466,-152.4951181423,43.3978746971896));
#7674=CARTESIAN_POINT('',(-17.1294167820594,-152.4951181423,43.7318153866032));
#7675=CARTESIAN_POINT('',(-16.3023433343494,-152.4951181423,44.7464199886001));
#7676=CARTESIAN_POINT('',(-16.1001906391742,-152.4951181423,45.4208361357723));
#7677=CARTESIAN_POINT('',(-16.2327951900542,-152.4951181423,46.7230991734824));
#7678=CARTESIAN_POINT('',(-16.166492914614,-152.4951181423,46.0719676546273));
#7679=CARTESIAN_POINT('',(-18.6536321105035,-153.,45.8187116176389));
#7680=CARTESIAN_POINT('',(-16.1000679772272,-152.495100966463,45.4196290288267));
#7681=CARTESIAN_POINT('',(-16.2329178520005,-152.495135318137,46.724306280428));
#7682=CARTESIAN_POINT('',(-16.5667873045307,-152.495101202464,47.3424889924843));
#7683=CARTESIAN_POINT('',(-17.5816359404731,-152.495135203289,48.1707210904315));
#7684=CARTESIAN_POINT('',(-18.2540492761807,-152.495100780963,48.3723698868902));
#7685=CARTESIAN_POINT('',(-19.5570844888421,-152.495134784603,48.2396001099141));
#7686=CARTESIAN_POINT('',(-20.1760990618287,-152.495100511043,47.907644099628));
#7687=CARTESIAN_POINT('',(-21.0050470885415,-152.495135078761,46.8909559414221));
#7688=CARTESIAN_POINT('',(-21.2075360733475,-152.495101118957,46.2211281719172));
#7689=CARTESIAN_POINT('',(-21.0740066061903,-152.495135165464,44.9097836449344));
#7690=CARTESIAN_POINT('',(-20.740661312436,-152.495101282057,44.2945175793753));
#7691=CARTESIAN_POINT('',(-19.7238012905376,-152.495135697285,43.4657806415514));
#7692=CARTESIAN_POINT('',(-19.050582100479,-152.495101559463,43.2654081180215));
#7693=CARTESIAN_POINT('',(-17.7475300887955,-152.495135443564,43.3980062502976));
#7694=CARTESIAN_POINT('',(-17.129561987978,-152.495101098366,43.7310487201929));
#7695=CARTESIAN_POINT('',(-16.3024823673897,-152.495135064454,44.7468379995569));
#7696=CARTESIAN_POINT('',(-16.1000679772272,-152.495100966463,45.4196290288267));
#7697=CARTESIAN_POINT('',(-16.2329178520005,-152.495135318137,46.724306280428));
#7698=CARTESIAN_POINT('',(-15.5571087293772,-152.9235093263,45.3346543691478));
#7699=CARTESIAN_POINT('',(-15.7180942477226,-152.923545943767,46.9167945834496));
#7700=CARTESIAN_POINT('',(-16.1229820985829,-152.923509577868,47.6664027330472));
#7701=CARTESIAN_POINT('',(-17.353573129612,-152.923545821344,48.6708564987218));
#7702=CARTESIAN_POINT('',(-18.1689683073259,-152.923509128566,48.9153488879931));
#7703=CARTESIAN_POINT('',(-19.7491172192725,-152.923545375042,48.7544612400179));
#7704=CARTESIAN_POINT('',(-20.4997345800699,-152.923508840841,48.3518933872418));
#7705=CARTESIAN_POINT('',(-21.505055847994,-152.923545688602,47.1190715127255));
#7706=CARTESIAN_POINT('',(-21.75056723128,-152.923509488853,46.3068116829971));
#7707=CARTESIAN_POINT('',(-21.588758314633,-152.923545781023,44.7165866299044));
#7708=CARTESIAN_POINT('',(-21.1845060622334,-152.923509662711,43.9705152441538));
#7709=CARTESIAN_POINT('',(-19.9514751625485,-152.923546347923,42.9654494080756));
#7710=CARTESIAN_POINT('',(-19.1351034511579,-152.923509958415,42.7225046879795));
#7711=CARTESIAN_POINT('',(-17.5549337475085,-152.923546077466,42.883184353975));
#7712=CARTESIAN_POINT('',(-16.8055861366249,-152.923509466904,43.2870694321903));
#7713=CARTESIAN_POINT('',(-15.8025295772406,-152.923545673351,44.5188013248879));
#7714=CARTESIAN_POINT('',(-15.5571087293772,-152.9235093263,45.3346543691478));
#7715=CARTESIAN_POINT('',(-15.7180942477226,-152.923545943767,46.9167945834496));
#7716=CARTESIAN_POINT('',(-16.4536321105035,146.8,43.7791038122018));
#7717=CARTESIAN_POINT('',(-16.4536321105035,146.821256390993,43.7791038122018));
#7718=CARTESIAN_POINT('',(-16.4501334667868,146.842805587428,43.777730343159));
#7719=CARTESIAN_POINT('',(-16.4435052092139,146.862834754604,43.7751355749939));
#7720=CARTESIAN_POINT('',(-16.4368841089335,146.882842293983,43.7725436086985));
#7721=CARTESIAN_POINT('',(-16.4269812981706,146.901873084372,43.7686715954821));
#7722=CARTESIAN_POINT('',(-16.4147187560084,146.918537304845,43.7638974247741));
#7723=CARTESIAN_POINT('',(-16.4020910131441,146.935697815968,43.7589810706206));
#7724=CARTESIAN_POINT('',(-16.3866542403015,146.950798569425,43.752989562197));
#7725=CARTESIAN_POINT('',(-16.3696646148346,146.962900147141,43.7464307503158));
#7726=CARTESIAN_POINT('',(-16.3515620652697,146.975794452012,43.7394422962502));
#7727=CARTESIAN_POINT('',(-16.3312417980668,146.985621523612,43.7316350282065));
#7728=CARTESIAN_POINT('',(-16.3102597953753,146.991815810887,43.7236231459494));
#7729=CARTESIAN_POINT('',(-16.2929450202631,146.996927462654,43.7170115778571));
#7730=CARTESIAN_POINT('',(-16.27486613474,146.999681040032,43.7101405842276));
#7731=CARTESIAN_POINT('',(-16.2568851454528,146.999973542659,43.7033404577521));
#7732=CARTESIAN_POINT('',(-16.2558009340173,146.999991179881,43.702930426092));
#7733=CARTESIAN_POINT('',(-16.2547164868644,147.,43.7025205436387));
#7734=CARTESIAN_POINT('',(-16.2536321105035,147.,43.7021105687872));
#7735=CARTESIAN_POINT('',(-16.2536321105035,147.,47.9353126664906));
#7736=CARTESIAN_POINT('',(-16.2547164868645,147.,47.9349026916392));
#7737=CARTESIAN_POINT('',(-16.2558009340173,146.999991179881,47.9344928091859));
#7738=CARTESIAN_POINT('',(-16.256885145453,146.999973542659,47.9340827775257));
#7739=CARTESIAN_POINT('',(-16.2748661347402,146.999681040032,47.9272826510504));
#7740=CARTESIAN_POINT('',(-16.2929450202633,146.996927462654,47.9204116574207));
#7741=CARTESIAN_POINT('',(-16.3102597953755,146.991815810887,47.9138000893284));
#7742=CARTESIAN_POINT('',(-16.3312417980669,146.985621523612,47.9057882070713));
#7743=CARTESIAN_POINT('',(-16.3515620652699,146.975794452012,47.8979809390276));
#7744=CARTESIAN_POINT('',(-16.3696646148347,146.962900147141,47.890992484962));
#7745=CARTESIAN_POINT('',(-16.3866542403016,146.950798569425,47.8844336730808));
#7746=CARTESIAN_POINT('',(-16.4020910131443,146.935697815968,47.8784421646572));
#7747=CARTESIAN_POINT('',(-16.4147187560085,146.918537304845,47.8735258105038));
#7748=CARTESIAN_POINT('',(-16.4269812981706,146.901873084372,47.8687516397957));
#7749=CARTESIAN_POINT('',(-16.4368841089335,146.882842293983,47.8648796265793));
#7750=CARTESIAN_POINT('',(-16.443505209214,146.862834754604,47.862287660284));
#7751=CARTESIAN_POINT('',(-16.4501334667868,146.842805587428,47.8596928921189));
#7752=CARTESIAN_POINT('',(-16.4536321105035,146.821256390993,47.858319423076));
#7753=CARTESIAN_POINT('',(-16.4536321105035,146.8,47.858319423076));
#7754=CARTESIAN_POINT('',(-16.4536321105035,146.8,43.676711356201));
#7755=CARTESIAN_POINT('',(-16.4536321105035,147.,43.676711356201));
#7756=CARTESIAN_POINT('',(-16.2536321105035,147.,43.676711356201));
#7757=CARTESIAN_POINT('',(-16.4536321105035,146.799999999941,45.1047115304929));
#7758=CARTESIAN_POINT('',(-16.4536321104589,146.999999999941,45.104711530493));
#7759=CARTESIAN_POINT('',(-16.2536321104837,147.,45.1047115304929));
#7760=CARTESIAN_POINT('',(-16.4536321105035,146.800000000059,46.5327117047849));
#7761=CARTESIAN_POINT('',(-16.4536321105233,147.000000000059,46.5327117047848));
#7762=CARTESIAN_POINT('',(-16.2536321104985,147.,46.5327117047849));
#7763=CARTESIAN_POINT('',(-16.4536321105035,146.8,47.9607118790768));
#7764=CARTESIAN_POINT('',(-16.4536321105035,147.,47.9607118790768));
#7765=CARTESIAN_POINT('',(-16.2536321105035,147.,47.9607118790768));
#7766=CARTESIAN_POINT('',(-16.3472443859651,146.8,47.7371942639244));
#7767=CARTESIAN_POINT('',(-16.3472443859651,147.,47.7371942639244));
#7768=CARTESIAN_POINT('',(-16.1934852043292,147.,47.8650931070101));
#7769=CARTESIAN_POINT('',(-17.1431825759287,146.8,48.6940661305414));
#7770=CARTESIAN_POINT('',(-17.1431825754007,147.,48.6940661215481));
#7771=CARTESIAN_POINT('',(-17.0424859397213,147.,48.8857564218077));
#7772=CARTESIAN_POINT('',(-18.5105984611025,146.8,49.0597981446001));
#7773=CARTESIAN_POINT('',(-18.5105984645471,147.,49.0597981541428));
#7774=CARTESIAN_POINT('',(-18.5010628881515,147.,49.2758705899165));
#7775=CARTESIAN_POINT('',(-20.2529869774982,146.8,48.4308638211768));
#7776=CARTESIAN_POINT('',(-20.252986975776,147.,48.4308638164054));
#7777=CARTESIAN_POINT('',(-20.35961063346,147.,48.6050072963198));
#7778=CARTESIAN_POINT('',(-20.7554455827016,146.799999999982,48.045175907105));
#7779=CARTESIAN_POINT('',(-20.7554455852486,146.999999999982,48.045175908893));
#7780=CARTESIAN_POINT('',(-20.8955664835617,147.,48.1936068616459));
#7781=CARTESIAN_POINT('',(-21.4597410915437,146.800000000018,47.0436669191527));
#7782=CARTESIAN_POINT('',(-21.4597410889968,147.000000000018,47.0436669173647));
#7783=CARTESIAN_POINT('',(-21.6468150208995,147.,47.1253306040104));
#7784=CARTESIAN_POINT('',(-21.6538985517055,146.800000000018,46.435027511365));
#7785=CARTESIAN_POINT('',(-21.6538985465821,147.000000000018,46.4350275113672));
#7786=CARTESIAN_POINT('',(-21.8539163089884,147.,46.4761152376154));
#7787=CARTESIAN_POINT('',(-21.6533651097954,146.799999999982,45.1998045712893));
#7788=CARTESIAN_POINT('',(-21.6533651149188,146.999999999982,45.1998045712871));
#7789=CARTESIAN_POINT('',(-21.8533473152122,147.,45.1585441015306));
#7790=CARTESIAN_POINT('',(-21.4610239726817,146.800000000009,44.5966298553845));
#7791=CARTESIAN_POINT('',(-21.4610239752816,147.000000000009,44.5966298535561));
#7792=CARTESIAN_POINT('',(-21.6481834329331,147.,44.5151577359533));
#7793=CARTESIAN_POINT('',(-20.7575543478243,146.799999999991,43.5942017568457));
#7794=CARTESIAN_POINT('',(-20.7575543452244,146.999999999991,43.594201758674));
#7795=CARTESIAN_POINT('',(-20.8978158275395,147.,43.445901101407));
#7796=CARTESIAN_POINT('',(-20.2469566020308,146.799999999991,43.204758428535));
#7797=CARTESIAN_POINT('',(-20.2469566024662,146.999999999991,43.2047584273248));
#7798=CARTESIAN_POINT('',(-20.3531782352619,147.,43.030494881306));
#7799=CARTESIAN_POINT('',(-19.1006927559136,146.800000000009,42.790251449591));
#7800=CARTESIAN_POINT('',(-19.1006927554782,147.000000000009,42.7902514508012));
#7801=CARTESIAN_POINT('',(-19.1304967984783,147.,42.5883541063433));
#7802=CARTESIAN_POINT('',(-18.4553909420292,146.800000000018,42.7639463528965));
#7803=CARTESIAN_POINT('',(-18.4553909421817,147.000000000018,42.7639463534663));
#7804=CARTESIAN_POINT('',(-18.4421748642928,147.,42.5602953358506));
#7805=CARTESIAN_POINT('',(-17.2799207845195,146.799999999982,43.0830567460555));
#7806=CARTESIAN_POINT('',(-17.2799207843671,146.999999999982,43.0830567454858));
#7807=CARTESIAN_POINT('',(-17.1883400292921,147.,42.9006797540131));
#7808=CARTESIAN_POINT('',(-16.7388409460136,146.799999999982,43.42933598617));
#7809=CARTESIAN_POINT('',(-16.7388409420705,146.999999999982,43.4293359831926));
#7810=CARTESIAN_POINT('',(-16.6111881975104,147.,43.2700442742285));
#7811=CARTESIAN_POINT('',(-16.3470079488143,146.8,43.9005132502348));
#7812=CARTESIAN_POINT('',(-16.3470079488143,147.,43.9005132502348));
#7813=CARTESIAN_POINT('',(-16.1932330047017,147.,43.7726333590746));
#7814=MECHANICAL_DESIGN_GEOMETRIC_PRESENTATION_REPRESENTATION('',(#24),
#7815);
#7815=(
GEOMETRIC_REPRESENTATION_CONTEXT(3)
GLOBAL_UNCERTAINTY_ASSIGNED_CONTEXT((#7816))
GLOBAL_UNIT_ASSIGNED_CONTEXT((#7822,#7818,#7817))
REPRESENTATION_CONTEXT('\X2\87BA67466539\X0\','TOP_LEVEL_ASSEMBLY_PART')
);
#7816=UNCERTAINTY_MEASURE_WITH_UNIT(LENGTH_MEASURE(0.0508),#7822,
'DISTANCE_ACCURACY_VALUE','Maximum Tolerance applied to model');
#7817=(
NAMED_UNIT(*)
SI_UNIT($,.STERADIAN.)
SOLID_ANGLE_UNIT()
);
#7818=(
CONVERSION_BASED_UNIT('DEGREE',#7820)
NAMED_UNIT(#7819)
PLANE_ANGLE_UNIT()
);
#7819=DIMENSIONAL_EXPONENTS(0.,0.,0.,0.,0.,0.,0.);
#7820=PLANE_ANGLE_MEASURE_WITH_UNIT(PLANE_ANGLE_MEASURE(0.0174532925),#7821);
#7821=(
NAMED_UNIT(*)
PLANE_ANGLE_UNIT()
SI_UNIT($,.RADIAN.)
);
#7822=(
LENGTH_UNIT()
NAMED_UNIT(*)
SI_UNIT(.MILLI.,.METRE.)
);
ENDSEC;
END-ISO-10303-21;
