ISO-10303-21;
HEADER;
/* Generated by software containing ST-Developer
 * from STEP Tools, Inc. (www.steptools.com) 
 */
/* OPTION: using custom schema-name function */

FILE_DESCRIPTION(
/* description */ (''),
/* implementation_level */ '2;1');

FILE_NAME(
/* name */ '\X2\87BA6746\X0\.stp',
/* time_stamp */ '2026-05-02T16:26:25+08:00',
/* author */ (''),
/* organization */ (''),
/* preprocessor_version */ 'ST-DEVELOPER v16.7',
/* originating_system */ 'SIEMENS PLM Software NX 12.0',
/* authorisation */ '');

FILE_SCHEMA (('AUTOMOTIVE_DESIGN { 1 0 10303 214 3 1 1 1 }'));
ENDSEC;

DATA;
#10=SHAPE_REPRESENTATION_RELATIONSHIP('None',
'relationship between \X2\87BA6746\X0\-None and \X2\87BA6746\X0\-None',
#22,#11);
#11=ADVANCED_BREP_SHAPE_REPRESENTATION('\X2\87BA6746\X0\-None',(#32),#7407);
#12=SHAPE_DEFINITION_REPRESENTATION(#13,#22);
#13=PRODUCT_DEFINITION_SHAPE('','',#14);
#14=PRODUCT_DEFINITION(' ','',#16,#15);
#15=PRODUCT_DEFINITION_CONTEXT('part definition',#21,'design');
#16=PRODUCT_DEFINITION_FORMATION_WITH_SPECIFIED_SOURCE(' ',' ',#18,
 .NOT_KNOWN.);
#17=PRODUCT_RELATED_PRODUCT_CATEGORY('part','',(#18));
#18=PRODUCT('\X2\87BA6746\X0\','\X2\87BA6746\X0\',' ',(#19));
#19=PRODUCT_CONTEXT(' ',#21,'mechanical');
#20=APPLICATION_PROTOCOL_DEFINITION('international standard',
'automotive_design',2010,#21);
#21=APPLICATION_CONTEXT(
'core data for automotive mechanical design processes');
#22=SHAPE_REPRESENTATION('\X2\87BA6746\X0\-None',(#254),#7407);
#23=PRESENTATION_LAYER_ASSIGNMENT('1','Layer 1',(#32));
#24=STYLED_ITEM('',(#25),#32);
#25=PRESENTATION_STYLE_ASSIGNMENT((#26));
#26=SURFACE_STYLE_USAGE(.BOTH.,#27);
#27=SURFACE_SIDE_STYLE('',(#28));
#28=SURFACE_STYLE_FILL_AREA(#29);
#29=FILL_AREA_STYLE('',(#30));
#30=FILL_AREA_STYLE_COLOUR('',#31);
#31=COLOUR_RGB('\X2\6A598272\X0\',1.,0.6,0.);
#32=MANIFOLD_SOLID_BREP('',#33);
#33=CLOSED_SHELL('',(#67,#68,#69,#70,#71,#72,#73,#74,#75,#76,#77,#78,#79,
#80,#81,#82,#83));
#34=CONICAL_SURFACE('',#260,2.5,59.);
#35=VERTEX_LOOP('',#201);
#36=PLANE('',#257);
#37=PLANE('',#258);
#38=CYLINDRICAL_SURFACE('',#256,3.);
#39=CYLINDRICAL_SURFACE('',#261,2.5);
#40=CIRCLE('',#255,3.);
#41=CIRCLE('',#259,2.5);
#42=LINE('',#7178,#45);
#43=LINE('',#7231,#46);
#44=LINE('',#7245,#47);
#45=VECTOR('',#264,1.);
#46=VECTOR('',#265,1.);
#47=VECTOR('',#270,1.);
#48=(
BOUNDED_SURFACE()
B_SPLINE_SURFACE(3,2,((#6902,#6903,#6904),(#6905,#6906,#6907),(#6908,#6909,
#6910),(#6911,#6912,#6913),(#6914,#6915,#6916),(#6917,#6918,#6919),(#6920,
#6921,#6922),(#6923,#6924,#6925),(#6926,#6927,#6928),(#6929,#6930,#6931),
(#6932,#6933,#6934),(#6935,#6936,#6937),(#6938,#6939,#6940),(#6941,#6942,
#6943),(#6944,#6945,#6946),(#6947,#6948,#6949),(#6950,#6951,#6952),(#6953,
#6954,#6955),(#6956,#6957,#6958),(#6959,#6960,#6961),(#6962,#6963,#6964),
(#6965,#6966,#6967),(#6968,#6969,#6970),(#6971,#6972,#6973),(#6974,#6975,
#6976),(#6977,#6978,#6979),(#6980,#6981,#6982),(#6983,#6984,#6985),(#6986,
#6987,#6988),(#6989,#6990,#6991),(#6992,#6993,#6994),(#6995,#6996,#6997),
(#6998,#6999,#7000),(#7001,#7002,#7003),(#7004,#7005,#7006),(#7007,#7008,
#7009),(#7010,#7011,#7012),(#7013,#7014,#7015),(#7016,#7017,#7018),(#7019,
#7020,#7021),(#7022,#7023,#7024),(#7025,#7026,#7027),(#7028,#7029,#7030),
(#7031,#7032,#7033),(#7034,#7035,#7036),(#7037,#7038,#7039),(#7040,#7041,
#7042),(#7043,#7044,#7045),(#7046,#7047,#7048),(#7049,#7050,#7051),(#7052,
#7053,#7054),(#7055,#7056,#7057),(#7058,#7059,#7060),(#7061,#7062,#7063),
(#7064,#7065,#7066),(#7067,#7068,#7069),(#7070,#7071,#7072),(#7073,#7074,
#7075),(#7076,#7077,#7078),(#7079,#7080,#7081),(#7082,#7083,#7084),(#7085,
#7086,#7087),(#7088,#7089,#7090),(#7091,#7092,#7093),(#7094,#7095,#7096),
(#7097,#7098,#7099)),.UNSPECIFIED.,.T.,.F.,.F.)
B_SPLINE_SURFACE_WITH_KNOTS((1,3,2,2,2,2,2,2,2,2,2,2,2,2,2,2,2,2,2,2,2,
2,2,2,2,2,2,2,2,2,2,2,2,3,1),(3,3),(-0.03125,0.,0.03125,0.0625,0.09375,
0.125,0.15625,0.1875,0.21875,0.25,0.28125,0.3125,0.34375,0.375,0.40625,
0.4375,0.46875,0.5,0.53125,0.5625,0.59375,0.625,0.65625,0.6875,0.71875,
0.75,0.78125,0.8125,0.84375,0.875,0.90625,0.9375,0.96875,1.,1.03125),(0.,
1.),.UNSPECIFIED.)
GEOMETRIC_REPRESENTATION_ITEM()
RATIONAL_B_SPLINE_SURFACE(((0.949291887285133,0.734947975090906,1.),(0.949266459135014,
0.734815061789306,1.),(0.949372936720552,0.735371621640253,1.),(0.949385779426754,
0.735438750647856,1.),(0.949316885423845,0.735078640716772,1.),(0.949266661345158,
0.734816118744601,1.),(0.949372735196418,0.735370568270742,1.),(0.949385941003681,
0.735439595212749,1.),(0.949316824379972,0.735078321639582,1.),(0.949266768660774,
0.734816679684849,1.),(0.949372859953789,0.735371220379291,1.),(0.949385853876085,
0.735439139795566,1.),(0.949316806404612,0.735078227682123,1.),(0.949266788583887,
0.73481678382324,1.),(0.94937358109069,0.735374989772107,1.),(0.949385283300794,
0.735436157390423,1.),(0.949316622604653,0.735077266957127,1.),(0.949266751240444,
0.734816588628536,1.),(0.949374203200756,0.735378241550254,1.),(0.949384773769211,
0.735433494061607,1.),(0.949316362983937,0.735075909915958,1.),(0.949266678659594,
0.734816209247402,1.),(0.949374400183049,0.735379271179495,1.),(0.949384609238365,
0.735432634056537,1.),(0.949316127081989,0.735074676853128,1.),(0.949266549212801,
0.734815532627177,1.),(0.949374251008673,0.735378491442913,1.),(0.949384730519483,
0.735433267994663,1.),(0.949315709072879,0.735072491913576,1.),(0.949266748480837,
0.734816574204028,1.),(0.949374011433609,0.735377239180656,1.),(0.949384928035167,
0.735434300411946,1.),(0.949315543557697,0.735071626763372,1.),(0.949266725041403,
0.734816451685773,1.),(0.949375520944936,0.735385129417785,1.),(0.949383674391643,
0.735427747599454,1.),(0.949315271312335,0.735070203732998,1.),(0.949266789075549,
0.734816786393166,1.),(0.949375231920298,0.735383618681899,1.),(0.94938391694425,
0.735429015425373,1.),(0.949315385049033,0.735070798236338,1.),(0.949266670641288,
0.734816167335601,1.),(0.94937458470007,0.735380235652582,1.),(0.949384455963038,
0.73543183288423,1.),(0.9493155199994,0.735071503623819,1.),(0.949266825515082,
0.734816976863122,1.),(0.949373877403342,0.735376538602546,1.),(0.9493850358314,
0.735434863864387,1.),(0.949315991423606,0.735073967764836,1.),(0.94926687207165,
0.734817220214963,1.),(0.949373515272928,0.735374645741733,1.),(0.949385334870186,
0.735436426944366,1.),(0.949316467193659,0.735076454621654,1.),(0.949266845819763,
0.734817082995979,1.),(0.949373707716177,0.735375651645326,1.),(0.949385179097447,
0.735435612718046,1.),(0.949316769399162,0.735078034254108,1.),(0.949266770273749,
0.734816688115889,1.),(0.949373755487591,0.735375901347184,1.),(0.949385133845884,
0.735435376187489,1.),(0.949317017845803,0.73507933288823,1.),(0.949266657462185,
0.734816098448246,1.),(0.94937337523593,0.735373913766357,1.),(0.949385432910371,
0.735436939401803,1.),(0.949317315435253,0.735080888392506,1.),(0.949291887285133,
0.734947975090906,1.)))
REPRESENTATION_ITEM('')
SURFACE()
);
#49=(
BOUNDED_SURFACE()
B_SPLINE_SURFACE(3,2,((#7100,#7101,#7102),(#7103,#7104,#7105),(#7106,#7107,
#7108),(#7109,#7110,#7111),(#7112,#7113,#7114),(#7115,#7116,#7117),(#7118,
#7119,#7120),(#7121,#7122,#7123),(#7124,#7125,#7126),(#7127,#7128,#7129),
(#7130,#7131,#7132),(#7133,#7134,#7135),(#7136,#7137,#7138),(#7139,#7140,
#7141),(#7142,#7143,#7144),(#7145,#7146,#7147),(#7148,#7149,#7150),(#7151,
#7152,#7153),(#7154,#7155,#7156),(#7157,#7158,#7159),(#7160,#7161,#7162),
(#7163,#7164,#7165),(#7166,#7167,#7168),(#7169,#7170,#7171),(#7172,#7173,
#7174),(#7175,#7176,#7177)),.UNSPECIFIED.,.T.,.F.,.F.)
B_SPLINE_SURFACE_WITH_KNOTS((1,3,2,2,2,2,2,2,2,2,2,2,2,3,1),(3,3),(-0.0625,
0.,0.0625,0.125,0.25,0.3125,0.375,0.5,0.625,0.6875,0.75,0.875,0.9375,1.,
1.0625),(0.,1.),.UNSPECIFIED.)
GEOMETRIC_REPRESENTATION_ITEM()
RATIONAL_B_SPLINE_SURFACE(((1.,0.706703115842477,1.),(1.,0.706548377851058,
1.),(1.,0.706854198537615,1.),(1.,0.706551508067551,1.),(1.,0.706854850421203,
1.),(1.,0.706399309862061,1.),(1.,0.707023357277292,1.),(1.,0.70654431077876,
1.),(1.,0.706867590999906,1.),(1.,0.706541121680973,1.),(1.,0.706867814450948,
1.),(1.,0.706377084386789,1.),(1.,0.707019134781837,1.),(1.,0.706388056375534,
1.),(1.,0.70700932505318,1.),(1.,0.706549752016248,1.),(1.,0.70685158836922,
1.),(1.,0.70655357007555,1.),(1.,0.706851254021179,1.),(1.,0.706405340335055,
1.),(1.,0.707011667287748,1.),(1.,0.706549101823094,1.),(1.,0.706859668546793,
1.),(1.,0.706547229341188,1.),(1.,0.706857853833896,1.),(1.,0.706703115842477,
1.)))
REPRESENTATION_ITEM('')
SURFACE()
);
#50=(
BOUNDED_SURFACE()
B_SPLINE_SURFACE(3,2,((#7346,#7347,#7348),(#7349,#7350,#7351),(#7352,#7353,
#7354),(#7355,#7356,#7357)),.UNSPECIFIED.,.F.,.F.,.F.)
B_SPLINE_SURFACE_WITH_KNOTS((4,4),(3,3),(0.,1.),(0.,1.),.UNSPECIFIED.)
GEOMETRIC_REPRESENTATION_ITEM()
RATIONAL_B_SPLINE_SURFACE(((1.,0.707106781186554,1.),(1.,0.707106781186554,
1.),(1.,0.707106781186554,1.),(1.,0.707106781186554,1.)))
REPRESENTATION_ITEM('')
SURFACE()
);
#51=(
BOUNDED_SURFACE()
B_SPLINE_SURFACE(3,2,((#7358,#7359,#7360),(#7361,#7362,#7363),(#7364,#7365,
#7366),(#7367,#7368,#7369),(#7370,#7371,#7372),(#7373,#7374,#7375),(#7376,
#7377,#7378),(#7379,#7380,#7381),(#7382,#7383,#7384),(#7385,#7386,#7387),
(#7388,#7389,#7390),(#7391,#7392,#7393),(#7394,#7395,#7396),(#7397,#7398,
#7399),(#7400,#7401,#7402),(#7403,#7404,#7405)),.UNSPECIFIED.,.F.,.F.,.F.)
B_SPLINE_SURFACE_WITH_KNOTS((4,2,2,2,2,2,2,4),(3,3),(0.,0.25,0.375,0.5,
0.625,0.75,0.875,1.),(0.,1.),.UNSPECIFIED.)
GEOMETRIC_REPRESENTATION_ITEM()
RATIONAL_B_SPLINE_SURFACE(((1.,0.707106781186546,1.),(1.,0.707106781186546,
1.),(1.,0.707106781186548,1.),(1.,0.707106781186548,1.),(1.,0.707106781186563,
1.),(1.,0.707106781186563,1.),(1.,0.707106781186541,1.),(1.,0.707106781186541,
1.),(1.,0.70710678118657,1.),(1.,0.70710678118657,1.),(1.,0.707106781186548,
1.),(1.,0.707106781186548,1.),(1.,0.707106781186556,1.),(1.,0.707106781186556,
1.),(1.,0.707106781186548,1.),(1.,0.707106781186548,1.)))
REPRESENTATION_ITEM('')
SURFACE()
);
#52=FACE_BOUND('',#103,.T.);
#53=FACE_BOUND('',#104,.T.);
#54=FACE_BOUND('',#109,.T.);
#55=FACE_BOUND('',#110,.T.);
#56=FACE_BOUND('',#111,.T.);
#57=FACE_BOUND('',#112,.T.);
#58=FACE_BOUND('',#113,.T.);
#59=FACE_BOUND('',#114,.T.);
#60=FACE_BOUND('',#115,.T.);
#61=FACE_BOUND('',#119,.T.);
#62=FACE_BOUND('',#35,.T.);
#63=FACE_BOUND('',#120,.T.);
#64=FACE_BOUND('',#121,.T.);
#65=FACE_BOUND('',#122,.T.);
#66=FACE_BOUND('',#123,.T.);
#67=ADVANCED_FACE('',(#92),#84,.T.);
#68=ADVANCED_FACE('',(#52,#53),#85,.F.);
#69=ADVANCED_FACE('',(#93),#86,.T.);
#70=ADVANCED_FACE('',(#94),#87,.F.);
#71=ADVANCED_FACE('',(#95),#88,.T.);
#72=ADVANCED_FACE('',(#96),#89,.T.);
#73=ADVANCED_FACE('',(#54,#55,#56),#90,.T.);
#74=ADVANCED_FACE('',(#57,#58),#48,.T.);
#75=ADVANCED_FACE('',(#59,#60),#49,.T.);
#76=ADVANCED_FACE('',(#97),#38,.F.);
#77=ADVANCED_FACE('',(#98),#36,.F.);
#78=ADVANCED_FACE('',(#99),#37,.F.);
#79=ADVANCED_FACE('',(#61,#62),#34,.F.);
#80=ADVANCED_FACE('',(#63,#64),#39,.F.);
#81=ADVANCED_FACE('',(#65,#66),#91,.T.);
#82=ADVANCED_FACE('',(#100),#50,.T.);
#83=ADVANCED_FACE('',(#101),#51,.T.);
#84=B_SPLINE_SURFACE_WITH_KNOTS('',3,3,((#595,#596,#597,#598,#599,#600,
#601,#602,#603,#604,#605,#606,#607,#608,#609,#610,#611,#612,#613,#614,#615,
#616,#617,#618,#619,#620,#621,#622,#623,#624,#625,#626,#627,#628,#629,#630,
#631,#632,#633,#634,#635,#636,#637,#638,#639,#640,#641,#642,#643,#644,#645,
#646,#647,#648,#649,#650,#651,#652,#653,#654,#655,#656,#657,#658,#659,#660,
#661,#662,#663,#664,#665,#666,#667,#668,#669,#670,#671,#672,#673,#674,#675,
#676,#677,#678,#679,#680,#681,#682,#683,#684,#685,#686,#687,#688,#689,#690,
#691,#692,#693,#694,#695,#696,#697,#698,#699,#700,#701,#702,#703,#704,#705,
#706,#707,#708,#709,#710,#711,#712,#713,#714,#715,#716,#717,#718,#719,#720,
#721,#722,#723,#724,#725,#726,#727,#728,#729,#730,#731,#732,#733,#734,#735,
#736,#737,#738,#739,#740,#741,#742,#743,#744),(#745,#746,#747,#748,#749,
#750,#751,#752,#753,#754,#755,#756,#757,#758,#759,#760,#761,#762,#763,#764,
#765,#766,#767,#768,#769,#770,#771,#772,#773,#774,#775,#776,#777,#778,#779,
#780,#781,#782,#783,#784,#785,#786,#787,#788,#789,#790,#791,#792,#793,#794,
#795,#796,#797,#798,#799,#800,#801,#802,#803,#804,#805,#806,#807,#808,#809,
#810,#811,#812,#813,#814,#815,#816,#817,#818,#819,#820,#821,#822,#823,#824,
#825,#826,#827,#828,#829,#830,#831,#832,#833,#834,#835,#836,#837,#838,#839,
#840,#841,#842,#843,#844,#845,#846,#847,#848,#849,#850,#851,#852,#853,#854,
#855,#856,#857,#858,#859,#860,#861,#862,#863,#864,#865,#866,#867,#868,#869,
#870,#871,#872,#873,#874,#875,#876,#877,#878,#879,#880,#881,#882,#883,#884,
#885,#886,#887,#888,#889,#890,#891,#892,#893,#894),(#895,#896,#897,#898,
#899,#900,#901,#902,#903,#904,#905,#906,#907,#908,#909,#910,#911,#912,#913,
#914,#915,#916,#917,#918,#919,#920,#921,#922,#923,#924,#925,#926,#927,#928,
#929,#930,#931,#932,#933,#934,#935,#936,#937,#938,#939,#940,#941,#942,#943,
#944,#945,#946,#947,#948,#949,#950,#951,#952,#953,#954,#955,#956,#957,#958,
#959,#960,#961,#962,#963,#964,#965,#966,#967,#968,#969,#970,#971,#972,#973,
#974,#975,#976,#977,#978,#979,#980,#981,#982,#983,#984,#985,#986,#987,#988,
#989,#990,#991,#992,#993,#994,#995,#996,#997,#998,#999,#1000,#1001,#1002,
#1003,#1004,#1005,#1006,#1007,#1008,#1009,#1010,#1011,#1012,#1013,#1014,
#1015,#1016,#1017,#1018,#1019,#1020,#1021,#1022,#1023,#1024,#1025,#1026,
#1027,#1028,#1029,#1030,#1031,#1032,#1033,#1034,#1035,#1036,#1037,#1038,
#1039,#1040,#1041,#1042,#1043,#1044),(#1045,#1046,#1047,#1048,#1049,#1050,
#1051,#1052,#1053,#1054,#1055,#1056,#1057,#1058,#1059,#1060,#1061,#1062,
#1063,#1064,#1065,#1066,#1067,#1068,#1069,#1070,#1071,#1072,#1073,#1074,
#1075,#1076,#1077,#1078,#1079,#1080,#1081,#1082,#1083,#1084,#1085,#1086,
#1087,#1088,#1089,#1090,#1091,#1092,#1093,#1094,#1095,#1096,#1097,#1098,
#1099,#1100,#1101,#1102,#1103,#1104,#1105,#1106,#1107,#1108,#1109,#1110,
#1111,#1112,#1113,#1114,#1115,#1116,#1117,#1118,#1119,#1120,#1121,#1122,
#1123,#1124,#1125,#1126,#1127,#1128,#1129,#1130,#1131,#1132,#1133,#1134,
#1135,#1136,#1137,#1138,#1139,#1140,#1141,#1142,#1143,#1144,#1145,#1146,
#1147,#1148,#1149,#1150,#1151,#1152,#1153,#1154,#1155,#1156,#1157,#1158,
#1159,#1160,#1161,#1162,#1163,#1164,#1165,#1166,#1167,#1168,#1169,#1170,
#1171,#1172,#1173,#1174,#1175,#1176,#1177,#1178,#1179,#1180,#1181,#1182,
#1183,#1184,#1185,#1186,#1187,#1188,#1189,#1190,#1191,#1192,#1193,#1194),
(#1195,#1196,#1197,#1198,#1199,#1200,#1201,#1202,#1203,#1204,#1205,#1206,
#1207,#1208,#1209,#1210,#1211,#1212,#1213,#1214,#1215,#1216,#1217,#1218,
#1219,#1220,#1221,#1222,#1223,#1224,#1225,#1226,#1227,#1228,#1229,#1230,
#1231,#1232,#1233,#1234,#1235,#1236,#1237,#1238,#1239,#1240,#1241,#1242,
#1243,#1244,#1245,#1246,#1247,#1248,#1249,#1250,#1251,#1252,#1253,#1254,
#1255,#1256,#1257,#1258,#1259,#1260,#1261,#1262,#1263,#1264,#1265,#1266,
#1267,#1268,#1269,#1270,#1271,#1272,#1273,#1274,#1275,#1276,#1277,#1278,
#1279,#1280,#1281,#1282,#1283,#1284,#1285,#1286,#1287,#1288,#1289,#1290,
#1291,#1292,#1293,#1294,#1295,#1296,#1297,#1298,#1299,#1300,#1301,#1302,
#1303,#1304,#1305,#1306,#1307,#1308,#1309,#1310,#1311,#1312,#1313,#1314,
#1315,#1316,#1317,#1318,#1319,#1320,#1321,#1322,#1323,#1324,#1325,#1326,
#1327,#1328,#1329,#1330,#1331,#1332,#1333,#1334,#1335,#1336,#1337,#1338,
#1339,#1340,#1341,#1342,#1343,#1344),(#1345,#1346,#1347,#1348,#1349,#1350,
#1351,#1352,#1353,#1354,#1355,#1356,#1357,#1358,#1359,#1360,#1361,#1362,
#1363,#1364,#1365,#1366,#1367,#1368,#1369,#1370,#1371,#1372,#1373,#1374,
#1375,#1376,#1377,#1378,#1379,#1380,#1381,#1382,#1383,#1384,#1385,#1386,
#1387,#1388,#1389,#1390,#1391,#1392,#1393,#1394,#1395,#1396,#1397,#1398,
#1399,#1400,#1401,#1402,#1403,#1404,#1405,#1406,#1407,#1408,#1409,#1410,
#1411,#1412,#1413,#1414,#1415,#1416,#1417,#1418,#1419,#1420,#1421,#1422,
#1423,#1424,#1425,#1426,#1427,#1428,#1429,#1430,#1431,#1432,#1433,#1434,
#1435,#1436,#1437,#1438,#1439,#1440,#1441,#1442,#1443,#1444,#1445,#1446,
#1447,#1448,#1449,#1450,#1451,#1452,#1453,#1454,#1455,#1456,#1457,#1458,
#1459,#1460,#1461,#1462,#1463,#1464,#1465,#1466,#1467,#1468,#1469,#1470,
#1471,#1472,#1473,#1474,#1475,#1476,#1477,#1478,#1479,#1480,#1481,#1482,
#1483,#1484,#1485,#1486,#1487,#1488,#1489,#1490,#1491,#1492,#1493,#1494),
(#1495,#1496,#1497,#1498,#1499,#1500,#1501,#1502,#1503,#1504,#1505,#1506,
#1507,#1508,#1509,#1510,#1511,#1512,#1513,#1514,#1515,#1516,#1517,#1518,
#1519,#1520,#1521,#1522,#1523,#1524,#1525,#1526,#1527,#1528,#1529,#1530,
#1531,#1532,#1533,#1534,#1535,#1536,#1537,#1538,#1539,#1540,#1541,#1542,
#1543,#1544,#1545,#1546,#1547,#1548,#1549,#1550,#1551,#1552,#1553,#1554,
#1555,#1556,#1557,#1558,#1559,#1560,#1561,#1562,#1563,#1564,#1565,#1566,
#1567,#1568,#1569,#1570,#1571,#1572,#1573,#1574,#1575,#1576,#1577,#1578,
#1579,#1580,#1581,#1582,#1583,#1584,#1585,#1586,#1587,#1588,#1589,#1590,
#1591,#1592,#1593,#1594,#1595,#1596,#1597,#1598,#1599,#1600,#1601,#1602,
#1603,#1604,#1605,#1606,#1607,#1608,#1609,#1610,#1611,#1612,#1613,#1614,
#1615,#1616,#1617,#1618,#1619,#1620,#1621,#1622,#1623,#1624,#1625,#1626,
#1627,#1628,#1629,#1630,#1631,#1632,#1633,#1634,#1635,#1636,#1637,#1638,
#1639,#1640,#1641,#1642,#1643,#1644)),.UNSPECIFIED.,.F.,.F.,.F.,(4,1,1,
1,4),(4,1,1,1,1,1,1,1,1,1,1,1,1,1,1,1,1,1,1,1,1,1,1,1,1,1,1,1,1,1,1,1,1,
1,1,1,1,1,1,1,1,1,1,1,1,1,1,1,1,1,1,1,1,1,1,1,1,1,1,1,1,1,1,1,1,1,1,1,1,
1,1,1,1,1,1,1,1,1,1,1,1,1,1,1,1,1,1,1,1,1,1,1,1,1,1,1,1,1,1,1,1,1,1,1,1,
1,1,1,1,1,1,1,1,1,1,1,1,1,1,1,1,1,1,1,1,1,1,1,1,1,1,1,1,1,1,1,1,1,1,1,1,
1,1,1,1,1,1,4),(0.,0.25,0.5,0.75,1.),(0.,0.00048828125,0.0009765625,0.001953125,
0.00390625,0.005859375,0.0078125,0.01171875,0.015625,0.01953125,0.0234375,
0.02734375,0.03125,0.03515625,0.0390625,0.04296875,0.046875,0.05078125,
0.0546875,0.0625,0.0703125,0.078125,0.0859375,0.09375,0.1015625,0.109375,
0.1171875,0.125,0.1328125,0.140625,0.1484375,0.15625,0.1640625,0.171875,
0.1796875,0.1875,0.1953125,0.203125,0.2109375,0.21875,0.2265625,0.234375,
0.2421875,0.25,0.2578125,0.265625,0.2734375,0.28125,0.2890625,0.296875,
0.3046875,0.3125,0.3203125,0.328125,0.3359375,0.34375,0.3515625,0.359375,
0.3671875,0.375,0.3828125,0.390625,0.3984375,0.40625,0.4140625,0.421875,
0.4296875,0.4375,0.4453125,0.453125,0.4609375,0.46875,0.4765625,0.484375,
0.4921875,0.5,0.5078125,0.515625,0.5234375,0.53125,0.5390625,0.546875,0.5546875,
0.5625,0.5703125,0.578125,0.5859375,0.59375,0.6015625,0.609375,0.6171875,
0.625,0.6328125,0.640625,0.6484375,0.65625,0.6640625,0.671875,0.6796875,
0.6875,0.6953125,0.703125,0.7109375,0.71875,0.7265625,0.734375,0.7421875,
0.75,0.7578125,0.765625,0.7734375,0.78125,0.7890625,0.796875,0.8046875,
0.8125,0.8203125,0.828125,0.8359375,0.84375,0.8515625,0.859375,0.8671875,
0.875,0.8828125,0.890625,0.8984375,0.90625,0.9140625,0.921875,0.9296875,
0.9375,0.9453125,0.953125,0.95703125,0.9609375,0.96484375,0.96875,0.97265625,
0.9765625,0.98046875,0.984375,0.98828125,0.9921875,0.99609375,0.998046875,
0.9990234375,1.),.UNSPECIFIED.);
#85=B_SPLINE_SURFACE_WITH_KNOTS('',3,3,((#1725,#1726,#1727,#1728,#1729,
#1730,#1731),(#1732,#1733,#1734,#1735,#1736,#1737,#1738),(#1739,#1740,#1741,
#1742,#1743,#1744,#1745),(#1746,#1747,#1748,#1749,#1750,#1751,#1752),(#1753,
#1754,#1755,#1756,#1757,#1758,#1759),(#1760,#1761,#1762,#1763,#1764,#1765,
#1766),(#1767,#1768,#1769,#1770,#1771,#1772,#1773)),.UNSPECIFIED.,.F.,.F.,
 .F.,(4,1,1,1,4),(4,1,1,1,4),(0.,0.25,0.5,0.75,1.),(0.,0.25,0.5,0.75,1.),
 .UNSPECIFIED.);
#86=B_SPLINE_SURFACE_WITH_KNOTS('',3,3,((#1898,#1899,#1900,#1901,#1902,
#1903,#1904,#1905,#1906,#1907,#1908,#1909,#1910,#1911,#1912,#1913,#1914,
#1915,#1916,#1917,#1918,#1919,#1920,#1921,#1922,#1923,#1924,#1925,#1926,
#1927,#1928,#1929,#1930,#1931,#1932,#1933,#1934,#1935,#1936,#1937,#1938,
#1939,#1940,#1941,#1942,#1943,#1944,#1945,#1946,#1947,#1948,#1949,#1950,
#1951,#1952,#1953,#1954,#1955,#1956,#1957,#1958,#1959,#1960,#1961,#1962,
#1963,#1964,#1965,#1966,#1967,#1968,#1969,#1970,#1971,#1972,#1973,#1974,
#1975,#1976,#1977,#1978,#1979,#1980,#1981,#1982,#1983,#1984,#1985,#1986,
#1987,#1988,#1989,#1990,#1991,#1992,#1993,#1994,#1995,#1996,#1997,#1998,
#1999,#2000,#2001,#2002,#2003,#2004,#2005,#2006,#2007,#2008,#2009,#2010,
#2011,#2012,#2013,#2014,#2015,#2016,#2017,#2018,#2019,#2020,#2021,#2022,
#2023,#2024,#2025,#2026,#2027,#2028,#2029,#2030,#2031,#2032,#2033,#2034,
#2035,#2036,#2037,#2038,#2039,#2040,#2041,#2042,#2043,#2044,#2045),(#2046,
#2047,#2048,#2049,#2050,#2051,#2052,#2053,#2054,#2055,#2056,#2057,#2058,
#2059,#2060,#2061,#2062,#2063,#2064,#2065,#2066,#2067,#2068,#2069,#2070,
#2071,#2072,#2073,#2074,#2075,#2076,#2077,#2078,#2079,#2080,#2081,#2082,
#2083,#2084,#2085,#2086,#2087,#2088,#2089,#2090,#2091,#2092,#2093,#2094,
#2095,#2096,#2097,#2098,#2099,#2100,#2101,#2102,#2103,#2104,#2105,#2106,
#2107,#2108,#2109,#2110,#2111,#2112,#2113,#2114,#2115,#2116,#2117,#2118,
#2119,#2120,#2121,#2122,#2123,#2124,#2125,#2126,#2127,#2128,#2129,#2130,
#2131,#2132,#2133,#2134,#2135,#2136,#2137,#2138,#2139,#2140,#2141,#2142,
#2143,#2144,#2145,#2146,#2147,#2148,#2149,#2150,#2151,#2152,#2153,#2154,
#2155,#2156,#2157,#2158,#2159,#2160,#2161,#2162,#2163,#2164,#2165,#2166,
#2167,#2168,#2169,#2170,#2171,#2172,#2173,#2174,#2175,#2176,#2177,#2178,
#2179,#2180,#2181,#2182,#2183,#2184,#2185,#2186,#2187,#2188,#2189,#2190,
#2191,#2192,#2193),(#2194,#2195,#2196,#2197,#2198,#2199,#2200,#2201,#2202,
#2203,#2204,#2205,#2206,#2207,#2208,#2209,#2210,#2211,#2212,#2213,#2214,
#2215,#2216,#2217,#2218,#2219,#2220,#2221,#2222,#2223,#2224,#2225,#2226,
#2227,#2228,#2229,#2230,#2231,#2232,#2233,#2234,#2235,#2236,#2237,#2238,
#2239,#2240,#2241,#2242,#2243,#2244,#2245,#2246,#2247,#2248,#2249,#2250,
#2251,#2252,#2253,#2254,#2255,#2256,#2257,#2258,#2259,#2260,#2261,#2262,
#2263,#2264,#2265,#2266,#2267,#2268,#2269,#2270,#2271,#2272,#2273,#2274,
#2275,#2276,#2277,#2278,#2279,#2280,#2281,#2282,#2283,#2284,#2285,#2286,
#2287,#2288,#2289,#2290,#2291,#2292,#2293,#2294,#2295,#2296,#2297,#2298,
#2299,#2300,#2301,#2302,#2303,#2304,#2305,#2306,#2307,#2308,#2309,#2310,
#2311,#2312,#2313,#2314,#2315,#2316,#2317,#2318,#2319,#2320,#2321,#2322,
#2323,#2324,#2325,#2326,#2327,#2328,#2329,#2330,#2331,#2332,#2333,#2334,
#2335,#2336,#2337,#2338,#2339,#2340,#2341),(#2342,#2343,#2344,#2345,#2346,
#2347,#2348,#2349,#2350,#2351,#2352,#2353,#2354,#2355,#2356,#2357,#2358,
#2359,#2360,#2361,#2362,#2363,#2364,#2365,#2366,#2367,#2368,#2369,#2370,
#2371,#2372,#2373,#2374,#2375,#2376,#2377,#2378,#2379,#2380,#2381,#2382,
#2383,#2384,#2385,#2386,#2387,#2388,#2389,#2390,#2391,#2392,#2393,#2394,
#2395,#2396,#2397,#2398,#2399,#2400,#2401,#2402,#2403,#2404,#2405,#2406,
#2407,#2408,#2409,#2410,#2411,#2412,#2413,#2414,#2415,#2416,#2417,#2418,
#2419,#2420,#2421,#2422,#2423,#2424,#2425,#2426,#2427,#2428,#2429,#2430,
#2431,#2432,#2433,#2434,#2435,#2436,#2437,#2438,#2439,#2440,#2441,#2442,
#2443,#2444,#2445,#2446,#2447,#2448,#2449,#2450,#2451,#2452,#2453,#2454,
#2455,#2456,#2457,#2458,#2459,#2460,#2461,#2462,#2463,#2464,#2465,#2466,
#2467,#2468,#2469,#2470,#2471,#2472,#2473,#2474,#2475,#2476,#2477,#2478,
#2479,#2480,#2481,#2482,#2483,#2484,#2485,#2486,#2487,#2488,#2489),(#2490,
#2491,#2492,#2493,#2494,#2495,#2496,#2497,#2498,#2499,#2500,#2501,#2502,
#2503,#2504,#2505,#2506,#2507,#2508,#2509,#2510,#2511,#2512,#2513,#2514,
#2515,#2516,#2517,#2518,#2519,#2520,#2521,#2522,#2523,#2524,#2525,#2526,
#2527,#2528,#2529,#2530,#2531,#2532,#2533,#2534,#2535,#2536,#2537,#2538,
#2539,#2540,#2541,#2542,#2543,#2544,#2545,#2546,#2547,#2548,#2549,#2550,
#2551,#2552,#2553,#2554,#2555,#2556,#2557,#2558,#2559,#2560,#2561,#2562,
#2563,#2564,#2565,#2566,#2567,#2568,#2569,#2570,#2571,#2572,#2573,#2574,
#2575,#2576,#2577,#2578,#2579,#2580,#2581,#2582,#2583,#2584,#2585,#2586,
#2587,#2588,#2589,#2590,#2591,#2592,#2593,#2594,#2595,#2596,#2597,#2598,
#2599,#2600,#2601,#2602,#2603,#2604,#2605,#2606,#2607,#2608,#2609,#2610,
#2611,#2612,#2613,#2614,#2615,#2616,#2617,#2618,#2619,#2620,#2621,#2622,
#2623,#2624,#2625,#2626,#2627,#2628,#2629,#2630,#2631,#2632,#2633,#2634,
#2635,#2636,#2637),(#2638,#2639,#2640,#2641,#2642,#2643,#2644,#2645,#2646,
#2647,#2648,#2649,#2650,#2651,#2652,#2653,#2654,#2655,#2656,#2657,#2658,
#2659,#2660,#2661,#2662,#2663,#2664,#2665,#2666,#2667,#2668,#2669,#2670,
#2671,#2672,#2673,#2674,#2675,#2676,#2677,#2678,#2679,#2680,#2681,#2682,
#2683,#2684,#2685,#2686,#2687,#2688,#2689,#2690,#2691,#2692,#2693,#2694,
#2695,#2696,#2697,#2698,#2699,#2700,#2701,#2702,#2703,#2704,#2705,#2706,
#2707,#2708,#2709,#2710,#2711,#2712,#2713,#2714,#2715,#2716,#2717,#2718,
#2719,#2720,#2721,#2722,#2723,#2724,#2725,#2726,#2727,#2728,#2729,#2730,
#2731,#2732,#2733,#2734,#2735,#2736,#2737,#2738,#2739,#2740,#2741,#2742,
#2743,#2744,#2745,#2746,#2747,#2748,#2749,#2750,#2751,#2752,#2753,#2754,
#2755,#2756,#2757,#2758,#2759,#2760,#2761,#2762,#2763,#2764,#2765,#2766,
#2767,#2768,#2769,#2770,#2771,#2772,#2773,#2774,#2775,#2776,#2777,#2778,
#2779,#2780,#2781,#2782,#2783,#2784,#2785),(#2786,#2787,#2788,#2789,#2790,
#2791,#2792,#2793,#2794,#2795,#2796,#2797,#2798,#2799,#2800,#2801,#2802,
#2803,#2804,#2805,#2806,#2807,#2808,#2809,#2810,#2811,#2812,#2813,#2814,
#2815,#2816,#2817,#2818,#2819,#2820,#2821,#2822,#2823,#2824,#2825,#2826,
#2827,#2828,#2829,#2830,#2831,#2832,#2833,#2834,#2835,#2836,#2837,#2838,
#2839,#2840,#2841,#2842,#2843,#2844,#2845,#2846,#2847,#2848,#2849,#2850,
#2851,#2852,#2853,#2854,#2855,#2856,#2857,#2858,#2859,#2860,#2861,#2862,
#2863,#2864,#2865,#2866,#2867,#2868,#2869,#2870,#2871,#2872,#2873,#2874,
#2875,#2876,#2877,#2878,#2879,#2880,#2881,#2882,#2883,#2884,#2885,#2886,
#2887,#2888,#2889,#2890,#2891,#2892,#2893,#2894,#2895,#2896,#2897,#2898,
#2899,#2900,#2901,#2902,#2903,#2904,#2905,#2906,#2907,#2908,#2909,#2910,
#2911,#2912,#2913,#2914,#2915,#2916,#2917,#2918,#2919,#2920,#2921,#2922,
#2923,#2924,#2925,#2926,#2927,#2928,#2929,#2930,#2931,#2932,#2933)),
 .UNSPECIFIED.,.F.,.F.,.F.,(4,1,1,1,4),(4,1,1,1,1,1,1,1,1,1,1,1,1,1,1,1,
1,1,1,1,1,1,1,1,1,1,1,1,1,1,1,1,1,1,1,1,1,1,1,1,1,1,1,1,1,1,1,1,1,1,1,1,
1,1,1,1,1,1,1,1,1,1,1,1,1,1,1,1,1,1,1,1,1,1,1,1,1,1,1,1,1,1,1,1,1,1,1,1,
1,1,1,1,1,1,1,1,1,1,1,1,1,1,1,1,1,1,1,1,1,1,1,1,1,1,1,1,1,1,1,1,1,1,1,1,
1,1,1,1,1,1,1,1,1,1,1,1,1,1,1,1,1,1,1,1,1,4),(0.,0.25,0.5,0.75,1.),(0.,
0.0009765625,0.001953125,0.00390625,0.0078125,0.01171875,0.015625,0.01953125,
0.0234375,0.02734375,0.03125,0.03515625,0.0390625,0.04296875,0.046875,0.0546875,
0.0625,0.0703125,0.078125,0.0859375,0.09375,0.1015625,0.109375,0.1171875,
0.125,0.1328125,0.140625,0.1484375,0.15625,0.1640625,0.171875,0.1796875,
0.1875,0.1953125,0.203125,0.2109375,0.21875,0.2265625,0.234375,0.2421875,
0.25,0.2578125,0.265625,0.2734375,0.28125,0.2890625,0.296875,0.3046875,
0.3125,0.3203125,0.328125,0.3359375,0.34375,0.3515625,0.359375,0.3671875,
0.375,0.3828125,0.390625,0.3984375,0.40625,0.4140625,0.421875,0.4296875,
0.4375,0.4453125,0.453125,0.4609375,0.46875,0.4765625,0.484375,0.4921875,
0.5,0.5078125,0.515625,0.5234375,0.53125,0.5390625,0.546875,0.5546875,0.5625,
0.5703125,0.578125,0.5859375,0.59375,0.6015625,0.609375,0.6171875,0.625,
0.6328125,0.640625,0.6484375,0.65625,0.6640625,0.671875,0.6796875,0.6875,
0.6953125,0.703125,0.7109375,0.71875,0.7265625,0.734375,0.7421875,0.75,
0.7578125,0.765625,0.7734375,0.78125,0.7890625,0.796875,0.8046875,0.8125,
0.8203125,0.828125,0.8359375,0.84375,0.8515625,0.859375,0.8671875,0.875,
0.8828125,0.890625,0.8984375,0.90625,0.9140625,0.921875,0.9296875,0.9375,
0.9453125,0.953125,0.9609375,0.96484375,0.96875,0.97265625,0.9765625,0.98046875,
0.984375,0.98828125,0.9921875,0.994140625,0.99609375,0.998046875,0.9990234375,
0.99951171875,1.),.UNSPECIFIED.);
#87=B_SPLINE_SURFACE_WITH_KNOTS('',3,3,((#2947,#2948,#2949,#2950,#2951,
#2952,#2953),(#2954,#2955,#2956,#2957,#2958,#2959,#2960),(#2961,#2962,#2963,
#2964,#2965,#2966,#2967),(#2968,#2969,#2970,#2971,#2972,#2973,#2974),(#2975,
#2976,#2977,#2978,#2979,#2980,#2981),(#2982,#2983,#2984,#2985,#2986,#2987,
#2988),(#2989,#2990,#2991,#2992,#2993,#2994,#2995)),.UNSPECIFIED.,.F.,.F.,
 .F.,(4,1,1,1,4),(4,1,1,1,4),(0.,0.25,0.5,0.75,1.),(0.,0.25,0.5,0.75,1.),
 .UNSPECIFIED.);
#88=B_SPLINE_SURFACE_WITH_KNOTS('',3,3,((#3112,#3113,#3114,#3115,#3116,
#3117,#3118,#3119,#3120,#3121,#3122,#3123,#3124,#3125,#3126,#3127,#3128,
#3129,#3130,#3131,#3132,#3133,#3134,#3135,#3136,#3137,#3138,#3139,#3140,
#3141,#3142,#3143,#3144,#3145,#3146,#3147,#3148,#3149,#3150,#3151,#3152,
#3153,#3154,#3155,#3156,#3157,#3158,#3159,#3160,#3161,#3162,#3163,#3164,
#3165,#3166,#3167,#3168,#3169,#3170,#3171,#3172,#3173,#3174,#3175,#3176,
#3177,#3178,#3179,#3180,#3181,#3182,#3183,#3184,#3185,#3186,#3187,#3188,
#3189,#3190,#3191,#3192,#3193,#3194,#3195,#3196,#3197,#3198,#3199,#3200,
#3201,#3202,#3203,#3204,#3205,#3206,#3207,#3208,#3209,#3210,#3211,#3212,
#3213,#3214,#3215,#3216,#3217,#3218,#3219,#3220,#3221,#3222,#3223,#3224,
#3225,#3226,#3227,#3228,#3229,#3230,#3231,#3232,#3233,#3234,#3235,#3236,
#3237,#3238,#3239,#3240,#3241,#3242,#3243,#3244,#3245,#3246,#3247,#3248,
#3249,#3250,#3251,#3252,#3253,#3254,#3255,#3256,#3257,#3258,#3259),(#3260,
#3261,#3262,#3263,#3264,#3265,#3266,#3267,#3268,#3269,#3270,#3271,#3272,
#3273,#3274,#3275,#3276,#3277,#3278,#3279,#3280,#3281,#3282,#3283,#3284,
#3285,#3286,#3287,#3288,#3289,#3290,#3291,#3292,#3293,#3294,#3295,#3296,
#3297,#3298,#3299,#3300,#3301,#3302,#3303,#3304,#3305,#3306,#3307,#3308,
#3309,#3310,#3311,#3312,#3313,#3314,#3315,#3316,#3317,#3318,#3319,#3320,
#3321,#3322,#3323,#3324,#3325,#3326,#3327,#3328,#3329,#3330,#3331,#3332,
#3333,#3334,#3335,#3336,#3337,#3338,#3339,#3340,#3341,#3342,#3343,#3344,
#3345,#3346,#3347,#3348,#3349,#3350,#3351,#3352,#3353,#3354,#3355,#3356,
#3357,#3358,#3359,#3360,#3361,#3362,#3363,#3364,#3365,#3366,#3367,#3368,
#3369,#3370,#3371,#3372,#3373,#3374,#3375,#3376,#3377,#3378,#3379,#3380,
#3381,#3382,#3383,#3384,#3385,#3386,#3387,#3388,#3389,#3390,#3391,#3392,
#3393,#3394,#3395,#3396,#3397,#3398,#3399,#3400,#3401,#3402,#3403,#3404,
#3405,#3406,#3407),(#3408,#3409,#3410,#3411,#3412,#3413,#3414,#3415,#3416,
#3417,#3418,#3419,#3420,#3421,#3422,#3423,#3424,#3425,#3426,#3427,#3428,
#3429,#3430,#3431,#3432,#3433,#3434,#3435,#3436,#3437,#3438,#3439,#3440,
#3441,#3442,#3443,#3444,#3445,#3446,#3447,#3448,#3449,#3450,#3451,#3452,
#3453,#3454,#3455,#3456,#3457,#3458,#3459,#3460,#3461,#3462,#3463,#3464,
#3465,#3466,#3467,#3468,#3469,#3470,#3471,#3472,#3473,#3474,#3475,#3476,
#3477,#3478,#3479,#3480,#3481,#3482,#3483,#3484,#3485,#3486,#3487,#3488,
#3489,#3490,#3491,#3492,#3493,#3494,#3495,#3496,#3497,#3498,#3499,#3500,
#3501,#3502,#3503,#3504,#3505,#3506,#3507,#3508,#3509,#3510,#3511,#3512,
#3513,#3514,#3515,#3516,#3517,#3518,#3519,#3520,#3521,#3522,#3523,#3524,
#3525,#3526,#3527,#3528,#3529,#3530,#3531,#3532,#3533,#3534,#3535,#3536,
#3537,#3538,#3539,#3540,#3541,#3542,#3543,#3544,#3545,#3546,#3547,#3548,
#3549,#3550,#3551,#3552,#3553,#3554,#3555),(#3556,#3557,#3558,#3559,#3560,
#3561,#3562,#3563,#3564,#3565,#3566,#3567,#3568,#3569,#3570,#3571,#3572,
#3573,#3574,#3575,#3576,#3577,#3578,#3579,#3580,#3581,#3582,#3583,#3584,
#3585,#3586,#3587,#3588,#3589,#3590,#3591,#3592,#3593,#3594,#3595,#3596,
#3597,#3598,#3599,#3600,#3601,#3602,#3603,#3604,#3605,#3606,#3607,#3608,
#3609,#3610,#3611,#3612,#3613,#3614,#3615,#3616,#3617,#3618,#3619,#3620,
#3621,#3622,#3623,#3624,#3625,#3626,#3627,#3628,#3629,#3630,#3631,#3632,
#3633,#3634,#3635,#3636,#3637,#3638,#3639,#3640,#3641,#3642,#3643,#3644,
#3645,#3646,#3647,#3648,#3649,#3650,#3651,#3652,#3653,#3654,#3655,#3656,
#3657,#3658,#3659,#3660,#3661,#3662,#3663,#3664,#3665,#3666,#3667,#3668,
#3669,#3670,#3671,#3672,#3673,#3674,#3675,#3676,#3677,#3678,#3679,#3680,
#3681,#3682,#3683,#3684,#3685,#3686,#3687,#3688,#3689,#3690,#3691,#3692,
#3693,#3694,#3695,#3696,#3697,#3698,#3699,#3700,#3701,#3702,#3703),(#3704,
#3705,#3706,#3707,#3708,#3709,#3710,#3711,#3712,#3713,#3714,#3715,#3716,
#3717,#3718,#3719,#3720,#3721,#3722,#3723,#3724,#3725,#3726,#3727,#3728,
#3729,#3730,#3731,#3732,#3733,#3734,#3735,#3736,#3737,#3738,#3739,#3740,
#3741,#3742,#3743,#3744,#3745,#3746,#3747,#3748,#3749,#3750,#3751,#3752,
#3753,#3754,#3755,#3756,#3757,#3758,#3759,#3760,#3761,#3762,#3763,#3764,
#3765,#3766,#3767,#3768,#3769,#3770,#3771,#3772,#3773,#3774,#3775,#3776,
#3777,#3778,#3779,#3780,#3781,#3782,#3783,#3784,#3785,#3786,#3787,#3788,
#3789,#3790,#3791,#3792,#3793,#3794,#3795,#3796,#3797,#3798,#3799,#3800,
#3801,#3802,#3803,#3804,#3805,#3806,#3807,#3808,#3809,#3810,#3811,#3812,
#3813,#3814,#3815,#3816,#3817,#3818,#3819,#3820,#3821,#3822,#3823,#3824,
#3825,#3826,#3827,#3828,#3829,#3830,#3831,#3832,#3833,#3834,#3835,#3836,
#3837,#3838,#3839,#3840,#3841,#3842,#3843,#3844,#3845,#3846,#3847,#3848,
#3849,#3850,#3851),(#3852,#3853,#3854,#3855,#3856,#3857,#3858,#3859,#3860,
#3861,#3862,#3863,#3864,#3865,#3866,#3867,#3868,#3869,#3870,#3871,#3872,
#3873,#3874,#3875,#3876,#3877,#3878,#3879,#3880,#3881,#3882,#3883,#3884,
#3885,#3886,#3887,#3888,#3889,#3890,#3891,#3892,#3893,#3894,#3895,#3896,
#3897,#3898,#3899,#3900,#3901,#3902,#3903,#3904,#3905,#3906,#3907,#3908,
#3909,#3910,#3911,#3912,#3913,#3914,#3915,#3916,#3917,#3918,#3919,#3920,
#3921,#3922,#3923,#3924,#3925,#3926,#3927,#3928,#3929,#3930,#3931,#3932,
#3933,#3934,#3935,#3936,#3937,#3938,#3939,#3940,#3941,#3942,#3943,#3944,
#3945,#3946,#3947,#3948,#3949,#3950,#3951,#3952,#3953,#3954,#3955,#3956,
#3957,#3958,#3959,#3960,#3961,#3962,#3963,#3964,#3965,#3966,#3967,#3968,
#3969,#3970,#3971,#3972,#3973,#3974,#3975,#3976,#3977,#3978,#3979,#3980,
#3981,#3982,#3983,#3984,#3985,#3986,#3987,#3988,#3989,#3990,#3991,#3992,
#3993,#3994,#3995,#3996,#3997,#3998,#3999),(#4000,#4001,#4002,#4003,#4004,
#4005,#4006,#4007,#4008,#4009,#4010,#4011,#4012,#4013,#4014,#4015,#4016,
#4017,#4018,#4019,#4020,#4021,#4022,#4023,#4024,#4025,#4026,#4027,#4028,
#4029,#4030,#4031,#4032,#4033,#4034,#4035,#4036,#4037,#4038,#4039,#4040,
#4041,#4042,#4043,#4044,#4045,#4046,#4047,#4048,#4049,#4050,#4051,#4052,
#4053,#4054,#4055,#4056,#4057,#4058,#4059,#4060,#4061,#4062,#4063,#4064,
#4065,#4066,#4067,#4068,#4069,#4070,#4071,#4072,#4073,#4074,#4075,#4076,
#4077,#4078,#4079,#4080,#4081,#4082,#4083,#4084,#4085,#4086,#4087,#4088,
#4089,#4090,#4091,#4092,#4093,#4094,#4095,#4096,#4097,#4098,#4099,#4100,
#4101,#4102,#4103,#4104,#4105,#4106,#4107,#4108,#4109,#4110,#4111,#4112,
#4113,#4114,#4115,#4116,#4117,#4118,#4119,#4120,#4121,#4122,#4123,#4124,
#4125,#4126,#4127,#4128,#4129,#4130,#4131,#4132,#4133,#4134,#4135,#4136,
#4137,#4138,#4139,#4140,#4141,#4142,#4143,#4144,#4145,#4146,#4147)),
 .UNSPECIFIED.,.F.,.F.,.F.,(4,1,1,1,4),(4,1,1,1,1,1,1,1,1,1,1,1,1,1,1,1,
1,1,1,1,1,1,1,1,1,1,1,1,1,1,1,1,1,1,1,1,1,1,1,1,1,1,1,1,1,1,1,1,1,1,1,1,
1,1,1,1,1,1,1,1,1,1,1,1,1,1,1,1,1,1,1,1,1,1,1,1,1,1,1,1,1,1,1,1,1,1,1,1,
1,1,1,1,1,1,1,1,1,1,1,1,1,1,1,1,1,1,1,1,1,1,1,1,1,1,1,1,1,1,1,1,1,1,1,1,
1,1,1,1,1,1,1,1,1,1,1,1,1,1,1,1,1,1,1,1,1,4),(0.,0.25,0.5,0.75,1.),(0.,
0.0009765625,0.001953125,0.00390625,0.0078125,0.01171875,0.015625,0.01953125,
0.0234375,0.02734375,0.03125,0.03515625,0.0390625,0.04296875,0.046875,0.0546875,
0.0625,0.0703125,0.078125,0.0859375,0.09375,0.1015625,0.109375,0.1171875,
0.125,0.1328125,0.140625,0.1484375,0.15625,0.1640625,0.171875,0.1796875,
0.1875,0.1953125,0.203125,0.2109375,0.21875,0.2265625,0.234375,0.2421875,
0.25,0.2578125,0.265625,0.2734375,0.28125,0.2890625,0.296875,0.3046875,
0.3125,0.3203125,0.328125,0.3359375,0.34375,0.3515625,0.359375,0.3671875,
0.375,0.3828125,0.390625,0.3984375,0.40625,0.4140625,0.421875,0.4296875,
0.4375,0.4453125,0.453125,0.4609375,0.46875,0.4765625,0.484375,0.4921875,
0.5,0.5078125,0.515625,0.5234375,0.53125,0.5390625,0.546875,0.5546875,0.5625,
0.5703125,0.578125,0.5859375,0.59375,0.6015625,0.609375,0.6171875,0.625,
0.6328125,0.640625,0.6484375,0.65625,0.6640625,0.671875,0.6796875,0.6875,
0.6953125,0.703125,0.7109375,0.71875,0.7265625,0.734375,0.7421875,0.75,
0.7578125,0.765625,0.7734375,0.78125,0.7890625,0.796875,0.8046875,0.8125,
0.8203125,0.828125,0.8359375,0.84375,0.8515625,0.859375,0.8671875,0.875,
0.8828125,0.890625,0.8984375,0.90625,0.9140625,0.921875,0.9296875,0.9375,
0.9453125,0.953125,0.9609375,0.96484375,0.96875,0.97265625,0.9765625,0.98046875,
0.984375,0.98828125,0.9921875,0.994140625,0.99609375,0.998046875,0.9990234375,
0.99951171875,1.),.UNSPECIFIED.);
#89=B_SPLINE_SURFACE_WITH_KNOTS('',3,3,((#4153,#4154,#4155,#4156,#4157,
#4158,#4159),(#4160,#4161,#4162,#4163,#4164,#4165,#4166),(#4167,#4168,#4169,
#4170,#4171,#4172,#4173),(#4174,#4175,#4176,#4177,#4178,#4179,#4180),(#4181,
#4182,#4183,#4184,#4185,#4186,#4187),(#4188,#4189,#4190,#4191,#4192,#4193,
#4194),(#4195,#4196,#4197,#4198,#4199,#4200,#4201)),.UNSPECIFIED.,.F.,.F.,
 .F.,(4,1,1,1,4),(4,1,1,1,4),(0.,0.25,0.5,0.75,1.),(0.,0.25,0.5,0.75,1.),
 .UNSPECIFIED.);
#90=B_SPLINE_SURFACE_WITH_KNOTS('',3,3,((#4240,#4241,#4242,#4243,#4244,
#4245,#4246,#4247,#4248,#4249,#4250,#4251,#4252,#4253,#4254,#4255,#4256,
#4257,#4258,#4259,#4260,#4261,#4262,#4263,#4264,#4265,#4266,#4267,#4268,
#4269,#4270,#4271,#4272,#4273,#4274,#4275,#4276,#4277,#4278,#4279,#4280,
#4281,#4282,#4283,#4284,#4285,#4286,#4287,#4288,#4289,#4290,#4291,#4292,
#4293,#4294,#4295,#4296,#4297,#4298,#4299,#4300,#4301,#4302,#4303,#4304,
#4305,#4306,#4307,#4308,#4309,#4310,#4311,#4312,#4313,#4314,#4315,#4316,
#4317,#4318,#4319,#4320,#4321,#4322,#4323,#4324,#4325,#4326,#4327,#4328,
#4329,#4330,#4331,#4332,#4333,#4334,#4335,#4336,#4337,#4338,#4339,#4340,
#4341,#4342,#4343,#4344,#4345,#4346,#4347,#4348,#4349,#4350,#4351,#4352,
#4353,#4354,#4355,#4356,#4357,#4358,#4359,#4360,#4361,#4362,#4363,#4364,
#4365,#4366,#4367,#4368,#4369,#4370),(#4371,#4372,#4373,#4374,#4375,#4376,
#4377,#4378,#4379,#4380,#4381,#4382,#4383,#4384,#4385,#4386,#4387,#4388,
#4389,#4390,#4391,#4392,#4393,#4394,#4395,#4396,#4397,#4398,#4399,#4400,
#4401,#4402,#4403,#4404,#4405,#4406,#4407,#4408,#4409,#4410,#4411,#4412,
#4413,#4414,#4415,#4416,#4417,#4418,#4419,#4420,#4421,#4422,#4423,#4424,
#4425,#4426,#4427,#4428,#4429,#4430,#4431,#4432,#4433,#4434,#4435,#4436,
#4437,#4438,#4439,#4440,#4441,#4442,#4443,#4444,#4445,#4446,#4447,#4448,
#4449,#4450,#4451,#4452,#4453,#4454,#4455,#4456,#4457,#4458,#4459,#4460,
#4461,#4462,#4463,#4464,#4465,#4466,#4467,#4468,#4469,#4470,#4471,#4472,
#4473,#4474,#4475,#4476,#4477,#4478,#4479,#4480,#4481,#4482,#4483,#4484,
#4485,#4486,#4487,#4488,#4489,#4490,#4491,#4492,#4493,#4494,#4495,#4496,
#4497,#4498,#4499,#4500,#4501),(#4502,#4503,#4504,#4505,#4506,#4507,#4508,
#4509,#4510,#4511,#4512,#4513,#4514,#4515,#4516,#4517,#4518,#4519,#4520,
#4521,#4522,#4523,#4524,#4525,#4526,#4527,#4528,#4529,#4530,#4531,#4532,
#4533,#4534,#4535,#4536,#4537,#4538,#4539,#4540,#4541,#4542,#4543,#4544,
#4545,#4546,#4547,#4548,#4549,#4550,#4551,#4552,#4553,#4554,#4555,#4556,
#4557,#4558,#4559,#4560,#4561,#4562,#4563,#4564,#4565,#4566,#4567,#4568,
#4569,#4570,#4571,#4572,#4573,#4574,#4575,#4576,#4577,#4578,#4579,#4580,
#4581,#4582,#4583,#4584,#4585,#4586,#4587,#4588,#4589,#4590,#4591,#4592,
#4593,#4594,#4595,#4596,#4597,#4598,#4599,#4600,#4601,#4602,#4603,#4604,
#4605,#4606,#4607,#4608,#4609,#4610,#4611,#4612,#4613,#4614,#4615,#4616,
#4617,#4618,#4619,#4620,#4621,#4622,#4623,#4624,#4625,#4626,#4627,#4628,
#4629,#4630,#4631,#4632),(#4633,#4634,#4635,#4636,#4637,#4638,#4639,#4640,
#4641,#4642,#4643,#4644,#4645,#4646,#4647,#4648,#4649,#4650,#4651,#4652,
#4653,#4654,#4655,#4656,#4657,#4658,#4659,#4660,#4661,#4662,#4663,#4664,
#4665,#4666,#4667,#4668,#4669,#4670,#4671,#4672,#4673,#4674,#4675,#4676,
#4677,#4678,#4679,#4680,#4681,#4682,#4683,#4684,#4685,#4686,#4687,#4688,
#4689,#4690,#4691,#4692,#4693,#4694,#4695,#4696,#4697,#4698,#4699,#4700,
#4701,#4702,#4703,#4704,#4705,#4706,#4707,#4708,#4709,#4710,#4711,#4712,
#4713,#4714,#4715,#4716,#4717,#4718,#4719,#4720,#4721,#4722,#4723,#4724,
#4725,#4726,#4727,#4728,#4729,#4730,#4731,#4732,#4733,#4734,#4735,#4736,
#4737,#4738,#4739,#4740,#4741,#4742,#4743,#4744,#4745,#4746,#4747,#4748,
#4749,#4750,#4751,#4752,#4753,#4754,#4755,#4756,#4757,#4758,#4759,#4760,
#4761,#4762,#4763),(#4764,#4765,#4766,#4767,#4768,#4769,#4770,#4771,#4772,
#4773,#4774,#4775,#4776,#4777,#4778,#4779,#4780,#4781,#4782,#4783,#4784,
#4785,#4786,#4787,#4788,#4789,#4790,#4791,#4792,#4793,#4794,#4795,#4796,
#4797,#4798,#4799,#4800,#4801,#4802,#4803,#4804,#4805,#4806,#4807,#4808,
#4809,#4810,#4811,#4812,#4813,#4814,#4815,#4816,#4817,#4818,#4819,#4820,
#4821,#4822,#4823,#4824,#4825,#4826,#4827,#4828,#4829,#4830,#4831,#4832,
#4833,#4834,#4835,#4836,#4837,#4838,#4839,#4840,#4841,#4842,#4843,#4844,
#4845,#4846,#4847,#4848,#4849,#4850,#4851,#4852,#4853,#4854,#4855,#4856,
#4857,#4858,#4859,#4860,#4861,#4862,#4863,#4864,#4865,#4866,#4867,#4868,
#4869,#4870,#4871,#4872,#4873,#4874,#4875,#4876,#4877,#4878,#4879,#4880,
#4881,#4882,#4883,#4884,#4885,#4886,#4887,#4888,#4889,#4890,#4891,#4892,
#4893,#4894),(#4895,#4896,#4897,#4898,#4899,#4900,#4901,#4902,#4903,#4904,
#4905,#4906,#4907,#4908,#4909,#4910,#4911,#4912,#4913,#4914,#4915,#4916,
#4917,#4918,#4919,#4920,#4921,#4922,#4923,#4924,#4925,#4926,#4927,#4928,
#4929,#4930,#4931,#4932,#4933,#4934,#4935,#4936,#4937,#4938,#4939,#4940,
#4941,#4942,#4943,#4944,#4945,#4946,#4947,#4948,#4949,#4950,#4951,#4952,
#4953,#4954,#4955,#4956,#4957,#4958,#4959,#4960,#4961,#4962,#4963,#4964,
#4965,#4966,#4967,#4968,#4969,#4970,#4971,#4972,#4973,#4974,#4975,#4976,
#4977,#4978,#4979,#4980,#4981,#4982,#4983,#4984,#4985,#4986,#4987,#4988,
#4989,#4990,#4991,#4992,#4993,#4994,#4995,#4996,#4997,#4998,#4999,#5000,
#5001,#5002,#5003,#5004,#5005,#5006,#5007,#5008,#5009,#5010,#5011,#5012,
#5013,#5014,#5015,#5016,#5017,#5018,#5019,#5020,#5021,#5022,#5023,#5024,
#5025),(#5026,#5027,#5028,#5029,#5030,#5031,#5032,#5033,#5034,#5035,#5036,
#5037,#5038,#5039,#5040,#5041,#5042,#5043,#5044,#5045,#5046,#5047,#5048,
#5049,#5050,#5051,#5052,#5053,#5054,#5055,#5056,#5057,#5058,#5059,#5060,
#5061,#5062,#5063,#5064,#5065,#5066,#5067,#5068,#5069,#5070,#5071,#5072,
#5073,#5074,#5075,#5076,#5077,#5078,#5079,#5080,#5081,#5082,#5083,#5084,
#5085,#5086,#5087,#5088,#5089,#5090,#5091,#5092,#5093,#5094,#5095,#5096,
#5097,#5098,#5099,#5100,#5101,#5102,#5103,#5104,#5105,#5106,#5107,#5108,
#5109,#5110,#5111,#5112,#5113,#5114,#5115,#5116,#5117,#5118,#5119,#5120,
#5121,#5122,#5123,#5124,#5125,#5126,#5127,#5128,#5129,#5130,#5131,#5132,
#5133,#5134,#5135,#5136,#5137,#5138,#5139,#5140,#5141,#5142,#5143,#5144,
#5145,#5146,#5147,#5148,#5149,#5150,#5151,#5152,#5153,#5154,#5155,#5156),
(#5157,#5158,#5159,#5160,#5161,#5162,#5163,#5164,#5165,#5166,#5167,#5168,
#5169,#5170,#5171,#5172,#5173,#5174,#5175,#5176,#5177,#5178,#5179,#5180,
#5181,#5182,#5183,#5184,#5185,#5186,#5187,#5188,#5189,#5190,#5191,#5192,
#5193,#5194,#5195,#5196,#5197,#5198,#5199,#5200,#5201,#5202,#5203,#5204,
#5205,#5206,#5207,#5208,#5209,#5210,#5211,#5212,#5213,#5214,#5215,#5216,
#5217,#5218,#5219,#5220,#5221,#5222,#5223,#5224,#5225,#5226,#5227,#5228,
#5229,#5230,#5231,#5232,#5233,#5234,#5235,#5236,#5237,#5238,#5239,#5240,
#5241,#5242,#5243,#5244,#5245,#5246,#5247,#5248,#5249,#5250,#5251,#5252,
#5253,#5254,#5255,#5256,#5257,#5258,#5259,#5260,#5261,#5262,#5263,#5264,
#5265,#5266,#5267,#5268,#5269,#5270,#5271,#5272,#5273,#5274,#5275,#5276,
#5277,#5278,#5279,#5280,#5281,#5282,#5283,#5284,#5285,#5286,#5287),(#5288,
#5289,#5290,#5291,#5292,#5293,#5294,#5295,#5296,#5297,#5298,#5299,#5300,
#5301,#5302,#5303,#5304,#5305,#5306,#5307,#5308,#5309,#5310,#5311,#5312,
#5313,#5314,#5315,#5316,#5317,#5318,#5319,#5320,#5321,#5322,#5323,#5324,
#5325,#5326,#5327,#5328,#5329,#5330,#5331,#5332,#5333,#5334,#5335,#5336,
#5337,#5338,#5339,#5340,#5341,#5342,#5343,#5344,#5345,#5346,#5347,#5348,
#5349,#5350,#5351,#5352,#5353,#5354,#5355,#5356,#5357,#5358,#5359,#5360,
#5361,#5362,#5363,#5364,#5365,#5366,#5367,#5368,#5369,#5370,#5371,#5372,
#5373,#5374,#5375,#5376,#5377,#5378,#5379,#5380,#5381,#5382,#5383,#5384,
#5385,#5386,#5387,#5388,#5389,#5390,#5391,#5392,#5393,#5394,#5395,#5396,
#5397,#5398,#5399,#5400,#5401,#5402,#5403,#5404,#5405,#5406,#5407,#5408,
#5409,#5410,#5411,#5412,#5413,#5414,#5415,#5416,#5417,#5418),(#5419,#5420,
#5421,#5422,#5423,#5424,#5425,#5426,#5427,#5428,#5429,#5430,#5431,#5432,
#5433,#5434,#5435,#5436,#5437,#5438,#5439,#5440,#5441,#5442,#5443,#5444,
#5445,#5446,#5447,#5448,#5449,#5450,#5451,#5452,#5453,#5454,#5455,#5456,
#5457,#5458,#5459,#5460,#5461,#5462,#5463,#5464,#5465,#5466,#5467,#5468,
#5469,#5470,#5471,#5472,#5473,#5474,#5475,#5476,#5477,#5478,#5479,#5480,
#5481,#5482,#5483,#5484,#5485,#5486,#5487,#5488,#5489,#5490,#5491,#5492,
#5493,#5494,#5495,#5496,#5497,#5498,#5499,#5500,#5501,#5502,#5503,#5504,
#5505,#5506,#5507,#5508,#5509,#5510,#5511,#5512,#5513,#5514,#5515,#5516,
#5517,#5518,#5519,#5520,#5521,#5522,#5523,#5524,#5525,#5526,#5527,#5528,
#5529,#5530,#5531,#5532,#5533,#5534,#5535,#5536,#5537,#5538,#5539,#5540,
#5541,#5542,#5543,#5544,#5545,#5546,#5547,#5548,#5549),(#5550,#5551,#5552,
#5553,#5554,#5555,#5556,#5557,#5558,#5559,#5560,#5561,#5562,#5563,#5564,
#5565,#5566,#5567,#5568,#5569,#5570,#5571,#5572,#5573,#5574,#5575,#5576,
#5577,#5578,#5579,#5580,#5581,#5582,#5583,#5584,#5585,#5586,#5587,#5588,
#5589,#5590,#5591,#5592,#5593,#5594,#5595,#5596,#5597,#5598,#5599,#5600,
#5601,#5602,#5603,#5604,#5605,#5606,#5607,#5608,#5609,#5610,#5611,#5612,
#5613,#5614,#5615,#5616,#5617,#5618,#5619,#5620,#5621,#5622,#5623,#5624,
#5625,#5626,#5627,#5628,#5629,#5630,#5631,#5632,#5633,#5634,#5635,#5636,
#5637,#5638,#5639,#5640,#5641,#5642,#5643,#5644,#5645,#5646,#5647,#5648,
#5649,#5650,#5651,#5652,#5653,#5654,#5655,#5656,#5657,#5658,#5659,#5660,
#5661,#5662,#5663,#5664,#5665,#5666,#5667,#5668,#5669,#5670,#5671,#5672,
#5673,#5674,#5675,#5676,#5677,#5678,#5679,#5680),(#5681,#5682,#5683,#5684,
#5685,#5686,#5687,#5688,#5689,#5690,#5691,#5692,#5693,#5694,#5695,#5696,
#5697,#5698,#5699,#5700,#5701,#5702,#5703,#5704,#5705,#5706,#5707,#5708,
#5709,#5710,#5711,#5712,#5713,#5714,#5715,#5716,#5717,#5718,#5719,#5720,
#5721,#5722,#5723,#5724,#5725,#5726,#5727,#5728,#5729,#5730,#5731,#5732,
#5733,#5734,#5735,#5736,#5737,#5738,#5739,#5740,#5741,#5742,#5743,#5744,
#5745,#5746,#5747,#5748,#5749,#5750,#5751,#5752,#5753,#5754,#5755,#5756,
#5757,#5758,#5759,#5760,#5761,#5762,#5763,#5764,#5765,#5766,#5767,#5768,
#5769,#5770,#5771,#5772,#5773,#5774,#5775,#5776,#5777,#5778,#5779,#5780,
#5781,#5782,#5783,#5784,#5785,#5786,#5787,#5788,#5789,#5790,#5791,#5792,
#5793,#5794,#5795,#5796,#5797,#5798,#5799,#5800,#5801,#5802,#5803,#5804,
#5805,#5806,#5807,#5808,#5809,#5810,#5811),(#5812,#5813,#5814,#5815,#5816,
#5817,#5818,#5819,#5820,#5821,#5822,#5823,#5824,#5825,#5826,#5827,#5828,
#5829,#5830,#5831,#5832,#5833,#5834,#5835,#5836,#5837,#5838,#5839,#5840,
#5841,#5842,#5843,#5844,#5845,#5846,#5847,#5848,#5849,#5850,#5851,#5852,
#5853,#5854,#5855,#5856,#5857,#5858,#5859,#5860,#5861,#5862,#5863,#5864,
#5865,#5866,#5867,#5868,#5869,#5870,#5871,#5872,#5873,#5874,#5875,#5876,
#5877,#5878,#5879,#5880,#5881,#5882,#5883,#5884,#5885,#5886,#5887,#5888,
#5889,#5890,#5891,#5892,#5893,#5894,#5895,#5896,#5897,#5898,#5899,#5900,
#5901,#5902,#5903,#5904,#5905,#5906,#5907,#5908,#5909,#5910,#5911,#5912,
#5913,#5914,#5915,#5916,#5917,#5918,#5919,#5920,#5921,#5922,#5923,#5924,
#5925,#5926,#5927,#5928,#5929,#5930,#5931,#5932,#5933,#5934,#5935,#5936,
#5937,#5938,#5939,#5940,#5941,#5942),(#5943,#5944,#5945,#5946,#5947,#5948,
#5949,#5950,#5951,#5952,#5953,#5954,#5955,#5956,#5957,#5958,#5959,#5960,
#5961,#5962,#5963,#5964,#5965,#5966,#5967,#5968,#5969,#5970,#5971,#5972,
#5973,#5974,#5975,#5976,#5977,#5978,#5979,#5980,#5981,#5982,#5983,#5984,
#5985,#5986,#5987,#5988,#5989,#5990,#5991,#5992,#5993,#5994,#5995,#5996,
#5997,#5998,#5999,#6000,#6001,#6002,#6003,#6004,#6005,#6006,#6007,#6008,
#6009,#6010,#6011,#6012,#6013,#6014,#6015,#6016,#6017,#6018,#6019,#6020,
#6021,#6022,#6023,#6024,#6025,#6026,#6027,#6028,#6029,#6030,#6031,#6032,
#6033,#6034,#6035,#6036,#6037,#6038,#6039,#6040,#6041,#6042,#6043,#6044,
#6045,#6046,#6047,#6048,#6049,#6050,#6051,#6052,#6053,#6054,#6055,#6056,
#6057,#6058,#6059,#6060,#6061,#6062,#6063,#6064,#6065,#6066,#6067,#6068,
#6069,#6070,#6071,#6072,#6073),(#6074,#6075,#6076,#6077,#6078,#6079,#6080,
#6081,#6082,#6083,#6084,#6085,#6086,#6087,#6088,#6089,#6090,#6091,#6092,
#6093,#6094,#6095,#6096,#6097,#6098,#6099,#6100,#6101,#6102,#6103,#6104,
#6105,#6106,#6107,#6108,#6109,#6110,#6111,#6112,#6113,#6114,#6115,#6116,
#6117,#6118,#6119,#6120,#6121,#6122,#6123,#6124,#6125,#6126,#6127,#6128,
#6129,#6130,#6131,#6132,#6133,#6134,#6135,#6136,#6137,#6138,#6139,#6140,
#6141,#6142,#6143,#6144,#6145,#6146,#6147,#6148,#6149,#6150,#6151,#6152,
#6153,#6154,#6155,#6156,#6157,#6158,#6159,#6160,#6161,#6162,#6163,#6164,
#6165,#6166,#6167,#6168,#6169,#6170,#6171,#6172,#6173,#6174,#6175,#6176,
#6177,#6178,#6179,#6180,#6181,#6182,#6183,#6184,#6185,#6186,#6187,#6188,
#6189,#6190,#6191,#6192,#6193,#6194,#6195,#6196,#6197,#6198,#6199,#6200,
#6201,#6202,#6203,#6204),(#6205,#6206,#6207,#6208,#6209,#6210,#6211,#6212,
#6213,#6214,#6215,#6216,#6217,#6218,#6219,#6220,#6221,#6222,#6223,#6224,
#6225,#6226,#6227,#6228,#6229,#6230,#6231,#6232,#6233,#6234,#6235,#6236,
#6237,#6238,#6239,#6240,#6241,#6242,#6243,#6244,#6245,#6246,#6247,#6248,
#6249,#6250,#6251,#6252,#6253,#6254,#6255,#6256,#6257,#6258,#6259,#6260,
#6261,#6262,#6263,#6264,#6265,#6266,#6267,#6268,#6269,#6270,#6271,#6272,
#6273,#6274,#6275,#6276,#6277,#6278,#6279,#6280,#6281,#6282,#6283,#6284,
#6285,#6286,#6287,#6288,#6289,#6290,#6291,#6292,#6293,#6294,#6295,#6296,
#6297,#6298,#6299,#6300,#6301,#6302,#6303,#6304,#6305,#6306,#6307,#6308,
#6309,#6310,#6311,#6312,#6313,#6314,#6315,#6316,#6317,#6318,#6319,#6320,
#6321,#6322,#6323,#6324,#6325,#6326,#6327,#6328,#6329,#6330,#6331,#6332,
#6333,#6334,#6335),(#6336,#6337,#6338,#6339,#6340,#6341,#6342,#6343,#6344,
#6345,#6346,#6347,#6348,#6349,#6350,#6351,#6352,#6353,#6354,#6355,#6356,
#6357,#6358,#6359,#6360,#6361,#6362,#6363,#6364,#6365,#6366,#6367,#6368,
#6369,#6370,#6371,#6372,#6373,#6374,#6375,#6376,#6377,#6378,#6379,#6380,
#6381,#6382,#6383,#6384,#6385,#6386,#6387,#6388,#6389,#6390,#6391,#6392,
#6393,#6394,#6395,#6396,#6397,#6398,#6399,#6400,#6401,#6402,#6403,#6404,
#6405,#6406,#6407,#6408,#6409,#6410,#6411,#6412,#6413,#6414,#6415,#6416,
#6417,#6418,#6419,#6420,#6421,#6422,#6423,#6424,#6425,#6426,#6427,#6428,
#6429,#6430,#6431,#6432,#6433,#6434,#6435,#6436,#6437,#6438,#6439,#6440,
#6441,#6442,#6443,#6444,#6445,#6446,#6447,#6448,#6449,#6450,#6451,#6452,
#6453,#6454,#6455,#6456,#6457,#6458,#6459,#6460,#6461,#6462,#6463,#6464,
#6465,#6466),(#6467,#6468,#6469,#6470,#6471,#6472,#6473,#6474,#6475,#6476,
#6477,#6478,#6479,#6480,#6481,#6482,#6483,#6484,#6485,#6486,#6487,#6488,
#6489,#6490,#6491,#6492,#6493,#6494,#6495,#6496,#6497,#6498,#6499,#6500,
#6501,#6502,#6503,#6504,#6505,#6506,#6507,#6508,#6509,#6510,#6511,#6512,
#6513,#6514,#6515,#6516,#6517,#6518,#6519,#6520,#6521,#6522,#6523,#6524,
#6525,#6526,#6527,#6528,#6529,#6530,#6531,#6532,#6533,#6534,#6535,#6536,
#6537,#6538,#6539,#6540,#6541,#6542,#6543,#6544,#6545,#6546,#6547,#6548,
#6549,#6550,#6551,#6552,#6553,#6554,#6555,#6556,#6557,#6558,#6559,#6560,
#6561,#6562,#6563,#6564,#6565,#6566,#6567,#6568,#6569,#6570,#6571,#6572,
#6573,#6574,#6575,#6576,#6577,#6578,#6579,#6580,#6581,#6582,#6583,#6584,
#6585,#6586,#6587,#6588,#6589,#6590,#6591,#6592,#6593,#6594,#6595,#6596,
#6597),(#6598,#6599,#6600,#6601,#6602,#6603,#6604,#6605,#6606,#6607,#6608,
#6609,#6610,#6611,#6612,#6613,#6614,#6615,#6616,#6617,#6618,#6619,#6620,
#6621,#6622,#6623,#6624,#6625,#6626,#6627,#6628,#6629,#6630,#6631,#6632,
#6633,#6634,#6635,#6636,#6637,#6638,#6639,#6640,#6641,#6642,#6643,#6644,
#6645,#6646,#6647,#6648,#6649,#6650,#6651,#6652,#6653,#6654,#6655,#6656,
#6657,#6658,#6659,#6660,#6661,#6662,#6663,#6664,#6665,#6666,#6667,#6668,
#6669,#6670,#6671,#6672,#6673,#6674,#6675,#6676,#6677,#6678,#6679,#6680,
#6681,#6682,#6683,#6684,#6685,#6686,#6687,#6688,#6689,#6690,#6691,#6692,
#6693,#6694,#6695,#6696,#6697,#6698,#6699,#6700,#6701,#6702,#6703,#6704,
#6705,#6706,#6707,#6708,#6709,#6710,#6711,#6712,#6713,#6714,#6715,#6716,
#6717,#6718,#6719,#6720,#6721,#6722,#6723,#6724,#6725,#6726,#6727,#6728)),
 .UNSPECIFIED.,.T.,.F.,.F.,(1,1,1,1,1,1,1,1,1,1,1,1,1,1,1,1,1,1,1,1,1,1,
1),(4,1,1,1,1,1,1,1,1,1,1,1,1,1,1,1,1,1,1,1,1,1,1,1,1,1,1,1,1,1,1,1,1,1,
1,1,1,1,1,1,1,1,1,1,1,1,1,1,1,1,1,1,1,1,1,1,1,1,1,1,1,1,1,1,1,1,1,1,1,1,
1,1,1,1,1,1,1,1,1,1,1,1,1,1,1,1,1,1,1,1,1,1,1,1,1,1,1,1,1,1,1,1,1,1,1,1,
1,1,1,1,1,1,1,1,1,1,1,1,1,1,1,1,1,1,1,1,1,1,4),(-0.1875,-0.125,-0.0625,
0.,0.0625,0.125,0.1875,0.25,0.3125,0.375,0.4375,0.5,0.5625,0.625,0.6875,
0.75,0.8125,0.875,0.9375,1.,1.0625,1.125,1.1875),(0.,0.0078125,0.015625,
0.0234375,0.03125,0.0390625,0.046875,0.0546875,0.0625,0.0703125,0.078125,
0.0859375,0.09375,0.1015625,0.109375,0.1171875,0.125,0.1328125,0.140625,
0.1484375,0.15625,0.1640625,0.171875,0.1796875,0.1875,0.1953125,0.203125,
0.2109375,0.21875,0.2265625,0.234375,0.2421875,0.25,0.2578125,0.265625,
0.2734375,0.28125,0.2890625,0.296875,0.3046875,0.3125,0.3203125,0.328125,
0.3359375,0.34375,0.3515625,0.359375,0.3671875,0.375,0.3828125,0.390625,
0.3984375,0.40625,0.4140625,0.421875,0.4296875,0.4375,0.4453125,0.453125,
0.4609375,0.46875,0.4765625,0.484375,0.4921875,0.5,0.5078125,0.515625,0.5234375,
0.53125,0.5390625,0.546875,0.5546875,0.5625,0.5703125,0.578125,0.5859375,
0.59375,0.6015625,0.609375,0.6171875,0.625,0.6328125,0.640625,0.6484375,
0.65625,0.6640625,0.671875,0.6796875,0.6875,0.6953125,0.703125,0.7109375,
0.71875,0.7265625,0.734375,0.7421875,0.75,0.7578125,0.765625,0.7734375,
0.78125,0.7890625,0.796875,0.8046875,0.8125,0.8203125,0.828125,0.8359375,
0.84375,0.8515625,0.859375,0.8671875,0.875,0.8828125,0.890625,0.8984375,
0.90625,0.9140625,0.921875,0.9296875,0.9375,0.9453125,0.953125,0.9609375,
0.96875,0.9765625,0.984375,0.9921875,1.),.UNSPECIFIED.);
#91=B_SPLINE_SURFACE_WITH_KNOTS('',1,3,((#7272,#7273,#7274,#7275,#7276,
#7277,#7278,#7279,#7280,#7281,#7282,#7283,#7284,#7285,#7286,#7287,#7288,
#7289),(#7290,#7291,#7292,#7293,#7294,#7295,#7296,#7297,#7298,#7299,#7300,
#7301,#7302,#7303,#7304,#7305,#7306,#7307)),.UNSPECIFIED.,.F.,.T.,.F.,(2,
2),(2,2,2,2,2,2,2,2,2,2,2),(0.,1.),(-0.125,0.,0.125,0.25,0.375,0.5,0.625,
0.75,0.875,1.,1.125),.UNSPECIFIED.);
#92=FACE_OUTER_BOUND('',#102,.T.);
#93=FACE_OUTER_BOUND('',#105,.T.);
#94=FACE_OUTER_BOUND('',#106,.T.);
#95=FACE_OUTER_BOUND('',#107,.T.);
#96=FACE_OUTER_BOUND('',#108,.T.);
#97=FACE_OUTER_BOUND('',#116,.T.);
#98=FACE_OUTER_BOUND('',#117,.T.);
#99=FACE_OUTER_BOUND('',#118,.T.);
#100=FACE_OUTER_BOUND('',#124,.T.);
#101=FACE_OUTER_BOUND('',#125,.T.);
#102=EDGE_LOOP('',(#126,#127,#128,#129));
#103=EDGE_LOOP('',(#130,#131));
#104=EDGE_LOOP('',(#132));
#105=EDGE_LOOP('',(#133,#134,#135,#136));
#106=EDGE_LOOP('',(#137,#138,#139,#140));
#107=EDGE_LOOP('',(#141,#142,#143,#144));
#108=EDGE_LOOP('',(#145,#146,#147,#148));
#109=EDGE_LOOP('',(#149));
#110=EDGE_LOOP('',(#150));
#111=EDGE_LOOP('',(#151,#152,#153,#154));
#112=EDGE_LOOP('',(#155));
#113=EDGE_LOOP('',(#156));
#114=EDGE_LOOP('',(#157));
#115=EDGE_LOOP('',(#158));
#116=EDGE_LOOP('',(#159,#160,#161,#162));
#117=EDGE_LOOP('',(#163,#164,#165,#166));
#118=EDGE_LOOP('',(#167,#168));
#119=EDGE_LOOP('',(#169));
#120=EDGE_LOOP('',(#170));
#121=EDGE_LOOP('',(#171));
#122=EDGE_LOOP('',(#172));
#123=EDGE_LOOP('',(#173));
#124=EDGE_LOOP('',(#174,#175,#176,#177));
#125=EDGE_LOOP('',(#178,#179,#180,#181));
#126=ORIENTED_EDGE('',*,*,#203,.T.);
#127=ORIENTED_EDGE('',*,*,#204,.F.);
#128=ORIENTED_EDGE('',*,*,#205,.F.);
#129=ORIENTED_EDGE('',*,*,#206,.F.);
#130=ORIENTED_EDGE('',*,*,#207,.T.);
#131=ORIENTED_EDGE('',*,*,#208,.T.);
#132=ORIENTED_EDGE('',*,*,#209,.T.);
#133=ORIENTED_EDGE('',*,*,#210,.F.);
#134=ORIENTED_EDGE('',*,*,#204,.T.);
#135=ORIENTED_EDGE('',*,*,#211,.T.);
#136=ORIENTED_EDGE('',*,*,#212,.F.);
#137=ORIENTED_EDGE('',*,*,#211,.F.);
#138=ORIENTED_EDGE('',*,*,#203,.F.);
#139=ORIENTED_EDGE('',*,*,#213,.F.);
#140=ORIENTED_EDGE('',*,*,#214,.F.);
#141=ORIENTED_EDGE('',*,*,#215,.F.);
#142=ORIENTED_EDGE('',*,*,#216,.F.);
#143=ORIENTED_EDGE('',*,*,#213,.T.);
#144=ORIENTED_EDGE('',*,*,#206,.T.);
#145=ORIENTED_EDGE('',*,*,#215,.T.);
#146=ORIENTED_EDGE('',*,*,#205,.T.);
#147=ORIENTED_EDGE('',*,*,#210,.T.);
#148=ORIENTED_EDGE('',*,*,#217,.F.);
#149=ORIENTED_EDGE('',*,*,#218,.T.);
#150=ORIENTED_EDGE('',*,*,#219,.T.);
#151=ORIENTED_EDGE('',*,*,#216,.T.);
#152=ORIENTED_EDGE('',*,*,#217,.T.);
#153=ORIENTED_EDGE('',*,*,#212,.T.);
#154=ORIENTED_EDGE('',*,*,#214,.T.);
#155=ORIENTED_EDGE('',*,*,#220,.T.);
#156=ORIENTED_EDGE('',*,*,#219,.F.);
#157=ORIENTED_EDGE('',*,*,#209,.F.);
#158=ORIENTED_EDGE('',*,*,#218,.F.);
#159=ORIENTED_EDGE('',*,*,#221,.T.);
#160=ORIENTED_EDGE('',*,*,#222,.T.);
#161=ORIENTED_EDGE('',*,*,#223,.T.);
#162=ORIENTED_EDGE('',*,*,#224,.F.);
#163=ORIENTED_EDGE('',*,*,#223,.F.);
#164=ORIENTED_EDGE('',*,*,#225,.T.);
#165=ORIENTED_EDGE('',*,*,#221,.F.);
#166=ORIENTED_EDGE('',*,*,#226,.F.);
#167=ORIENTED_EDGE('',*,*,#224,.T.);
#168=ORIENTED_EDGE('',*,*,#226,.T.);
#169=ORIENTED_EDGE('',*,*,#227,.T.);
#170=ORIENTED_EDGE('',*,*,#228,.T.);
#171=ORIENTED_EDGE('',*,*,#227,.F.);
#172=ORIENTED_EDGE('',*,*,#220,.F.);
#173=ORIENTED_EDGE('',*,*,#228,.F.);
#174=ORIENTED_EDGE('',*,*,#229,.F.);
#175=ORIENTED_EDGE('',*,*,#225,.F.);
#176=ORIENTED_EDGE('',*,*,#230,.F.);
#177=ORIENTED_EDGE('',*,*,#207,.F.);
#178=ORIENTED_EDGE('',*,*,#230,.T.);
#179=ORIENTED_EDGE('',*,*,#222,.F.);
#180=ORIENTED_EDGE('',*,*,#229,.T.);
#181=ORIENTED_EDGE('',*,*,#208,.F.);
#182=VERTEX_POINT('',#289);
#183=VERTEX_POINT('',#290);
#184=VERTEX_POINT('',#439);
#185=VERTEX_POINT('',#446);
#186=VERTEX_POINT('',#1655);
#187=VERTEX_POINT('',#1656);
#188=VERTEX_POINT('',#1724);
#189=VERTEX_POINT('',#1778);
#190=VERTEX_POINT('',#1786);
#191=VERTEX_POINT('',#2941);
#192=VERTEX_POINT('',#3000);
#193=VERTEX_POINT('',#4220);
#194=VERTEX_POINT('',#4239);
#195=VERTEX_POINT('',#6901);
#196=VERTEX_POINT('',#7179);
#197=VERTEX_POINT('',#7180);
#198=VERTEX_POINT('',#7230);
#199=VERTEX_POINT('',#7232);
#200=VERTEX_POINT('',#7249);
#201=VERTEX_POINT('',#7250);
#202=VERTEX_POINT('',#7270);
#203=EDGE_CURVE('',#182,#183,#231,.T.);
#204=EDGE_CURVE('',#184,#183,#232,.T.);
#205=EDGE_CURVE('',#185,#184,#233,.T.);
#206=EDGE_CURVE('',#182,#185,#234,.T.);
#207=EDGE_CURVE('',#186,#187,#235,.T.);
#208=EDGE_CURVE('',#187,#186,#236,.T.);
#209=EDGE_CURVE('',#188,#188,#237,.T.);
#210=EDGE_CURVE('',#184,#189,#238,.T.);
#211=EDGE_CURVE('',#183,#190,#239,.T.);
#212=EDGE_CURVE('',#189,#190,#240,.T.);
#213=EDGE_CURVE('',#191,#182,#241,.T.);
#214=EDGE_CURVE('',#190,#191,#242,.T.);
#215=EDGE_CURVE('',#192,#185,#243,.T.);
#216=EDGE_CURVE('',#191,#192,#244,.T.);
#217=EDGE_CURVE('',#192,#189,#245,.T.);
#218=EDGE_CURVE('',#193,#193,#246,.T.);
#219=EDGE_CURVE('',#194,#194,#247,.T.);
#220=EDGE_CURVE('',#195,#195,#248,.T.);
#221=EDGE_CURVE('',#196,#197,#42,.T.);
#222=EDGE_CURVE('',#197,#198,#249,.T.);
#223=EDGE_CURVE('',#198,#199,#43,.T.);
#224=EDGE_CURVE('',#196,#199,#40,.T.);
#225=EDGE_CURVE('',#198,#197,#250,.T.);
#226=EDGE_CURVE('',#199,#196,#44,.T.);
#227=EDGE_CURVE('',#200,#200,#41,.T.);
#228=EDGE_CURVE('',#202,#202,#251,.T.);
#229=EDGE_CURVE('',#197,#186,#252,.T.);
#230=EDGE_CURVE('',#187,#198,#253,.T.);
#231=B_SPLINE_CURVE_WITH_KNOTS('',3,(#282,#283,#284,#285,#286,#287,#288),
 .UNSPECIFIED.,.F.,.F.,(4,1,1,1,4),(0.,0.25,0.5,0.75,1.),.UNSPECIFIED.);
#232=B_SPLINE_CURVE_WITH_KNOTS('',3,(#291,#292,#293,#294,#295,#296,#297,
#298,#299,#300,#301,#302,#303,#304,#305,#306,#307,#308,#309,#310,#311,#312,
#313,#314,#315,#316,#317,#318,#319,#320,#321,#322,#323,#324,#325,#326,#327,
#328,#329,#330,#331,#332,#333,#334,#335,#336,#337,#338,#339,#340,#341,#342,
#343,#344,#345,#346,#347,#348,#349,#350,#351,#352,#353,#354,#355,#356,#357,
#358,#359,#360,#361,#362,#363,#364,#365,#366,#367,#368,#369,#370,#371,#372,
#373,#374,#375,#376,#377,#378,#379,#380,#381,#382,#383,#384,#385,#386,#387,
#388,#389,#390,#391,#392,#393,#394,#395,#396,#397,#398,#399,#400,#401,#402,
#403,#404,#405,#406,#407,#408,#409,#410,#411,#412,#413,#414,#415,#416,#417,
#418,#419,#420,#421,#422,#423,#424,#425,#426,#427,#428,#429,#430,#431,#432,
#433,#434,#435,#436,#437,#438),.UNSPECIFIED.,.F.,.F.,(4,1,1,1,1,1,1,1,1,
1,1,1,1,1,1,1,1,1,1,1,1,1,1,1,1,1,1,1,1,1,1,1,1,1,1,1,1,1,1,1,1,1,1,1,1,
1,1,1,1,1,1,1,1,1,1,1,1,1,1,1,1,1,1,1,1,1,1,1,1,1,1,1,1,1,1,1,1,1,1,1,1,
1,1,1,1,1,1,1,1,1,1,1,1,1,1,1,1,1,1,1,1,1,1,1,1,1,1,1,1,1,1,1,1,1,1,1,1,
1,1,1,1,1,1,1,1,1,1,1,1,1,1,1,1,1,1,1,1,1,1,1,1,1,1,1,1,4),(0.,0.0009765625,
0.001953125,0.00390625,0.0078125,0.01171875,0.015625,0.01953125,0.0234375,
0.02734375,0.03125,0.03515625,0.0390625,0.04296875,0.046875,0.0546875,0.0625,
0.0703125,0.078125,0.0859375,0.09375,0.1015625,0.109375,0.1171875,0.125,
0.1328125,0.140625,0.1484375,0.15625,0.1640625,0.171875,0.1796875,0.1875,
0.1953125,0.203125,0.2109375,0.21875,0.2265625,0.234375,0.2421875,0.25,
0.2578125,0.265625,0.2734375,0.28125,0.2890625,0.296875,0.3046875,0.3125,
0.3203125,0.328125,0.3359375,0.34375,0.3515625,0.359375,0.3671875,0.375,
0.3828125,0.390625,0.3984375,0.40625,0.4140625,0.421875,0.4296875,0.4375,
0.4453125,0.453125,0.4609375,0.46875,0.4765625,0.484375,0.4921875,0.5,0.5078125,
0.515625,0.5234375,0.53125,0.5390625,0.546875,0.5546875,0.5625,0.5703125,
0.578125,0.5859375,0.59375,0.6015625,0.609375,0.6171875,0.625,0.6328125,
0.640625,0.6484375,0.65625,0.6640625,0.671875,0.6796875,0.6875,0.6953125,
0.703125,0.7109375,0.71875,0.7265625,0.734375,0.7421875,0.75,0.7578125,
0.765625,0.7734375,0.78125,0.7890625,0.796875,0.8046875,0.8125,0.8203125,
0.828125,0.8359375,0.84375,0.8515625,0.859375,0.8671875,0.875,0.8828125,
0.890625,0.8984375,0.90625,0.9140625,0.921875,0.9296875,0.9375,0.9453125,
0.953125,0.9609375,0.96484375,0.96875,0.97265625,0.9765625,0.98046875,0.984375,
0.98828125,0.9921875,0.994140625,0.99609375,0.998046875,0.9990234375,0.99951171875,
1.),.UNSPECIFIED.);
#233=B_SPLINE_CURVE_WITH_KNOTS('',3,(#440,#441,#442,#443,#444,#445),
 .UNSPECIFIED.,.F.,.F.,(4,2,4),(0.,0.5,1.),.UNSPECIFIED.);
#234=B_SPLINE_CURVE_WITH_KNOTS('',3,(#447,#448,#449,#450,#451,#452,#453,
#454,#455,#456,#457,#458,#459,#460,#461,#462,#463,#464,#465,#466,#467,#468,
#469,#470,#471,#472,#473,#474,#475,#476,#477,#478,#479,#480,#481,#482,#483,
#484,#485,#486,#487,#488,#489,#490,#491,#492,#493,#494,#495,#496,#497,#498,
#499,#500,#501,#502,#503,#504,#505,#506,#507,#508,#509,#510,#511,#512,#513,
#514,#515,#516,#517,#518,#519,#520,#521,#522,#523,#524,#525,#526,#527,#528,
#529,#530,#531,#532,#533,#534,#535,#536,#537,#538,#539,#540,#541,#542,#543,
#544,#545,#546,#547,#548,#549,#550,#551,#552,#553,#554,#555,#556,#557,#558,
#559,#560,#561,#562,#563,#564,#565,#566,#567,#568,#569,#570,#571,#572,#573,
#574,#575,#576,#577,#578,#579,#580,#581,#582,#583,#584,#585,#586,#587,#588,
#589,#590,#591,#592,#593,#594),.UNSPECIFIED.,.F.,.F.,(4,1,1,1,1,1,1,1,1,
1,1,1,1,1,1,1,1,1,1,1,1,1,1,1,1,1,1,1,1,1,1,1,1,1,1,1,1,1,1,1,1,1,1,1,1,
1,1,1,1,1,1,1,1,1,1,1,1,1,1,1,1,1,1,1,1,1,1,1,1,1,1,1,1,1,1,1,1,1,1,1,1,
1,1,1,1,1,1,1,1,1,1,1,1,1,1,1,1,1,1,1,1,1,1,1,1,1,1,1,1,1,1,1,1,1,1,1,1,
1,1,1,1,1,1,1,1,1,1,1,1,1,1,1,1,1,1,1,1,1,1,1,1,1,1,1,1,4),(0.,0.00048828125,
0.0009765625,0.001953125,0.00390625,0.005859375,0.0078125,0.01171875,0.015625,
0.01953125,0.0234375,0.02734375,0.03125,0.03515625,0.0390625,0.046875,0.0546875,
0.0625,0.0703125,0.078125,0.0859375,0.09375,0.1015625,0.109375,0.1171875,
0.125,0.1328125,0.140625,0.1484375,0.15625,0.1640625,0.171875,0.1796875,
0.1875,0.1953125,0.203125,0.2109375,0.21875,0.2265625,0.234375,0.2421875,
0.25,0.2578125,0.265625,0.2734375,0.28125,0.2890625,0.296875,0.3046875,
0.3125,0.3203125,0.328125,0.3359375,0.34375,0.3515625,0.359375,0.3671875,
0.375,0.3828125,0.390625,0.3984375,0.40625,0.4140625,0.421875,0.4296875,
0.4375,0.4453125,0.453125,0.4609375,0.46875,0.4765625,0.484375,0.4921875,
0.5,0.5078125,0.515625,0.5234375,0.53125,0.5390625,0.546875,0.5546875,0.5625,
0.5703125,0.578125,0.5859375,0.59375,0.6015625,0.609375,0.6171875,0.625,
0.6328125,0.640625,0.6484375,0.65625,0.6640625,0.671875,0.6796875,0.6875,
0.6953125,0.703125,0.7109375,0.71875,0.7265625,0.734375,0.7421875,0.75,
0.7578125,0.765625,0.7734375,0.78125,0.7890625,0.796875,0.8046875,0.8125,
0.8203125,0.828125,0.8359375,0.84375,0.8515625,0.859375,0.8671875,0.875,
0.8828125,0.890625,0.8984375,0.90625,0.9140625,0.921875,0.9296875,0.9375,
0.9453125,0.953125,0.95703125,0.9609375,0.96484375,0.96875,0.97265625,0.9765625,
0.98046875,0.984375,0.98828125,0.9921875,0.99609375,0.998046875,0.9990234375,
1.),.UNSPECIFIED.);
#235=B_SPLINE_CURVE_WITH_KNOTS('',3,(#1645,#1646,#1647,#1648,#1649,#1650,
#1651,#1652,#1653,#1654),.UNSPECIFIED.,.F.,.F.,(4,3,3,4),(0.,0.094491118252304,
0.47245559126153,1.),.UNSPECIFIED.);
#236=B_SPLINE_CURVE_WITH_KNOTS('',3,(#1657,#1658,#1659,#1660,#1661,#1662,
#1663,#1664,#1665,#1666,#1667,#1668,#1669,#1670,#1671,#1672,#1673,#1674,
#1675,#1676,#1677,#1678,#1679,#1680,#1681,#1682,#1683,#1684,#1685,#1686,
#1687,#1688,#1689,#1690,#1691,#1692,#1693,#1694,#1695,#1696,#1697,#1698,
#1699,#1700,#1701,#1702,#1703,#1704,#1705),.UNSPECIFIED.,.F.,.F.,(4,3,3,
3,3,3,3,3,3,3,3,3,3,3,3,3,4),(0.,0.0378240239024824,0.107604374195303,0.177384724488124,
0.247165074780944,0.316945425073765,0.386725775366585,0.456506125659406,
0.499800309070019,0.569580659362842,0.639361009655666,0.709141359948487,
0.778921710241307,0.848702060534128,0.918482410826948,0.988262761119768,
1.),.UNSPECIFIED.);
#237=B_SPLINE_CURVE_WITH_KNOTS('',3,(#1706,#1707,#1708,#1709,#1710,#1711,
#1712,#1713,#1714,#1715,#1716,#1717,#1718,#1719,#1720,#1721,#1722,#1723),
 .UNSPECIFIED.,.T.,.F.,(2,2,2,2,2,2,2,2,2,2,2),(-0.125,0.,0.125,0.25,0.375,
0.5,0.625,0.75,0.875,1.,1.125),.UNSPECIFIED.);
#238=B_SPLINE_CURVE_WITH_KNOTS('',3,(#1774,#1775,#1776,#1777),
 .UNSPECIFIED.,.F.,.F.,(4,4),(0.,1.),.UNSPECIFIED.);
#239=B_SPLINE_CURVE_WITH_KNOTS('',3,(#1779,#1780,#1781,#1782,#1783,#1784,
#1785),.UNSPECIFIED.,.F.,.F.,(4,1,1,1,4),(0.,0.25,0.5,0.75,1.),
 .UNSPECIFIED.);
#240=B_SPLINE_CURVE_WITH_KNOTS('',3,(#1787,#1788,#1789,#1790,#1791,#1792,
#1793,#1794,#1795,#1796,#1797,#1798,#1799,#1800,#1801,#1802,#1803,#1804,
#1805,#1806,#1807,#1808,#1809,#1810,#1811,#1812,#1813,#1814,#1815,#1816,
#1817,#1818,#1819,#1820,#1821,#1822,#1823,#1824,#1825,#1826,#1827,#1828,
#1829,#1830,#1831,#1832,#1833,#1834,#1835,#1836,#1837,#1838,#1839,#1840,
#1841,#1842,#1843,#1844,#1845,#1846,#1847,#1848,#1849,#1850,#1851,#1852,
#1853,#1854,#1855,#1856,#1857,#1858,#1859,#1860,#1861,#1862,#1863,#1864,
#1865,#1866,#1867,#1868,#1869,#1870,#1871,#1872,#1873,#1874,#1875,#1876,
#1877,#1878,#1879,#1880,#1881,#1882,#1883,#1884,#1885,#1886,#1887,#1888,
#1889,#1890,#1891,#1892,#1893,#1894,#1895,#1896,#1897),.UNSPECIFIED.,.F.,
 .F.,(4,1,1,1,1,1,1,1,1,1,1,1,1,1,1,1,1,1,1,1,1,1,1,1,1,1,1,1,1,1,1,1,1,
1,1,1,1,1,1,1,1,1,1,1,1,1,1,1,1,1,1,1,1,1,1,1,1,1,1,1,1,1,1,1,1,1,1,1,1,
1,1,1,1,1,1,1,1,1,1,1,1,1,1,1,1,1,1,1,1,1,1,1,1,1,1,1,1,1,1,1,1,1,1,1,1,
1,1,1,4),(0.,0.00562499999999994,0.0149999999999999,0.0243749999999999,
0.0337499999999999,0.0431249999999999,0.0524999999999999,0.0618749999999999,
0.0712499999999999,0.0806249999999999,0.0899999999999999,0.0993749999999999,
0.10875,0.118125,0.1275,0.136875,0.14625,0.155625,0.165,0.174375,0.18375,
0.193125,0.2025,0.211875,0.22125,0.230625,0.24,0.249375,0.25875,0.268125,
0.2775,0.286875,0.29625,0.305625,0.315,0.324375,0.33375,0.343125,0.3525,
0.361875,0.37125,0.380625,0.39,0.399375,0.40875,0.418125,0.4275,0.436875,
0.44625,0.455625,0.465,0.474375,0.48375,0.493125,0.5025,0.511875,0.52125,
0.530625,0.54,0.549375,0.55875,0.568125,0.5775,0.586875,0.59625,0.605625,
0.615,0.624375,0.63375,0.643125,0.6525,0.661875,0.67125,0.680625,0.69,0.699375,
0.70875,0.718125,0.7275,0.736875,0.74625,0.755625,0.765,0.774375,0.78375,
0.793125,0.8025,0.811875,0.82125,0.830625,0.84,0.849375,0.85875,0.868125,
0.8775,0.886875,0.89625,0.905625,0.915,0.924375,0.93375,0.943125,0.9525,
0.961874999999999,0.97125,0.980625,0.99,0.999374999999999,1.),
 .UNSPECIFIED.);
#241=B_SPLINE_CURVE_WITH_KNOTS('',3,(#2934,#2935,#2936,#2937,#2938,#2939,
#2940),.UNSPECIFIED.,.F.,.F.,(4,1,1,1,4),(0.,0.25,0.5,0.75,1.),
 .UNSPECIFIED.);
#242=B_SPLINE_CURVE_WITH_KNOTS('',3,(#2942,#2943,#2944,#2945,#2946),
 .UNSPECIFIED.,.F.,.F.,(4,1,4),(0.,0.891888044903813,1.),.UNSPECIFIED.);
#243=B_SPLINE_CURVE_WITH_KNOTS('',3,(#2996,#2997,#2998,#2999),
 .UNSPECIFIED.,.F.,.F.,(4,4),(0.,1.),.UNSPECIFIED.);
#244=B_SPLINE_CURVE_WITH_KNOTS('',3,(#3001,#3002,#3003,#3004,#3005,#3006,
#3007,#3008,#3009,#3010,#3011,#3012,#3013,#3014,#3015,#3016,#3017,#3018,
#3019,#3020,#3021,#3022,#3023,#3024,#3025,#3026,#3027,#3028,#3029,#3030,
#3031,#3032,#3033,#3034,#3035,#3036,#3037,#3038,#3039,#3040,#3041,#3042,
#3043,#3044,#3045,#3046,#3047,#3048,#3049,#3050,#3051,#3052,#3053,#3054,
#3055,#3056,#3057,#3058,#3059,#3060,#3061,#3062,#3063,#3064,#3065,#3066,
#3067,#3068,#3069,#3070,#3071,#3072,#3073,#3074,#3075,#3076,#3077,#3078,
#3079,#3080,#3081,#3082,#3083,#3084,#3085,#3086,#3087,#3088,#3089,#3090,
#3091,#3092,#3093,#3094,#3095,#3096,#3097,#3098,#3099,#3100,#3101,#3102,
#3103,#3104,#3105,#3106,#3107,#3108,#3109,#3110,#3111),.UNSPECIFIED.,.F.,
 .F.,(4,1,1,1,1,1,1,1,1,1,1,1,1,1,1,1,1,1,1,1,1,1,1,1,1,1,1,1,1,1,1,1,1,
1,1,1,1,1,1,1,1,1,1,1,1,1,1,1,1,1,1,1,1,1,1,1,1,1,1,1,1,1,1,1,1,1,1,1,1,
1,1,1,1,1,1,1,1,1,1,1,1,1,1,1,1,1,1,1,1,1,1,1,1,1,1,1,1,1,1,1,1,1,1,1,1,
1,1,1,4),(0.,0.000625000000000464,0.0100000000000005,0.0193750000000005,
0.0287500000000005,0.0381250000000005,0.0475000000000004,0.0568750000000004,
0.0662500000000004,0.0756250000000004,0.0850000000000004,0.0943750000000004,
0.10375,0.113125,0.1225,0.131875,0.14125,0.150625,0.16,0.169375,0.17875,
0.188125,0.1975,0.206875,0.21625,0.225625,0.235,0.244375,0.25375,0.263125,
0.2725,0.281875,0.29125,0.300625,0.31,0.319375,0.32875,0.338125,0.3475,
0.356875,0.36625,0.375625,0.385,0.394375,0.40375,0.413125,0.4225,0.431875,
0.44125,0.450625,0.46,0.469375,0.47875,0.488125,0.4975,0.506875,0.51625,
0.525625,0.535,0.544375,0.55375,0.563125,0.5725,0.581875,0.59125,0.600625,
0.61,0.619375,0.62875,0.638125,0.6475,0.656875,0.66625,0.675625,0.685,0.694375,
0.70375,0.713125,0.7225,0.731875,0.74125,0.750625,0.76,0.769375,0.77875,
0.788125,0.7975,0.806875,0.81625,0.825625,0.835,0.844375,0.85375,0.863125,
0.8725,0.881875,0.89125,0.900625,0.91,0.919375,0.92875,0.938125,0.9475,
0.956875,0.96625,0.975625,0.985,0.994375,1.),.UNSPECIFIED.);
#245=B_SPLINE_CURVE_WITH_KNOTS('',3,(#4148,#4149,#4150,#4151,#4152),
 .UNSPECIFIED.,.F.,.F.,(4,1,4),(0.,0.108111955096193,1.),.UNSPECIFIED.);
#246=B_SPLINE_CURVE_WITH_KNOTS('',3,(#4202,#4203,#4204,#4205,#4206,#4207,
#4208,#4209,#4210,#4211,#4212,#4213,#4214,#4215,#4216,#4217,#4218,#4219),
 .UNSPECIFIED.,.T.,.F.,(2,2,2,2,2,2,2,2,2,2,2),(-0.125,0.,0.125,0.25,0.375,
0.5,0.625,0.75,0.875,1.,1.125),.UNSPECIFIED.);
#247=B_SPLINE_CURVE_WITH_KNOTS('',3,(#4221,#4222,#4223,#4224,#4225,#4226,
#4227,#4228,#4229,#4230,#4231,#4232,#4233,#4234,#4235,#4236,#4237,#4238),
 .UNSPECIFIED.,.T.,.F.,(2,2,2,2,2,2,2,2,2,2,2),(-0.125,0.,0.125,0.25,0.375,
0.5,0.625,0.75,0.875,1.,1.125),.UNSPECIFIED.);
#248=B_SPLINE_CURVE_WITH_KNOTS('',3,(#6729,#6730,#6731,#6732,#6733,#6734,
#6735,#6736,#6737,#6738,#6739,#6740,#6741,#6742,#6743,#6744,#6745,#6746,
#6747,#6748,#6749,#6750,#6751,#6752,#6753,#6754,#6755,#6756,#6757,#6758,
#6759,#6760,#6761,#6762,#6763,#6764,#6765,#6766,#6767,#6768,#6769,#6770,
#6771,#6772,#6773,#6774,#6775,#6776,#6777,#6778,#6779,#6780,#6781,#6782,
#6783,#6784,#6785,#6786,#6787,#6788,#6789,#6790,#6791,#6792,#6793,#6794,
#6795,#6796,#6797,#6798,#6799,#6800,#6801,#6802,#6803,#6804,#6805,#6806,
#6807,#6808,#6809,#6810,#6811,#6812,#6813,#6814,#6815,#6816,#6817,#6818,
#6819,#6820,#6821,#6822,#6823,#6824,#6825,#6826,#6827,#6828,#6829,#6830,
#6831,#6832,#6833,#6834,#6835,#6836,#6837,#6838,#6839,#6840,#6841,#6842,
#6843,#6844,#6845,#6846,#6847,#6848,#6849,#6850,#6851,#6852,#6853,#6854,
#6855,#6856,#6857,#6858,#6859,#6860,#6861,#6862,#6863,#6864,#6865,#6866,
#6867,#6868,#6869,#6870,#6871,#6872,#6873,#6874,#6875,#6876,#6877,#6878,
#6879,#6880,#6881,#6882,#6883,#6884,#6885,#6886,#6887,#6888,#6889,#6890,
#6891,#6892,#6893,#6894,#6895,#6896,#6897,#6898,#6899,#6900),
 .UNSPECIFIED.,.T.,.F.,(1,3,3,3,3,3,3,3,3,3,3,3,3,3,3,3,3,3,3,3,3,3,3,3,
3,3,3,3,3,3,3,3,3,3,3,3,3,3,3,3,3,3,3,3,3,3,3,3,3,3,3,3,3,3,3,3,3,3,3,1),
(-0.0175438596491229,0.,0.0175438596491228,0.0350877192982456,0.0526315789473684,
0.0701754385964912,0.087719298245614,0.105263157894737,0.12280701754386,
0.140350877192982,0.157894736842105,0.175438596491228,0.192982456140351,
0.210526315789474,0.228070175438596,0.245614035087719,0.263157894736842,
0.280701754385965,0.298245614035088,0.315789473684211,0.333333333333333,
0.350877192982456,0.368421052631579,0.385964912280702,0.403508771929825,
0.421052631578947,0.43859649122807,0.456140350877193,0.473684210526316,
0.491228070175439,0.508771929824561,0.526315789473684,0.543859649122807,
0.56140350877193,0.578947368421053,0.596491228070175,0.614035087719298,
0.631578947368421,0.649122807017544,0.666666666666667,0.684210526315789,
0.701754385964912,0.719298245614035,0.736842105263158,0.754385964912281,
0.771929824561403,0.789473684210526,0.807017543859649,0.824561403508772,
0.842105263157895,0.859649122807018,0.87719298245614,0.894736842105263,
0.912280701754386,0.929824561403509,0.947368421052632,0.964912280701754,
0.982456140350877,1.,1.01754385964912),.UNSPECIFIED.);
#249=B_SPLINE_CURVE_WITH_KNOTS('',3,(#7181,#7182,#7183,#7184,#7185,#7186,
#7187,#7188,#7189,#7190,#7191,#7192,#7193,#7194,#7195,#7196,#7197,#7198,
#7199,#7200,#7201,#7202,#7203,#7204,#7205,#7206,#7207,#7208,#7209,#7210,
#7211,#7212,#7213,#7214,#7215,#7216,#7217,#7218,#7219,#7220,#7221,#7222,
#7223,#7224,#7225,#7226,#7227,#7228,#7229),.UNSPECIFIED.,.F.,.F.,(4,3,3,
3,3,3,3,3,3,3,3,3,3,3,3,3,4),(0.,0.00671215451118413,0.0772132044023538,
0.147714254293523,0.218215304184693,0.288716354075863,0.359217403967032,
0.429718453858206,0.500219503749378,0.543960834536924,0.614461884428094,
0.684962934319263,0.755463984210433,0.825965034101603,0.896466083992773,
0.966967133883943,1.),.UNSPECIFIED.);
#250=B_SPLINE_CURVE_WITH_KNOTS('',3,(#7235,#7236,#7237,#7238,#7239,#7240,
#7241,#7242,#7243,#7244),.UNSPECIFIED.,.F.,.F.,(4,3,3,4),(0.,0.0980580675690912,
0.490290337845458,1.),.UNSPECIFIED.);
#251=B_SPLINE_CURVE_WITH_KNOTS('',3,(#7252,#7253,#7254,#7255,#7256,#7257,
#7258,#7259,#7260,#7261,#7262,#7263,#7264,#7265,#7266,#7267,#7268,#7269),
 .UNSPECIFIED.,.T.,.F.,(2,2,2,2,2,2,2,2,2,2,2),(-0.125,0.,0.125,0.25,0.375,
0.5,0.625,0.75,0.875,1.,1.125),.UNSPECIFIED.);
#252=B_SPLINE_CURVE_WITH_KNOTS('',3,(#7308,#7309,#7310,#7311,#7312,#7313,
#7314,#7315,#7316,#7317,#7318,#7319,#7320,#7321,#7322,#7323,#7324,#7325,
#7326),.UNSPECIFIED.,.F.,.F.,(4,3,3,3,3,3,4),(0.,0.197026907083929,0.393673883786862,
0.596104250484022,0.811924605284815,0.989254470929936,1.),.UNSPECIFIED.);
#253=B_SPLINE_CURVE_WITH_KNOTS('',3,(#7327,#7328,#7329,#7330,#7331,#7332,
#7333,#7334,#7335,#7336,#7337,#7338,#7339,#7340,#7341,#7342,#7343,#7344,
#7345),.UNSPECIFIED.,.F.,.F.,(4,3,3,3,3,3,4),(0.,0.0107455290701247,0.188075394714702,
0.403895749515771,0.606326116212859,0.802973092915967,1.),.UNSPECIFIED.);
#254=AXIS2_PLACEMENT_3D('',#281,#262,#263);
#255=AXIS2_PLACEMENT_3D('',#7233,#266,#267);
#256=AXIS2_PLACEMENT_3D('',#7234,#268,#269);
#257=AXIS2_PLACEMENT_3D('',#7246,#271,#272);
#258=AXIS2_PLACEMENT_3D('',#7247,#273,#274);
#259=AXIS2_PLACEMENT_3D('',#7248,#275,#276);
#260=AXIS2_PLACEMENT_3D('',#7251,#277,#278);
#261=AXIS2_PLACEMENT_3D('',#7271,#279,#280);
#262=DIRECTION('',(0.,0.,1.));
#263=DIRECTION('',(1.,0.,0.));
#264=DIRECTION('',(0.,1.,0.));
#265=DIRECTION('',(0.,-1.,0.));
#266=DIRECTION('',(0.,1.,0.));
#267=DIRECTION('',(1.,0.,0.));
#268=DIRECTION('',(0.,-1.,0.));
#269=DIRECTION('',(0.,0.,-1.));
#270=DIRECTION('',(8.50518159105118E-16,0.,-1.));
#271=DIRECTION('',(1.,0.,8.50518159105118E-16));
#272=DIRECTION('',(8.50014503228635E-16,0.,-1.));
#273=DIRECTION('',(0.,-1.,0.));
#274=DIRECTION('',(0.,0.,-1.));
#275=DIRECTION('',(0.,-1.,0.));
#276=DIRECTION('',(0.,0.,1.));
#277=DIRECTION('',(0.,-1.,0.));
#278=DIRECTION('',(0.,-1.66522181905477E-17,-1.));
#279=DIRECTION('',(0.,1.,0.));
#280=DIRECTION('',(0.,0.,1.));
#281=CARTESIAN_POINT('',(0.,0.,0.));
#282=CARTESIAN_POINT('',(-27.5858107140701,112.,21.3866652685082));
#283=CARTESIAN_POINT('',(-27.6662826134851,112.,21.1378065674925));
#284=CARTESIAN_POINT('',(-27.6203192223962,112.,20.5746022604122));
#285=CARTESIAN_POINT('',(-26.9743536151817,112.,20.0249001679579));
#286=CARTESIAN_POINT('',(-26.128931950398,112.,20.0935016611414));
#287=CARTESIAN_POINT('',(-25.7625176743574,112.,20.5236787213712));
#288=CARTESIAN_POINT('',(-25.6823964359761,112.,20.7726505407141));
#289=CARTESIAN_POINT('',(-27.5858107142195,112.,21.3866652685554));
#290=CARTESIAN_POINT('',(-25.6823964362664,112.,20.7726505408059));
#291=CARTESIAN_POINT('',(-44.5946885176021,-138.,47.7604365970862));
#292=CARTESIAN_POINT('',(-44.5677621840538,-137.918619791667,48.1201806474934));
#293=CARTESIAN_POINT('',(-44.4989129618657,-137.755859375,48.8388095823936));
#294=CARTESIAN_POINT('',(-44.3015722580755,-137.430338541667,50.2687573975097));
#295=CARTESIAN_POINT('',(-43.800584472086,-136.860677083333,52.7466383342277));
#296=CARTESIAN_POINT('',(-42.6465554049276,-136.046875,56.1785587733185));
#297=CARTESIAN_POINT('',(-40.5985561663584,-135.0703125,60.010515064918));
#298=CARTESIAN_POINT('',(-37.9439810415491,-134.09375,63.4501996469757));
#299=CARTESIAN_POINT('',(-34.7562095363869,-133.1171875,66.4025387924504));
#300=CARTESIAN_POINT('',(-31.123351825907,-132.140625,68.7859282899709));
#301=CARTESIAN_POINT('',(-27.1458245433858,-131.1640625,70.5344870498673));
#302=CARTESIAN_POINT('',(-22.9335624661108,-130.1875,71.599894176069));
#303=CARTESIAN_POINT('',(-18.603019574156,-129.2109375,71.9526622673924));
#304=CARTESIAN_POINT('',(-14.2738040167445,-128.234375,71.5831856684952));
#305=CARTESIAN_POINT('',(-10.0659170247397,-127.2578125,70.5011354942175));
#306=CARTESIAN_POINT('',(-4.77056410909422,-125.955729166667,68.1508762245029));
#307=CARTESIAN_POINT('',(0.974841235277236,-124.328125,63.6202481605133));
#308=CARTESIAN_POINT('',(5.71448137841484,-122.375,56.2287233887546));
#309=CARTESIAN_POINT('',(7.77844902236074,-120.421875,47.6942447900091));
#310=CARTESIAN_POINT('',(6.94023620347466,-118.46875,38.9538218544884));
#311=CARTESIAN_POINT('',(3.29184727946928,-116.515625,30.9671575052677));
#312=CARTESIAN_POINT('',(-2.76612183119583,-114.5625,24.6111713475404));
#313=CARTESIAN_POINT('',(-10.5685170500824,-112.609375,20.5837426981749));
#314=CARTESIAN_POINT('',(-19.2586460860775,-110.65625,19.3270770683968));
#315=CARTESIAN_POINT('',(-27.8823454954996,-108.703125,20.9791546150828));
#316=CARTESIAN_POINT('',(-35.49274551422,-106.75,25.3585795894052));
#317=CARTESIAN_POINT('',(-41.2542352385212,-104.796875,31.9844974696221));
#318=CARTESIAN_POINT('',(-44.5342114267097,-102.84375,40.1293920540676));
#319=CARTESIAN_POINT('',(-44.9725374380579,-100.890625,48.8989656980418));
#320=CARTESIAN_POINT('',(-42.5210857102703,-98.9375,57.3303318990346));
#321=CARTESIAN_POINT('',(-37.4490220975021,-96.984375,64.4977388427607));
#322=CARTESIAN_POINT('',(-30.3132518485332,-95.03125,69.6142156132412));
#323=CARTESIAN_POINT('',(-21.8972722160089,-93.078125,72.1179804612045));
#324=CARTESIAN_POINT('',(-13.1251455912823,-91.125,71.7341236276181));
#325=CARTESIAN_POINT('',(-4.96003879033727,-89.171875,68.5047920376251));
#326=CARTESIAN_POINT('',(1.70153126953349,-87.21875,62.7845616291232));
#327=CARTESIAN_POINT('',(6.12813383060227,-85.265625,55.2015054276102));
#328=CARTESIAN_POINT('',(7.83373433399774,-83.3125,46.588232036399));
#329=CARTESIAN_POINT('',(6.63106031131311,-81.359375,37.8904664161888));
#330=CARTESIAN_POINT('',(2.65216363077222,-79.40625,30.0632106522232));
#331=CARTESIAN_POINT('',(-3.66607860690565,-77.453125,23.9658861065757));
#332=CARTESIAN_POINT('',(-11.6299325423015,-75.5,20.2679701956015));
#333=CARTESIAN_POINT('',(-20.3649785316832,-73.546875,19.3754887379123));
#334=CARTESIAN_POINT('',(-28.9121211591954,-71.59375,21.3864349067376));
#335=CARTESIAN_POINT('',(-36.3328965263416,-69.640625,26.080009721236));
#336=CARTESIAN_POINT('',(-41.8125142307154,-67.6875,32.9408654552439));
#337=CARTESIAN_POINT('',(-44.7493201737215,-65.734375,41.2156900722407));
#338=CARTESIAN_POINT('',(-44.8208573104155,-63.78125,49.9959197974255));
#339=CARTESIAN_POINT('',(-42.0192709666537,-61.828125,58.3174981061003));
#340=CARTESIAN_POINT('',(-36.6521712709586,-59.875,65.2667277357355));
#341=CARTESIAN_POINT('',(-29.3088580073077,-57.921875,70.0805933238928));
#342=CARTESIAN_POINT('',(-20.7956163511831,-55.96875,72.2305393914387));
#343=CARTESIAN_POINT('',(-12.0471879234509,-54.015625,71.4805049696933));
#344=CARTESIAN_POINT('',(-4.02413751234671,-52.0625,67.9128427533655));
#345=CARTESIAN_POINT('',(2.39261555098698,-50.109375,61.9192768937834));
#346=CARTESIAN_POINT('',(6.49852106095006,-48.15625,54.157892253644));
#347=CARTESIAN_POINT('',(7.84275653105179,-46.203125,45.4808776408941));
#348=CARTESIAN_POINT('',(6.27772685088546,-44.25,36.8409567101719));
#349=CARTESIAN_POINT('',(1.97527001578112,-42.296875,29.1867802834746));
#350=CARTESIAN_POINT('',(-4.59221043654904,-40.34375,23.3587658619737));
#351=CARTESIAN_POINT('',(-12.7036146511933,-38.390625,19.9968209999075));
#352=CARTESIAN_POINT('',(-21.4683221771715,-36.4375,19.470082380641));
#353=CARTESIAN_POINT('',(-29.9239808048035,-34.484375,21.836385142731));
#354=CARTESIAN_POINT('',(-37.1421714464695,-32.53125,26.8359126653605));
#355=CARTESIAN_POINT('',(-42.3303472096109,-30.578125,33.9197240575195));
#356=CARTESIAN_POINT('',(-44.9188538992619,-28.625,42.3100270738939));
#357=CARTESIAN_POINT('',(-44.6234772247376,-26.671875,51.0855785784486));
#358=CARTESIAN_POINT('',(-41.4766491176887,-24.71875,59.2828357083445));
#359=CARTESIAN_POINT('',(-35.82388675291,-22.765625,66.0017514866749));
#360=CARTESIAN_POINT('',(-28.2858552622855,-20.8125,70.5045986787607));
#361=CARTESIAN_POINT('',(-19.6902196009851,-18.859375,72.2969711755245));
#362=CARTESIAN_POINT('',(-10.9807681324828,-16.90625,71.1820690691864));
#363=CARTESIAN_POINT('',(-3.1137860312557,-14.953125,67.2823069985035));
#364=CARTESIAN_POINT('',(3.0469434462451,-13.,61.0258731984872));
#365=CARTESIAN_POINT('',(6.82498111385238,-11.046875,53.0997150514974));
#366=CARTESIAN_POINT('',(7.8055038999588,-9.09374999999999,44.3741132582193));
#367=CARTESIAN_POINT('',(5.88085182081174,-7.14062499999999,35.8071262754357));
#368=CARTESIAN_POINT('',(1.26234889101543,-5.18749999999999,28.33939688315));
#369=CARTESIAN_POINT('',(-5.54289994762722,-3.23437499999999,22.7908709678189));
#370=CARTESIAN_POINT('',(-13.7876882152815,-1.28125,19.7707686499355));
#371=CARTESIAN_POINT('',(-22.5667500848612,0.67187500000001,19.610692795932));
#372=CARTESIAN_POINT('',(-30.9161572605253,2.62500000000002,22.3282195030564));
#373=CARTESIAN_POINT('',(-37.9191569103977,4.57812500000001,27.6249682693106));
#374=CARTESIAN_POINT('',(-42.8068298015877,6.53125000000001,34.9193637410188));
#375=CARTESIAN_POINT('',(-45.0425165198391,8.48437500000001,43.4104918455037));
#376=CARTESIAN_POINT('',(-44.3807418970335,10.4375,52.1660389978843));
#377=CARTESIAN_POINT('',(-40.8941678296094,12.390625,60.2246587842558));
#378=CARTESIAN_POINT('',(-34.9656151074253,14.34375,66.7015264075162));
#379=CARTESIAN_POINT('',(-27.2460302447229,16.296875,70.8854911703307));
#380=CARTESIAN_POINT('',(-18.583012494343,18.25,72.3171597931452));
#381=CARTESIAN_POINT('',(-9.92774867567895,20.203125,70.8393371318429));
#382=CARTESIAN_POINT('',(-2.23057423763331,22.15625,66.6142859772121));
#383=CARTESIAN_POINT('',(3.66337219916478,24.109375,60.1059108352054));
#384=CARTESIAN_POINT('',(7.10694384055931,26.0625,52.0288218831419));
#385=CARTESIAN_POINT('',(7.72204150087208,28.015625,43.2698718058096));
#386=CARTESIAN_POINT('',(5.44112834663664,29.96875,34.7907806533454));
#387=CARTESIAN_POINT('',(0.514645343230095,31.921875,27.5225403707122));
#388=CARTESIAN_POINT('',(-6.51648680090254,33.875,22.2631932286538));
#389=CARTESIAN_POINT('',(-14.8802599456888,35.828125,19.5902079366055));
#390=CARTESIAN_POINT('',(-23.6583438966219,37.78125,19.7970744136106));
#391=CARTESIAN_POINT('',(-31.8869177319147,39.734375,22.8610790196917));
#392=CARTESIAN_POINT('',(-38.6624959457001,41.6875,28.4457984806678));
#393=CARTESIAN_POINT('',(-43.2411298498421,43.640625,35.9380386770848));
#394=CARTESIAN_POINT('',(-45.1200920638887,45.59375,44.5151624716389));
#395=CARTESIAN_POINT('',(-44.0930752543417,47.546875,53.2354140770614));
#396=CARTESIAN_POINT('',(-40.2728443814826,49.5,61.1413224794511));
#397=CARTESIAN_POINT('',(-34.0788552698275,51.453125,67.3648303707981));
#398=CARTESIAN_POINT('',(-26.1911989652729,53.40625,71.2226055858883));
#399=CARTESIAN_POINT('',(-17.4759287218895,55.359375,72.2910699857298));
#400=CARTESIAN_POINT('',(-8.88996860722455,57.3125,70.4529077245737));
#401=CARTESIAN_POINT('',(-1.37604462372165,59.265625,65.9099463601027));
#402=CARTESIAN_POINT('',(4.24082524286082,61.21875,59.1609964795043));
#403=CARTESIAN_POINT('',(7.34391680502988,63.171875,50.9470830184479));
#404=CARTESIAN_POINT('',(7.59251509736038,65.125,42.170081794908));
#405=CARTESIAN_POINT('',(4.95932438691044,67.078125,33.7936948487768));
#406=CARTESIAN_POINT('',(-0.266534794781611,69.03125,26.7376373516978));
#407=CARTESIAN_POINT('',(-7.51127066789201,70.9843750000001,21.7766542114523));
#408=CARTESIAN_POINT('',(-15.9794217118479,72.9375,19.4554542016071));
#409=CARTESIAN_POINT('',(-24.741197189779,74.890625,20.0289017260252));
#410=CARTESIAN_POINT('',(-32.8345668266488,76.84375,23.434033075894));
#411=CARTESIAN_POINT('',(-39.3708903420145,78.796875,29.296969754048));
#412=CARTESIAN_POINT('',(-43.6324888676371,80.75,36.9739697926095));
#413=CARTESIAN_POINT('',(-45.1514450488818,82.7031250000001,45.6221096922075));
#414=CARTESIAN_POINT('',(-43.760979694743,84.65625,54.2918361948346));
#415=CARTESIAN_POINT('',(-39.6137638871162,86.6093750000001,62.0312258888808));
#416=CARTESIAN_POINT('',(-33.1651559343065,88.5625,67.9905049084777));
#417=CARTESIAN_POINT('',(-25.1232036221034,90.515625,71.5153533020522));
#418=CARTESIAN_POINT('',(-16.3709018345804,92.46875,72.2187468225475));
#419=CARTESIAN_POINT('',(-7.86924008376722,94.4218750000001,70.0234575792458));
#420=CARTESIAN_POINT('',(-0.551690644174686,96.375,65.170511345519));
#421=CARTESIAN_POINT('',(4.77829801581738,98.3281250000001,58.1928061400683));
#422=CARTESIAN_POINT('',(7.53547145484358,100.28125,49.8562915479639));
#423=CARTESIAN_POINT('',(7.43691667775177,101.908854166667,42.5402341667267));
#424=CARTESIAN_POINT('',(5.92799565431686,103.2109375,36.9465820980501));
#425=CARTESIAN_POINT('',(4.11873263545984,104.1875,32.996452574327));
#426=CARTESIAN_POINT('',(1.67952304883258,105.1640625,29.4007711139246));
#427=CARTESIAN_POINT('',(-1.32157225785735,106.140625,26.2588833521026));
#428=CARTESIAN_POINT('',(-4.80177572492508,107.1171875,23.6576438487915));
#429=CARTESIAN_POINT('',(-8.66483329982169,108.09375,21.6689507382238));
#430=CARTESIAN_POINT('',(-12.8040289762071,109.0703125,20.3477691557578));
#431=CARTESIAN_POINT('',(-16.387976692914,109.884114583333,19.8334895694371));
#432=CARTESIAN_POINT('',(-19.2767030468611,110.53515625,19.7825123641289));
#433=CARTESIAN_POINT('',(-21.4388541135723,111.0234375,19.9243950019287));
#434=CARTESIAN_POINT('',(-23.2245870798474,111.430338541667,20.1920264883175));
#435=CARTESIAN_POINT('',(-24.4596268509096,111.715169270833,20.4567914552241));
#436=CARTESIAN_POINT('',(-25.1603179745388,111.8779296875,20.6300357414221));
#437=CARTESIAN_POINT('',(-25.5086241567308,111.959309895833,20.7238848337795));
#438=CARTESIAN_POINT('',(-25.6823964359761,112.,20.7726505407141));
#439=CARTESIAN_POINT('',(-44.5946885175696,-138.,47.7604365973888));
#440=CARTESIAN_POINT('',(-44.3688453237261,-138.,49.7476444004273));
#441=CARTESIAN_POINT('',(-44.8958856018561,-138.,49.8075417388971));
#442=CARTESIAN_POINT('',(-45.4154734830536,-138.,49.3940023730502));
#443=CARTESIAN_POINT('',(-45.5352681612659,-138.,48.3399218171985));
#444=CARTESIAN_POINT('',(-45.1217287956286,-138.,47.8203339365178));
#445=CARTESIAN_POINT('',(-44.5946885175044,-138.,47.7604365979941));
#446=CARTESIAN_POINT('',(-44.3688453237596,-138.,49.7476444001158));
#447=CARTESIAN_POINT('',(-27.5858107140701,112.,21.3866652685082));
#448=CARTESIAN_POINT('',(-27.4162984877672,111.959309895833,21.3246934657203));
#449=CARTESIAN_POINT('',(-27.0762317645434,111.8779296875,21.2043627861522));
#450=CARTESIAN_POINT('',(-26.3909211789335,111.715169270833,20.977799252714));
#451=CARTESIAN_POINT('',(-25.1798723674505,111.430338541667,20.6189336789793));
#452=CARTESIAN_POINT('',(-23.4199781473694,111.0234375,20.2149025248911));
#453=CARTESIAN_POINT('',(-21.2751175476733,110.53515625,19.9073298894694));
#454=CARTESIAN_POINT('',(-18.391012398111,109.884114583333,19.7362272602724));
#455=CARTESIAN_POINT('',(-14.7781469498989,109.0703125,19.9736466826235));
#456=CARTESIAN_POINT('',(-10.5496835473942,108.09375,20.9729258602979));
#457=CARTESIAN_POINT('',(-6.54525991208501,107.1171875,22.6589583226078));
#458=CARTESIAN_POINT('',(-2.87549940237076,106.140625,24.9851399421548));
#459=CARTESIAN_POINT('',(0.358104763153556,105.1640625,27.8871798881974));
#460=CARTESIAN_POINT('',(3.06634698748581,104.1875,31.2848397632467));
#461=CARTESIAN_POINT('',(5.17373525179177,103.2109375,35.084296386115));
#462=CARTESIAN_POINT('',(7.1079343714553,101.908854166667,40.5454922154061));
#463=CARTESIAN_POINT('',(7.76826099587235,100.28125,47.8323555597216));
#464=CARTESIAN_POINT('',(5.65969705966102,98.3281250000001,56.3560542313166));
#465=CARTESIAN_POINT('',(0.881529975890843,96.375,63.722618448738));
#466=CARTESIAN_POINT('',(-6.04156033409042,94.4218750000001,69.1233996429883));
#467=CARTESIAN_POINT('',(-14.3494403802395,92.46875,71.9653490664994));
#468=CARTESIAN_POINT('',(-23.1299137841831,90.515625,71.9364383904404));
#469=CARTESIAN_POINT('',(-31.4188981137769,88.5625,69.0398383191182));
#470=CARTESIAN_POINT('',(-38.3062746509995,86.6093750000001,63.5935923278906));
#471=CARTESIAN_POINT('',(-43.0358194743894,84.65625,56.1956900877361));
#472=CARTESIAN_POINT('',(-45.0882353865147,82.7031250000001,47.6584106349437));
#473=CARTESIAN_POINT('',(-44.2381700930701,80.75,38.9191348868945));
#474=CARTESIAN_POINT('',(-40.5789595326287,78.796875,30.9374226858679));
#475=CARTESIAN_POINT('',(-34.512379732606,76.84375,24.5896544859788));
#476=CARTESIAN_POINT('',(-26.7045323806737,74.890625,20.5728060549588));
#477=CARTESIAN_POINT('',(-18.012707823356,72.9375,19.3279215407391));
#478=CARTESIAN_POINT('',(-9.39125582577617,70.9843750000001,20.9916874624912));
#479=CARTESIAN_POINT('',(-1.78679934778903,69.03125,25.3814247283571));
#480=CARTESIAN_POINT('',(3.96570328789282,67.078125,32.0151465355656));
#481=CARTESIAN_POINT('',(7.23463561189851,65.125,40.1644798242455));
#482=CARTESIAN_POINT('',(7.66107358301516,63.171875,48.9346395859466));
#483=CARTESIAN_POINT('',(5.19819492878429,61.21875,57.3626749633915));
#484=CARTESIAN_POINT('',(0.116420163300105,59.265625,64.5231998618776));
#485=CARTESIAN_POINT('',(-7.02627919411996,57.3125,69.6299990040456));
#486=CARTESIAN_POINT('',(-15.4456450847472,55.359375,72.1223532302134));
#487=CARTESIAN_POINT('',(-24.2172433109871,53.40625,71.7266056511189));
#488=CARTESIAN_POINT('',(-32.3779650742435,51.453125,68.4862087785649));
#489=CARTESIAN_POINT('',(-39.0317749280236,49.5,62.7569535024666));
#490=CARTESIAN_POINT('',(-43.4480941739989,47.546875,55.1679037657374));
#491=CARTESIAN_POINT('',(-45.1420173464272,45.59375,46.5523262531805));
#492=CARTESIAN_POINT('',(-43.9275541309501,43.640625,37.8561989146939));
#493=CARTESIAN_POINT('',(-39.9380508321097,41.6875,30.0343439545514));
#494=CARTESIAN_POINT('',(-33.6115491419737,39.734375,23.9455897343816));
#495=CARTESIAN_POINT('',(-25.6426897958955,37.78125,20.2584726611964));
#496=CARTESIAN_POINT('',(-16.9064420244598,35.828125,19.3778328568373));
#497=CARTESIAN_POINT('',(-8.36203319745381,33.875,21.4003632981252));
#498=CARTESIAN_POINT('',(-0.947627046032948,31.921875,26.1039930678569));
#499=CARTESIAN_POINT('',(4.52268535807156,29.96875,32.9722704203263));
#500=CARTESIAN_POINT('',(7.44827162477601,28.015625,41.2510684360428));
#501=CARTESIAN_POINT('',(7.50790661336531,26.0625,50.0313870667679));
#502=CARTESIAN_POINT('',(4.69504248834419,24.109375,58.3491600261082));
#503=CARTESIAN_POINT('',(-0.681472337694739,22.15625,65.2911078733855));
#504=CARTESIAN_POINT('',(-8.03130431307877,20.203125,70.0950147753324));
#505=CARTESIAN_POINT('',(-16.5474525172065,18.25,72.2334187021583));
#506=CARTESIAN_POINT('',(-25.2948561944443,16.296875,71.4715259955403));
#507=CARTESIAN_POINT('',(-33.3130630726796,14.34375,67.8929913727153));
#508=CARTESIAN_POINT('',(-39.7216856336728,12.390625,61.8907327595195));
#509=CARTESIAN_POINT('',(-43.8170663892213,10.4375,54.1237894704246));
#510=CARTESIAN_POINT('',(-45.1495384556472,8.48437500000001,45.4449606449929));
#511=CARTESIAN_POINT('',(-43.5727983272536,6.53125000000001,36.8071691357904));
#512=CARTESIAN_POINT('',(-39.2599697896481,4.57812500000001,29.1588319574119));
#513=CARTESIAN_POINT('',(-32.684595178479,2.62500000000002,23.3397254700101));
#514=CARTESIAN_POINT('',(-24.5686411158754,0.67187500000001,19.9887791495399));
#515=CARTESIAN_POINT('',(-15.8032276195498,-1.28125,19.47392205541));
#516=CARTESIAN_POINT('',(-7.35078441370005,-3.23437499999999,21.8516847519001));
#517=CARTESIAN_POINT('',(-0.139377537288355,-5.18749999999999,26.8609923339707));
#518=CARTESIAN_POINT('',(5.03919096474296,-7.14062499999999,33.951830074232));
#519=CARTESIAN_POINT('',(7.61632176080037,-9.09374999999999,42.345634244509));
#520=CARTESIAN_POINT('',(7.30904961686367,-11.046875,51.120777287132));
#521=CARTESIAN_POINT('',(4.15111256991928,-13.,59.3137611877927));
#522=CARTESIAN_POINT('',(-1.51075245970295,-14.953125,66.0250081639721));
#523=CARTESIAN_POINT('',(-9.05488088068919,-16.90625,70.517633004378));
#524=CARTESIAN_POINT('',(-17.6529383037253,-18.859375,72.2983519993597));
#525=CARTESIAN_POINT('',(-26.3608704594133,-20.8125,71.1716447787798));
#526=CARTESIAN_POINT('',(-34.2225589916138,-22.765625,67.2612221658658));
#527=CARTESIAN_POINT('',(-40.3748018701073,-24.71875,60.9964429077448));
#528=CARTESIAN_POINT('',(-44.1420917250184,-26.671875,53.0651707060091));
#529=CARTESIAN_POINT('',(-45.1107855790308,-28.625,44.3382477771558));
#530=CARTESIAN_POINT('',(-43.1745222480263,-30.578125,35.7738776367453));
#531=CARTESIAN_POINT('',(-38.5459006452706,-32.53125,28.3124157392728));
#532=CARTESIAN_POINT('',(-31.7331367282206,-34.484375,22.7731198093278));
#533=CARTESIAN_POINT('',(-23.4842621214534,-36.4375,19.7641965283595));
#534=CARTESIAN_POINT('',(-14.7049913261763,-38.390625,19.6160213207146));
#535=CARTESIAN_POINT('',(-6.35927557797519,-40.34375,22.3448636098824));
#536=CARTESIAN_POINT('',(0.636537604677629,-42.296875,27.6511004593249));
#537=CARTESIAN_POINT('',(5.51431805259222,-44.25,34.9521147375527));
#538=CARTESIAN_POINT('',(7.73849252747879,-46.203125,43.4462656365064));
#539=CARTESIAN_POINT('',(7.06484988888932,-48.15625,52.2009076728452));
#540=CARTESIAN_POINT('',(3.56735512423022,-50.109375,60.2547938130957));
#541=CARTESIAN_POINT('',(-2.36997189987812,-52.0625,66.7236190076533));
#542=CARTESIAN_POINT('',(-10.0952212635334,-54.015625,70.8971156062233));
#543=CARTESIAN_POINT('',(-18.7601717598838,-55.96875,72.3170397185454));
#544=CARTESIAN_POINT('',(-27.4134243568225,-57.921875,70.8274857307679));
#545=CARTESIAN_POINT('',(-35.1048644346846,-59.875,66.5920045163587));
#546=CARTESIAN_POINT('',(-40.9899829972942,-61.828125,60.0756457867492));
#547=CARTESIAN_POINT('',(-44.4226025383142,-63.78125,51.9938963056303));
#548=CARTESIAN_POINT('',(-45.0258263968464,-65.734375,43.2341204771377));
#549=CARTESIAN_POINT('',(-42.7334214656872,-67.6875,34.7581290176959));
#550=CARTESIAN_POINT('',(-37.7970904906982,-69.640625,27.4965735304522));
#551=CARTESIAN_POINT('',(-30.7588354733608,-71.59375,22.2467623052878));
#552=CARTESIAN_POINT('',(-22.3914466349241,-73.546875,19.5851170217546));
#553=CARTESIAN_POINT('',(-13.6136511678277,-75.5,19.8038824823621));
#554=CARTESIAN_POINT('',(-5.38923831875013,-77.453125,22.8790385559434));
#555=CARTESIAN_POINT('',(1.3787632767089,-79.40625,28.472937553315));
#556=CARTESIAN_POINT('',(5.94723683214749,-81.359375,35.971377455202));
#557=CARTESIAN_POINT('',(7.81457055870645,-83.3125,44.5510404056102));
#558=CARTESIAN_POINT('',(6.775733913995,-85.265625,53.2698918216245));
#559=CARTESIAN_POINT('',(2.94478965909858,-87.21875,61.1706144281234));
#560=CARTESIAN_POINT('',(-3.25763006760983,-89.171875,67.3857203099772));
#561=CARTESIAN_POINT('',(-11.1505085508997,-91.125,71.2327998304688));
#562=CARTESIAN_POINT('',(-19.8672191490243,-93.078125,72.2894492224001));
#563=CARTESIAN_POINT('',(-28.4506796455709,-95.03125,70.4396499108033));
#564=CARTESIAN_POINT('',(-35.9584384925496,-96.984375,65.8865071846688));
#565=CARTESIAN_POINT('',(-41.5661546272727,-98.9375,59.1299495299673));
#566=CARTESIAN_POINT('',(-44.6581089287804,-100.890625,50.9118372049681));
#567=CARTESIAN_POINT('',(-44.894809286705,-102.84375,42.134507056804));
#568=CARTESIAN_POINT('',(-42.2502663442983,-104.796875,33.7616972409428));
#569=CARTESIAN_POINT('',(-37.0148470909855,-106.75,26.7127301647927));
#570=CARTESIAN_POINT('',(-29.7633929914792,-108.703125,21.7615722200883));
#571=CARTESIAN_POINT('',(-21.2921032072418,-110.65625,19.451853380964));
#572=CARTESIAN_POINT('',(-12.5311131440511,-112.609375,20.0371774621237));
#573=CARTESIAN_POINT('',(-4.44236669112873,-114.5625,23.4532766260489));
#574=CARTESIAN_POINT('',(2.0860029361035,-116.515625,29.3250684984866));
#575=CARTESIAN_POINT('',(6.3371922619694,-118.46875,37.007837431857));
#576=CARTESIAN_POINT('',(7.8444191322016,-120.421875,45.6580317061593));
#577=CARTESIAN_POINT('',(6.44222100887291,-122.375,54.3258531054864));
#578=CARTESIAN_POINT('',(2.28444976290304,-124.328125,62.0596597622467));
#579=CARTESIAN_POINT('',(-3.09590529700193,-125.955729166667,67.0182939143795));
#580=CARTESIAN_POINT('',(-8.19504697328416,-127.2578125,69.7684276022782));
#581=CARTESIAN_POINT('',(-12.3073680911803,-128.234375,71.1705547507362));
#582=CARTESIAN_POINT('',(-16.5954033384223,-129.2109375,71.8715355051634));
#583=CARTESIAN_POINT('',(-20.9402491382267,-130.1875,71.852508123882));
#584=CARTESIAN_POINT('',(-25.2219128773501,-131.1640625,71.1138608621348));
#585=CARTESIAN_POINT('',(-29.3220193554195,-132.140625,69.6760472829448));
#586=CARTESIAN_POINT('',(-33.127246406161,-133.1171875,67.5787996261837));
#587=CARTESIAN_POINT('',(-36.5324127979005,-134.09375,64.8800896670376));
#588=CARTESIAN_POINT('',(-39.4433994417941,-135.0703125,61.6545112884558));
#589=CARTESIAN_POINT('',(-41.7797395734689,-136.046875,57.9912197779375));
#590=CARTESIAN_POINT('',(-43.1940185079766,-136.860677083333,54.658101705696));
#591=CARTESIAN_POINT('',(-43.8838912130309,-137.430338541667,52.2260329671357));
#592=CARTESIAN_POINT('',(-44.1905057922,-137.755859375,50.8154722250304));
#593=CARTESIAN_POINT('',(-44.314360888853,-137.918619791667,50.104256592114));
#594=CARTESIAN_POINT('',(-44.3688453237764,-138.,49.74764439996));
#595=CARTESIAN_POINT('',(-27.5858107140701,112.,21.3866652685082));
#596=CARTESIAN_POINT('',(-27.4162984877702,111.959309895833,21.3246934657207));
#597=CARTESIAN_POINT('',(-27.0762317645286,111.8779296875,21.20436278615));
#598=CARTESIAN_POINT('',(-26.3909211790015,111.715169270833,20.9777992527239));
#599=CARTESIAN_POINT('',(-25.1798723670393,111.430338541667,20.6189336789193));
#600=CARTESIAN_POINT('',(-23.4199781489865,111.0234375,20.2149025251269));
#601=CARTESIAN_POINT('',(-21.275117542022,110.53515625,19.9073298886453));
#602=CARTESIAN_POINT('',(-18.3910124279788,109.884114583333,19.7362272646282));
#603=CARTESIAN_POINT('',(-14.7781468269334,109.0703125,19.9736466646907));
#604=CARTESIAN_POINT('',(-10.5496839788218,108.09375,20.9729259232157));
#605=CARTESIAN_POINT('',(-6.54525830934017,107.1171875,22.6589580888697));
#606=CARTESIAN_POINT('',(-2.87550538192253,106.140625,24.9851408141896));
#607=CARTESIAN_POINT('',(0.358127078615786,105.1640625,27.8871766337962));
#608=CARTESIAN_POINT('',(3.06626370518866,104.1875,31.2848519088168));
#609=CARTESIAN_POINT('',(5.17404606551815,103.2109375,35.0842510582358));
#610=CARTESIAN_POINT('',(6.62322461893105,102.234375,39.1803624240301));
#611=CARTESIAN_POINT('',(7.37370329877557,101.2578125,43.4599438718885));
#612=CARTESIAN_POINT('',(7.40488686009982,100.28125,47.8047908525634));
#613=CARTESIAN_POINT('',(6.71535935054745,99.3046875,52.0944887346039));
#614=CARTESIAN_POINT('',(4.86321003092949,98.0026041666668,57.5840541977331));
#615=CARTESIAN_POINT('',(0.881572732275736,96.375,63.7225371599256));
#616=CARTESIAN_POINT('',(-6.04157179062922,94.421875,69.1234214242599));
#617=CARTESIAN_POINT('',(-14.3494373104691,92.46875,71.9653432302253));
#618=CARTESIAN_POINT('',(-23.1299146067256,90.5156250000001,71.9364399542653));
#619=CARTESIAN_POINT('',(-31.4188978933773,88.5625000000001,69.0398379000926));
#620=CARTESIAN_POINT('',(-38.3062747100554,86.609375,63.5935924401682));
#621=CARTESIAN_POINT('',(-43.0358194585654,84.6562500000001,56.1956900576514));
#622=CARTESIAN_POINT('',(-45.0882353907547,82.703125,47.6584106430049));
#623=CARTESIAN_POINT('',(-44.238170091934,80.7500000000001,38.9191348847346));
#624=CARTESIAN_POINT('',(-40.5789595329331,78.7968750000001,30.9374226864467));
#625=CARTESIAN_POINT('',(-34.5123797325244,76.84375,24.5896544858237));
#626=CARTESIAN_POINT('',(-26.7045323806955,74.890625,20.5728060550003));
#627=CARTESIAN_POINT('',(-18.0127078233501,72.9375,19.3279215407279));
#628=CARTESIAN_POINT('',(-9.39125582577774,70.984375,20.9916874624942));
#629=CARTESIAN_POINT('',(-1.78679934778861,69.03125,25.3814247283563));
#630=CARTESIAN_POINT('',(3.96570328789271,67.078125,32.0151465355659));
#631=CARTESIAN_POINT('',(7.23463561189854,65.1250000000001,40.1644798242455));
#632=CARTESIAN_POINT('',(7.66107358301515,63.171875,48.9346395859467));
#633=CARTESIAN_POINT('',(5.19819492878429,61.2187500000001,57.3626749633915));
#634=CARTESIAN_POINT('',(0.116420163300105,59.2656250000001,64.5231998618776));
#635=CARTESIAN_POINT('',(-7.02627919411996,57.3125000000001,69.6299990040456));
#636=CARTESIAN_POINT('',(-15.4456450847472,55.3593750000001,72.1223532302134));
#637=CARTESIAN_POINT('',(-24.2172433109871,53.4062500000001,71.726605651119));
#638=CARTESIAN_POINT('',(-32.3779650742435,51.4531250000001,68.4862087785649));
#639=CARTESIAN_POINT('',(-39.0317749280236,49.5000000000001,62.7569535024666));
#640=CARTESIAN_POINT('',(-43.4480941739989,47.546875,55.1679037657374));
#641=CARTESIAN_POINT('',(-45.1420173464272,45.59375,46.5523262531805));
#642=CARTESIAN_POINT('',(-43.9275541309501,43.640625,37.8561989146939));
#643=CARTESIAN_POINT('',(-39.9380508321097,41.6875,30.0343439545514));
#644=CARTESIAN_POINT('',(-33.6115491419737,39.734375,23.9455897343815));
#645=CARTESIAN_POINT('',(-25.6426897958955,37.78125,20.2584726611964));
#646=CARTESIAN_POINT('',(-16.9064420244598,35.828125,19.3778328568373));
#647=CARTESIAN_POINT('',(-8.36203319745381,33.875,21.4003632981252));
#648=CARTESIAN_POINT('',(-0.947627046032948,31.921875,26.1039930678569));
#649=CARTESIAN_POINT('',(4.52268535807156,29.96875,32.9722704203263));
#650=CARTESIAN_POINT('',(7.44827162477601,28.0156250000001,41.2510684360428));
#651=CARTESIAN_POINT('',(7.50790661336531,26.0625,50.0313870667679));
#652=CARTESIAN_POINT('',(4.69504248834419,24.1093750000001,58.3491600261082));
#653=CARTESIAN_POINT('',(-0.681472337694739,22.15625,65.2911078733855));
#654=CARTESIAN_POINT('',(-8.03130431307877,20.2031250000001,70.0950147753324));
#655=CARTESIAN_POINT('',(-16.5474525172065,18.25,72.2334187021583));
#656=CARTESIAN_POINT('',(-25.2948561944443,16.296875,71.4715259955403));
#657=CARTESIAN_POINT('',(-33.3130630726796,14.34375,67.8929913727153));
#658=CARTESIAN_POINT('',(-39.7216856336728,12.390625,61.8907327595195));
#659=CARTESIAN_POINT('',(-43.8170663892213,10.4375000000001,54.1237894704246));
#660=CARTESIAN_POINT('',(-45.1495384556472,8.48437500000005,45.4449606449929));
#661=CARTESIAN_POINT('',(-43.5727983272536,6.53125000000005,36.8071691357904));
#662=CARTESIAN_POINT('',(-39.2599697896481,4.57812500000005,29.1588319574119));
#663=CARTESIAN_POINT('',(-32.684595178479,2.62500000000005,23.3397254700101));
#664=CARTESIAN_POINT('',(-24.5686411158754,0.671875000000052,19.9887791495399));
#665=CARTESIAN_POINT('',(-15.8032276195498,-1.28124999999995,19.47392205541));
#666=CARTESIAN_POINT('',(-7.35078441370005,-3.23437499999995,21.8516847519001));
#667=CARTESIAN_POINT('',(-0.139377537288355,-5.18749999999994,26.8609923339707));
#668=CARTESIAN_POINT('',(5.03919096474296,-7.14062499999995,33.951830074232));
#669=CARTESIAN_POINT('',(7.61632176080037,-9.09374999999995,42.345634244509));
#670=CARTESIAN_POINT('',(7.30904961686367,-11.046875,51.120777287132));
#671=CARTESIAN_POINT('',(4.15111256991928,-13.,59.3137611877927));
#672=CARTESIAN_POINT('',(-1.51075245970295,-14.953125,66.0250081639721));
#673=CARTESIAN_POINT('',(-9.05488088068919,-16.90625,70.517633004378));
#674=CARTESIAN_POINT('',(-17.6529383037253,-18.859375,72.2983519993597));
#675=CARTESIAN_POINT('',(-26.3608704594133,-20.8125,71.1716447787798));
#676=CARTESIAN_POINT('',(-34.2225589916138,-22.765625,67.2612221658658));
#677=CARTESIAN_POINT('',(-40.3748018701073,-24.7187499999999,60.9964429077448));
#678=CARTESIAN_POINT('',(-44.1420917250184,-26.671875,53.065170706009));
#679=CARTESIAN_POINT('',(-45.1107855790308,-28.6249999999999,44.3382477771558));
#680=CARTESIAN_POINT('',(-43.1745222480263,-30.578125,35.7738776367453));
#681=CARTESIAN_POINT('',(-38.5459006452706,-32.5312499999999,28.3124157392728));
#682=CARTESIAN_POINT('',(-31.7331367282206,-34.484375,22.7731198093278));
#683=CARTESIAN_POINT('',(-23.4842621214534,-36.4375,19.7641965283595));
#684=CARTESIAN_POINT('',(-14.7049913261763,-38.390625,19.6160213207146));
#685=CARTESIAN_POINT('',(-6.35927557797519,-40.3437499999999,22.3448636098824));
#686=CARTESIAN_POINT('',(0.636537604677629,-42.2968749999999,27.6511004593249));
#687=CARTESIAN_POINT('',(5.51431805259223,-44.25,34.9521147375527));
#688=CARTESIAN_POINT('',(7.73849252747879,-46.203125,43.4462656365064));
#689=CARTESIAN_POINT('',(7.06484988888932,-48.1562499999999,52.2009076728452));
#690=CARTESIAN_POINT('',(3.56735512423022,-50.109375,60.2547938130957));
#691=CARTESIAN_POINT('',(-2.36997189987812,-52.0625,66.7236190076533));
#692=CARTESIAN_POINT('',(-10.0952212635334,-54.015625,70.8971156062233));
#693=CARTESIAN_POINT('',(-18.7601717598838,-55.96875,72.3170397185454));
#694=CARTESIAN_POINT('',(-27.4134243568225,-57.921875,70.8274857307679));
#695=CARTESIAN_POINT('',(-35.1048644346846,-59.875,66.5920045163587));
#696=CARTESIAN_POINT('',(-40.9899829972942,-61.8281249999999,60.0756457867492));
#697=CARTESIAN_POINT('',(-44.4226025383142,-63.78125,51.9938963056303));
#698=CARTESIAN_POINT('',(-45.0258263968464,-65.734375,43.2341204771377));
#699=CARTESIAN_POINT('',(-42.7334214656872,-67.6875,34.7581290176959));
#700=CARTESIAN_POINT('',(-37.7970904906982,-69.640625,27.4965735304522));
#701=CARTESIAN_POINT('',(-30.7588354733608,-71.5937499999999,22.2467623052878));
#702=CARTESIAN_POINT('',(-22.3914466349241,-73.546875,19.5851170217546));
#703=CARTESIAN_POINT('',(-13.6136511678277,-75.4999999999999,19.8038824823621));
#704=CARTESIAN_POINT('',(-5.38923831875013,-77.453125,22.8790385559434));
#705=CARTESIAN_POINT('',(1.3787632767089,-79.4062499999999,28.4729375533151));
#706=CARTESIAN_POINT('',(5.94723683214749,-81.3593749999999,35.971377455202));
#707=CARTESIAN_POINT('',(7.81457055870645,-83.3125,44.5510404056102));
#708=CARTESIAN_POINT('',(6.775733913995,-85.2656249999999,53.2698918216245));
#709=CARTESIAN_POINT('',(2.94478965909858,-87.21875,61.1706144281234));
#710=CARTESIAN_POINT('',(-3.25763006760983,-89.171875,67.3857203099772));
#711=CARTESIAN_POINT('',(-11.1505085508997,-91.1249999999999,71.2327998304689));
#712=CARTESIAN_POINT('',(-19.8672191490243,-93.078125,72.2894492224001));
#713=CARTESIAN_POINT('',(-28.4506796455709,-95.03125,70.4396499108033));
#714=CARTESIAN_POINT('',(-35.9584384925496,-96.9843749999999,65.8865071846688));
#715=CARTESIAN_POINT('',(-41.5661546272727,-98.9375,59.1299495299673));
#716=CARTESIAN_POINT('',(-44.6581089287804,-100.890625,50.9118372049681));
#717=CARTESIAN_POINT('',(-44.894809286705,-102.84375,42.134507056804));
#718=CARTESIAN_POINT('',(-42.2502663442983,-104.796875,33.7616972409428));
#719=CARTESIAN_POINT('',(-37.0148470909855,-106.75,26.7127301647927));
#720=CARTESIAN_POINT('',(-29.7633929914792,-108.703125,21.7615722200883));
#721=CARTESIAN_POINT('',(-21.2921032072418,-110.65625,19.451853380964));
#722=CARTESIAN_POINT('',(-12.5311131440511,-112.609375,20.0371774621237));
#723=CARTESIAN_POINT('',(-4.44236669112873,-114.5625,23.4532766260489));
#724=CARTESIAN_POINT('',(2.0860029361035,-116.515625,29.3250684984866));
#725=CARTESIAN_POINT('',(6.3371922619694,-118.46875,37.007837431857));
#726=CARTESIAN_POINT('',(7.8444191322016,-120.421875,45.6580317061593));
#727=CARTESIAN_POINT('',(6.4422210088729,-122.375,54.3258531054865));
#728=CARTESIAN_POINT('',(2.28444976290306,-124.328125,62.0596597622467));
#729=CARTESIAN_POINT('',(-3.09590529700197,-125.955729166667,67.0182939143795));
#730=CARTESIAN_POINT('',(-8.19504697328415,-127.2578125,69.7684276022782));
#731=CARTESIAN_POINT('',(-12.3073680911803,-128.234375,71.1705547507362));
#732=CARTESIAN_POINT('',(-16.5954033384223,-129.2109375,71.8715355051634));
#733=CARTESIAN_POINT('',(-20.9402491382267,-130.1875,71.8525081238821));
#734=CARTESIAN_POINT('',(-25.2219128773501,-131.1640625,71.1138608621348));
#735=CARTESIAN_POINT('',(-29.3220193554195,-132.140625,69.6760472829448));
#736=CARTESIAN_POINT('',(-33.127246406161,-133.1171875,67.5787996261837));
#737=CARTESIAN_POINT('',(-36.5324127979005,-134.09375,64.8800896670376));
#738=CARTESIAN_POINT('',(-39.4433994417941,-135.0703125,61.6545112884558));
#739=CARTESIAN_POINT('',(-41.7797395734689,-136.046875,57.9912197779375));
#740=CARTESIAN_POINT('',(-43.1940185079766,-136.860677083333,54.6581017056961));
#741=CARTESIAN_POINT('',(-43.8838912130309,-137.430338541667,52.2260329671356));
#742=CARTESIAN_POINT('',(-44.1905057922,-137.755859375,50.8154722250304));
#743=CARTESIAN_POINT('',(-44.314360888853,-137.918619791667,50.1042565921139));
#744=CARTESIAN_POINT('',(-44.3688453237764,-138.,49.74764439996));
#745=CARTESIAN_POINT('',(-27.6662826134851,112.,21.1378065674925));
#746=CARTESIAN_POINT('',(-27.495043778372,111.959309895833,21.0752764481943));
#747=CARTESIAN_POINT('',(-27.1515147365914,111.8779296875,20.9538658302588));
#748=CARTESIAN_POINT('',(-26.4592328480891,111.715169270833,20.7252860257781));
#749=CARTESIAN_POINT('',(-25.2358804241581,111.430338541667,20.3632744134449));
#750=CARTESIAN_POINT('',(-23.4581511878411,111.0234375,19.9558516841421));
#751=CARTESIAN_POINT('',(-21.2916243897931,110.53515625,19.6460026585037));
#752=CARTESIAN_POINT('',(-18.3784776480278,109.884114583333,19.4742752490134));
#753=CARTESIAN_POINT('',(-14.7294035380726,109.0703125,19.7154508057844));
#754=CARTESIAN_POINT('',(-10.4588363186428,108.09375,20.7263742246787));
#755=CARTESIAN_POINT('',(-6.41481775560459,107.1171875,22.4308653775645));
#756=CARTESIAN_POINT('',(-2.70907728999089,106.140625,24.7818117241105));
#757=CARTESIAN_POINT('',(0.555942500220637,105.1640625,27.714231308637));
#758=CARTESIAN_POINT('',(3.28999872511734,104.1875,31.1470706721047));
#759=CARTESIAN_POINT('',(5.41751648055967,103.2109375,34.9854422574476));
#760=CARTESIAN_POINT('',(6.87970083422408,102.234375,39.1232572496633));
#761=CARTESIAN_POINT('',(7.63609583922702,101.2578125,43.4461205533698));
#762=CARTESIAN_POINT('',(7.66594417868449,100.28125,47.8346321997006));
#763=CARTESIAN_POINT('',(6.96786136190147,99.3046875,52.1671672098276));
#764=CARTESIAN_POINT('',(5.09502057747095,98.0026041666668,57.7111837912037));
#765=CARTESIAN_POINT('',(1.07105055901174,96.3749999999999,63.9098295976091));
#766=CARTESIAN_POINT('',(-5.92370025253273,94.421875,69.3623499572073));
#767=CARTESIAN_POINT('',(-14.3161134797574,92.4687500000002,72.2296724789267));
#768=CARTESIAN_POINT('',(-23.1847975808936,90.515625,72.197147317191));
#769=CARTESIAN_POINT('',(-31.5559615505765,88.5625000000001,69.2682979873458));
#770=CARTESIAN_POINT('',(-38.5104696725402,86.609375,63.7647206909952));
#771=CARTESIAN_POINT('',(-43.2847254111512,84.6562500000001,56.2906968305465));
#772=CARTESIAN_POINT('',(-45.3545228208228,82.703125,47.6668643336108));
#773=CARTESIAN_POINT('',(-44.4926010245419,80.7500000000002,38.8401072895417));
#774=CARTESIAN_POINT('',(-40.7935978197421,78.796875,30.7795909212432));
#775=CARTESIAN_POINT('',(-34.6636584000622,76.8437500000001,24.3703482501154));
#776=CARTESIAN_POINT('',(-26.7758412500707,74.8906250000001,20.3161048562881));
#777=CARTESIAN_POINT('',(-17.9962172838403,72.9375,19.0620107993525));
#778=CARTESIAN_POINT('',(-9.28877651477056,70.9843750000001,20.7457637932641));
#779=CARTESIAN_POINT('',(-1.60958334541355,69.0312500000001,25.1824901944657));
#780=CARTESIAN_POINT('',(4.19819792088804,67.0781250000001,31.8850438611104));
#781=CARTESIAN_POINT('',(7.4968813010757,65.125,40.1174940947088));
#782=CARTESIAN_POINT('',(7.9242761309968,63.1718750000001,48.9759297664749));
#783=CARTESIAN_POINT('',(5.43345507648032,61.21875,57.487707451882));
#784=CARTESIAN_POINT('',(0.297906686757773,59.2656250000001,64.7182462719327));
#785=CARTESIAN_POINT('',(-6.91849325268653,57.3125,69.8736435219429));
#786=CARTESIAN_POINT('',(-15.4233944658132,55.3593750000001,72.3878440402788));
#787=CARTESIAN_POINT('',(-24.2829711003296,53.4062500000001,71.9847922463949));
#788=CARTESIAN_POINT('',(-32.5244544556569,51.4531250000001,68.7087426443139));
#789=CARTESIAN_POINT('',(-39.2429415793011,49.5,62.9194007420871));
#790=CARTESIAN_POINT('',(-43.7007523022473,47.5468750000001,55.2524279072718));
#791=CARTESIAN_POINT('',(-45.4084254545922,45.5937500000001,46.5496466681382));
#792=CARTESIAN_POINT('',(-44.17846099407,43.640625,37.7666098176371));
#793=CARTESIAN_POINT('',(-40.1459072395083,41.6875000000001,29.8676820987612));
#794=CARTESIAN_POINT('',(-33.7535327607482,39.734375,23.7201543505755));
#795=CARTESIAN_POINT('',(-25.7032110300598,37.7812500000001,19.9990162284619));
#796=CARTESIAN_POINT('',(-16.8788557300366,35.8281250000001,19.1128433162284));
#797=CARTESIAN_POINT('',(-8.24936830967167,33.8750000000001,21.158936117938));
#798=CARTESIAN_POINT('',(-0.76225400661958,31.9218750000001,25.9126366032921));
#799=CARTESIAN_POINT('',(4.76041285749953,29.9687500000001,32.8519953344281));
#800=CARTESIAN_POINT('',(7.71225144861427,28.0156250000001,41.2150807592851));
#801=CARTESIAN_POINT('',(7.7691541587589,26.0625,50.0836381940086));
#802=CARTESIAN_POINT('',(4.92487315265956,24.1093750000001,58.4839128591487));
#803=CARTESIAN_POINT('',(-0.508293628987935,22.1562500000001,65.4935667460554));
#804=CARTESIAN_POINT('',(-7.9337923317227,20.2031250000001,70.3429499962351));
#805=CARTESIAN_POINT('',(-16.5363139377193,18.2500000000001,72.4996073426355));
#806=CARTESIAN_POINT('',(-25.3713140167436,16.2968750000001,71.7267409278647));
#807=CARTESIAN_POINT('',(-33.4687223384602,14.3437500000001,68.1092103664432));
#808=CARTESIAN_POINT('',(-39.9394551806872,12.3906250000001,62.0442152818639));
#809=CARTESIAN_POINT('',(-44.0730354361742,10.4375000000001,54.197683362419));
#810=CARTESIAN_POINT('',(-45.4156019713995,8.48437500000007,45.4311524641713));
#811=CARTESIAN_POINT('',(-43.8197429225919,6.53125000000009,36.7071750004357));
#812=CARTESIAN_POINT('',(-39.460681305168,4.57812500000006,28.9836310789615));
#813=CARTESIAN_POINT('',(-32.8170357800719,2.62500000000008,23.1085546515191));
#814=CARTESIAN_POINT('',(-24.6182690170395,0.671875000000086,19.7270206125289));
#815=CARTESIAN_POINT('',(-15.7645937485158,-1.28124999999993,19.210316508653));
#816=CARTESIAN_POINT('',(-7.22813071363001,-3.23437499999992,21.61517570317));
#817=CARTESIAN_POINT('',(0.0538287929480035,-5.18749999999993,26.6775481347474));
#818=CARTESIAN_POINT('',(5.2817361495262,-7.1406249999999,33.8415926322689));
#819=CARTESIAN_POINT('',(7.88157468964219,-9.09374999999994,42.3207074714939));
#820=CARTESIAN_POINT('',(7.56788590182093,-11.0468749999999,51.1838981066894));
#821=CARTESIAN_POINT('',(4.375112361267,-12.9999999999999,59.457999025229));
#822=CARTESIAN_POINT('',(-1.34618401507679,-14.9531249999999,66.2345259133524));
#823=CARTESIAN_POINT('',(-8.96781315998383,-16.9062499999999,70.7694259198527));
#824=CARTESIAN_POINT('',(-17.6529312167454,-18.8593749999999,72.5647735829858));
#825=CARTESIAN_POINT('',(-26.4479247842991,-20.8124999999999,71.4234423260093));
#826=CARTESIAN_POINT('',(-34.3871162894021,-22.7656249999999,67.4707486701956));
#827=CARTESIAN_POINT('',(-40.5987939875055,-24.7187499999999,61.1406926620445));
#828=CARTESIAN_POINT('',(-44.4009246515032,-26.6718749999999,53.1283052958895));
#829=CARTESIAN_POINT('',(-45.3760398336325,-28.6249999999999,44.3133351159618));
#830=CARTESIAN_POINT('',(-43.4170732972353,-30.5781249999999,35.6636530986438));
#831=CARTESIAN_POINT('',(-38.7391167346932,-32.5312499999999,28.1289818191262));
#832=CARTESIAN_POINT('',(-31.8558030106926,-34.484375,22.5366172862618));
#833=CARTESIAN_POINT('',(-23.5229100165758,-36.4374999999999,19.5005930373456));
#834=CARTESIAN_POINT('',(-14.6553773509622,-38.3906249999999,19.354260143808));
#835=CARTESIAN_POINT('',(-6.22684727514481,-40.3437499999999,22.1136857457137));
#836=CARTESIAN_POINT('',(0.837239799008786,-42.2968749999999,27.4758889030201));
#837=CARTESIAN_POINT('',(5.76125732776861,-44.2499999999999,34.8521074645799));
#838=CARTESIAN_POINT('',(8.00455530824217,-46.2031249999999,43.4324433007943));
#839=CARTESIAN_POINT('',(7.32082286672706,-48.1562499999999,52.2747879468632));
#840=CARTESIAN_POINT('',(3.78513283639758,-50.1093749999999,60.4082647496121));
#841=CARTESIAN_POINT('',(-2.21430113119821,-52.0624999999999,66.9398297198085));
#842=CARTESIAN_POINT('',(-10.0187498635903,-54.0156249999999,71.1523264705353));
#843=CARTESIAN_POINT('',(-18.7712961777884,-55.96875,72.5832289512322));
#844=CARTESIAN_POINT('',(-27.5109231475783,-57.9218749999999,71.0754261390785));
#845=CARTESIAN_POINT('',(-35.2780323720824,-59.8749999999999,66.7944726020648));
#846=CARTESIAN_POINT('',(-41.2198064922659,-61.8281249999999,60.2104108468763));
#847=CARTESIAN_POINT('',(-44.6838473035131,-63.7812499999999,52.0461613314914));
#848=CARTESIAN_POINT('',(-45.2898081349003,-65.7343749999999,43.198146844486));
#849=CARTESIAN_POINT('',(-42.9711553635629,-67.6875,34.6378665793667));
#850=CARTESIAN_POINT('',(-37.9824737102512,-69.6406249999999,27.3052269282346));
#851=CARTESIAN_POINT('',(-30.8715132052099,-71.5937499999999,22.0053411193545));
#852=CARTESIAN_POINT('',(-22.4190470270815,-73.5468749999999,19.320128949146));
#853=CARTESIAN_POINT('',(-13.5531437371541,-75.5,19.5444228301898));
#854=CARTESIAN_POINT('',(-5.24726669361945,-77.4531249999999,22.6535956187512));
#855=CARTESIAN_POINT('',(1.58661081719532,-79.4062499999999,28.3062646395413));
#856=CARTESIAN_POINT('',(6.19813892866085,-81.359375,35.8817750097146));
#857=CARTESIAN_POINT('',(8.08097852393723,-83.3124999999997,44.548346647329));
#858=CARTESIAN_POINT('',(7.02839653867529,-85.265625,53.3544025213125));
#859=CARTESIAN_POINT('',(3.1559649524725,-87.2187499999999,61.3330504331854));
#860=CARTESIAN_POINT('',(-3.11112884732512,-89.1718749999999,67.6082463819939));
#861=CARTESIAN_POINT('',(-11.0847670258021,-91.1249999999999,71.4909829285793));
#862=CARTESIAN_POINT('',(-19.8894556434855,-93.078125,72.5549412158503));
#863=CARTESIAN_POINT('',(-28.5584526246603,-95.0312499999998,70.6833001627019));
#864=CARTESIAN_POINT('',(-36.1399146390387,-96.984375,66.0815632497566));
#865=CARTESIAN_POINT('',(-41.8014081227518,-98.9374999999999,59.2549945344134));
#866=CARTESIAN_POINT('',(-44.9213092797007,-100.890625,50.9531413881409));
#867=CARTESIAN_POINT('',(-45.15705747521,-102.84375,42.0875352791306));
#868=CARTESIAN_POINT('',(-42.4827678985898,-104.796875,33.6316069356759));
#869=CARTESIAN_POINT('',(-37.1920736766706,-106.75,26.5138050592929));
#870=CARTESIAN_POINT('',(-29.8658853858011,-108.703125,21.5156540032422));
#871=CARTESIAN_POINT('',(-21.3086078934557,-110.65625,19.1859435172481));
#872=CARTESIAN_POINT('',(-12.4598179318049,-112.609375,19.7804724701806));
#873=CARTESIAN_POINT('',(-4.29109969040468,-114.5625,23.2339623419655));
#874=CARTESIAN_POINT('',(2.30063282290753,-116.515625,29.1672253162448));
#875=CARTESIAN_POINT('',(6.59161900050535,-118.46875,36.9287962941575));
#876=CARTESIAN_POINT('',(8.11070697187671,-120.421875,45.6664712544738));
#877=CARTESIAN_POINT('',(6.69113216398263,-122.375,54.4208465445443));
#878=CARTESIAN_POINT('',(2.48865327550707,-124.328125,62.2307774912482));
#879=CARTESIAN_POINT('',(-2.94763981300206,-125.955729166667,67.2371898018785));
#880=CARTESIAN_POINT('',(-8.09905620644298,-127.2578125,70.0130194627704));
#881=CARTESIAN_POINT('',(-12.2532259584532,-128.234375,71.427673534008));
#882=CARTESIAN_POINT('',(-16.5846092166399,-129.2109375,72.1340700986104));
#883=CARTESIAN_POINT('',(-20.9731006191725,-130.1875,72.113203024763));
#884=CARTESIAN_POINT('',(-25.297502130016,-131.1640625,71.3655099961862));
#885=CARTESIAN_POINT('',(-29.4382569894017,-132.140625,69.9116949875701));
#886=CARTESIAN_POINT('',(-33.2809195544011,-133.1171875,67.7919324267891));
#887=CARTESIAN_POINT('',(-36.7192738294032,-134.09375,65.0648164414616));
#888=CARTESIAN_POINT('',(-39.6582834101437,-135.0703125,61.8057260726795));
#889=CARTESIAN_POINT('',(-42.0167069071202,-136.046875,58.1047428850681));
#890=CARTESIAN_POINT('',(-43.4439304994872,-136.860677083333,54.737600249116));
#891=CARTESIAN_POINT('',(-44.1398116035779,-137.430338541667,52.2808346765359));
#892=CARTESIAN_POINT('',(-44.4489715547259,-137.755859375,50.8559856440211));
#893=CARTESIAN_POINT('',(-44.5738011781657,-137.918619791667,50.1375774088775));
#894=CARTESIAN_POINT('',(-44.6286977141735,-138.,49.7773616486814));
#895=CARTESIAN_POINT('',(-27.6203192223962,112.,20.5746022604122));
#896=CARTESIAN_POINT('',(-27.4451728195978,111.959309895833,20.5123910527132));
#897=CARTESIAN_POINT('',(-27.0938409351774,111.8779296875,20.3916990093339));
#898=CARTESIAN_POINT('',(-26.3859794280414,111.715169270834,20.1648815450274));
#899=CARTESIAN_POINT('',(-25.1354728720208,111.430338541667,19.8068030797429));
#900=CARTESIAN_POINT('',(-23.3193515179719,111.0234375,19.4074134013748));
#901=CARTESIAN_POINT('',(-21.1077153705307,110.53515625,19.1110009742955));
#902=CARTESIAN_POINT('',(-18.1361169162689,109.884114583333,18.9621246450718));
#903=CARTESIAN_POINT('',(-14.4179294459544,109.0703125,19.2408372975405));
#904=CARTESIAN_POINT('',(-10.0730326932252,108.09375,20.309925207473));
#905=CARTESIAN_POINT('',(-5.96534921808257,107.1171875,22.08409140526));
#906=CARTESIAN_POINT('',(-2.20836723343275,106.140625,24.5142979493036));
#907=CARTESIAN_POINT('',(1.09405407251694,105.1640625,27.5333719537954));
#908=CARTESIAN_POINT('',(3.85063808847959,104.1875,31.05786482484));
#909=CARTESIAN_POINT('',(5.98518716784767,103.2109375,34.9903555764));
#910=CARTESIAN_POINT('',(7.43871218721305,102.234375,39.2221541003569));
#911=CARTESIAN_POINT('',(8.1709959723186,101.2578125,43.6362667204191));
#912=CARTESIAN_POINT('',(8.16194980426532,100.28125,48.1107743213064));
#913=CARTESIAN_POINT('',(7.41125624456121,99.3046875000001,52.5216635847389));
#914=CARTESIAN_POINT('',(5.45195830715265,98.0026041666667,58.1571323959208));
#915=CARTESIAN_POINT('',(1.29362104312346,96.3750000000001,64.440667459058));
#916=CARTESIAN_POINT('',(-5.88681788299714,94.4218750000001,69.9367777276336));
#917=CARTESIAN_POINT('',(-14.4689663094022,92.46875,72.7846166682334));
#918=CARTESIAN_POINT('',(-23.5106032723589,90.5156250000001,72.6716764325769));
#919=CARTESIAN_POINT('',(-32.0189469273518,88.5625000000001,69.6103092637817));
#920=CARTESIAN_POINT('',(-39.0597996588703,86.6093750000001,63.9366618263848));
#921=CARTESIAN_POINT('',(-43.8600843559252,84.6562500000001,56.2736889258163));
#922=CARTESIAN_POINT('',(-45.8927371475816,82.7031250000001,47.4627748350732));
#923=CARTESIAN_POINT('',(-44.9345755777016,80.75,38.4713449281586));
#924=CARTESIAN_POINT('',(-41.0908044328601,78.7968750000001,30.286645271155));
#925=CARTESIAN_POINT('',(-34.7834642168101,76.84375,23.8073440306816));
#926=CARTESIAN_POINT('',(-26.7050917650665,74.890625,19.7448591165267));
#927=CARTESIAN_POINT('',(-17.7426806882055,72.9375000000001,18.5452454952744));
#928=CARTESIAN_POINT('',(-8.88029076000906,70.984375,20.3402190078439));
#929=CARTESIAN_POINT('',(-1.09099957659172,69.03125,24.9326941585898));
#930=CARTESIAN_POINT('',(4.76993995599772,67.0781250000001,31.8184238182301));
#931=CARTESIAN_POINT('',(8.05900515394703,65.1250000000001,40.2413648291776));
#932=CARTESIAN_POINT('',(8.4150614156022,63.171875,49.2766904508065));
#933=CARTESIAN_POINT('',(5.79901427840861,61.2187500000001,57.9323349979364));
#934=CARTESIAN_POINT('',(0.498101934357169,59.2656250000001,65.257921218232));
#935=CARTESIAN_POINT('',(-6.90564310805363,57.3125000000001,70.449110339933));
#936=CARTESIAN_POINT('',(-15.599300351442,55.359375,72.9359173056603));
#937=CARTESIAN_POINT('',(-24.6283188043962,53.4062500000001,72.445294307325));
#938=CARTESIAN_POINT('',(-33.0013252997424,51.453125,69.0311110405409));
#939=CARTESIAN_POINT('',(-39.7989758344384,49.5000000000001,63.0682398899574));
#940=CARTESIAN_POINT('',(-44.2748982114324,47.546875,55.2113954836199));
#941=CARTESIAN_POINT('',(-45.9376426274023,45.59375,46.3232479737346));
#942=CARTESIAN_POINT('',(-44.6046421503542,43.6406250000001,37.3797031016796));
#943=CARTESIAN_POINT('',(-40.4222583047062,41.6875,29.3627491590665));
#944=CARTESIAN_POINT('',(-33.8497107875962,39.7343750000001,23.1526360936213));
#945=CARTESIAN_POINT('',(-25.6086558103156,37.78125,19.4312253380419));
#946=CARTESIAN_POINT('',(-16.6039492900697,35.828125,18.6071224108968));
#947=CARTESIAN_POINT('',(-7.82429497898452,33.875,20.7708126216598));
#948=CARTESIAN_POINT('',(-0.233686222124506,31.9218750000001,25.6847259146031));
#949=CARTESIAN_POINT('',(5.3344391175495,29.9687500000001,32.809321717312));
#950=CARTESIAN_POINT('',(8.26870893109818,28.015625,41.3623297151809));
#951=CARTESIAN_POINT('',(8.24694463692229,26.0625000000001,50.4046420005298));
#952=CARTESIAN_POINT('',(5.27153592304375,24.109375,58.9434257626175));
#953=CARTESIAN_POINT('',(-0.330821637181711,22.15625,66.0411348942791));
#954=CARTESIAN_POINT('',(-7.94499728651125,20.2031250000001,70.9184511985041));
#955=CARTESIAN_POINT('',(-16.7349655512731,18.25,73.0398523993064));
#956=CARTESIAN_POINT('',(-25.7356006292104,16.296875,72.1724117130888));
#957=CARTESIAN_POINT('',(-33.9586458066708,14.34375,68.4113728725907));
#958=CARTESIAN_POINT('',(-40.5012226164238,12.390625,62.1696925027873));
#959=CARTESIAN_POINT('',(-44.6449655874953,10.4375,54.1326980807425));
#960=CARTESIAN_POINT('',(-45.9348977348909,8.48437500000005,45.1828399698327));
#961=CARTESIAN_POINT('',(-44.2293863744963,6.53125000000004,36.3027996461712));
#962=CARTESIAN_POINT('',(-39.7156941869468,4.57812500000005,28.4675926938082));
#963=CARTESIAN_POINT('',(-32.889418046139,2.62500000000005,22.537513503804));
#964=CARTESIAN_POINT('',(-24.5000731992696,0.671875000000042,19.1636761943561));
#965=CARTESIAN_POINT('',(-15.4687975767495,-1.28124999999995,18.7165232223549));
#966=CARTESIAN_POINT('',(-6.78721217970793,-3.23437499999996,21.2451513373929));
#967=CARTESIAN_POINT('',(0.591457471715861,-5.18749999999994,26.4719208296757));
#968=CARTESIAN_POINT('',(5.85704412180069,-7.14062499999997,33.8229399685941));
#969=CARTESIAN_POINT('',(8.43139397215383,-9.09374999999996,42.4910774847095));
#970=CARTESIAN_POINT('',(8.03184713257133,-11.046875,51.524584415756));
#971=CARTESIAN_POINT('',(4.70227326816155,-13.,59.9315947661565));
#972=CARTESIAN_POINT('',(-1.19174522643165,-14.953125,66.7890309587637));
#973=CARTESIAN_POINT('',(-9.00305364521176,-16.90625,71.3439564177601));
#974=CARTESIAN_POINT('',(-17.8739816215376,-18.859375,73.0962469156809));
#975=CARTESIAN_POINT('',(-26.8305140939218,-20.8125,71.8535034902489));
#976=CARTESIAN_POINT('',(-34.8892367510099,-22.765625,67.7521775721576));
#977=CARTESIAN_POINT('',(-41.1653135006468,-24.7187499999999,61.242588815333));
#978=CARTESIAN_POINT('',(-44.9696401930103,-26.671875,53.0394806502492));
#979=CARTESIAN_POINT('',(-45.8845072595993,-28.625,44.043542489014));
#980=CARTESIAN_POINT('',(-43.8094636197036,-30.578125,35.2425153306177));
#981=CARTESIAN_POINT('',(-38.9723460637824,-32.5312499999999,27.602739227846));
#982=CARTESIAN_POINT('',(-31.904263103396,-34.484375,21.9630505471286));
#983=CARTESIAN_POINT('',(-23.3812800248038,-36.4375,18.9426789487482));
#984=CARTESIAN_POINT('',(-14.3392080429674,-38.390625,18.8732568657456));
#985=CARTESIAN_POINT('',(-5.77085358365929,-40.34375,21.762406742427));
#986=CARTESIAN_POINT('',(1.38299042617822,-42.296875,27.2929041010039));
#987=CARTESIAN_POINT('',(6.3368422610953,-44.2499999999999,34.8575083304388));
#988=CARTESIAN_POINT('',(8.54677615453383,-46.2031249999999,43.6256368272685));
#989=CARTESIAN_POINT('',(7.77014456129214,-48.15625,52.6345617641678));
#990=CARTESIAN_POINT('',(4.09222050704124,-50.109375,60.8951162129595));
#991=CARTESIAN_POINT('',(-2.08316526656197,-52.0625,67.5003032426719));
#992=CARTESIAN_POINT('',(-10.0779643332325,-54.015625,71.7248828707351));
#993=CARTESIAN_POINT('',(-19.0143593185861,-55.9687499999999,73.1050023641332));
#994=CARTESIAN_POINT('',(-27.911146978222,-57.921875,71.4891265986017));
#995=CARTESIAN_POINT('',(-35.7914728948238,-59.875,67.0546763961027));
#996=CARTESIAN_POINT('',(-41.7900886803136,-61.828125,60.2885479751848));
#997=CARTESIAN_POINT('',(-45.2483549974368,-63.78125,51.9336524503943));
#998=CARTESIAN_POINT('',(-45.7865592063727,-65.734375,42.9073452664026));
#999=CARTESIAN_POINT('',(-43.3456072634034,-67.6874999999999,34.200701896975));
#1000=CARTESIAN_POINT('',(-38.1935121614388,-69.640625,26.7696991913758));
#1001=CARTESIAN_POINT('',(-30.8959664910361,-71.59375,21.430250498985));
#1002=CARTESIAN_POINT('',(-22.2542302121302,-73.546875,18.7686195636102));
#1003=CARTESIAN_POINT('',(-13.217153469327,-75.4999999999999,19.077049612354));
#1004=CARTESIAN_POINT('',(-4.77699421837052,-77.4531250000001,22.3216754719569));
#1005=CARTESIAN_POINT('',(2.13953026225389,-79.40625,28.1462419158397));
#1006=CARTESIAN_POINT('',(6.77299558816665,-81.359375,35.9112199727223));
#1007=CARTESIAN_POINT('',(8.61465396811022,-83.3125,44.7640262826948));
#1008=CARTESIAN_POINT('',(7.46229397561709,-85.265625,53.7326355170177));
#1009=CARTESIAN_POINT('',(3.44244307116659,-87.2187499999999,61.832307353352));
#1010=CARTESIAN_POINT('',(-3.0035249299688,-89.171875,68.1737095388789));
#1011=CARTESIAN_POINT('',(-11.1678520642783,-91.125,72.0605652854042));
#1012=CARTESIAN_POINT('',(-20.1541070207381,-93.078125,73.0661034536409));
#1013=CARTESIAN_POINT('',(-28.9756120022408,-95.0312500000001,71.0799174070591));
#1014=CARTESIAN_POINT('',(-36.6637785206396,-96.9843749999999,66.3200875008903));
#1015=CARTESIAN_POINT('',(-42.3744570118544,-98.9375,59.3092361745341));
#1016=CARTESIAN_POINT('',(-45.4806232371008,-100.890625,50.8171447636151));
#1017=CARTESIAN_POINT('',(-45.6412246373376,-102.84375,41.7762326226346));
#1018=CARTESIAN_POINT('',(-42.8386274113139,-104.796875,33.1791788286467));
#1019=CARTESIAN_POINT('',(-37.3805526801696,-106.75,25.9699274535187));
#1020=CARTESIAN_POINT('',(-29.8662891581522,-108.703125,20.9400438732186));
#1021=CARTESIAN_POINT('',(-21.1208921008214,-110.65625,18.6418020226933));
#1022=CARTESIAN_POINT('',(-12.1045934975281,-112.609375,19.327545560319));
#1023=CARTESIAN_POINT('',(-3.80736974057016,-114.5625,22.9219807359259));
#1024=CARTESIAN_POINT('',(2.85975542814806,-116.515625,29.0304441449745));
#1025=CARTESIAN_POINT('',(7.16474344992295,-118.46875,36.9822339255906));
#1026=CARTESIAN_POINT('',(8.63490487254909,-120.421875,45.904260339496));
#1027=CARTESIAN_POINT('',(7.10884793164864,-122.375,54.8168780902686));
#1028=CARTESIAN_POINT('',(2.75402013206308,-124.328125,62.7415681623122));
#1029=CARTESIAN_POINT('',(-2.83350431589725,-125.955729166667,67.7968752408122));
#1030=CARTESIAN_POINT('',(-8.11052156642544,-127.2578125,70.5805889734666));
#1031=CARTESIAN_POINT('',(-12.3585667659908,-128.234375,71.9855081074258));
#1032=CARTESIAN_POINT('',(-16.7809160044988,-129.2109375,72.6667401141647));
#1033=CARTESIAN_POINT('',(-21.2549467472696,-130.1875,72.6059880138844));
#1034=CARTESIAN_POINT('',(-25.6570973506077,-131.1640625,71.8047882971681));
#1035=CARTESIAN_POINT('',(-29.8656618173835,-132.140625,70.2853248733738));
#1036=CARTESIAN_POINT('',(-33.764320260172,-133.1171875,68.0895864730186));
#1037=CARTESIAN_POINT('',(-37.2453088984865,-134.09375,65.2782673151243));
#1038=CARTESIAN_POINT('',(-40.212412922545,-135.0703125,61.9290738494818));
#1039=CARTESIAN_POINT('',(-42.5836142752334,-136.046875,58.1345781607583));
#1040=CARTESIAN_POINT('',(-44.0084283020633,-136.860677083333,54.6888211994693));
#1041=CARTESIAN_POINT('',(-44.6958028664567,-137.430338541667,52.1778039884141));
#1042=CARTESIAN_POINT('',(-44.9981846429822,-137.755859375,50.7223401210162));
#1043=CARTESIAN_POINT('',(-45.118990192865,-137.918619791667,49.9887752035812));
#1044=CARTESIAN_POINT('',(-45.1717187258225,-138.,49.6210289721802));
#1045=CARTESIAN_POINT('',(-26.9743536151817,112.,20.0249001679579));
#1046=CARTESIAN_POINT('',(-26.7953933381989,111.959309895833,19.9671707479221));
#1047=CARTESIAN_POINT('',(-26.4365323822332,111.8779296875,19.855515049253));
#1048=CARTESIAN_POINT('',(-25.7139852070772,111.715169270833,19.6470881701377));
#1049=CARTESIAN_POINT('',(-24.4387960174643,111.430338541667,19.3219785525911));
#1050=CARTESIAN_POINT('',(-22.5903979325669,111.0234375,18.9718289531761));
#1051=CARTESIAN_POINT('',(-20.3450766583565,110.53515625,18.7375199786451));
#1052=CARTESIAN_POINT('',(-17.3355976536284,109.884114583333,18.6748964770836));
#1053=CARTESIAN_POINT('',(-13.5837716564689,109.0703125,19.0667704322527));
#1054=CARTESIAN_POINT('',(-9.22156374136439,108.09375,20.2764676802531));
#1055=CARTESIAN_POINT('',(-5.12010467496519,107.1171875,22.19216680936));
#1056=CARTESIAN_POINT('',(-1.39271008537074,106.140625,24.7609193329016));
#1057=CARTESIAN_POINT('',(1.85757851074509,105.1640625,27.9117224523835));
#1058=CARTESIAN_POINT('',(4.54092551734136,104.1875,31.5574866339919));
#1059=CARTESIAN_POINT('',(6.58315761339116,103.2109375,35.5974387399596));
#1060=CARTESIAN_POINT('',(7.92783731097685,102.234375,39.9199187650466));
#1061=CARTESIAN_POINT('',(8.53775624228239,101.2578125,44.4054250595877));
#1062=CARTESIAN_POINT('',(8.39620698772545,100.28125,48.9300706527298));
#1063=CARTESIAN_POINT('',(7.50653810081365,99.3046875,53.3684358136641));
#1064=CARTESIAN_POINT('',(5.35841436982425,98.0026041666668,59.0094127655355));
#1065=CARTESIAN_POINT('',(0.967302613554551,96.375,65.2406866653086));
#1066=CARTESIAN_POINT('',(-6.45665502271028,94.421875,70.5862410437178));
#1067=CARTESIAN_POINT('',(-15.2197498786748,92.4687500000001,73.2122143746632));
#1068=CARTESIAN_POINT('',(-24.3598996573811,90.5156250000001,72.8304588088969));
#1069=CARTESIAN_POINT('',(-32.8735042553753,88.5625,69.4828422643962));
#1070=CARTESIAN_POINT('',(-39.8257888671874,86.609375,63.5369411355159));
#1071=CARTESIAN_POINT('',(-44.4534009116317,84.65625,55.6456032993231));
#1072=CARTESIAN_POINT('',(-46.2482357578814,82.703125,46.6752871657534));
#1073=CARTESIAN_POINT('',(-45.013223007507,80.7500000000001,37.6109202232879));
#1074=CARTESIAN_POINT('',(-40.8839653086236,78.796875,29.4477569188274));
#1075=CARTESIAN_POINT('',(-34.3138491750821,76.84375,23.0821007586826));
#1076=CARTESIAN_POINT('',(-26.0242638582451,74.890625,19.2128915871763));
#1077=CARTESIAN_POINT('',(-16.9253938357469,72.9375,18.2649629738943));
#1078=CARTESIAN_POINT('',(-8.01628187624774,70.984375,20.3423961099));
#1079=CARTESIAN_POINT('',(-0.275135587320238,69.0312500000001,25.217091841425));
#1080=CARTESIAN_POINT('',(5.44807836476739,67.078125,32.3538156276028));
#1081=CARTESIAN_POINT('',(8.52495936574531,65.125,40.9689655187728));
#1082=CARTESIAN_POINT('',(8.61767033189808,63.171875,50.1166105172589));
#1083=CARTESIAN_POINT('',(5.71603173323259,61.21875,58.7923524327528));
#1084=CARTESIAN_POINT('',(0.138639291149277,59.265625,66.0436073509403));
#1085=CARTESIAN_POINT('',(-7.50211737097152,57.3125,71.0741979695247));
#1086=CARTESIAN_POINT('',(-16.3672942227013,55.359375,73.3317727144905));
#1087=CARTESIAN_POINT('',(-25.4835076677068,53.40625,72.5684531440425));
#1088=CARTESIAN_POINT('',(-33.8498106547997,51.4531250000001,68.8680506430029));
#1089=CARTESIAN_POINT('',(-40.5475952164487,49.5,62.6368640539738));
#1090=CARTESIAN_POINT('',(-44.8414542950032,47.546875,54.5590686520692));
#1091=CARTESIAN_POINT('',(-46.2599283739856,45.59375,45.5215946892398));
#1092=CARTESIAN_POINT('',(-44.6472710511074,43.640625,36.5167437354214));
#1093=CARTESIAN_POINT('',(-40.180549767982,41.6875,28.5332354013344));
#1094=CARTESIAN_POINT('',(-33.3502040611364,39.734375,22.4476473552619));
#1095=CARTESIAN_POINT('',(-24.9061960102327,37.78125,18.9281683628795));
#1096=CARTESIAN_POINT('',(-15.7756654864228,35.828125,18.3612321272165));
#1097=CARTESIAN_POINT('',(-6.96113153544068,33.875,20.809087426971));
#1098=CARTESIAN_POINT('',(0.569582763636104,31.921875,26.0029632906405));
#1099=CARTESIAN_POINT('',(5.98961587268399,29.96875,33.3725796604636));
#1100=CARTESIAN_POINT('',(8.70385599549591,28.015625,42.1087633179468));
#1101=CARTESIAN_POINT('',(8.41428349227951,26.0625,51.2522939329171));
#1102=CARTESIAN_POINT('',(5.15269300506975,24.109375,59.799225068436));
#1103=CARTESIAN_POINT('',(-0.722797547979621,22.15625,66.8111160475199));
#1104=CARTESIAN_POINT('',(-8.56706780205489,20.203125,71.5180713821898));
#1105=CARTESIAN_POINT('',(-17.5188282286761,18.25,73.4032741845182));
#1106=CARTESIAN_POINT('',(-26.5951884802198,16.296875,72.2597319134389));
#1107=CARTESIAN_POINT('',(-34.799577328495,14.34375,68.2130038563748));
#1108=CARTESIAN_POINT('',(-41.2311647442327,12.390625,61.7074149010783));
#1109=CARTESIAN_POINT('',(-45.1837717313943,10.4375,53.4572693056013));
#1110=CARTESIAN_POINT('',(-46.2234077595723,8.48437500000004,44.3684211238754));
#1111=CARTESIAN_POINT('',(-44.2359222965314,6.53125000000003,35.438812740764));
#1112=CARTESIAN_POINT('',(-39.4395383715492,4.57812500000003,27.6489022415528));
#1113=CARTESIAN_POINT('',(-32.3608920024266,2.62500000000004,21.8540105322599));
#1114=CARTESIAN_POINT('',(-23.7772083224176,0.671875000000039,18.6904083412266));
#1115=CARTESIAN_POINT('',(-14.6309633847338,-1.28124999999997,18.5054546134111));
#1116=CARTESIAN_POINT('',(-5.92640165502542,-3.23437499999995,21.3194570006217));
#1117=CARTESIAN_POINT('',(1.38072857847284,-5.18749999999998,26.8234421107251));
#1118=CARTESIAN_POINT('',(6.48811498465827,-7.14062499999996,34.4130803392215));
#1119=CARTESIAN_POINT('',(8.83497392310827,-9.09374999999996,43.2550403857588));
#1120=CARTESIAN_POINT('',(8.16362367671836,-11.046875,52.3784878256359));
#1121=CARTESIAN_POINT('',(4.54777753154655,-13.,60.7816813254902));
#1122=CARTESIAN_POINT('',(-1.61554983538055,-14.953125,67.5419623928437));
#1123=CARTESIAN_POINT('',(-9.64963399339412,-16.90625,71.9170619441131));
#1124=CARTESIAN_POINT('',(-18.6723441218929,-18.859375,73.4266003764143));
#1125=CARTESIAN_POINT('',(-27.6929996986082,-20.8125,71.904832553175));
#1126=CARTESIAN_POINT('',(-35.7211457880733,-22.7656249999999,67.5188463804059));
#1127=CARTESIAN_POINT('',(-41.8753035610344,-24.71875,60.7502167962836));
#1128=CARTESIAN_POINT('',(-45.4797553949728,-26.671875,52.3421295394601));
#1129=CARTESIAN_POINT('',(-46.1387376917573,-28.625,43.2177804298487));
#1130=CARTESIAN_POINT('',(-43.7798951483076,-30.578125,34.3790098028465));
#1131=CARTESIAN_POINT('',(-38.662225264226,-32.53125,26.7963018895025));
#1132=CARTESIAN_POINT('',(-31.3476407909327,-34.484375,21.3022270515868));
#1133=CARTESIAN_POINT('',(-22.6392725242815,-36.4375,18.5000267600484));
#1134=CARTESIAN_POINT('',(-13.4932867047542,-38.390625,18.6973785539849));
#1135=CARTESIAN_POINT('',(-4.91389934720801,-40.3437499999999,21.8726134918584));
#1136=CARTESIAN_POINT('',(2.15688522514566,-42.296875,27.6770953699354));
#1137=CARTESIAN_POINT('',(6.94270509296107,-44.25,35.4735004732098));
#1138=CARTESIAN_POINT('',(8.91808415663789,-46.203125,44.4057947975319));
#1139=CARTESIAN_POINT('',(7.86612865203808,-48.15625,53.4932253451561));
#1140=CARTESIAN_POINT('',(3.90234177209004,-50.109375,61.7380053853928));
#1141=CARTESIAN_POINT('',(-2.53805841674035,-52.0625,68.2348699945146));
#1142=CARTESIAN_POINT('',(-10.747925288675,-54.015625,72.2704728350623));
#1143=CARTESIAN_POINT('',(-19.8258273353711,-55.96875,73.4017105519659));
#1144=CARTESIAN_POINT('',(-28.7750240417587,-57.9218749999999,71.5043748800546));
#1145=CARTESIAN_POINT('',(-36.6129065529889,-59.875,66.7867905319262));
#1146=CARTESIAN_POINT('',(-42.4788867055063,-61.8281249999999,59.7669414458136));
#1147=CARTESIAN_POINT('',(-45.7288883627216,-63.78125,51.2155968983372));
#1148=CARTESIAN_POINT('',(-46.0060660432521,-65.7343749999999,42.0716821527287));
#1149=CARTESIAN_POINT('',(-43.2799860386678,-67.6875,33.3391858229193));
#1150=CARTESIAN_POINT('',(-37.8499679906542,-69.640625,25.9769233758315));
#1151=CARTESIAN_POINT('',(-30.3122200272756,-71.59375,20.7932605798817));
#1152=CARTESIAN_POINT('',(-21.4943759728235,-73.546875,18.3573561127667));
#1153=CARTESIAN_POINT('',(-12.3646223509485,-75.5,18.9366687618493));
#1154=CARTESIAN_POINT('',(-3.92539290467519,-77.4531249999999,22.4675908361391));
#1155=CARTESIAN_POINT('',(2.89669717872058,-79.40625,28.5624321987637));
#1156=CARTESIAN_POINT('',(7.35259227509142,-81.359375,36.5519880832724));
#1157=CARTESIAN_POINT('',(8.9530415475579,-83.3125,45.5590168090959));
#1158=CARTESIAN_POINT('',(7.52231798078517,-85.265625,54.5945596492913));
#1159=CARTESIAN_POINT('',(3.21751295310224,-87.21875,62.6665270684029));
#1160=CARTESIAN_POINT('',(-3.48871216962571,-89.171875,68.8886287185531));
#1161=CARTESIAN_POINT('',(-11.8600235683553,-91.125,72.5776868377841));
#1162=CARTESIAN_POINT('',(-20.9772633591973,-93.078125,73.3286481802045));
#1163=CARTESIAN_POINT('',(-29.8393717996768,-95.0312499999999,71.0590582765566));
#1164=CARTESIAN_POINT('',(-37.4733022005774,-96.984375,66.0181148156816));
#1165=CARTESIAN_POINT('',(-43.0408600450766,-98.9374999999999,58.7593060987026));
#1166=CARTESIAN_POINT('',(-45.9307355344,-100.890625,50.0796388241051));
#1167=CARTESIAN_POINT('',(-45.825624519481,-102.84375,40.9321279049271));
#1168=CARTESIAN_POINT('',(-42.7370680379505,-104.796875,32.3211568098864));
#1169=CARTESIAN_POINT('',(-37.004185123587,-106.75,25.1921977103947));
#1170=CARTESIAN_POINT('',(-29.2564380317826,-108.703125,20.3280000066189));
#1171=CARTESIAN_POINT('',(-20.3445181760247,-110.65625,18.2626455641447));
#1172=CARTESIAN_POINT('',(-11.2469415093537,-112.609375,19.2229073398641));
#1173=CARTESIAN_POINT('',(-2.96260863313382,-114.5625,23.1033498815158));
#1174=CARTESIAN_POINT('',(3.59887209311114,-116.515625,29.4779065767167));
#1175=CARTESIAN_POINT('',(7.71706178364645,-118.46875,37.6466589530791));
#1176=CARTESIAN_POINT('',(8.93978092661546,-120.421875,46.7126949160379));
#1177=CARTESIAN_POINT('',(7.13280748107623,-122.375,55.6805577898202));
#1178=CARTESIAN_POINT('',(2.49442974797753,-124.328125,63.5656602579008));
#1179=CARTESIAN_POINT('',(-3.30562569131184,-125.955729166667,68.5125802823792));
#1180=CARTESIAN_POINT('',(-8.72445934455133,-127.2578125,71.1715052314503));
#1181=CARTESIAN_POINT('',(-13.0619308116972,-128.234375,72.466550753674));
#1182=CARTESIAN_POINT('',(-17.5542558829831,-129.2109375,73.0245990819743));
#1183=CARTESIAN_POINT('',(-22.0768892618437,-130.1875,72.8307755342053));
#1184=CARTESIAN_POINT('',(-26.5049228381721,-131.1640625,71.890290112501));
#1185=CARTESIAN_POINT('',(-30.7159360118598,-132.140625,70.2291779237273));
#1186=CARTESIAN_POINT('',(-34.5935409943142,-133.1171875,67.8933426231412));
#1187=CARTESIAN_POINT('',(-38.0305559865769,-134.09375,64.9473508970971));
#1188=CARTESIAN_POINT('',(-40.9319816542427,-135.0703125,61.4726315714598));
#1189=CARTESIAN_POINT('',(-43.2176152188751,-136.046875,57.5652264859804));
#1190=CARTESIAN_POINT('',(-44.5565195502239,-136.860677083333,54.0384924031961));
#1191=CARTESIAN_POINT('',(-45.1773361611819,-137.430338541667,51.4788489014548));
#1192=CARTESIAN_POINT('',(-45.440056952739,-137.755859375,49.998041611975));
#1193=CARTESIAN_POINT('',(-45.5405171183417,-137.918619791667,49.252638380056));
#1194=CARTESIAN_POINT('',(-45.5829579900963,-138.,48.8791892161195));
#1195=CARTESIAN_POINT('',(-26.128931950398,112.,20.0935016611414));
#1196=CARTESIAN_POINT('',(-25.950447656942,111.959309895833,20.0416378609904));
#1197=CARTESIAN_POINT('',(-25.5926598872343,111.8779296875,19.9416950063531));
#1198=CARTESIAN_POINT('',(-24.872747226074,111.715169270833,19.7566549142099));
#1199=CARTESIAN_POINT('',(-23.6034429694282,111.430338541667,19.4723073486992));
#1200=CARTESIAN_POINT('',(-21.7670761135898,111.0234375,19.1797912660685));
#1201=CARTESIAN_POINT('',(-19.5418923203107,110.53515625,19.0132023657076));
#1202=CARTESIAN_POINT('',(-16.5666730016668,109.884114583333,19.038332840083));
#1203=CARTESIAN_POINT('',(-12.8711435177498,109.0703125,19.5339744853773));
#1204=CARTESIAN_POINT('',(-8.59619094842127,108.09375,20.8552834125523));
#1205=CARTESIAN_POINT('',(-4.59927238693639,107.1171875,22.8665942393981));
#1206=CARTESIAN_POINT('',(-0.990814587089478,106.140625,25.5123171626121));
#1207=CARTESIAN_POINT('',(2.12942861470007,105.1640625,28.7193214794589));
#1208=CARTESIAN_POINT('',(4.67521608716759,104.1875,32.3989643398644));
#1209=CARTESIAN_POINT('',(6.57617684392285,103.2109375,36.4495360877307));
#1210=CARTESIAN_POINT('',(7.77977789584908,102.234375,40.7590834232506));
#1211=CARTESIAN_POINT('',(8.25271160354572,101.2578125,45.2084612980377));
#1212=CARTESIAN_POINT('',(7.98205234038705,100.28125,49.6747845808757));
#1213=CARTESIAN_POINT('',(6.97473438368718,99.3046875000001,54.0342335654328));
#1214=CARTESIAN_POINT('',(4.68927754401369,98.0026041666667,59.5454987707488));
#1215=CARTESIAN_POINT('',(0.170650657778594,96.3750000000001,65.5751416087684));
#1216=CARTESIAN_POINT('',(-7.31886596231861,94.4218750000001,70.6420017857792));
#1217=CARTESIAN_POINT('',(-16.0528470564167,92.4687500000001,72.9831622869792));
#1218=CARTESIAN_POINT('',(-25.072411073973,90.5156250000001,72.3417424557145));
#1219=CARTESIAN_POINT('',(-33.387196955787,88.5625,68.788122268747));
#1220=CARTESIAN_POINT('',(-40.0842601980525,86.6093750000001,62.7124966746286));
#1221=CARTESIAN_POINT('',(-44.4282710779985,84.6562500000001,54.7819572022763));
#1222=CARTESIAN_POINT('',(-45.9422639836002,82.703125,45.867266519607));
#1223=CARTESIAN_POINT('',(-44.4600045496613,80.75,36.9472445277365));
#1224=CARTESIAN_POINT('',(-40.1442427540677,78.7968750000001,29.0012968049684));
#1225=CARTESIAN_POINT('',(-33.4688429903359,76.8437500000001,22.9018769013896));
#1226=CARTESIAN_POINT('',(-25.1667545002574,74.890625,19.3186923052894));
#1227=CARTESIAN_POINT('',(-16.1495345917752,72.9375000000001,18.6451715015949));
#1228=CARTESIAN_POINT('',(-7.40726096913175,70.9843750000001,20.9552661007524));
#1229=CARTESIAN_POINT('',(0.100177368185525,69.03125,25.9953310568477));
#1230=CARTESIAN_POINT('',(5.54847454897536,67.0781250000001,33.2119745273344));
#1231=CARTESIAN_POINT('',(8.3394154228358,65.1250000000001,41.8128194968056));
#1232=CARTESIAN_POINT('',(8.16655871844431,63.1718750000001,50.8535056272977));
#1233=CARTESIAN_POINT('',(5.04888385193468,61.2187500000001,59.3413786575105));
#1234=CARTESIAN_POINT('',(-0.671292985543651,59.2656250000001,66.3444824050127));
#1235=CARTESIAN_POINT('',(-8.36590465050952,57.3125000000001,71.0938862071399));
#1236=CARTESIAN_POINT('',(-17.1900939111142,55.3593750000001,73.068112395634));
#1237=CARTESIAN_POINT('',(-26.1749775492485,53.4062500000001,72.0503937903844));
#1238=CARTESIAN_POINT('',(-34.334028336572,51.4531250000001,68.152474422289));
#1239=CARTESIAN_POINT('',(-40.7713942973323,49.5000000000001,61.8023402002778));
#1240=CARTESIAN_POINT('',(-44.780261959605,47.546875,53.6972266775283));
#1241=CARTESIAN_POINT('',(-45.9204634522279,45.5937500000001,44.727063596149));
#1242=CARTESIAN_POINT('',(-44.0668063004202,43.640625,35.8767618886464));
#1243=CARTESIAN_POINT('',(-39.422819378446,41.6875000000001,28.1180718820248));
#1244=CARTESIAN_POINT('',(-32.4984057335929,39.7343750000001,22.3028865173736));
#1245=CARTESIAN_POINT('',(-24.0538559690629,37.78125,19.0697047370403));
#1246=CARTESIAN_POINT('',(-15.0163694353804,35.8281250000001,18.7735252242523));
#1247=CARTESIAN_POINT('',(-6.37824908273596,33.875,21.4468680611399));
#1248=CARTESIAN_POINT('',(0.912051967737715,31.9218750000001,26.7962040707533));
#1249=CARTESIAN_POINT('',(6.05406920489632,29.9687500000001,34.2341838961535));
#1250=CARTESIAN_POINT('',(8.48321657316284,28.0156250000001,42.9441281103008));
#1251=CARTESIAN_POINT('',(7.93277720485554,26.0625,51.9696974359495));
#1252=CARTESIAN_POINT('',(4.46318854649593,24.1093750000001,60.3198974151176));
#1253=CARTESIAN_POINT('',(-1.54459358540422,22.15625,67.07788816725));
#1254=CARTESIAN_POINT('',(-9.43092340201086,20.2031250000001,71.5016520820632));
#1255=CARTESIAN_POINT('',(-18.3298932957104,18.25,73.105466279941));
#1256=CARTESIAN_POINT('',(-27.2644092430413,16.296875,71.7132342816046));
#1257=CARTESIAN_POINT('',(-35.2534743152614,14.3437500000001,67.4778211468418));
#1258=CARTESIAN_POINT('',(-41.4199007222828,12.390625,60.864269112035));
#1259=CARTESIAN_POINT('',(-45.086623763313,10.4375000000001,52.5987366252159));
#1260=CARTESIAN_POINT('',(-45.8510425517468,8.48437500000005,43.5887671987311));
#1261=CARTESIAN_POINT('',(-43.6292250102171,6.53125000000006,34.823642444203));
#1262=CARTESIAN_POINT('',(-38.6651234912978,4.57812500000006,27.2657603823972));
#1263=CARTESIAN_POINT('',(-31.5037891620286,2.62500000000006,21.7449655324945));
#1264=CARTESIAN_POINT('',(-22.9315261740936,0.671875000000056,18.8674331841105));
#1265=CARTESIAN_POINT('',(-13.8895566052325,-1.28124999999994,18.9491122272323));
#1266=CARTESIAN_POINT('',(-5.37067563641572,-3.23437499999995,21.9810344210588));
#1267=CARTESIAN_POINT('',(1.68975592311193,-5.18749999999993,27.6302990938748));
#1268=CARTESIAN_POINT('',(6.51651289984149,-7.14062499999995,35.2766251553168));
#1269=CARTESIAN_POINT('',(8.57962435882131,-9.09374999999994,44.0804570629652));
#1270=CARTESIAN_POINT('',(7.65256364579974,-11.046875,53.0751468066227));
#1271=CARTESIAN_POINT('',(3.83712068622857,-13.,61.273090461745));
#1272=CARTESIAN_POINT('',(-2.44777440132764,-14.9531249999999,67.7741656719467));
#1273=CARTESIAN_POINT('',(-10.5120492263024,-16.90625,71.8645637818617));
#1274=CARTESIAN_POINT('',(-19.4702580765277,-18.859375,73.095164995094));
#1275=CARTESIAN_POINT('',(-28.3388025767992,-20.8125,71.3308510782891));
#1276=CARTESIAN_POINT('',(-36.1439293678405,-22.765625,66.7653411477292));
#1277=CARTESIAN_POINT('',(-42.0286468168047,-24.7187499999999,59.8999215905451));
#1278=CARTESIAN_POINT('',(-45.346821459048,-26.671875,51.4884055444409));
#1279=CARTESIAN_POINT('',(-45.7341225180352,-28.6249999999999,42.4543653054336));
#1280=CARTESIAN_POINT('',(-43.1480248976551,-30.578125,33.7897254255444));
#1281=CARTESIAN_POINT('',(-37.8724783762706,-32.5312499999999,26.4458508316404));
#1282=CARTESIAN_POINT('',(-30.4867303317357,-34.484375,21.2290883324493));
#1283=CARTESIAN_POINT('',(-21.8017252171003,-36.4375,18.712230905214));
#1284=CARTESIAN_POINT('',(-12.7710640325459,-38.390625,19.1716258552321));
#1285=CARTESIAN_POINT('',(-4.38630031480725,-40.3437499999999,22.5568322814293));
#1286=CARTESIAN_POINT('',(2.43193100706452,-42.2968749999999,28.4961594143425));
#1287=CARTESIAN_POINT('',(6.93499799535095,-44.2499999999999,36.337477725016));
#1288=CARTESIAN_POINT('',(8.62847040766933,-46.203125,45.2198218040866));
#1289=CARTESIAN_POINT('',(7.32640742247017,-48.1562499999999,54.167923118493));
#1290=CARTESIAN_POINT('',(3.17177367231328,-50.109375,62.1992930858364));
#1291=CARTESIAN_POINT('',(-3.37925806601449,-52.0625,68.4320988997315));
#1292=CARTESIAN_POINT('',(-11.6073939826103,-54.015625,72.1819874965181));
#1293=CARTESIAN_POINT('',(-20.6091966544504,-55.9687499999999,73.0372265318536));
#1294=CARTESIAN_POINT('',(-29.3962811677592,-57.921875,70.9039119966176));
#1295=CARTESIAN_POINT('',(-37.0038383520199,-59.875,66.0162787412971));
#1296=CARTESIAN_POINT('',(-42.5965694314514,-61.828125,58.9109818281878));
#1297=CARTESIAN_POINT('',(-45.5604006224802,-63.78125,50.3681725817281));
#1298=CARTESIAN_POINT('',(-45.5699075470135,-65.734375,41.3258391014432));
#1299=CARTESIAN_POINT('',(-42.6240463584892,-67.6874999999999,32.7768165252518));
#1300=CARTESIAN_POINT('',(-37.0462683547125,-69.640625,25.6597751672932));
#1301=CARTESIAN_POINT('',(-29.4490054931807,-71.59375,20.7561558750685));
#1302=CARTESIAN_POINT('',(-20.6664262479242,-73.546875,18.6043689546013));
#1303=CARTESIAN_POINT('',(-11.6628451175486,-75.4999999999999,19.4406774975609));
#1304=CARTESIAN_POINT('',(-3.42684228799918,-77.4531250000001,23.1732560355106));
#1305=CARTESIAN_POINT('',(3.13728104203145,-79.4062499999999,29.3922728435302));
#1306=CARTESIAN_POINT('',(7.30879362480974,-81.3593749999999,37.4148888708635));
#1307=CARTESIAN_POINT('',(8.62966941213717,-83.3124999999999,46.3602324810754));
#1308=CARTESIAN_POINT('',(6.95487815299118,-85.265625,55.2461178836995));
#1309=CARTESIAN_POINT('',(2.46830950532033,-87.2187499999999,63.0968877134713));
#1310=CARTESIAN_POINT('',(-4.33741778242595,-89.1718749999999,69.0505387978978));
#1311=CARTESIAN_POINT('',(-12.7150446973986,-91.1250000000001,72.4533688588684));
#1312=CARTESIAN_POINT('',(-21.744719921159,-93.0781249999998,72.9317520773086));
#1313=CARTESIAN_POINT('',(-30.4349981740505,-95.03125,70.4331626677348));
#1314=CARTESIAN_POINT('',(-37.8316994729304,-96.9843749999999,65.2319421335297));
#1315=CARTESIAN_POINT('',(-43.122676713266,-98.9375,57.8991769666542));
#1316=CARTESIAN_POINT('',(-45.7269882465927,-100.890625,49.2399941768266));
#1317=CARTESIAN_POINT('',(-45.3586844331918,-102.84375,40.2051595102861));
#1318=CARTESIAN_POINT('',(-42.0582044993046,-104.796875,31.7866847461709));
#1319=CARTESIAN_POINT('',(-36.1879363672617,-106.75,24.9089062371998));
#1320=CARTESIAN_POINT('',(-28.3924269906701,-108.703125,20.3269941178806));
#1321=CARTESIAN_POINT('',(-19.5276120127392,-110.65625,18.5440357053176));
#1322=CARTESIAN_POINT('',(-10.5668353393044,-112.609375,19.7557972792142));
#1323=CARTESIAN_POINT('',(-2.49397712939373,-114.5625,23.8292290789801));
#1324=CARTESIAN_POINT('',(3.80457386646909,-116.515625,30.3170745293246));
#1325=CARTESIAN_POINT('',(7.63724807971757,-118.46875,38.5069762966131));
#1326=CARTESIAN_POINT('',(8.58321513622559,-120.421875,47.4996998143805));
#1327=CARTESIAN_POINT('',(6.53864015571419,-122.375,56.3078391245483));
#1328=CARTESIAN_POINT('',(1.72789906536744,-124.328125,63.964340157242));
#1329=CARTESIAN_POINT('',(-4.14565420677392,-125.955729166667,68.6842904825953));
#1330=CARTESIAN_POINT('',(-9.5764093736228,-127.2578125,71.1546895445861));
#1331=CARTESIAN_POINT('',(-13.8993335577179,-128.234375,72.308817912265));
#1332=CARTESIAN_POINT('',(-18.3539489146167,-129.2109375,72.7303055828066));
#1333=CARTESIAN_POINT('',(-22.8167728618071,-130.1875,72.4080567327999));
#1334=CARTESIAN_POINT('',(-27.164544995714,-131.1640625,71.3508299869415));
#1335=CARTESIAN_POINT('',(-31.2770646580789,-132.140625,69.5878875619261));
#1336=CARTESIAN_POINT('',(-35.0406660914148,-133.1171875,67.1679476809966));
#1337=CARTESIAN_POINT('',(-38.3513187337402,-134.09375,64.1579017694728));
#1338=CARTESIAN_POINT('',(-41.1175159555554,-135.0703125,60.6409490984935));
#1339=CARTESIAN_POINT('',(-43.2627927983127,-136.046875,56.7142990434642));
#1340=CARTESIAN_POINT('',(-44.4836925516338,-136.860677083333,53.1911271998461));
#1341=CARTESIAN_POINT('',(-45.0230696110133,-137.430338541667,50.6442146348361));
#1342=CARTESIAN_POINT('',(-45.2398317361694,-137.755859375,49.1735603623528));
#1343=CARTESIAN_POINT('',(-45.3175383863506,-137.918619791667,48.4341868806188));
#1344=CARTESIAN_POINT('',(-45.3486742465494,-138.,48.0639867359575));
#1345=CARTESIAN_POINT('',(-25.7625176743574,112.,20.5236787213712));
#1346=CARTESIAN_POINT('',(-25.5870180014835,111.959309895833,20.4743571308506));
#1347=CARTESIAN_POINT('',(-25.2352479828006,111.8779296875,20.3794329787606));
#1348=CARTESIAN_POINT('',(-24.5275827227633,111.715169270833,20.2041822443792));
#1349=CARTESIAN_POINT('',(-23.2802349194575,111.430338541667,19.9362885748198));
#1350=CARTESIAN_POINT('',(-21.4766621767584,111.0234375,19.6652906416138));
#1351=CARTESIAN_POINT('',(-19.292841726258,110.53515625,19.5211621387937));
#1352=CARTESIAN_POINT('',(-16.3750729290485,109.884114583333,19.571555474251));
#1353=CARTESIAN_POINT('',(-12.7549218767757,109.0703125,20.0896422120251));
#1354=CARTESIAN_POINT('',(-8.57363883359861,108.09375,21.4225272961103));
#1355=CARTESIAN_POINT('',(-4.67101235769052,107.1171875,23.4297350128165));
#1356=CARTESIAN_POINT('',(-1.15486391887574,106.140625,26.0557893304278));
#1357=CARTESIAN_POINT('',(1.87760441143751,105.1640625,29.2281031036594));
#1358=CARTESIAN_POINT('',(4.34257756426426,104.1875,32.8589923738125));
#1359=CARTESIAN_POINT('',(6.17191840273174,103.2109375,36.8480950703604));
#1360=CARTESIAN_POINT('',(7.31507328927402,102.234375,41.0851568942284));
#1361=CARTESIAN_POINT('',(7.74040634034884,101.2578125,45.4530365104484));
#1362=CARTESIAN_POINT('',(7.43630397000112,100.28125,49.8311008249255));
#1363=CARTESIAN_POINT('',(6.41063854694386,99.3046875,54.097972005663));
#1364=CARTESIAN_POINT('',(4.12145393661735,98.0026041666667,59.4834419274288));
#1365=CARTESIAN_POINT('',(-0.362427979687301,96.3750000000001,65.3579927616086));
#1366=CARTESIAN_POINT('',(-7.75171835067875,94.4218749999999,70.2625727640765));
#1367=CARTESIAN_POINT('',(-16.3379469032691,92.4687500000001,72.4831171709142));
#1368=CARTESIAN_POINT('',(-25.17845475512,90.515625,71.7759845855714));
#1369=CARTESIAN_POINT('',(-33.3025410480703,88.5625000000001,68.2187712789299));
#1370=CARTESIAN_POINT('',(-39.8181997924318,86.609375,62.2020664164332));
#1371=CARTESIAN_POINT('',(-44.0100192236105,84.6562500000001,54.386492196927));
#1372=CARTESIAN_POINT('',(-45.4177441287476,82.703125,45.6301882481285));
#1373=CARTESIAN_POINT('',(-43.8868082158784,80.7500000000001,36.894583842673));
#1374=CARTESIAN_POINT('',(-39.5853060697443,78.796875,29.1388357730454));
#1375=CARTESIAN_POINT('',(-32.9855363950102,76.84375,23.2145139429276));
#1376=CARTESIAN_POINT('',(-24.8121443590722,74.8906250000001,19.7721003252809));
#1377=CARTESIAN_POINT('',(-15.9625565853494,72.9375,19.1895669552296));
#1378=CARTESIAN_POINT('',(-7.40844501213842,70.984375,21.530875154596));
#1379=CARTESIAN_POINT('',(-0.0890387180439648,69.0312500000001,26.5389526693105));
#1380=CARTESIAN_POINT('',(5.19200207212174,67.078125,33.6639198316253));
#1381=CARTESIAN_POINT('',(7.85482671773909,65.125,42.1234655521763));
#1382=CARTESIAN_POINT('',(7.60706092404786,63.1718750000001,50.9887439461659));
#1383=CARTESIAN_POINT('',(4.47590901684375,61.2187500000001,59.2863602680639));
#1384=CARTESIAN_POINT('',(-1.19483305314789,59.265625,66.1052482468378));
#1385=CARTESIAN_POINT('',(-8.78252600841689,57.3125,70.6967038447922));
#1386=CARTESIAN_POINT('',(-17.4540521367994,55.3593750000001,72.5565918780416));
#1387=CARTESIAN_POINT('',(-26.2572904113024,53.40625,71.4806993305507));
#1388=CARTESIAN_POINT('',(-34.2256580017928,51.453125,67.5871576479362));
#1389=CARTESIAN_POINT('',(-40.4842396717393,49.5,61.3034720755942));
#1390=CARTESIAN_POINT('',(-44.3458522057675,47.5468750000001,53.3195822010752));
#1391=CARTESIAN_POINT('',(-45.3864961328163,45.5937500000001,44.5121075852417));
#1392=CARTESIAN_POINT('',(-43.491910254812,43.6406250000001,35.8480962023846));
#1393=CARTESIAN_POINT('',(-38.8701173609585,41.6875,28.2788439713001));
#1394=CARTESIAN_POINT('',(-32.0285836263556,39.734375,22.6354438393133));
#1395=CARTESIAN_POINT('',(-23.7184995599315,37.7812500000001,19.5375329786838));
#1396=CARTESIAN_POINT('',(-14.852300373041,35.828125,19.3252575213021));
#1397=CARTESIAN_POINT('',(-6.40348191293508,33.8750000000001,22.0219250053679));
#1398=CARTESIAN_POINT('',(0.70028777326093,31.9218750000001,27.3314452414066));
#1399=CARTESIAN_POINT('',(5.67902504841405,29.9687500000001,34.6708405868308));
#1400=CARTESIAN_POINT('',(7.98607176061851,28.0156250000001,43.2342560479162));
#1401=CARTESIAN_POINT('',(7.36811751763003,26.0625000000001,52.0814409925742));
#1402=CARTESIAN_POINT('',(3.89301280156126,24.109375,60.2409873098524));
#1403=CARTESIAN_POINT('',(-2.0576809159176,22.15625,66.8169886155231));
#1404=CARTESIAN_POINT('',(-9.83058607130736,20.203125,71.0874094773065));
#1405=CARTESIAN_POINT('',(-18.572248920746,18.2500000000001,72.5833638610246));
#1406=CARTESIAN_POINT('',(-27.3228475267139,16.2968750000001,71.140598138992));
#1407=CARTESIAN_POINT('',(-35.1215788185449,14.34375,66.9175259007699));
#1408=CARTESIAN_POINT('',(-41.1121533799519,12.3906250000001,60.3778343701497));
#1409=CARTESIAN_POINT('',(-44.6368147884509,10.4375,52.2395722186299));
#1410=CARTESIAN_POINT('',(-45.3085603192201,8.48437500000006,43.3963088598166));
#1411=CARTESIAN_POINT('',(-43.0536332845481,6.53125000000005,34.8190218202142));
#1412=CARTESIAN_POINT('',(-38.119621411468,4.57812500000004,27.449484811165));
#1413=CARTESIAN_POINT('',(-31.0482720674262,2.62500000000005,22.0968623374669));
#1414=CARTESIAN_POINT('',(-22.6160091828771,0.671875000000053,19.348864605061));
#1415=CARTESIAN_POINT('',(-13.7486830266951,-1.28124999999996,19.5072177904503));
#1416=CARTESIAN_POINT('',(-5.41991318573081,-3.23437499999995,22.5545349429088));
#1417=CARTESIAN_POINT('',(1.45581345764523,-5.18749999999996,28.1562250465298));
#1418=CARTESIAN_POINT('',(6.12355206257298,-7.14062499999994,35.697230629839));
#1419=CARTESIAN_POINT('',(8.07079168133123,-9.09374999999997,44.349560186587));
#1420=CARTESIAN_POINT('',(7.0837282201355,-11.0468749999999,53.163200445583));
#1421=CARTESIAN_POINT('',(3.27073981940329,-13.,61.1704264538408));
#1422=CARTESIAN_POINT('',(-2.94951290931143,-14.953125,67.4920563767595));
#1423=CARTESIAN_POINT('',(-10.8940552129484,-16.9062499999999,71.4339843919795));
#1424=CARTESIAN_POINT('',(-19.6905878370098,-18.859375,72.563392504765));
#1425=CARTESIAN_POINT('',(-28.3732642220863,-20.8124999999999,70.756273337832));
#1426=CARTESIAN_POINT('',(-35.9887390591232,-22.765625,66.2110459620158));
#1427=CARTESIAN_POINT('',(-41.7008442255234,-24.71875,59.4267697692721));
#1428=CARTESIAN_POINT('',(-44.882398835614,-26.6718749999999,51.1483484732493));
#1429=CARTESIAN_POINT('',(-45.1840727947923,-28.625,42.2847407589048));
#1430=CARTESIAN_POINT('',(-42.5727427386607,-30.5781249999999,33.809157933554));
#1431=CARTESIAN_POINT('',(-37.3351289305335,-32.5312499999999,26.6522067329146));
#1432=CARTESIAN_POINT('',(-30.0463137912119,-34.484375,21.5997100474876));
#1433=CARTESIAN_POINT('',(-21.506598680951,-36.4374999999999,19.206424705747));
#1434=CARTESIAN_POINT('',(-12.6536319675893,-38.390625,19.7351299767297));
#1435=CARTESIAN_POINT('',(-4.4594565919297,-40.3437499999999,23.127774786365));
#1436=CARTESIAN_POINT('',(2.17621884128272,-42.296875,29.011851641447));
#1437=CARTESIAN_POINT('',(6.52480676686793,-44.25,36.7412974136151));
#1438=CARTESIAN_POINT('',(8.10883852009984,-46.2031249999999,45.4674301364297));
#1439=CARTESIAN_POINT('',(6.75438970550916,-48.15625,54.2321330578126));
#1440=CARTESIAN_POINT('',(2.61017684395548,-50.1093749999999,62.0730544736641));
#1441=CARTESIAN_POINT('',(-3.86877148627088,-52.0625,68.1292725531009));
#1442=CARTESIAN_POINT('',(-11.9710761292199,-54.015625,71.7358233103017));
#1443=CARTESIAN_POINT('',(-20.8071157537207,-55.9687499999999,72.4967126883965));
#1444=CARTESIAN_POINT('',(-29.4067059888472,-57.921875,70.3283961341689));
#1445=CARTESIAN_POINT('',(-36.8256242646477,-59.8749999999999,65.4689516691667));
#1446=CARTESIAN_POINT('',(-42.2492840846558,-61.828125,58.4519392672789));
#1447=CARTESIAN_POINT('',(-45.0821754450493,-63.78125,50.0478167413006));
#1448=CARTESIAN_POINT('',(-45.0132509717571,-65.7343749999999,41.179344589435));
#1449=CARTESIAN_POINT('',(-42.05007847226,-67.6874999999999,32.8202682272019));
#1450=CARTESIAN_POINT('',(-36.5180100012704,-69.640625,25.888402149173));
#1451=CARTESIAN_POINT('',(-29.0244586756968,-71.59375,21.144855224938));
#1452=CARTESIAN_POINT('',(-20.3922055929225,-73.5468749999999,19.1104620460333));
#1453=CARTESIAN_POINT('',(-11.5690596563342,-75.5000000000001,20.0085960410947));
#1454=CARTESIAN_POINT('',(-3.52378952856846,-77.4531249999998,23.7406433964649));
#1455=CARTESIAN_POINT('',(2.86024576647508,-79.40625,29.8968307103028));
#1456=CARTESIAN_POINT('',(6.88208838683735,-81.3593749999999,37.8012175194411));
#1457=CARTESIAN_POINT('',(8.10014582972075,-83.3124999999999,46.5859135846033));
#1458=CARTESIAN_POINT('',(6.38067714961314,-85.2656249999999,55.2863719834204));
#1459=CARTESIAN_POINT('',(1.91247752066621,-87.2187500000001,62.9472949674566));
#1460=CARTESIAN_POINT('',(-4.81385120035866,-89.171875,68.727524273299));
#1461=CARTESIAN_POINT('',(-13.0597678484017,-91.1249999999998,71.9923990833005));
#1462=CARTESIAN_POINT('',(-21.9198827018366,-93.0781250000002,72.3834408654133));
#1463=CARTESIAN_POINT('',(-30.4213679644277,-95.0312499999998,69.8577137975383));
#1464=CARTESIAN_POINT('',(-37.63077285031,-96.9843749999999,64.6925390586894));
#1465=CARTESIAN_POINT('',(-42.7565151302051,-98.9375,57.4550453646318));
#1466=CARTESIAN_POINT('',(-45.2357957153199,-100.890625,48.939899055162));
#1467=CARTESIAN_POINT('',(-44.7963931832142,-102.84375,40.082050879302));
#1468=CARTESIAN_POINT('',(-41.4865532966073,-104.796875,31.8540797554898));
#1469=CARTESIAN_POINT('',(-35.6696916871129,-106.75,25.1594050122869));
#1470=CARTESIAN_POINT('',(-27.9844913493616,-108.703125,20.7330922554879));
#1471=CARTESIAN_POINT('',(-19.2747761538048,-110.65625,19.0611442174673));
#1472=CARTESIAN_POINT('',(-10.4968602738913,-112.609375,20.3271383985156));
#1473=CARTESIAN_POINT('',(-2.61454602026574,-114.5625,24.3920703793728));
#1474=CARTESIAN_POINT('',(3.50669931582262,-116.515625,30.8096168407885));
#1475=CARTESIAN_POINT('',(7.19477403921857,-118.46875,38.875139220409));
#1476=CARTESIAN_POINT('',(8.04472470853509,-120.421875,47.7030594645341));
#1477=CARTESIAN_POINT('',(5.96325846395595,-122.375,56.3240673886275));
#1478=CARTESIAN_POINT('',(1.1788034821277,-124.328125,63.7916533926334));
#1479=CARTESIAN_POINT('',(-4.62260714310698,-125.955729166667,68.3699807646785));
#1480=CARTESIAN_POINT('',(-9.97027092339453,-127.2578125,70.7458623395681));
#1481=CARTESIAN_POINT('',(-14.2200241553644,-128.234375,71.8403804696817));
#1482=CARTESIAN_POINT('',(-18.5925953102615,-129.2109375,72.2152118066106));
#1483=CARTESIAN_POINT('',(-22.9667811699572,-130.1875,71.8605425385432));
#1484=CARTESIAN_POINT('',(-27.2217682332657,-131.1640625,70.7860294473966));
#1485=CARTESIAN_POINT('',(-31.2399213146585,-132.140625,69.0214120103023));
#1486=CARTESIAN_POINT('',(-34.9101827842437,-133.1171875,66.6154548935991));
#1487=CARTESIAN_POINT('',(-38.1311021225772,-134.09375,63.6346629965014));
#1488=CARTESIAN_POINT('',(-40.8136529462099,-135.0703125,60.1614269800177));
#1489=CARTESIAN_POINT('',(-42.8836824297923,-136.046875,56.2917479386534));
#1490=CARTESIAN_POINT('',(-44.0506082096576,-136.860677083333,52.8257847337505));
#1491=CARTESIAN_POINT('',(-44.5575695969089,-137.430338541667,50.3231985231513));
#1492=CARTESIAN_POINT('',(-44.7574355414377,-137.755859375,48.878958845996));
#1493=CARTESIAN_POINT('',(-44.8272491568243,-137.918619791667,48.1531359431353));
#1494=CARTESIAN_POINT('',(-44.8545825145002,-138.,47.789787747712));
#1495=CARTESIAN_POINT('',(-25.6823964359761,112.,20.7726505407141));
#1496=CARTESIAN_POINT('',(-25.5086241567339,111.959309895833,20.7238848337797));
#1497=CARTESIAN_POINT('',(-25.1603179745239,111.8779296875,20.6300357414211));
#1498=CARTESIAN_POINT('',(-24.4596268509782,111.715169270833,20.4567914552288));
#1499=CARTESIAN_POINT('',(-23.2245870794328,111.430338541667,20.1920264882893));
#1500=CARTESIAN_POINT('',(-21.4388541152026,111.0234375,19.9243950020396));
#1501=CARTESIAN_POINT('',(-19.2767030411632,110.53515625,19.7825123637413));
#1502=CARTESIAN_POINT('',(-16.3879767230281,109.884114583333,19.8334895714854));
#1503=CARTESIAN_POINT('',(-12.8040288522273,109.0703125,20.3477691473249));
#1504=CARTESIAN_POINT('',(-8.66483373480792,108.09375,21.6689507678107));
#1505=CARTESIAN_POINT('',(-4.80177410895996,107.1171875,23.6576437388766));
#1506=CARTESIAN_POINT('',(-1.32157828673158,106.140625,26.2588837621753));
#1507=CARTESIAN_POINT('',(1.67954554836437,105.1640625,29.4007695835485));
#1508=CARTESIAN_POINT('',(4.11864866620689,104.1875,32.9964582857588));
#1509=CARTESIAN_POINT('',(5.92830903179684,103.2109375,36.9465607826992));
#1510=CARTESIAN_POINT('',(7.05851688122608,102.234375,41.1419006995295));
#1511=CARTESIAN_POINT('',(7.47799458658624,101.2578125,45.4664901681913));
#1512=CARTESIAN_POINT('',(7.17528894963896,100.28125,49.8008917413427));
#1513=CARTESIAN_POINT('',(6.15823917238304,99.3046875,54.024937888841));
#1514=CARTESIAN_POINT('',(3.88982271467511,98.0026041666668,59.3559858956163));
#1515=CARTESIAN_POINT('',(-0.551641769064524,96.375,65.1704335817545));
#1516=CARTESIAN_POINT('',(-7.86925317981351,94.421875,70.0234784159837));
#1517=CARTESIAN_POINT('',(-16.3708983255054,92.46875,72.2187412393604));
#1518=CARTESIAN_POINT('',(-25.1232045623572,90.5156250000001,71.5153547980627));
#1519=CARTESIAN_POINT('',(-33.1651556823663,88.5625000000001,67.9905045076229));
#1520=CARTESIAN_POINT('',(-39.6137639546234,86.609375,62.0312259962895));
#1521=CARTESIAN_POINT('',(-43.7609796766545,84.6562500000001,54.2918361660545));
#1522=CARTESIAN_POINT('',(-45.1514450537286,82.703125,45.6221096999191));
#1523=CARTESIAN_POINT('',(-43.6324888663384,80.7500000000001,36.9739697905432));
#1524=CARTESIAN_POINT('',(-39.3708903423625,78.7968750000001,29.2969697546016));
#1525=CARTESIAN_POINT('',(-32.8345668265555,76.84375,23.4340330757456));
#1526=CARTESIAN_POINT('',(-24.7411971898039,74.890625,20.028901726065));
#1527=CARTESIAN_POINT('',(-15.9794217118412,72.9375,19.4554542015965));
#1528=CARTESIAN_POINT('',(-7.51127066789381,70.984375,21.7766542114551));
#1529=CARTESIAN_POINT('',(-0.266534794781129,69.03125,26.737637351697));
#1530=CARTESIAN_POINT('',(4.95932438691031,67.078125,33.793694848777));
#1531=CARTESIAN_POINT('',(7.59251509736041,65.1250000000001,42.1700817949079));
#1532=CARTESIAN_POINT('',(7.34391680502987,63.171875,50.9470830184479));
#1533=CARTESIAN_POINT('',(4.24082524286083,61.2187500000001,59.1609964795043));
#1534=CARTESIAN_POINT('',(-1.37604462372165,59.2656250000001,65.9099463601027));
#1535=CARTESIAN_POINT('',(-8.88996860722455,57.3125000000001,70.4529077245737));
#1536=CARTESIAN_POINT('',(-17.4759287218895,55.3593750000001,72.2910699857298));
#1537=CARTESIAN_POINT('',(-26.1911989652729,53.4062500000001,71.2226055858883));
#1538=CARTESIAN_POINT('',(-34.0788552698275,51.4531250000001,67.3648303707982));
#1539=CARTESIAN_POINT('',(-40.2728443814826,49.5000000000001,61.1413224794511));
#1540=CARTESIAN_POINT('',(-44.0930752543417,47.546875,53.2354140770614));
#1541=CARTESIAN_POINT('',(-45.1200920638887,45.59375,44.5151624716389));
#1542=CARTESIAN_POINT('',(-43.2411298498421,43.640625,35.9380386770848));
#1543=CARTESIAN_POINT('',(-38.6624959457001,41.6875,28.4457984806678));
#1544=CARTESIAN_POINT('',(-31.8869177319147,39.734375,22.8610790196917));
#1545=CARTESIAN_POINT('',(-23.6583438966219,37.78125,19.7970744136106));
#1546=CARTESIAN_POINT('',(-14.8802599456888,35.828125,19.5902079366055));
#1547=CARTESIAN_POINT('',(-6.51648680090254,33.875,22.2631932286538));
#1548=CARTESIAN_POINT('',(0.514645343230094,31.921875,27.5225403707122));
#1549=CARTESIAN_POINT('',(5.44112834663664,29.96875,34.7907806533454));
#1550=CARTESIAN_POINT('',(7.72204150087207,28.0156250000001,43.2698718058096));
#1551=CARTESIAN_POINT('',(7.10694384055931,26.0625,52.0288218831419));
#1552=CARTESIAN_POINT('',(3.66337219916478,24.1093750000001,60.1059108352054));
#1553=CARTESIAN_POINT('',(-2.23057423763331,22.15625,66.6142859772121));
#1554=CARTESIAN_POINT('',(-9.92774867567895,20.2031250000001,70.8393371318429));
#1555=CARTESIAN_POINT('',(-18.583012494343,18.25,72.3171597931452));
#1556=CARTESIAN_POINT('',(-27.2460302447229,16.296875,70.8854911703307));
#1557=CARTESIAN_POINT('',(-34.9656151074253,14.34375,66.7015264075162));
#1558=CARTESIAN_POINT('',(-40.8941678296094,12.390625,60.2246587842558));
#1559=CARTESIAN_POINT('',(-44.3807418970335,10.4375000000001,52.1660389978843));
#1560=CARTESIAN_POINT('',(-45.0425165198392,8.48437500000005,43.4104918455037));
#1561=CARTESIAN_POINT('',(-42.8068298015877,6.53125000000005,34.9193637410188));
#1562=CARTESIAN_POINT('',(-37.9191569103977,4.57812500000005,27.6249682693106));
#1563=CARTESIAN_POINT('',(-30.9161572605253,2.62500000000005,22.3282195030564));
#1564=CARTESIAN_POINT('',(-22.5667500848612,0.671875000000052,19.610692795932));
#1565=CARTESIAN_POINT('',(-13.7876882152815,-1.28124999999995,19.7707686499355));
#1566=CARTESIAN_POINT('',(-5.54289994762721,-3.23437499999995,22.7908709678189));
#1567=CARTESIAN_POINT('',(1.26234889101543,-5.18749999999994,28.33939688315));
#1568=CARTESIAN_POINT('',(5.88085182081174,-7.14062499999995,35.8071262754357));
#1569=CARTESIAN_POINT('',(7.8055038999588,-9.09374999999995,44.3741132582193));
#1570=CARTESIAN_POINT('',(6.82498111385238,-11.046875,53.0997150514974));
#1571=CARTESIAN_POINT('',(3.0469434462451,-13.,61.0258731984872));
#1572=CARTESIAN_POINT('',(-3.1137860312557,-14.953125,67.2823069985035));
#1573=CARTESIAN_POINT('',(-10.9807681324828,-16.90625,71.1820690691864));
#1574=CARTESIAN_POINT('',(-19.6902196009851,-18.859375,72.2969711755245));
#1575=CARTESIAN_POINT('',(-28.2858552622855,-20.8125,70.5045986787607));
#1576=CARTESIAN_POINT('',(-35.82388675291,-22.765625,66.0017514866749));
#1577=CARTESIAN_POINT('',(-41.4766491176887,-24.7187499999999,59.2828357083445));
#1578=CARTESIAN_POINT('',(-44.6234772247376,-26.671875,51.0855785784486));
#1579=CARTESIAN_POINT('',(-44.9188538992619,-28.6249999999999,42.3100270738939));
#1580=CARTESIAN_POINT('',(-42.3303472096109,-30.578125,33.9197240575195));
#1581=CARTESIAN_POINT('',(-37.1421714464695,-32.5312499999999,26.8359126653605));
#1582=CARTESIAN_POINT('',(-29.9239808048035,-34.484375,21.836385142731));
#1583=CARTESIAN_POINT('',(-21.4683221771715,-36.4375,19.470082380641));
#1584=CARTESIAN_POINT('',(-12.7036146511933,-38.390625,19.9968209999075));
#1585=CARTESIAN_POINT('',(-4.59221043654905,-40.3437499999999,23.3587658619737));
#1586=CARTESIAN_POINT('',(1.97527001578112,-42.2968749999999,29.1867802834746));
#1587=CARTESIAN_POINT('',(6.27772685088546,-44.25,36.8409567101719));
#1588=CARTESIAN_POINT('',(7.84275653105179,-46.203125,45.4808776408941));
#1589=CARTESIAN_POINT('',(6.49852106095006,-48.1562499999999,54.157892253644));
#1590=CARTESIAN_POINT('',(2.39261555098698,-50.109375,61.9192768937834));
#1591=CARTESIAN_POINT('',(-4.02413751234671,-52.0625,67.9128427533655));
#1592=CARTESIAN_POINT('',(-12.0471879234509,-54.015625,71.4805049696933));
#1593=CARTESIAN_POINT('',(-20.7956163511831,-55.96875,72.2305393914387));
#1594=CARTESIAN_POINT('',(-29.3088580073077,-57.921875,70.0805933238927));
#1595=CARTESIAN_POINT('',(-36.6521712709586,-59.875,65.2667277357355));
#1596=CARTESIAN_POINT('',(-42.0192709666537,-61.8281249999999,58.3174981061003));
#1597=CARTESIAN_POINT('',(-44.8208573104155,-63.78125,49.9959197974255));
#1598=CARTESIAN_POINT('',(-44.7493201737215,-65.734375,41.2156900722407));
#1599=CARTESIAN_POINT('',(-41.8125142307154,-67.6875,32.9408654552439));
#1600=CARTESIAN_POINT('',(-36.3328965263416,-69.640625,26.080009721236));
#1601=CARTESIAN_POINT('',(-28.9121211591954,-71.5937499999999,21.3864349067376));
#1602=CARTESIAN_POINT('',(-20.3649785316832,-73.546875,19.3754887379123));
#1603=CARTESIAN_POINT('',(-11.6299325423015,-75.4999999999999,20.2679701956015));
#1604=CARTESIAN_POINT('',(-3.66607860690565,-77.453125,23.9658861065757));
#1605=CARTESIAN_POINT('',(2.65216363077222,-79.4062499999999,30.0632106522232));
#1606=CARTESIAN_POINT('',(6.63106031131311,-81.3593749999999,37.8904664161888));
#1607=CARTESIAN_POINT('',(7.83373433399774,-83.3125,46.588232036399));
#1608=CARTESIAN_POINT('',(6.12813383060227,-85.2656249999999,55.2015054276102));
#1609=CARTESIAN_POINT('',(1.70153126953349,-87.21875,62.7845616291232));
#1610=CARTESIAN_POINT('',(-4.96003879033727,-89.171875,68.5047920376251));
#1611=CARTESIAN_POINT('',(-13.1251455912823,-91.1249999999999,71.7341236276181));
#1612=CARTESIAN_POINT('',(-21.8972722160089,-93.078125,72.1179804612045));
#1613=CARTESIAN_POINT('',(-30.3132518485332,-95.03125,69.6142156132412));
#1614=CARTESIAN_POINT('',(-37.4490220975021,-96.9843749999999,64.4977388427607));
#1615=CARTESIAN_POINT('',(-42.5210857102703,-98.9375,57.3303318990346));
#1616=CARTESIAN_POINT('',(-44.9725374380579,-100.890625,48.8989656980418));
#1617=CARTESIAN_POINT('',(-44.5342114267097,-102.84375,40.1293920540676));
#1618=CARTESIAN_POINT('',(-41.2542352385212,-104.796875,31.9844974696221));
#1619=CARTESIAN_POINT('',(-35.49274551422,-106.75,25.3585795894052));
#1620=CARTESIAN_POINT('',(-27.8823454954996,-108.703125,20.9791546150828));
#1621=CARTESIAN_POINT('',(-19.2586460860775,-110.65625,19.3270770683968));
#1622=CARTESIAN_POINT('',(-10.5685170500824,-112.609375,20.5837426981749));
#1623=CARTESIAN_POINT('',(-2.76612183119583,-114.5625,24.6111713475404));
#1624=CARTESIAN_POINT('',(3.29184727946928,-116.515625,30.9671575052677));
#1625=CARTESIAN_POINT('',(6.94023620347466,-118.46875,38.9538218544884));
#1626=CARTESIAN_POINT('',(7.77844902236074,-120.421875,47.6942447900091));
#1627=CARTESIAN_POINT('',(5.71448137841484,-122.375,56.2287233887546));
#1628=CARTESIAN_POINT('',(0.974841235277253,-124.328125,63.6202481605133));
#1629=CARTESIAN_POINT('',(-4.77056410909428,-125.955729166667,68.1508762245029));
#1630=CARTESIAN_POINT('',(-10.0659170247397,-127.2578125,70.5011354942175));
#1631=CARTESIAN_POINT('',(-14.2738040167445,-128.234375,71.5831856684952));
#1632=CARTESIAN_POINT('',(-18.603019574156,-129.2109375,71.9526622673924));
#1633=CARTESIAN_POINT('',(-22.9335624661108,-130.1875,71.5998941760691));
#1634=CARTESIAN_POINT('',(-27.1458245433858,-131.1640625,70.5344870498673));
#1635=CARTESIAN_POINT('',(-31.123351825907,-132.140625,68.7859282899708));
#1636=CARTESIAN_POINT('',(-34.7562095363869,-133.1171875,66.4025387924503));
#1637=CARTESIAN_POINT('',(-37.9439810415491,-134.09375,63.4501996469757));
#1638=CARTESIAN_POINT('',(-40.5985561663584,-135.0703125,60.010515064918));
#1639=CARTESIAN_POINT('',(-42.6465554049276,-136.046875,56.1785587733184));
#1640=CARTESIAN_POINT('',(-43.800584472086,-136.860677083333,52.7466383342278));
#1641=CARTESIAN_POINT('',(-44.3015722580756,-137.430338541667,50.2687573975096));
#1642=CARTESIAN_POINT('',(-44.4989129618657,-137.755859375,48.8388095823936));
#1643=CARTESIAN_POINT('',(-44.5677621840538,-137.918619791667,48.1201806474934));
#1644=CARTESIAN_POINT('',(-44.5946885176021,-138.,47.7604365970862));
#1645=CARTESIAN_POINT('',(-16.2536321105035,147.,43.7021105687872));
#1646=CARTESIAN_POINT('',(-16.2536321105035,147.,43.8354439021206));
#1647=CARTESIAN_POINT('',(-16.2536321105035,147.,43.9687772354539));
#1648=CARTESIAN_POINT('',(-16.2536321105035,147.,44.1021105687872));
#1649=CARTESIAN_POINT('',(-16.2536321105035,147.,44.6354439021206));
#1650=CARTESIAN_POINT('',(-16.2536321105035,147.,45.1687772354539));
#1651=CARTESIAN_POINT('',(-16.2536321105035,147.,45.7021105687872));
#1652=CARTESIAN_POINT('',(-16.2536321105035,147.,46.4465112680217));
#1653=CARTESIAN_POINT('',(-16.2536321105035,147.,47.1909119672561));
#1654=CARTESIAN_POINT('',(-16.2536321105035,147.,47.9353126664906));
#1655=CARTESIAN_POINT('',(-16.2536321105035,147.,43.7021105687872));
#1656=CARTESIAN_POINT('',(-16.2536321105035,147.,47.9353126664906));
#1657=CARTESIAN_POINT('',(-16.2536321105035,147.,47.9353126664906));
#1658=CARTESIAN_POINT('',(-16.3833386190056,147.,48.0823860228863));
#1659=CARTESIAN_POINT('',(-16.5272231928683,147.,48.2180530826061));
#1660=CARTESIAN_POINT('',(-16.6816615500296,147.,48.3388965530404));
#1661=CARTESIAN_POINT('',(-16.963730201163,147.,48.5596069732378));
#1662=CARTESIAN_POINT('',(-17.287794730959,147.,48.734661559969));
#1663=CARTESIAN_POINT('',(-17.6270192148062,147.,48.8495639667955));
#1664=CARTESIAN_POINT('',(-17.9662436986533,147.,48.964466373622));
#1665=CARTESIAN_POINT('',(-18.3299843666515,147.,49.0223857507922));
#1666=CARTESIAN_POINT('',(-18.6881196959341,147.,49.0185257695001));
#1667=CARTESIAN_POINT('',(-19.0462550252166,147.,49.014665788208));
#1668=CARTESIAN_POINT('',(-19.4086628303494,147.,48.9489199854037));
#1669=CARTESIAN_POINT('',(-19.7453319634192,147.,48.8267327996029));
#1670=CARTESIAN_POINT('',(-20.082001096489,147.,48.704545613802));
#1671=CARTESIAN_POINT('',(-20.4022173078661,147.,48.5225469715575));
#1672=CARTESIAN_POINT('',(-20.6794633538606,147.,48.2958082595643));
#1673=CARTESIAN_POINT('',(-20.956709399855,147.,48.0690695475711));
#1674=CARTESIAN_POINT('',(-21.1986320687269,147.,47.7913370322016));
#1675=CARTESIAN_POINT('',(-21.385197639082,147.,47.485609863808));
#1676=CARTESIAN_POINT('',(-21.5717632094371,147.,47.1798826954144));
#1677=CARTESIAN_POINT('',(-21.7081173900555,147.,46.8377285412157));
#1678=CARTESIAN_POINT('',(-21.7829686319552,147.,46.4874813354853));
#1679=CARTESIAN_POINT('',(-21.8298168266717,147.,46.2682672132275));
#1680=CARTESIAN_POINT('',(-21.8536321105035,147.,46.0428758091268));
#1681=CARTESIAN_POINT('',(-21.8536321105035,147.,45.8187116176389));
#1682=CARTESIAN_POINT('',(-21.8536321105035,147.,45.4605554875282));
#1683=CARTESIAN_POINT('',(-21.7917959292227,147.,45.0974601632782));
#1684=CARTESIAN_POINT('',(-21.6732442477186,147.,44.7594937265593));
#1685=CARTESIAN_POINT('',(-21.5546925662145,147.,44.4215272898405));
#1686=CARTESIAN_POINT('',(-21.3761555827372,147.,44.0993682090459));
#1687=CARTESIAN_POINT('',(-21.1524180225141,147.,43.8196946177269));
#1688=CARTESIAN_POINT('',(-20.9286804622909,147.,43.5400210264078));
#1689=CARTESIAN_POINT('',(-20.6535713671656,147.,43.2951191816069));
#1690=CARTESIAN_POINT('',(-20.3498726409192,147.,43.1052695115724));
#1691=CARTESIAN_POINT('',(-20.0461739146729,147.,42.9154198415378));
#1692=CARTESIAN_POINT('',(-19.7055091714634,147.,42.7753860579654));
#1693=CARTESIAN_POINT('',(-19.3560890067927,147.,42.6967644193577));
#1694=CARTESIAN_POINT('',(-19.0066688421219,147.,42.6181427807501));
#1695=CARTESIAN_POINT('',(-18.6388558164244,147.,42.5987648052414));
#1696=CARTESIAN_POINT('',(-18.2831086862786,147.,42.6402351914088));
#1697=CARTESIAN_POINT('',(-17.9273615561327,147.,42.6817055775762));
#1698=CARTESIAN_POINT('',(-17.5738683764534,147.,42.7851681298731));
#1699=CARTESIAN_POINT('',(-17.2519020711443,147.,42.9420550693596));
#1700=CARTESIAN_POINT('',(-16.9299357658351,147.,43.0989420088462));
#1701=CARTESIAN_POINT('',(-16.6306161066686,147.,43.3135804710193));
#1702=CARTESIAN_POINT('',(-16.3787298847608,147.,43.5681961515043));
#1703=CARTESIAN_POINT('',(-16.3357695716957,147.,43.6116219858436));
#1704=CARTESIAN_POINT('',(-16.2940361179679,147.,43.656296730621));
#1705=CARTESIAN_POINT('',(-16.2536321105035,147.,43.7021105687872));
#1706=CARTESIAN_POINT('',(-11.8655851881594,147.,41.0875482038845));
#1707=CARTESIAN_POINT('',(-15.0881538107945,147.,38.3530633749081));
#1708=CARTESIAN_POINT('',(-17.231446414519,147.,37.6749290601249));
#1709=CARTESIAN_POINT('',(-21.3877720439534,147.,38.0177011968808));
#1710=CARTESIAN_POINT('',(-23.3879985167212,147.,39.0344852619788));
#1711=CARTESIAN_POINT('',(-26.1159306043434,147.,42.2492398024308));
#1712=CARTESIAN_POINT('',(-26.7966052192094,147.,44.3871790253588));
#1713=CARTESIAN_POINT('',(-26.4564447658854,147.,48.5501047128044));
#1714=CARTESIAN_POINT('',(-25.4399944330213,147.,50.5522072091338));
#1715=CARTESIAN_POINT('',(-22.2167896230186,147.,53.2854252991033));
#1716=CARTESIAN_POINT('',(-20.0806814869956,147.,53.9622705155876));
#1717=CARTESIAN_POINT('',(-15.9194156262512,147.,53.6203397741774));
#1718=CARTESIAN_POINT('',(-13.9077650372073,147.,52.5881555451314));
#1719=CARTESIAN_POINT('',(-11.2068071312511,147.,49.4076458892597));
#1720=CARTESIAN_POINT('',(-10.5094741787241,147.,47.2756139173893));
#1721=CARTESIAN_POINT('',(-10.8514556727728,147.,43.0686800943407));
#1722=CARTESIAN_POINT('',(-11.8655851881594,147.,41.0875482038845));
#1723=CARTESIAN_POINT('',(-15.0881538107945,147.,38.3530633749081));
#1724=CARTESIAN_POINT('',(-13.476869499477,147.,39.7203057893964));
#1725=CARTESIAN_POINT('',(-17.6039680594531,147.,58.6565281523902));
#1726=CARTESIAN_POINT('',(-16.6216420175516,147.,57.4992409213078));
#1727=CARTESIAN_POINT('',(-14.6569360592143,147.,55.1846615562645));
#1728=CARTESIAN_POINT('',(-11.7098988575507,147.,51.7127961531586));
#1729=CARTESIAN_POINT('',(-8.7628562056047,147.,48.2409243291475));
#1730=CARTESIAN_POINT('',(-6.79816114783206,147.,45.9263578059147));
#1731=CARTESIAN_POINT('',(-5.81581557575223,147.,44.7690475665885));
#1732=CARTESIAN_POINT('',(-18.7612782987793,147.,57.6741825803103));
#1733=CARTESIAN_POINT('',(-17.7789185806269,147.,56.5168925957595));
#1734=CARTESIAN_POINT('',(-15.8142308386716,147.,54.2023152595752));
#1735=CARTESIAN_POINT('',(-12.8671864461706,147.,50.730447214525));
#1736=CARTESIAN_POINT('',(-9.92014523300094,147.,47.2585829150028));
#1737=CARTESIAN_POINT('',(-7.95545113238296,147.,44.9439980877623));
#1738=CARTESIAN_POINT('',(-6.97310280683457,147.,43.7867215246871));
#1739=CARTESIAN_POINT('',(-21.0758448220121,147.,55.7094875225377));
#1740=CARTESIAN_POINT('',(-20.0935034078673,147.,54.5521984951414));
#1741=CARTESIAN_POINT('',(-18.1288057732557,147.,52.2376203501048));
#1742=CARTESIAN_POINT('',(-15.181765256932,147.,48.765753617861));
#1743=CARTESIAN_POINT('',(-12.2347233780377,147.,45.2938852803912));
#1744=CARTESIAN_POINT('',(-10.2700284685671,147.,42.9793103458071));
#1745=CARTESIAN_POINT('',(-9.28768217187788,147.,41.8220155663498));
#1746=CARTESIAN_POINT('',(-24.5477166460232,147.,52.7624448705917));
#1747=CARTESIAN_POINT('',(-23.5653677073895,147.,51.6051572819718));
#1748=CARTESIAN_POINT('',(-21.6006741107256,147.,49.2905784712104));
#1749=CARTESIAN_POINT('',(-18.6536321105035,147.,45.818711617639));
#1750=CARTESIAN_POINT('',(-15.7065901102813,147.,42.3468447640674));
#1751=CARTESIAN_POINT('',(-13.7418965136175,147.,40.032265953306));
#1752=CARTESIAN_POINT('',(-12.7595475749838,147.,38.8749783646861));
#1753=CARTESIAN_POINT('',(-28.0195820491291,147.,49.8154076689281));
#1754=CARTESIAN_POINT('',(-27.0372357524397,147.,48.6581128894708));
#1755=CARTESIAN_POINT('',(-25.0725408429693,147.,46.3435379548868));
#1756=CARTESIAN_POINT('',(-22.125498964075,147.,42.8716696174168));
#1757=CARTESIAN_POINT('',(-19.1784584477513,147.,39.3998028851732));
#1758=CARTESIAN_POINT('',(-17.2137608131396,147.,37.0852247401365));
#1759=CARTESIAN_POINT('',(-16.2314193989949,147.,35.9279357127401));
#1760=CARTESIAN_POINT('',(-30.3341614141724,147.,47.8507017105908));
#1761=CARTESIAN_POINT('',(-29.351813088624,147.,46.6934251475155));
#1762=CARTESIAN_POINT('',(-27.387118988006,147.,44.3788403202751));
#1763=CARTESIAN_POINT('',(-24.4400777748364,147.,40.9069760207529));
#1764=CARTESIAN_POINT('',(-21.4930333823354,147.,37.4351079757027));
#1765=CARTESIAN_POINT('',(-19.52834564038,147.,35.1205306395184));
#1766=CARTESIAN_POINT('',(-18.5459859222277,147.,33.9632406549675));
#1767=CARTESIAN_POINT('',(-31.4914486452547,147.,46.8683756686893));
#1768=CARTESIAN_POINT('',(-30.5091030731749,147.,45.7110654293631));
#1769=CARTESIAN_POINT('',(-28.5444080154023,147.,43.3964989061303));
#1770=CARTESIAN_POINT('',(-25.5973653634563,147.,39.9246270821192));
#1771=CARTESIAN_POINT('',(-22.6503281617926,147.,36.4527616790133));
#1772=CARTESIAN_POINT('',(-20.6856222034553,147.,34.13818231397));
#1773=CARTESIAN_POINT('',(-19.7032961615539,147.,32.9808950828877));
#1774=CARTESIAN_POINT('',(-44.5946885175044,-138.,47.7604365979941));
#1775=CARTESIAN_POINT('',(-38.9476647351831,-138.,47.1186607998625));
#1776=CARTESIAN_POINT('',(-33.3006397635196,-138.,46.476869740534));
#1777=CARTESIAN_POINT('',(-27.6536171423154,-138.,45.8350998010262));
#1778=CARTESIAN_POINT('',(-27.6530416892665,-138.,45.8350760594201));
#1779=CARTESIAN_POINT('',(-25.6823964359761,112.,20.7726505407141));
#1780=CARTESIAN_POINT('',(-25.2461868028294,112.,22.1248777033258));
#1781=CARTESIAN_POINT('',(-24.373768519408,112.,24.8293322494586));
#1782=CARTESIAN_POINT('',(-23.0651374085061,112.,28.8860132402472));
#1783=CARTESIAN_POINT('',(-21.7565180920672,112.,32.94269688195));
#1784=CARTESIAN_POINT('',(-20.8840762197199,112.,35.6471461262542));
#1785=CARTESIAN_POINT('',(-20.4478731378341,112.,36.9993749568779));
#1786=CARTESIAN_POINT('',(-20.4477941877832,112.,36.9996737668143));
#1787=CARTESIAN_POINT('',(-27.652466212495,-138.,45.8350523078842));
#1788=CARTESIAN_POINT('',(-27.6509686968335,-137.53125,46.5540846622327));
#1789=CARTESIAN_POINT('',(-27.4185686447124,-136.28125,48.4712069045069));
#1790=CARTESIAN_POINT('',(-26.0611863392966,-134.25,51.3452108987105));
#1791=CARTESIAN_POINT('',(-23.3285284409543,-131.90625,53.7911265146948));
#1792=CARTESIAN_POINT('',(-19.8597270945309,-129.5625,54.9816472614021));
#1793=CARTESIAN_POINT('',(-16.2010052145225,-127.21875,54.7293050933764));
#1794=CARTESIAN_POINT('',(-12.9284919180511,-124.875,53.0738356378017));
#1795=CARTESIAN_POINT('',(-10.5575011113176,-122.53125,50.2759212397816));
#1796=CARTESIAN_POINT('',(-9.46138636379435,-120.1875,46.776141982854));
#1797=CARTESIAN_POINT('',(-9.81274992866137,-117.84375,43.1255987312813));
#1798=CARTESIAN_POINT('',(-11.5562635265568,-115.5,39.8991327512348));
#1799=CARTESIAN_POINT('',(-14.4173807419977,-113.15625,37.6048069971325));
#1800=CARTESIAN_POINT('',(-17.9455691118029,-110.8125,36.6039027991218));
#1801=CARTESIAN_POINT('',(-21.5852542651609,-108.46875,37.0540298599097));
#1802=CARTESIAN_POINT('',(-24.7633047314435,-106.125,38.884307877094));
#1803=CARTESIAN_POINT('',(-26.979281417509,-103.78125,41.8065278745));
#1804=CARTESIAN_POINT('',(-27.8842404110553,-101.4375,45.3605356975681));
#1805=CARTESIAN_POINT('',(-27.3356802436929,-99.09375,48.9866912553467));
#1806=CARTESIAN_POINT('',(-25.4199812154204,-96.75,52.1139935463804));
#1807=CARTESIAN_POINT('',(-22.4388033201914,-94.40625,54.249994656732));
#1808=CARTESIAN_POINT('',(-18.8615846547916,-92.0625000000001,55.0583442137584));
#1809=CARTESIAN_POINT('',(-15.2516202593342,-89.71875,54.4117535782285));
#1810=CARTESIAN_POINT('',(-12.1773615563189,-87.375,52.4120396453463));
#1811=CARTESIAN_POINT('',(-10.1229038279778,-85.03125,49.3740920110237));
#1812=CARTESIAN_POINT('',(-9.41175702903817,-82.6875,45.7762881507798));
#1813=CARTESIAN_POINT('',(-10.1559035408149,-80.34375,42.1851646002126));
#1814=CARTESIAN_POINT('',(-12.2381646056167,-78.,39.1662059644514));
#1815=CARTESIAN_POINT('',(-15.3306521518071,-75.65625,37.194799572282));
#1816=CARTESIAN_POINT('',(-18.9464004500531,-73.3124999999999,36.5813775070145));
#1817=CARTESIAN_POINT('',(-22.5160473021772,-70.96875,37.4225336979497));
#1818=CARTESIAN_POINT('',(-25.4774899812189,-68.625,39.585813533102));
#1819=CARTESIAN_POINT('',(-27.3643980420157,-66.28125,42.7305711321113));
#1820=CARTESIAN_POINT('',(-27.8796451271338,-63.9375,46.361609940456));
#1821=CARTESIAN_POINT('',(-26.9420966583918,-61.59375,49.9071600042946));
#1822=CARTESIAN_POINT('',(-24.6993858815332,-59.25,52.8089130533652));
#1823=CARTESIAN_POINT('',(-21.5046664545187,-56.90625,54.6099378086315));
#1824=CARTESIAN_POINT('',(-17.8610022870812,-54.5625,55.0266317267065));
#1825=CARTESIAN_POINT('',(-14.3421514145362,-52.21875,53.9933791326055));
#1826=CARTESIAN_POINT('',(-11.5022178570182,-49.875,51.6728835443077));
#1827=CARTESIAN_POINT('',(-9.78839834383829,-47.53125,48.4305471856502));
#1828=CARTESIAN_POINT('',(-9.47056344252989,-45.1875,44.7769320770302));
#1829=CARTESIAN_POINT('',(-10.5987617635436,-42.84375,41.2873632018122));
#1830=CARTESIAN_POINT('',(-12.9953389396367,-40.5,38.5113336224568));
#1831=CARTESIAN_POINT('',(-16.2829123831594,-38.15625,36.8859772800281));
#1832=CARTESIAN_POINT('',(-19.9437967111479,-35.8125,36.6672346835483));
#1833=CARTESIAN_POINT('',(-23.4015222757373,-33.46875,37.8895506436881));
#1834=CARTESIAN_POINT('',(-26.1116102952858,-31.125,40.3604503407065));
#1835=CARTESIAN_POINT('',(-27.6473104694991,-28.78125,43.6908478186884));
#1836=CARTESIAN_POINT('',(-27.7668002059811,-26.4375,47.3563143086872));
#1837=CARTESIAN_POINT('',(-26.4512637760331,-24.09375,50.7796586220605));
#1838=CARTESIAN_POINT('',(-23.9078551770452,-21.75,53.4218159006914));
#1839=CARTESIAN_POINT('',(-20.5370781474791,-19.40625,54.8667327160753));
#1840=CARTESIAN_POINT('',(-16.8697199160962,-17.0625,54.8868818881287));
#1841=CARTESIAN_POINT('',(-13.4832695589856,-14.71875,53.4790905807067));
#1842=CARTESIAN_POINT('',(-10.9109823418087,-12.375,50.8650399196106));
#1843=CARTESIAN_POINT('',(-9.55790944167009,-10.03125,47.4563574595776));
#1844=CARTESIAN_POINT('',(-9.63711562336281,-7.68749999999999,43.7897992959576));
#1845=CARTESIAN_POINT('',(-11.1361285016441,-5.34374999999999,40.4427285203129));
#1846=CARTESIAN_POINT('',(-13.8189025343254,-2.99999999999998,37.9421994011069));
#1847=CARTESIAN_POINT('',(-17.2629884814522,-0.656249999999995,36.6819635599913));
#1848=CARTESIAN_POINT('',(-20.9260553554045,1.68750000000001,36.8604669587795));
#1849=CARTESIAN_POINT('',(-24.2312898286518,4.03125000000002,38.4496011454632));
#1850=CARTESIAN_POINT('',(-26.6582254831921,6.37500000000001,41.1991294168486));
#1851=CARTESIAN_POINT('',(-27.8246992631028,8.71875000000002,44.6760909218421));
#1852=CARTESIAN_POINT('',(-27.5470296671663,11.0625,48.332977846799));
#1853=CARTESIAN_POINT('',(-25.8689405827961,13.40625,51.5939500042002));
#1854=CARTESIAN_POINT('',(-23.0546762026207,15.75,53.9455108443449));
#1855=CARTESIAN_POINT('',(-19.5473911993607,18.09375,55.0173663814093));
#1856=CARTESIAN_POINT('',(-15.8993683466989,20.4375,54.6407343954004));
#1857=CARTESIAN_POINT('',(-12.6850520304361,22.78125,52.8749221161836));
#1858=CARTESIAN_POINT('',(-10.4105920299564,25.125,49.9979872728744));
#1859=CARTESIAN_POINT('',(-9.43414146841033,27.46875,46.462953088134));
#1860=CARTESIAN_POINT('',(-9.90945939987881,29.8125,42.8264719249144));
#1861=CARTESIAN_POINT('',(-11.7616987830385,32.15625,39.6611707300989));
#1862=CARTESIAN_POINT('',(-14.6991924442478,34.5,37.4654810032063));
#1863=CARTESIAN_POINT('',(-18.2593811260246,36.84375,36.5851521234251));
#1864=CARTESIAN_POINT('',(-21.8816514541551,39.1875,37.1588071211124));
#1865=CARTESIAN_POINT('',(-24.9956142238879,41.53125,39.0961140805658));
#1866=CARTESIAN_POINT('',(-27.1109220599696,43.875,42.0920104647949));
#1867=CARTESIAN_POINT('',(-27.8944831042204,46.21875,45.6747404959808));
#1868=CARTESIAN_POINT('',(-27.2229120981091,48.5625,49.2801412740049));
#1869=CARTESIAN_POINT('',(-25.2019595288748,50.90625,52.3404799969787));
#1870=CARTESIAN_POINT('',(-22.1498593835983,53.25,54.373853324637));
#1871=CARTESIAN_POINT('',(-18.5472176957858,55.59375,55.0600714063437));
#1872=CARTESIAN_POINT('',(-14.9613328007814,57.9375,54.2910773191048));
#1873=CARTESIAN_POINT('',(-11.9568643866577,60.28125,52.1879625017545));
#1874=CARTESIAN_POINT('',(-10.0069180458171,62.625,49.0818988104771));
#1875=CARTESIAN_POINT('',(-9.41854660477703,64.96875,45.4619897738031));
#1876=CARTESIAN_POINT('',(-10.2843993381502,67.3125,41.898252770244));
#1877=CARTESIAN_POINT('',(-12.4681327355741,69.6562500000001,38.951859918738));
#1878=CARTESIAN_POINT('',(-15.6258801490309,72.0000000000001,37.0867718084243));
#1879=CARTESIAN_POINT('',(-19.2603995527168,74.34375,36.5966788675876));
#1880=CARTESIAN_POINT('',(-22.7993729127666,76.6875,37.5587547186957));
#1881=CARTESIAN_POINT('',(-25.6855275748449,79.03125,39.821503854811));
#1882=CARTESIAN_POINT('',(-27.4643884961287,81.375,43.0286172312223));
#1883=CARTESIAN_POINT('',(-27.8558432127923,83.71875,46.6750792961874));
#1884=CARTESIAN_POINT('',(-26.7982503992834,86.0625,50.1866914369628));
#1885=CARTESIAN_POINT('',(-24.4581463627253,88.40625,53.0104894971137));
#1886=CARTESIAN_POINT('',(-21.2040210167734,90.75,54.7018175608732));
#1887=CARTESIAN_POINT('',(-17.5482927620716,93.09375,54.9943467289954));
#1888=CARTESIAN_POINT('',(-14.0666193334375,95.4375,53.842013217042));
#1889=CARTESIAN_POINT('',(-11.3072505185092,97.78125,51.4262718961162));
#1890=CARTESIAN_POINT('',(-9.70469673240964,100.125,48.1275230804157));
#1891=CARTESIAN_POINT('',(-9.51130782670218,102.46875,44.4652119088225));
#1892=CARTESIAN_POINT('',(-10.7575362342926,104.8125,41.0160327104418));
#1893=CARTESIAN_POINT('',(-13.2471417064001,107.15625,38.3231184935238));
#1894=CARTESIAN_POINT('',(-16.5880927388167,109.5,36.8105152456684));
#1895=CARTESIAN_POINT('',(-19.1137013054603,111.114583333333,36.7456861873856));
#1896=CARTESIAN_POINT('',(-20.3694445538346,111.947916666667,36.9840250739358));
#1897=CARTESIAN_POINT('',(-20.4477152521507,112.,36.9999725554618));
#1898=CARTESIAN_POINT('',(-27.6536171897575,-138.,45.8350998208842));
#1899=CARTESIAN_POINT('',(-27.6533899444752,-137.918619791667,45.9599282788112));
#1900=CARTESIAN_POINT('',(-27.6477405044734,-137.755859375,46.2095992226188));
#1901=CARTESIAN_POINT('',(-27.615675029507,-137.430338541667,46.7080055710337));
#1902=CARTESIAN_POINT('',(-27.505238190932,-136.860677083333,47.5756265494817));
#1903=CARTESIAN_POINT('',(-27.1935105201863,-136.046875,48.7888869548658));
#1904=CARTESIAN_POINT('',(-26.5833893582184,-135.0703125,50.1627241221344));
#1905=CARTESIAN_POINT('',(-25.7540846940816,-134.09375,51.4164840633561));
#1906=CARTESIAN_POINT('',(-24.7285189919797,-133.1171875,52.5155195334741));
#1907=CARTESIAN_POINT('',(-23.535039416943,-132.140625,53.4294507310769));
#1908=CARTESIAN_POINT('',(-22.2066350629721,-131.1640625,54.1330155636108));
#1909=CARTESIAN_POINT('',(-20.7800217826056,-130.1875,54.6067706056732));
#1910=CARTESIAN_POINT('',(-19.2946398984417,-129.2109375,54.837607188074));
#1911=CARTESIAN_POINT('',(-17.7915171334793,-128.234375,54.8191963905573));
#1912=CARTESIAN_POINT('',(-16.3123096730986,-127.2578125,54.551854673978));
#1913=CARTESIAN_POINT('',(-14.4258931721822,-125.955729166667,53.8743013557565));
#1914=CARTESIAN_POINT('',(-12.3292847703904,-124.328125,52.4557623956831));
#1915=CARTESIAN_POINT('',(-10.5076103557178,-122.375,50.0247050997182));
#1916=CARTESIAN_POINT('',(-9.58039714458327,-120.421875,47.1318550864047));
#1917=CARTESIAN_POINT('',(-9.64940134629919,-118.46875,44.094818652405));
#1918=CARTESIAN_POINT('',(-10.7070599200932,-116.515625,41.247064557175));
#1919=CARTESIAN_POINT('',(-12.6372398614079,-114.5625,38.9012703260866));
#1920=CARTESIAN_POINT('',(-15.2280111751159,-112.609375,37.3150012432971));
#1921=CARTESIAN_POINT('',(-18.194910657976,-110.65625,36.662427233787));
#1922=CARTESIAN_POINT('',(-21.2121771075892,-108.703125,37.0152000137335));
#1923=CARTESIAN_POINT('',(-23.9485190130812,-106.75,38.3345856330761));
#1924=CARTESIAN_POINT('',(-26.1034899958916,-104.796875,40.4757174615047));
#1925=CARTESIAN_POINT('',(-27.4404773575716,-102.84375,43.203502320397));
#1926=CARTESIAN_POINT('',(-27.8126818198944,-100.890625,46.2184333777015));
#1927=CARTESIAN_POINT('',(-27.1792358711325,-98.9375,49.1894755638722));
#1928=CARTESIAN_POINT('',(-25.6096909603127,-96.984375,51.7904127439925));
#1929=CARTESIAN_POINT('',(-23.2763808485528,-95.03125,53.7356657775011));
#1930=CARTESIAN_POINT('',(-20.4354996113849,-93.078125,54.8116486948012));
#1931=CARTESIAN_POINT('',(-17.3989718997921,-91.125,54.9002201278015));
#1932=CARTESIAN_POINT('',(-14.5002040646799,-89.171875,53.9916550612621));
#1933=CARTESIAN_POINT('',(-12.057476621764,-87.21875,52.185712625403));
#1934=CARTESIAN_POINT('',(-10.3389975112802,-85.265625,49.6806826876881));
#1935=CARTESIAN_POINT('',(-9.53345325406944,-83.3125,46.7516139121748));
#1936=CARTESIAN_POINT('',(-9.72929144448848,-81.359375,43.7201138140071));
#1937=CARTESIAN_POINT('',(-10.9050093324764,-79.40625,40.9190367194098));
#1938=CARTESIAN_POINT('',(-12.9315147944108,-77.453125,38.655936842081));
#1939=CARTESIAN_POINT('',(-15.5863004615705,-75.5,37.1792992753583));
#1940=CARTESIAN_POINT('',(-18.5778747074035,-73.546875,36.6512566883593));
#1941=CARTESIAN_POINT('',(-21.5777670065261,-71.59375,37.1297873934119));
#1942=CARTESIAN_POINT('',(-24.2565935233355,-69.640625,38.5623494112154));
#1943=CARTESIAN_POINT('',(-26.3202229807585,-67.6875,40.7916495041754));
#1944=CARTESIAN_POINT('',(-27.542071849063,-65.734375,43.5729137463929));
#1945=CARTESIAN_POINT('',(-27.7879828897085,-63.78125,46.6007633467037));
#1946=CARTESIAN_POINT('',(-27.0309554261012,-61.828125,49.5427447982699));
#1947=CARTESIAN_POINT('',(-25.354109978832,-59.875,52.075832792791));
#1948=CARTESIAN_POINT('',(-22.9415617527359,-57.921875,53.9218979321551));
#1949=CARTESIAN_POINT('',(-20.0582050536924,-55.96875,54.8782449340829));
#1950=CARTESIAN_POINT('',(-17.0206282769659,-54.015625,54.8398682809581));
#1951=CARTESIAN_POINT('',(-14.1623529592958,-52.0625,53.8109816737885));
#1952=CARTESIAN_POINT('',(-11.7972135965478,-50.109375,51.9045553739296));
#1953=CARTESIAN_POINT('',(-10.1848990699744,-48.15625,49.3299122317805));
#1954=CARTESIAN_POINT('',(-9.50243918265159,-46.203125,46.3697443405604));
#1955=CARTESIAN_POINT('',(-9.82476704314374,-44.25,43.34907385334));
#1956=CARTESIAN_POINT('',(-11.1164915185618,-42.296875,40.5995660207234));
#1957=CARTESIAN_POINT('',(-13.2357831297677,-40.34375,38.4231128260307));
#1958=CARTESIAN_POINT('',(-15.9499467230496,-38.390625,37.0586856821656));
#1959=CARTESIAN_POINT('',(-18.9609710614479,-36.4375,36.6560967161095));
#1960=CARTESIAN_POINT('',(-21.9382500275459,-34.484375,37.2595496140581));
#1961=CARTESIAN_POINT('',(-24.5548826970013,-32.53125,38.8027861206103));
#1962=CARTESIAN_POINT('',(-26.5235665872264,-30.578125,41.1163610993785));
#1963=CARTESIAN_POINT('',(-27.6281430544455,-28.625,43.9462473638915));
#1964=CARTESIAN_POINT('',(-27.7473312001422,-26.671875,46.9817274952611));
#1965=CARTESIAN_POINT('',(-26.8680443383045,-24.71875,49.889510165375));
#1966=CARTESIAN_POINT('',(-25.0868268946214,-22.765625,52.3503250426737));
#1967=CARTESIAN_POINT('',(-22.5992539681781,-20.8125,54.0939782127848));
#1968=CARTESIAN_POINT('',(-19.6784574684405,-18.859375,54.9290190795321));
#1969=CARTESIAN_POINT('',(-16.64513662664,-16.90625,54.7637613634926));
#1970=CARTESIAN_POINT('',(-13.8323456840157,-14.953125,53.61635012287));
#1971=CARTESIAN_POINT('',(-11.5489250178393,-13.,51.6127694523472));
#1972=CARTESIAN_POINT('',(-10.0455909146721,-11.046875,48.9730096117046));
#1973=CARTESIAN_POINT('',(-9.48740728472179,-9.09374999999999,45.9869124134759));
#1974=CARTESIAN_POINT('',(-9.93566188323797,-7.14062499999999,42.9823470111384));
#1975=CARTESIAN_POINT('',(-11.3411370036285,-5.18749999999999,40.2892103402698));
#1976=CARTESIAN_POINT('',(-13.5495135104584,-3.23437499999999,38.2032049121615));
#1977=CARTESIAN_POINT('',(-16.3183148573231,-1.28125,36.9533711057638));
#1978=CARTESIAN_POINT('',(-19.3435306609428,0.67187500000001,36.6769388653442));
#1979=CARTESIAN_POINT('',(-22.292996601547,2.62500000000002,37.4042600510881));
#1980=CARTESIAN_POINT('',(-24.8428655847636,4.57812500000001,39.0554758487488));
#1981=CARTESIAN_POINT('',(-26.7131656841929,6.53125000000001,41.4492851519492));
#1982=CARTESIAN_POINT('',(-27.6985406539925,8.48437500000001,44.322851161441));
#1983=CARTESIAN_POINT('',(-27.6907977476576,10.4375,47.3606604855127));
#1984=CARTESIAN_POINT('',(-26.6907871251051,12.390625,50.2291660540616));
#1985=CARTESIAN_POINT('',(-24.8083085063439,14.34375,52.6134101044727));
#1986=CARTESIAN_POINT('',(-22.2500553210247,16.296875,54.2516060884195));
#1987=CARTESIAN_POINT('',(-19.2969200688123,18.25,54.9638824562396));
#1988=CARTESIAN_POINT('',(-16.2731527291856,20.203125,54.6720322929346));
#1989=CARTESIAN_POINT('',(-13.5107585826641,22.15625,53.4081003243231));
#1990=CARTESIAN_POINT('',(-11.3130445111968,24.109375,51.3108644524937));
#1991=CARTESIAN_POINT('',(-9.92131634120645,26.0625,48.610598142873));
#1992=CARTESIAN_POINT('',(-9.48838381285742,28.015625,45.6037867307772));
#1993=CARTESIAN_POINT('',(-10.0617822915979,29.96875,42.6205737604055));
#1994=CARTESIAN_POINT('',(-11.578553453787,31.921875,39.9885117011891));
#1995=CARTESIAN_POINT('',(-13.8721580195707,33.875,37.9965971603943));
#1996=CARTESIAN_POINT('',(-16.6907615249399,35.828125,36.8635394736304));
#1997=CARTESIAN_POINT('',(-19.7248853816416,37.78125,36.7137467361266));
#1998=CARTESIAN_POINT('',(-22.6413871785601,39.734375,37.5636659738108));
#1999=CARTESIAN_POINT('',(-25.1200392366237,41.6875,39.3199772836505));
#2000=CARTESIAN_POINT('',(-26.888689144811,43.640625,41.7898402240351));
#2001=CARTESIAN_POINT('',(-27.7531417012577,45.59375,44.7020674163511));
#2002=CARTESIAN_POINT('',(-27.6184812655515,47.546875,47.7369005269312));
#2003=CARTESIAN_POINT('',(-26.4994933587694,49.5,50.561119269608));
#2004=CARTESIAN_POINT('',(-24.5190412346477,51.453125,52.8646285111953));
#2005=CARTESIAN_POINT('',(-21.894575672024,53.40625,54.3945062686048));
#2006=CARTESIAN_POINT('',(-18.9142591938257,55.359375,54.9827741767846));
#2007=CARTESIAN_POINT('',(-15.9053262388319,57.3125,54.5648412702471));
#2008=CARTESIAN_POINT('',(-13.198153293585,59.265625,53.1865959776605));
#2009=CARTESIAN_POINT('',(-11.089984032002,61.21875,50.9993676387503));
#2010=CARTESIAN_POINT('',(-9.81229238989233,63.171875,48.2433107616709));
#2011=CARTESIAN_POINT('',(-9.50536706159316,65.125,45.2210364053518));
#2012=CARTESIAN_POINT('',(-10.2029080042358,67.078125,42.2643859229054));
#2013=CARTESIAN_POINT('',(-11.8283262311941,69.03125,39.6979952610053));
#2014=CARTESIAN_POINT('',(-14.2031531720421,70.9843750000001,37.8036504024761));
#2015=CARTESIAN_POINT('',(-17.0666362634631,72.9375,36.7893476729317));
#2016=CARTESIAN_POINT('',(-20.1043692035662,74.890625,36.7664560450598));
#2017=CARTESIAN_POINT('',(-22.9828133090989,76.84375,37.7374889864841));
#2018=CARTESIAN_POINT('',(-25.3859195804575,78.796875,39.595828484701));
#2019=CARTESIAN_POINT('',(-27.0498304247447,80.75,42.137431550475));
#2020=CARTESIAN_POINT('',(-27.7918508377922,82.7031250000001,45.0832338435847));
#2021=CARTESIAN_POINT('',(-27.5305080515804,84.65625,48.1097905313692));
#2022=CARTESIAN_POINT('',(-26.2944971255791,86.6093750000001,50.884790072457));
#2023=CARTESIAN_POINT('',(-24.2195302735269,88.5625,53.1035415101283));
#2024=CARTESIAN_POINT('',(-21.5334358481737,90.515625,54.5224292227518));
#2025=CARTESIAN_POINT('',(-18.5311431567499,92.46875,54.9856611036488));
#2026=CARTESIAN_POINT('',(-15.5422995037336,94.4218750000001,54.4423760371705));
#2027=CARTESIAN_POINT('',(-12.8950759379667,96.375,52.9522219263153));
#2028=CARTESIAN_POINT('',(-10.8801325145311,98.3281250000001,50.6788305084319));
#2029=CARTESIAN_POINT('',(-9.71871182314342,100.28125,47.8717609997184));
#2030=CARTESIAN_POINT('',(-9.56838411651563,101.908854166667,45.344821912177));
#2031=CARTESIAN_POINT('',(-9.94810431548742,103.2109375,43.3767115783288));
#2032=CARTESIAN_POINT('',(-10.4728701378377,104.1875,41.9681140031838));
#2033=CARTESIAN_POINT('',(-11.2239318258878,105.1640625,40.6659529607871));
#2034=CARTESIAN_POINT('',(-12.1803083783822,106.140625,39.506216525064));
#2035=CARTESIAN_POINT('',(-13.3156245831821,107.1171875,38.5209616943128));
#2036=CARTESIAN_POINT('',(-14.598482159849,108.09375,37.7374214669793));
#2037=CARTESIAN_POINT('',(-15.9934321141468,109.0703125,37.1772525559695));
#2038=CARTESIAN_POINT('',(-17.2171507792637,109.884114583333,36.9094936129104));
#2039=CARTESIAN_POINT('',(-18.2126142461536,110.53515625,36.8191225332649));
#2040=CARTESIAN_POINT('',(-18.9622471468826,111.0234375,36.8136011184761));
#2041=CARTESIAN_POINT('',(-19.5851775788118,111.430338541667,36.8609561951961));
#2042=CARTESIAN_POINT('',(-20.01800788994,111.715169270833,36.9211979461899));
#2043=CARTESIAN_POINT('',(-20.2641242886265,111.8779296875,36.9633175292306));
#2044=CARTESIAN_POINT('',(-20.3867022479401,111.959309895833,36.9869301664001));
#2045=CARTESIAN_POINT('',(-20.4478731378341,112.,36.9993749568779));
#2046=CARTESIAN_POINT('',(-29.0653734731336,-138.,45.9955371462307));
#2047=CARTESIAN_POINT('',(-29.0629204858403,-137.918619791667,46.1399568897753));
#2048=CARTESIAN_POINT('',(-29.0520061481565,-137.755859375,46.4286843958985));
#2049=CARTESIAN_POINT('',(-29.0061662387147,-137.430338541667,47.0047390958051));
#2050=CARTESIAN_POINT('',(-28.8631829051691,-136.860677083333,48.0065450823573));
#2051=CARTESIAN_POINT('',(-28.4812678891784,-136.046875,49.4046832656869));
#2052=CARTESIAN_POINT('',(-27.751323553234,-135.0703125,50.9833677366934));
#2053=CARTESIAN_POINT('',(-26.7699143161593,-134.09375,52.4192878568371));
#2054=CARTESIAN_POINT('',(-25.5641655857983,-133.1171875,53.672766434956));
#2055=CARTESIAN_POINT('',(-24.1674052259923,-132.140625,54.7091534368155));
#2056=CARTESIAN_POINT('',(-22.6182411670964,-131.1640625,55.499802241451));
#2057=CARTESIAN_POINT('',(-20.9594907747147,-130.1875,56.0228627799002));
#2058=CARTESIAN_POINT('',(-19.2370124698325,-129.2109375,56.2638616666336));
#2059=CARTESIAN_POINT('',(-17.4983811780764,-128.234375,56.2161961991933));
#2060=CARTESIAN_POINT('',(-15.7917861874343,-127.2578125,55.8809648955436));
#2061=CARTESIAN_POINT('',(-13.6212775692237,-125.955729166667,55.0640130969571));
#2062=CARTESIAN_POINT('',(-11.2206166835289,-124.328125,53.3861438974715));
#2063=CARTESIAN_POINT('',(-9.15577151336722,-122.375,50.5417128789083));
#2064=CARTESIAN_POINT('',(-8.13382765899927,-120.421875,47.1787285705116));
#2065=CARTESIAN_POINT('',(-8.26692973172577,-118.46875,43.6664095570938));
#2066=CARTESIAN_POINT('',(-9.54048028993763,-116.515625,40.3904120218833));
#2067=CARTESIAN_POINT('',(-11.8146407762932,-114.5625,37.7104334421824));
#2068=CARTESIAN_POINT('',(-14.8397128772224,-112.609375,35.9207322099062));
#2069=CARTESIAN_POINT('',(-18.2835477247669,-110.65625,35.2178147657277));
#2070=CARTESIAN_POINT('',(-21.7680173210913,-108.703125,35.6788604728796));
#2071=CARTESIAN_POINT('',(-24.9105319207732,-106.75,37.2532471676145));
#2072=CARTESIAN_POINT('',(-27.366047972169,-104.796875,39.7681094711313));
#2073=CARTESIAN_POINT('',(-28.8649533626449,-102.84375,42.9473191389755));
#2074=CARTESIAN_POINT('',(-29.2426704486912,-100.890625,46.4418035480376));
#2075=CARTESIAN_POINT('',(-28.457726440444,-98.9375,49.8678733643271));
#2076=CARTESIAN_POINT('',(-26.5963070547518,-96.9843750000002,52.8493510772657));
#2077=CARTESIAN_POINT('',(-23.8627934479239,-95.0312499999998,55.0588747461754));
#2078=CARTESIAN_POINT('',(-20.5573214604247,-93.0781250000001,56.2538418679156));
#2079=CARTESIAN_POINT('',(-17.0428271356707,-91.1250000000001,56.3030467808382));
#2080=CARTESIAN_POINT('',(-13.7051968673944,-89.1718749999999,55.2010868566707));
#2081=CARTESIAN_POINT('',(-10.9108976317319,-87.21875,53.0689557012877));
#2082=CARTESIAN_POINT('',(-8.96673944327322,-85.2656250000001,50.1407582317793));
#2083=CARTESIAN_POINT('',(-8.08618805921385,-83.3125,46.7380062951534));
#2084=CARTESIAN_POINT('',(-8.36592674795363,-81.359375,43.2343171325407));
#2085=CARTESIAN_POINT('',(-9.77524060606364,-79.40625,40.0143907465005));
#2086=CARTESIAN_POINT('',(-12.1593890102598,-77.4531249999999,37.4317703971354));
#2087=CARTESIAN_POINT('',(-15.2565959140306,-75.5000000000001,35.7700240634806));
#2088=CARTESIAN_POINT('',(-18.7267924789327,-73.546875,35.2116090895338));
#2089=CARTESIAN_POINT('',(-22.1889561411946,-71.5937499999999,35.8178386317811));
#2090=CARTESIAN_POINT('',(-25.2629463381394,-69.6406250000001,37.522149563293));
#2091=CARTESIAN_POINT('',(-27.6112433921524,-67.6875,40.1374110087889));
#2092=CARTESIAN_POINT('',(-28.9760076831201,-65.734375,43.3764710440899));
#2093=CARTESIAN_POINT('',(-29.2073900657967,-63.78125,46.8836855620752));
#2094=CARTESIAN_POINT('',(-28.2799850892199,-61.828125,50.273967481268));
#2095=CARTESIAN_POINT('',(-26.2956204784823,-59.875,53.1750687504132));
#2096=CARTESIAN_POINT('',(-23.4721765977931,-57.921875,55.2684526461144));
#2097=CARTESIAN_POINT('',(-20.1196635016142,-55.96875,56.324268644352));
#2098=CARTESIAN_POINT('',(-16.6061822790604,-54.015625,56.2265896755797));
#2099=CARTESIAN_POINT('',(-13.3175080867058,-52.0625,54.9861407492926));
#2100=CARTESIAN_POINT('',(-10.6147325943579,-50.1093750000001,52.7391213634962));
#2101=CARTESIAN_POINT('',(-8.7946166419648,-48.15625,49.7322509968145));
#2102=CARTESIAN_POINT('',(-8.05700632860788,-46.203125,46.2956796665768));
#2103=CARTESIAN_POINT('',(-8.48289019986408,-44.25,42.8067379344198));
#2104=CARTESIAN_POINT('',(-10.0255068226388,-42.296875,39.6485065563663));
#2105=CARTESIAN_POINT('',(-12.5154791228877,-40.3437499999999,37.1677547698753));
#2106=CARTESIAN_POINT('',(-15.6794117433693,-38.390625,35.6368655331134));
#2107=CARTESIAN_POINT('',(-19.1699094584528,-36.4375,35.2239282701024));
#2108=CARTESIAN_POINT('',(-22.603720667439,-34.484375,35.9742828950766));
#2109=CARTESIAN_POINT('',(-25.603817866014,-32.53125,37.8055415554761));
#2110=CARTESIAN_POINT('',(-27.8407947209097,-30.578125,40.5166346989969));
#2111=CARTESIAN_POINT('',(-29.0690344088699,-28.625,43.8098882196206));
#2112=CARTESIAN_POINT('',(-29.1536779885993,-26.671875,47.3237076439212));
#2113=CARTESIAN_POINT('',(-28.0854317174661,-24.71875,50.6722806812604));
#2114=CARTESIAN_POINT('',(-25.9815874910018,-22.765625,53.487938855286));
#2115=CARTESIAN_POINT('',(-23.0731443624157,-20.8125,55.4615269708665));
#2116=CARTESIAN_POINT('',(-19.6794451806509,-18.859375,56.3763479073752));
#2117=CARTESIAN_POINT('',(-16.173113207451,-16.90625,56.1319556491181));
#2118=CARTESIAN_POINT('',(-12.9391386221516,-14.953125,54.7551841125794));
#2119=CARTESIAN_POINT('',(-10.3326071568188,-13.,52.3972008212022));
#2120=CARTESIAN_POINT('',(-8.63971219643601,-11.046875,49.3169089299535));
#2121=CARTESIAN_POINT('',(-8.04633115916488,-9.09375000000001,45.8525200333673));
#2122=CARTESIAN_POINT('',(-8.61761642467194,-7.14062499999998,42.3844190216323));
#2123=CARTESIAN_POINT('',(-10.2908416970725,-5.18749999999997,39.2933983698116));
#2124=CARTESIAN_POINT('',(-12.8822892614967,-3.23437500000001,36.9188476748327));
#2125=CARTESIAN_POINT('',(-16.1074219234639,-1.28124999999998,35.5214891686161));
#2126=CARTESIAN_POINT('',(-19.6121247813024,0.671874999999992,35.2547507940999));
#2127=CARTESIAN_POINT('',(-23.0115865301864,2.62500000000001,36.1479200390136));
#2128=CARTESIAN_POINT('',(-25.9325511868379,4.57812500000002,38.1029282120853));
#2129=CARTESIAN_POINT('',(-28.0543010566412,6.53125000000002,40.9051182435019));
#2130=CARTESIAN_POINT('',(-29.1438710726472,8.48437500000002,44.2468137207116));
#2131=CARTESIAN_POINT('',(-29.081628022978,10.4375,47.7611013135178));
#2132=CARTESIAN_POINT('',(-27.8744061044633,12.390625,51.0621173270568));
#2133=CARTESIAN_POINT('',(-25.6547565377125,14.34375,53.7874149774071));
#2134=CARTESIAN_POINT('',(-22.6663936348042,16.2968750000001,55.6377605242457));
#2135=CARTESIAN_POINT('',(-19.2374353203132,18.25,56.4099887027433));
#2136=CARTESIAN_POINT('',(-15.7443762577583,20.203125,56.0193099757996));
#2137=CARTESIAN_POINT('',(-12.5707492800851,22.15625,54.5086203025816));
#2138=CARTESIAN_POINT('',(-10.0650140393237,24.109375,52.0437912242502));
#2139=CARTESIAN_POINT('',(-8.5022966407844,26.0625,48.8954574086439));
#2140=CARTESIAN_POINT('',(-8.05418119461935,28.015625,45.4093013551822));
#2141=CARTESIAN_POINT('',(-8.76987012869311,29.96875,41.9680979563943));
#2142=CARTESIAN_POINT('',(-10.5707818331685,31.921875,38.9496863683456));
#2143=CARTESIAN_POINT('',(-13.2591788076103,33.875,36.6854838177783));
#2144=CARTESIAN_POINT('',(-16.539878952539,35.828125,35.424096469956));
#2145=CARTESIAN_POINT('',(-20.0526661370238,37.78125,35.3040228312848));
#2146=CARTESIAN_POINT('',(-23.4118414088641,39.734375,36.3384468136244));
#2147=CARTESIAN_POINT('',(-26.2485721816949,41.6875,38.4137901598343));
#2148=CARTESIAN_POINT('',(-28.2513895195137,43.640625,41.3021831721367));
#2149=CARTESIAN_POINT('',(-29.2003869753668,45.59375,44.6864844753547));
#2150=CARTESIAN_POINT('',(-28.991366001167,47.546875,48.1951026812205));
#2151=CARTESIAN_POINT('',(-27.6472767975678,49.5,51.4427965853542));
#2152=CARTESIAN_POINT('',(-25.3156984151249,51.453125,54.0729740943277));
#2153=CARTESIAN_POINT('',(-22.2526347879942,53.40625,55.7968455217643));
#2154=CARTESIAN_POINT('',(-18.7944058722279,55.359375,56.4251322782224));
#2155=CARTESIAN_POINT('',(-15.3207202010298,57.3125,55.888849386554));
#2156=CARTESIAN_POINT('',(-12.2129834369949,59.2656250000001,54.2468799326213));
#2157=CARTESIAN_POINT('',(-9.8124205819947,61.21875,51.6795097876331));
#2158=CARTESIAN_POINT('',(-8.3826099654978,63.1718750000001,48.4686324802395));
#2159=CARTESIAN_POINT('',(-8.08054272521445,65.1249999999999,44.9667976947974));
#2160=CARTESIAN_POINT('',(-8.93938540723824,67.0781250000001,41.5585018259334));
#2161=CARTESIAN_POINT('',(-10.864838327255,69.03125,38.6179708305203));
#2162=CARTESIAN_POINT('',(-13.6454895394905,70.984375,36.4680707588715));
#2163=CARTESIAN_POINT('',(-16.9760275625862,72.9375,35.3448575293839));
#2164=CARTESIAN_POINT('',(-20.4907641386703,74.890625,35.3716583301179));
#2165=CARTESIAN_POINT('',(-23.8037862751651,76.84375,36.5455304719079));
#2166=CARTESIAN_POINT('',(-26.5513289332104,78.796875,38.7375844914243));
#2167=CARTESIAN_POINT('',(-28.4317159028229,80.7500000000001,41.7071360276501));
#2168=CARTESIAN_POINT('',(-29.238483414361,82.703125,45.1281326172814));
#2169=CARTESIAN_POINT('',(-28.8830495620689,84.6562500000001,48.6249537811219));
#2170=CARTESIAN_POINT('',(-27.4044404682654,86.609375,51.8136536187357));
#2171=CARTESIAN_POINT('',(-24.9650052750827,88.5625,54.3441174782662));
#2172=CARTESIAN_POINT('',(-21.8325904303185,90.515625,55.9385041684575));
#2173=CARTESIAN_POINT('',(-18.3511305839448,92.46875,56.421752035827));
#2174=CARTESIAN_POINT('',(-14.9028848778136,94.421875,55.7408022864931));
#2175=CARTESIAN_POINT('',(-11.8664661283529,96.3750000000001,53.9704180268898));
#2176=CARTESIAN_POINT('',(-9.57526713570449,98.328125,51.3050005297927));
#2177=CARTESIAN_POINT('',(-8.28086415774361,100.28125,48.0371504059311));
#2178=CARTESIAN_POINT('',(-8.15127624872723,101.908854166667,45.1111006779604));
#2179=CARTESIAN_POINT('',(-8.62509342280491,103.2109375,42.8408769885812));
#2180=CARTESIAN_POINT('',(-9.25689984401981,104.1875,41.2204814845271));
#2181=CARTESIAN_POINT('',(-10.1486393708152,105.1640625,39.7271939137621));
#2182=CARTESIAN_POINT('',(-11.2754083605216,106.140625,38.4022771352999));
#2183=CARTESIAN_POINT('',(-12.6061306659372,107.1171875,37.2823560528476));
#2184=CARTESIAN_POINT('',(-14.1040057893986,108.09375,36.3983851402911));
#2185=CARTESIAN_POINT('',(-15.727636963688,109.0703125,35.7747980074301));
#2186=CARTESIAN_POINT('',(-17.1480583516424,109.884114583333,35.4864925923573));
#2187=CARTESIAN_POINT('',(-18.3012791349602,110.53515625,35.3994054240913));
#2188=CARTESIAN_POINT('',(-19.1686215251457,111.0234375,35.4061662892736));
#2189=CARTESIAN_POINT('',(-19.888462592813,111.430338541667,35.471878608028));
#2190=CARTESIAN_POINT('',(-20.3881469122957,111.715169270833,35.5491650701934));
#2191=CARTESIAN_POINT('',(-20.6721250866421,111.8779296875,35.6022071699589));
#2192=CARTESIAN_POINT('',(-20.8135364603308,111.959309895833,35.6316781649697));
#2193=CARTESIAN_POINT('',(-20.8840762197199,112.,35.6471461262542));
#2194=CARTESIAN_POINT('',(-31.8888848439974,-138.,46.3164484645815));
#2195=CARTESIAN_POINT('',(-31.8819834419113,-137.918619791667,46.4999765728204));
#2196=CARTESIAN_POINT('',(-31.8605321645941,-137.755859375,46.866932461063));
#2197=CARTESIAN_POINT('',(-31.7871495033566,-137.430338541667,47.5981853194376));
#2198=CARTESIAN_POINT('',(-31.5790762798787,-136.860677083334,48.868377720458));
#2199=CARTESIAN_POINT('',(-31.0567653040576,-136.046875,50.63632399217));
#2200=CARTESIAN_POINT('',(-30.0871743608076,-135.0703125,52.6246830636363));
#2201=CARTESIAN_POINT('',(-28.8015495649305,-134.09375,54.4249246546858));
#2202=CARTESIAN_POINT('',(-27.2354308015929,-133.1171875,55.9872838839462));
#2203=CARTESIAN_POINT('',(-25.4321052156339,-132.140625,57.2685778612044));
#2204=CARTESIAN_POINT('',(-23.4414190045447,-131.1640625,58.2333889805664));
#2205=CARTESIAN_POINT('',(-21.3183928889733,-130.1875,58.8550548103823));
#2206=CARTESIAN_POINT('',(-19.1217200223163,-129.2109375,59.1163716708839));
#2207=CARTESIAN_POINT('',(-16.9120755530884,-128.234375,59.010192786375));
#2208=CARTESIAN_POINT('',(-14.7506932928322,-127.2578125,58.5391686897941));
#2209=CARTESIAN_POINT('',(-12.012070534933,-125.955729166667,57.4434502718994));
#2210=CARTESIAN_POINT('',(-9.00323507801304,-124.328125,55.2468694526706));
#2211=CARTESIAN_POINT('',(-6.45208285376068,-122.375,51.5756976259275));
#2212=CARTESIAN_POINT('',(-5.24068309855536,-120.421875,47.2724376269903));
#2213=CARTESIAN_POINT('',(-5.50199502513342,-118.46875,42.809555104419));
#2214=CARTESIAN_POINT('',(-7.20734055450712,-116.515625,38.6770750912625));
#2215=CARTESIAN_POINT('',(-10.16947157192,-114.5625,35.328736043896));
#2216=CARTESIAN_POINT('',(-14.0631513517885,-112.609375,33.1321812485482));
#2217=CARTESIAN_POINT('',(-18.4608592243457,-110.65625,32.3285891103864));
#2218=CARTESIAN_POINT('',(-22.8797332957951,-108.703125,33.0061929199361));
#2219=CARTESIAN_POINT('',(-26.8345875654787,-106.75,35.0905927492988));
#2220=CARTESIAN_POINT('',(-29.8911847596459,-104.796875,38.3529245145296));
#2221=CARTESIAN_POINT('',(-31.7139149258848,-102.84375,42.4349889055292));
#2222=CARTESIAN_POINT('',(-32.1026449285759,-100.890625,46.8885811563699));
#2223=CARTESIAN_POINT('',(-31.01469277556,-98.9375000000001,51.2247032792357));
#2224=CARTESIAN_POINT('',(-28.5695140397236,-96.984375,54.9672553365188));
#2225=CARTESIAN_POINT('',(-25.0355858097155,-95.0312500000001,57.7053105252995));
#2226=CARTESIAN_POINT('',(-20.800928293957,-93.0781250000001,59.1382343459882));
#2227=CARTESIAN_POINT('',(-16.3305007629597,-91.125,59.1086938355558));
#2228=CARTESIAN_POINT('',(-12.1151496939022,-89.1718750000002,57.6199324993224));
#2229=CARTESIAN_POINT('',(-8.61771453737251,-87.21875,54.8354141787644));
#2230=CARTESIAN_POINT('',(-6.22220861510268,-85.2656250000001,51.0608749581392));
#2231=CARTESIAN_POINT('',(-5.19165501266299,-83.3125,46.7107537846366));
#2232=CARTESIAN_POINT('',(-5.63920702507749,-81.359375,42.2626876713863));
#2233=CARTESIAN_POINT('',(-7.51572408869285,-79.4062500000001,38.205067844243));
#2234=CARTESIAN_POINT('',(-10.6151673439894,-77.4531250000001,34.9834150915629));
#2235=CARTESIAN_POINT('',(-14.5972224043615,-75.5,32.9514622260089));
#2236=CARTESIAN_POINT('',(-19.0246653835514,-73.546875,32.332314733342));
#2237=CARTESIAN_POINT('',(-23.4113694459992,-71.5937500000002,33.1939541127632));
#2238=CARTESIAN_POINT('',(-27.2756808302765,-69.640625,35.4417736066289));
#2239=CARTESIAN_POINT('',(-30.1933037354684,-67.6875,38.8289658856064));
#2240=CARTESIAN_POINT('',(-31.8438873864349,-65.734375,42.9836221364674));
#2241=CARTESIAN_POINT('',(-32.0462000855928,-63.78125,47.4495671118811));
#2242=CARTESIAN_POINT('',(-30.7780281911851,-61.828125,51.7364465127857));
#2243=CARTESIAN_POINT('',(-28.1786151430212,-59.875,55.3735671812116));
#2244=CARTESIAN_POINT('',(-24.5333727341738,-57.9218750000001,57.9615785282514));
#2245=CARTESIAN_POINT('',(-20.2425433089056,-55.96875,59.2163206511224));
#2246=CARTESIAN_POINT('',(-15.7772537321445,-54.015625,59.0000246795078));
#2247=CARTESIAN_POINT('',(-11.6277863411305,-52.0625,57.3364395982551));
#2248=CARTESIAN_POINT('',(-8.24974665388716,-50.109375,54.4082246431889));
#2249=CARTESIAN_POINT('',(-6.0140385423083,-48.15625,50.5368935812054));
#2250=CARTESIAN_POINT('',(-5.16613952346832,-46.203125,46.1475129636792));
#2251=CARTESIAN_POINT('',(-5.7991476832928,-44.25,41.7220304339144));
#2252=CARTESIAN_POINT('',(-7.84355964137273,-42.296875,37.746357572961));
#2253=CARTESIAN_POINT('',(-11.0749019216101,-40.34375,34.6570175108091));
#2254=CARTESIAN_POINT('',(-15.1383778152268,-38.390625,32.7932153180723));
#2255=CARTESIAN_POINT('',(-19.5878235462414,-36.4375,32.3595937798354));
#2256=CARTESIAN_POINT('',(-23.9346964087616,-34.484375,33.4037639138365));
#2257=CARTESIAN_POINT('',(-27.7017160495067,-32.53125,35.8110773495794));
#2258=CARTESIAN_POINT('',(-30.4752691602815,-30.578125,39.3172145535928));
#2259=CARTESIAN_POINT('',(-31.9508236210033,-28.625,43.5372067319159));
#2260=CARTESIAN_POINT('',(-31.9663656860256,-26.671875,48.0077048468777));
#2261=CARTESIAN_POINT('',(-30.5201888590882,-24.71875,52.2378546712798));
#2262=CARTESIAN_POINT('',(-27.7710812641366,-22.765625,55.7631918726046));
#2263=CARTESIAN_POINT('',(-24.0208909389755,-20.8125,58.1966395249534));
#2264=CARTESIAN_POINT('',(-19.6813833572848,-18.859375,59.2710085956731));
#2265=CARTESIAN_POINT('',(-15.2290301751689,-16.90625,58.8683349146919));
#2266=CARTESIAN_POINT('',(-11.1526933324398,-14.953125,57.0328314697819));
#2267=CARTESIAN_POINT('',(-7.89994871869528,-13.,53.9660338844475));
#2268=CARTESIAN_POINT('',(-5.82794298797437,-11.046875,50.0046720979498));
#2269=CARTESIAN_POINT('',(-5.16417937270281,-9.09374999999999,45.5836979050033));
#2270=CARTESIAN_POINT('',(-5.98153815781444,-7.140625,41.1885278777957));
#2271=CARTESIAN_POINT('',(-8.19027453087646,-5.18750000000001,37.3017453284403));
#2272=CARTESIAN_POINT('',(-11.5478724326926,-3.23437499999999,34.3501133592779));
#2273=CARTESIAN_POINT('',(-15.6856724698444,-1.28125,32.657716891483));
#2274=CARTESIAN_POINT('',(-20.149350182886,0.671875000000028,32.4103786094519));
#2275=CARTESIAN_POINT('',(-24.4488002148853,2.62500000000002,33.6352558988192));
#2276=CARTESIAN_POINT('',(-28.1119491707596,4.57812500000002,36.1978590047904));
#2277=CARTESIAN_POINT('',(-30.7365885932851,6.53125000000002,39.8168178127059));
#2278=CARTESIAN_POINT('',(-32.0345368699674,8.48437500000002,44.0947758796715));
#2279=CARTESIAN_POINT('',(-31.8632811572915,10.4375,48.562019597283));
#2280=CARTESIAN_POINT('',(-30.2416250848166,12.390625,52.728052066463));
#2281=CARTESIAN_POINT('',(-27.3476241438466,14.34375,56.1354489475631));
#2282=CARTESIAN_POINT('',(-23.4990354520151,16.296875,58.4100829912643));
#2283=CARTESIAN_POINT('',(-19.118428481347,18.25,59.3022026694452));
#2284=CARTESIAN_POINT('',(-14.6867875414108,20.203125,58.7138545317421));
#2285=CARTESIAN_POINT('',(-10.6907003977861,22.15625,56.7096383527283));
#2286=CARTESIAN_POINT('',(-7.56893163917515,24.109375,53.5096141700979));
#2287=CARTESIAN_POINT('',(-5.6642469601588,26.0625,49.4651400108053));
#2288=CARTESIAN_POINT('',(-5.18577798368705,28.015625,45.0202932878901));
#2289=CARTESIAN_POINT('',(-6.18605991135135,29.96875,40.6631117428023));
#2290=CARTESIAN_POINT('',(-8.55526323423405,31.921875,36.872007607263));
#2291=CARTESIAN_POINT('',(-12.0332528541365,33.875,34.0632386321588));
#2292=CARTESIAN_POINT('',(-16.2381505411226,35.828125,32.5452035885433));
#2293=CARTESIAN_POINT('',(-20.7082646108376,37.78125,32.4845805286232));
#2294=CARTESIAN_POINT('',(-24.9527830036972,39.734375,33.8880257766966));
#2295=CARTESIAN_POINT('',(-28.5056637391471,41.6875,36.6014430743723));
#2296=CARTESIAN_POINT('',(-30.9768056510812,43.640625,40.3269031268691));
#2297=CARTESIAN_POINT('',(-32.0948809316596,45.5937500000001,44.655355808673));
#2298=CARTESIAN_POINT('',(-31.7371265321835,47.546875,49.1115432757036));
#2299=CARTESIAN_POINT('',(-29.9428233682839,49.5,53.2061825892057));
#2300=CARTESIAN_POINT('',(-26.908983332198,51.453125,56.4896882747661));
#2301=CARTESIAN_POINT('',(-22.9687176719489,53.40625,58.6015361571486));
#2302=CARTESIAN_POINT('',(-18.5546618581,55.359375,59.3098483933011));
#2303=CARTESIAN_POINT('',(-14.1514728348203,57.3125000000001,58.5368533241488));
#2304=CARTESIAN_POINT('',(-10.2426143883941,59.265625,56.3674246902771));
#2305=CARTESIAN_POINT('',(-7.25727352273124,61.2187500000001,53.0397626179708));
#2306=CARTESIAN_POINT('',(-5.52323634708779,63.171875,48.919239589866));
#2307=CARTESIAN_POINT('',(-5.23089763535573,65.1250000000001,44.4582830748018));
#2308=CARTESIAN_POINT('',(-6.41235575526433,67.078125,40.1466996461119));
#2309=CARTESIAN_POINT('',(-8.93788831402872,69.0312500000001,36.4578949282817));
#2310=CARTESIAN_POINT('',(-12.5301954894546,70.9843750000001,33.7968943440951));
#2311=CARTESIAN_POINT('',(-16.7948471493497,72.9375000000001,32.4558719090033));
#2312=CARTESIAN_POINT('',(-21.2635907095587,74.890625,32.5820699468204));
#2313=CARTESIAN_POINT('',(-25.4457645904592,76.8437500000001,34.1616320955031));
#2314=CARTESIAN_POINT('',(-28.882172148735,78.7968750000001,37.021124715753));
#2315=CARTESIAN_POINT('',(-31.195500804695,80.75,40.8465796534362));
#2316=CARTESIAN_POINT('',(-32.1317504176721,82.7031250000001,45.2179674900387));
#2317=CARTESIAN_POINT('',(-31.5881221346063,84.65625,49.6553161607268));
#2318=CARTESIAN_POINT('',(-29.6243055535255,86.6093750000001,53.6714112099819));
#2319=CARTESIAN_POINT('',(-26.4559248991285,88.5625,56.8252911702803));
#2320=CARTESIAN_POINT('',(-22.4308637682144,90.5156250000001,58.7706647317863));
#2321=CARTESIAN_POINT('',(-17.9910681130513,92.4687500000001,59.2939321378333));
#2322=CARTESIAN_POINT('',(-13.6240208450059,94.4218750000001,58.3376414488861));
#2323=CARTESIAN_POINT('',(-9.80921829684785,96.375,56.0067842934245));
#2324=CARTESIAN_POINT('',(-6.96551706529103,98.3281250000001,52.5573141753056));
#2325=CARTESIAN_POINT('',(-5.40516339609902,100.28125,48.3678705929505));
#2326=CARTESIAN_POINT('',(-5.31705824690176,101.908854166667,44.6436858978842));
#2327=CARTESIAN_POINT('',(-5.97908369143874,103.2109375,41.7691604687908));
#2328=CARTESIAN_POINT('',(-6.82497567294652,104.1875,39.7251868648688));
#2329=CARTESIAN_POINT('',(-7.99807657009238,105.1640625,37.8496453054444));
#2330=CARTESIAN_POINT('',(-9.46563442416433,106.140625,36.1943730622832));
#2331=CARTESIAN_POINT('',(-11.1871747824901,107.1171875,34.8051236668088));
#2332=CARTESIAN_POINT('',(-13.1150807273087,108.09375,33.7202977663336));
#2333=CARTESIAN_POINT('',(-15.1961036842028,109.0703125,32.9698762733349));
#2334=CARTESIAN_POINT('',(-17.0098467575176,109.884114583333,32.6404942870785));
#2335=CARTESIAN_POINT('',(-18.4786542992254,110.53515625,32.5599686030619));
#2336=CARTESIAN_POINT('',(-19.5814175290996,111.0234375,32.5913008880025));
#2337=CARTESIAN_POINT('',(-20.4950282296772,111.430338541667,32.6937240438971));
#2338=CARTESIAN_POINT('',(-21.1284045604705,111.715169270833,32.8050946469919));
#2339=CARTESIAN_POINT('',(-21.4882028298022,111.8779296875,32.8800029840386));
#2340=CARTESIAN_POINT('',(-21.6671682193824,111.959309895833,32.9211658550661));
#2341=CARTESIAN_POINT('',(-21.7565180920672,112.,32.94269688195));
#2342=CARTESIAN_POINT('',(-36.1241528898802,-138.,46.7977708760071));
#2343=CARTESIAN_POINT('',(-36.1105760743407,-137.918619791667,47.0400517305838));
#2344=CARTESIAN_POINT('',(-36.0733266111803,-137.755859375,47.5242100645508));
#2345=CARTESIAN_POINT('',(-35.9586236353595,-137.430338541667,48.4883799689387));
#2346=CARTESIAN_POINT('',(-35.6529116032478,-136.860677083333,50.1611321070511));
#2347=CARTESIAN_POINT('',(-34.9200318658914,-136.046875,52.4837264158667));
#2348=CARTESIAN_POINT('',(-33.590971579646,-135.0703125,55.0866216931508));
#2349=CARTESIAN_POINT('',(-31.849031223166,-134.09375,57.4333440571481));
#2350=CARTESIAN_POINT('',(-29.7423623120664,-133.1171875,59.4590309741381));
#2351=CARTESIAN_POINT('',(-27.3291933881963,-132.140625,61.1076909974884));
#2352=CARTESIAN_POINT('',(-24.6762273518942,-131.1640625,62.3337523940628));
#2353=CARTESIAN_POINT('',(-21.8567895450629,-130.1875,63.103333069158));
#2354=CARTESIAN_POINT('',(-18.9488270097971,-129.2109375,63.3951349299305));
#2355=CARTESIAN_POINT('',(-16.0326581164324,-128.234375,63.2011909226052));
#2356=CARTESIAN_POINT('',(-13.1891099578446,-127.2578125,62.5264940290771));
#2357=CARTESIAN_POINT('',(-9.59823044206636,-125.955729166667,61.0125897034406));
#2358=CARTESIAN_POINT('',(-5.6772183423754,-124.328125,58.0380027108533));
#2359=CARTESIAN_POINT('',(-2.39656358819362,-122.375,53.1267120433751));
#2360=CARTESIAN_POINT('',(-0.900973527959606,-120.421875,47.4130472036035));
#2361=CARTESIAN_POINT('',(-1.35458306867612,-118.46875,41.5243175912947));
#2362=CARTESIAN_POINT('',(-3.70760763139836,-116.515625,36.1071086518455));
#2363=CARTESIAN_POINT('',(-7.70168287066171,-114.5625,31.7562190234311));
#2364=CARTESIAN_POINT('',(-12.8982666163299,-112.609375,28.9493709165683));
#2365=CARTESIAN_POINT('',(-18.726781083339,-110.65625,27.994751973462));
#2366=CARTESIAN_POINT('',(-24.5472639219046,-108.703125,28.9971780323969));
#2367=CARTESIAN_POINT('',(-29.720634505571,-106.75,31.8465841461272));
#2368=CARTESIAN_POINT('',(-33.6788642344675,-104.796875,36.2301096487891));
#2369=CARTESIAN_POINT('',(-35.9873452071854,-102.84375,41.6664497790903));
#2370=CARTESIAN_POINT('',(-36.3926095523095,-100.890625,47.5587022537774));
#2371=CARTESIAN_POINT('',(-34.8501598307425,-98.9375,53.259906273205));
#2372=CARTESIAN_POINT('',(-31.529354791058,-96.9843750000001,58.1440778818934));
#2373=CARTESIAN_POINT('',(-26.7948140236166,-95.03125,61.6749421013369));
#2374=CARTESIAN_POINT('',(-21.1663832569668,-93.078125,63.4648151470446));
#2375=CARTESIAN_POINT('',(-15.2620560487089,-91.1250000000001,63.3171715473475));
#2376=CARTESIAN_POINT('',(-9.73011898668969,-89.171875,61.2482223559507));
#2377=CARTESIAN_POINT('',(-5.17797075930414,-87.2187500000001,57.4851352016833));
#2378=CARTESIAN_POINT('',(-2.10543065799881,-85.2656250000001,52.4410916114083));
#2379=CARTESIAN_POINT('',(-0.849859141985826,-83.3125,46.6699202759788));
#2380=CARTESIAN_POINT('',(-1.54911614774925,-81.3593750000001,40.8052874609929));
#2381=CARTESIAN_POINT('',(-4.1264242674146,-79.40625,35.4911213673313));
#2382=CARTESIAN_POINT('',(-8.29879879708504,-77.453125,31.3109097460295));
#2383=CARTESIAN_POINT('',(-13.6081190480427,-75.5000000000001,28.723633787132));
#2384=CARTESIAN_POINT('',(-19.4714293357708,-73.546875,28.0133726488661));
#2385=CARTESIAN_POINT('',(-25.2449466709714,-71.59375,29.25811197694));
#2386=CARTESIAN_POINT('',(-30.2947472006615,-69.6406250000001,32.3211811934372));
#2387=CARTESIAN_POINT('',(-34.0663701303698,-67.6875,36.8662597286021));
#2388=CARTESIAN_POINT('',(-36.1456967174327,-65.734375,42.3943045329649));
#2389=CARTESIAN_POINT('',(-36.3044199099879,-63.78125,48.2983442823957));
#2390=CARTESIAN_POINT('',(-34.5251121310585,-61.828125,53.9301239516087));
#2391=CARTESIAN_POINT('',(-31.0031388013021,-59.875,58.6712822783462));
#2392=CARTESIAN_POINT('',(-26.1252074983821,-57.921875,62.0012469356229));
#2393=CARTESIAN_POINT('',(-20.4269080242524,-55.96875,63.5543926203034));
#2394=CARTESIAN_POINT('',(-14.5339054195379,-54.015625,63.1601861825743));
#2395=CARTESIAN_POINT('',(-9.09324284699969,-52.0625,60.8619109191451));
#2396=CARTESIAN_POINT('',(-4.70229718809676,-50.109375,56.9119141298708));
#2397=CARTESIAN_POINT('',(-1.84318792541208,-48.15625,51.7438997492076));
#2398=CARTESIAN_POINT('',(-0.829841120767012,-46.203125,45.9253082814867));
#2399=CARTESIAN_POINT('',(-1.77352078767579,-44.25,40.0950126542503));
#2400=CARTESIAN_POINT('',(-4.57061226358566,-42.296875,34.8931708948245));
#2401=CARTESIAN_POINT('',(-8.91399894996558,-40.34375,30.8909377048044));
#2402=CARTESIAN_POINT('',(-14.3267832706281,-38.390625,28.527752499897));
#2403=CARTESIAN_POINT('',(-20.2146493358507,-36.4375,28.0630895976498));
#2404=CARTESIAN_POINT('',(-25.9311179674776,-34.484375,29.5479683126729));
#2405=CARTESIAN_POINT('',(-30.8485291776709,-32.53125,32.8193511096852));
#2406=CARTESIAN_POINT('',(-34.4269583277581,-30.578125,37.5180448890791));
#2407=CARTESIAN_POINT('',(-36.2734990726577,-28.625,43.1281398697492));
#2408=CARTESIAN_POINT('',(-36.18540390929,-26.671875,49.0336557368776));
#2409=CARTESIAN_POINT('',(-34.1723455591782,-24.71875,54.5861753895901));
#2410=CARTESIAN_POINT('',(-30.4553549176134,-22.765625,59.176040200806));
#2411=CARTESIAN_POINT('',(-25.4425521810384,-20.8125,62.2992896527214));
#2412=CARTESIAN_POINT('',(-19.6843358397492,-18.859375,63.6129954727727));
#2413=CARTESIAN_POINT('',(-13.8129497197307,-16.90625,62.9729146619722));
#2414=CARTESIAN_POINT('',(-8.47306352498341,-14.953125,60.4493271675766));
#2415=CARTESIAN_POINT('',(-4.25098903644513,-13.,56.3193192465256));
#2416=CARTESIAN_POINT('',(-1.61030392643451,-11.046875,51.0363597951873));
#2417=CARTESIAN_POINT('',(-0.840951600723862,-9.09375,45.1805101204063));
#2418=CARTESIAN_POINT('',(-2.02740583193705,-7.14062499999999,39.3947340469697));
#2419=CARTESIAN_POINT('',(-5.03939566149375,-5.18749999999999,34.3143014195884));
#2420=CARTESIAN_POINT('',(-9.54620896244603,-3.23437499999999,30.4970363927563));
#2421=CARTESIAN_POINT('',(-15.0530041526971,-1.28125,28.3620691453874));
#2422=CARTESIAN_POINT('',(-20.955143085012,0.671875000000003,28.1438159933708));
#2423=CARTESIAN_POINT('',(-26.6045794410756,2.62500000000001,29.8662408171321));
#2424=CARTESIAN_POINT('',(-31.3810132799509,4.57812500000001,33.3402238622196));
#2425=CARTESIAN_POINT('',(-34.75999907444,6.53125000000002,38.1843268148164));
#2426=CARTESIAN_POINT('',(-36.3705290714427,8.48437500000002,43.8666741769077));
#2427=CARTESIAN_POINT('',(-36.0357694066493,10.4375,49.7633524266974));
#2428=CARTESIAN_POINT('',(-33.7924762070808,12.390625,55.2269148209122));
#2429=CARTESIAN_POINT('',(-29.8869598215023,14.34375,59.6574701107936));
#2430=CARTESIAN_POINT('',(-24.7480403003779,16.296875,62.5685497335655));
#2431=CARTESIAN_POINT('',(-18.9399635745425,18.25,63.6405213570356));
#2432=CARTESIAN_POINT('',(-13.1004480680865,20.203125,62.7556840473738));
#2433=CARTESIAN_POINT('',(-7.87066413773959,22.15625,60.0111916614122));
#2434=CARTESIAN_POINT('',(-3.82483449505091,24.109375,55.7083854936827));
#2435=CARTESIAN_POINT('',(-1.40718538317393,26.0625,50.3197074381144));
#2436=CARTESIAN_POINT('',(-0.883171177870319,28.015625,44.4368265513937));
#2437=CARTESIAN_POINT('',(-2.31032788098344,29.96875,38.7056746462807));
#2438=CARTESIAN_POINT('',(-5.5319557506541,31.921875,33.7555239128106));
#2439=CARTESIAN_POINT('',(-10.1943247063353,33.875,30.1298937419562));
#2440=CARTESIAN_POINT('',(-15.7855133800279,35.828125,28.2268730826122));
#2441=CARTESIAN_POINT('',(-21.6916173420742,37.78125,28.2554108507753));
#2442=CARTESIAN_POINT('',(-27.2641549196297,39.734375,30.2123736407762));
#2443=CARTESIAN_POINT('',(-31.8912695464173,41.6875,33.88288976869));
#2444=CARTESIAN_POINT('',(-35.064910728761,43.6406250000001,38.8639418724584));
#2445=CARTESIAN_POINT('',(-36.4366172549767,45.59375,44.60861763534));
#2446=CARTESIAN_POINT('',(-35.8557777324301,47.546875,50.4861599672822));
#2447=CARTESIAN_POINT('',(-33.3861675006098,49.5,55.8512232211117));
#2448=CARTESIAN_POINT('',(-29.2989461910927,51.453125,60.1147312112239));
#2449=CARTESIAN_POINT('',(-24.0428847921855,53.4062500000001,62.8085569267504));
#2450=CARTESIAN_POINT('',(-18.1950912434787,55.359375,63.6369222002935));
#2451=CARTESIAN_POINT('',(-12.3976448187681,57.3125,62.5088737229092));
#2452=CARTESIAN_POINT('',(-7.28709675045612,59.2656250000001,59.548269585882));
#2453=CARTESIAN_POINT('',(-3.42457782489307,61.21875,55.0801798414404));
#2454=CARTESIAN_POINT('',(-1.23418703362178,63.171875,49.595194281184));
#2455=CARTESIAN_POINT('',(-0.956426117491135,65.125,43.6955563865167));
#2456=CARTESIAN_POINT('',(-2.62179282335766,67.0781250000001,38.029037865441));
#2457=CARTESIAN_POINT('',(-6.04743229559108,69.03125,33.2178142559008));
#2458=CARTESIAN_POINT('',(-10.8572142747512,70.984375,29.7901509515993));
#2459=CARTESIAN_POINT('',(-16.5230316560687,72.9375,28.1224004258075));
#2460=CARTESIAN_POINT('',(-22.4227858857269,74.890625,28.3976792741414));
#2461=CARTESIAN_POINT('',(-27.9086924823151,76.84375,30.5857622771807));
#2462=CARTESIAN_POINT('',(-32.378406835962,78.796875,34.4464010859523));
#2463=CARTESIAN_POINT('',(-35.3411607753594,80.7500000000001,39.555703142774));
#2464=CARTESIAN_POINT('',(-36.4716482029665,82.703125,45.3526744724619));
#2465=CARTESIAN_POINT('',(-35.6457432347476,84.6562500000001,51.2008160039774));
#2466=CARTESIAN_POINT('',(-32.9541290399779,86.609375,56.4580102681402));
#2467=CARTESIAN_POINT('',(-28.6923409706303,88.5625,60.547024891274));
#2468=CARTESIAN_POINT('',(-23.328317169041,90.515625,63.0188921576851));
#2469=CARTESIAN_POINT('',(-17.4510197789819,92.46875,63.6022039603659));
#2470=CARTESIAN_POINT('',(-11.7057672230088,94.421875,62.2329159563766));
#2471=CARTESIAN_POINT('',(-6.72338115510508,96.3750000000001,59.0613648470789));
#2472=CARTESIAN_POINT('',(-3.05091575817113,98.328125,54.4358164719499));
#2473=CARTESIAN_POINT('',(-1.09161959299164,100.28125,48.8640220343645));
#2474=CARTESIAN_POINT('',(-1.06573364771338,101.908854166667,43.9425300579392));
#2475=CARTESIAN_POINT('',(-2.01005504714486,103.2109375,40.1616433596229));
#2476=CARTESIAN_POINT('',(-3.17706984417576,104.1875,37.4822810852294));
#2477=CARTESIAN_POINT('',(-4.77220589183406,105.1640625,35.0333597470439));
#2478=CARTESIAN_POINT('',(-6.75094212871824,106.140625,32.8825480140435));
#2479=CARTESIAN_POINT('',(-9.05870240369579,107.1171875,31.0893011317034));
#2480=CARTESIAN_POINT('',(-11.6316596906234,108.09375,29.7031849406244));
#2481=CARTESIAN_POINT('',(-14.3987346439811,109.0703125,28.762509746736));
#2482=CARTESIAN_POINT('',(-16.8025618066999,109.884114583333,28.3714919522229));
#2483=CARTESIAN_POINT('',(-18.7446619340033,110.53515625,28.3008171073633));
#2484=CARTESIAN_POINT('',(-20.200554075884,111.0234375,28.3689982108221));
#2485=CARTESIAN_POINT('',(-21.4048820124686,111.430338541667,28.5264914008094));
#2486=CARTESIAN_POINT('',(-22.2388158734392,111.715169270833,28.6889944299063));
#2487=CARTESIAN_POINT('',(-22.7122267172909,111.8779296875,28.796677580476));
#2488=CARTESIAN_POINT('',(-22.9476605115894,111.959309895833,28.8554070198323));
#2489=CARTESIAN_POINT('',(-23.0651374085061,112.,28.8860132402472));
#2490=CARTESIAN_POINT('',(-40.3594206674004,-138.,47.2791053731549));
#2491=CARTESIAN_POINT('',(-40.3391691953606,-137.918619791667,47.5801145132433));
#2492=CARTESIAN_POINT('',(-40.2861195874125,-137.755859375,48.1815132936003));
#2493=CARTESIAN_POINT('',(-40.1300979748093,-137.430338541667,49.3785677536122));
#2494=CARTESIAN_POINT('',(-39.7267482116868,-136.860677083334,51.4538850212531));
#2495=CARTESIAN_POINT('',(-38.7832928848058,-136.046875,54.3311447489947));
#2496=CARTESIAN_POINT('',(-37.0947631015412,-135.0703125,57.5485696408753));
#2497=CARTESIAN_POINT('',(-34.8965050752784,-134.09375,60.4417731665423));
#2498=CARTESIAN_POINT('',(-32.2492846871415,-133.1171875,62.9307859513248));
#2499=CARTESIAN_POINT('',(-29.2262712046638,-132.140625,64.946810506735));
#2500=CARTESIAN_POINT('',(-25.9110244202804,-131.1640625,66.4341203350648));
#2501=CARTESIAN_POINT('',(-22.3951744086911,-130.1875,67.3516139820212));
#2502=CARTESIAN_POINT('',(-18.7759216152426,-129.2109375,67.6738986628288));
#2503=CARTESIAN_POINT('',(-15.1532295609084,-128.234375,67.3921881759996));
#2504=CARTESIAN_POINT('',(-11.627511434541,-127.2578125,66.513814040114));
#2505=CARTESIAN_POINT('',(-7.1843983604351,-125.955729166667,64.5817335636931));
#2506=CARTESIAN_POINT('',(-2.35118650907375,-124.328125,60.8291237858811));
#2507=CARTESIAN_POINT('',(1.65895939909355,-122.375,54.677716346404));
#2508=CARTESIAN_POINT('',(3.43873801418054,-120.421875,47.5536443078384));
#2509=CARTESIAN_POINT('',(2.79282620396596,-118.46875,40.2390681009803));
#2510=CARTESIAN_POINT('',(-0.207881032347355,-116.515625,33.5371316479502));
#2511=CARTESIAN_POINT('',(-5.23390363237251,-114.5625,28.1836941176876));
#2512=CARTESIAN_POINT('',(-11.7333933920056,-112.609375,24.7665562157593));
#2513=CARTESIAN_POINT('',(-18.9927152515864,-110.65625,23.6609144714968));
#2514=CARTESIAN_POINT('',(-26.2148063001352,-108.703125,24.9881668216371));
#2515=CARTESIAN_POINT('',(-32.6066913512813,-106.75,28.6025828583992));
#2516=CARTESIAN_POINT('',(-37.4665506805144,-104.796875,34.1073049337844));
#2517=CARTESIAN_POINT('',(-40.2607787599596,-102.84375,40.8979225241821));
#2518=CARTESIAN_POINT('',(-40.6825733885431,-100.890625,48.2288356400232));
#2519=CARTESIAN_POINT('',(-38.6856221259228,-98.9375,55.295120624027));
#2520=CARTESIAN_POINT('',(-34.4891873325275,-96.984375,61.3209096051676));
#2521=CARTESIAN_POINT('',(-28.5540314792224,-95.0312500000002,65.644579668601));
#2522=CARTESIAN_POINT('',(-21.5318260944956,-93.078125,67.791398094827));
#2523=CARTESIAN_POINT('',(-14.1935991731521,-91.125,67.5256473256571));
#2524=CARTESIAN_POINT('',(-7.34507741763965,-89.1718750000002,64.876506411182));
#2525=CARTESIAN_POINT('',(-1.73821861148106,-87.21875,60.1348471922757));
#2526=CARTESIAN_POINT('',(2.01135225779038,-85.265625,53.8212969931576));
#2527=CARTESIAN_POINT('',(3.49193773185041,-83.3125,46.6290744942044));
#2528=CARTESIAN_POINT('',(2.54097166706674,-81.359375,39.3478753234569));
#2529=CARTESIAN_POINT('',(-0.737131238060983,-79.40625,32.7771646188332));
#2530=CARTESIAN_POINT('',(-5.98244002577355,-77.4531250000001,27.6383969122723));
#2531=CARTESIAN_POINT('',(-12.6190273776399,-75.5,24.495801465589));
#2532=CARTESIAN_POINT('',(-19.9182056011316,-73.546875,23.6944307135939));
#2533=CARTESIAN_POINT('',(-27.0785354843463,-71.5937500000002,25.3222740058073));
#2534=CARTESIAN_POINT('',(-33.3138231623198,-69.640625,29.200596503146));
#2535=CARTESIAN_POINT('',(-37.939443066308,-67.6875,34.903564004745));
#2536=CARTESIAN_POINT('',(-40.4475088210338,-65.7343750000001,41.8049989273116));
#2537=CARTESIAN_POINT('',(-40.5626384341251,-63.78125,49.1471336981155));
#2538=CARTESIAN_POINT('',(-38.2721908405792,-61.8281250000001,56.123812538487));
#2539=CARTESIAN_POINT('',(-33.8276538734209,-59.875,61.9690062023454));
#2540=CARTESIAN_POINT('',(-27.7170312633667,-57.921875,66.0409208794919));
#2541=CARTESIAN_POINT('',(-20.6112605350134,-55.96875,67.8924662277147));
#2542=CARTESIAN_POINT('',(-13.2905450370284,-54.015625,67.3203452457291));
#2543=CARTESIAN_POINT('',(-6.55868874290762,-52.0625,64.3873759898802));
#2544=CARTESIAN_POINT('',(-1.15483973724437,-50.109375,59.4155942424122));
#2545=CARTESIAN_POINT('',(2.32766717489788,-48.1562500000001,52.9508944483512));
#2546=CARTESIAN_POINT('',(3.50645777142799,-46.203125,45.7030912949814));
#2547=CARTESIAN_POINT('',(2.25210254976903,-44.25,38.467983085815));
#2548=CARTESIAN_POINT('',(-1.29767210095465,-42.2968750000001,32.0399742378483));
#2549=CARTESIAN_POINT('',(-6.75310605824731,-40.34375,27.1248508255537));
#2550=CARTESIAN_POINT('',(-13.5152005639644,-38.390625,24.2622862907016));
#2551=CARTESIAN_POINT('',(-20.8414874216155,-36.4375,23.7665860789991));
#2552=CARTESIAN_POINT('',(-27.9275509304696,-34.484375,25.6921773567442));
#2553=CARTESIAN_POINT('',(-33.9953515660588,-32.53125,29.8276329866857));
#2554=CARTESIAN_POINT('',(-38.3786535946465,-30.578125,35.7188859218961));
#2555=CARTESIAN_POINT('',(-40.5961767932058,-28.625,42.7190851107988));
#2556=CARTESIAN_POINT('',(-40.4044403218087,-26.671875,50.0596188070633));
#2557=CARTESIAN_POINT('',(-37.8244965677003,-24.71875,56.9345070276886));
#2558=CARTESIAN_POINT('',(-33.1396196236259,-22.765625,62.5888969894216));
#2559=CARTESIAN_POINT('',(-26.8642022021594,-20.8125,66.4019448525877));
#2560=CARTESIAN_POINT('',(-19.687276059837,-18.859375,67.9549834767461));
#2561=CARTESIAN_POINT('',(-12.3968573068728,-16.90625,67.0774914671727));
#2562=CARTESIAN_POINT('',(-5.79342337797143,-14.953125,63.8658161773737));
#2563=CARTESIAN_POINT('',(-0.602021767771872,-13.,58.6725949090212));
#2564=CARTESIAN_POINT('',(2.60733913541791,-11.046875,52.0680358462572));
#2565=CARTESIAN_POINT('',(3.48227614622847,-9.09374999999998,44.7773100217892));
#2566=CARTESIAN_POINT('',(1.92672244632242,-7.140625,37.6009285863325));
#2567=CARTESIAN_POINT('',(-1.88852441789778,-5.18750000000001,31.3268478420707));
#2568=CARTESIAN_POINT('',(-7.5445558588545,-3.23437499999999,26.64395278032));
#2569=CARTESIAN_POINT('',(-14.4203478048292,-1.28124999999999,24.0664185058399));
#2570=CARTESIAN_POINT('',(-21.7609482448328,0.671875000000028,23.8772545539972));
#2571=CARTESIAN_POINT('',(-28.7603698674987,2.62500000000002,26.0972308531116));
#2572=CARTESIAN_POINT('',(-34.6500863021431,4.57812500000002,30.4825972163616));
#2573=CARTESIAN_POINT('',(-38.7834152027301,6.53125000000001,36.5518467597596));
#2574=CARTESIAN_POINT('',(-40.7065230341397,8.48437500000003,43.6385846615889));
#2575=CARTESIAN_POINT('',(-40.2082553379359,10.4375,50.9646973500056));
#2576=CARTESIAN_POINT('',(-37.3433211865017,12.390625,57.7257882478117));
#2577=CARTESIAN_POINT('',(-32.4262862060178,14.34375,63.1794993532115));
#2578=CARTESIAN_POINT('',(-25.9970337256772,16.296875,66.7270210747078));
#2579=CARTESIAN_POINT('',(-18.7614863689869,18.25,67.9788406581752));
#2580=CARTESIAN_POINT('',(-11.5140967707088,20.203125,66.7975101238956));
#2581=CARTESIAN_POINT('',(-5.05061782660114,22.15625,63.3127378559363));
#2582=CARTESIAN_POINT('',(-0.0807301763913679,24.109375,57.9071468091826));
#2583=CARTESIAN_POINT('',(2.8498797040356,26.0625,51.1742630622867));
#2584=CARTESIAN_POINT('',(3.41943508844315,28.015625,43.8533475126758));
#2585=CARTESIAN_POINT('',(1.56539961938982,29.96875,36.7482260992191));
#2586=CARTESIAN_POINT('',(-2.50865629017334,31.921875,30.6390308767523));
#2587=CARTESIAN_POINT('',(-8.35540719381294,33.875,26.196542644777));
#2588=CARTESIAN_POINT('',(-15.3328882986539,35.828125,23.9085401858506));
#2589=CARTESIAN_POINT('',(-22.674982271137,37.7812500000001,24.0262428607526));
#2590=CARTESIAN_POINT('',(-29.5755378121907,39.734375,26.536727086016));
#2591=CARTESIAN_POINT('',(-35.2768839039,41.6875,31.1643453246997));
#2592=CARTESIAN_POINT('',(-39.1530209914364,43.640625,37.4009917872705));
#2593=CARTESIAN_POINT('',(-40.7783548287678,45.5937500000001,44.5618917123964));
#2594=CARTESIAN_POINT('',(-39.9744261113283,47.546875,51.860788645341));
#2595=CARTESIAN_POINT('',(-36.8295050495454,49.5000000000001,58.4962742594914));
#2596=CARTESIAN_POINT('',(-31.6888994274016,51.453125,63.7397818315326));
#2597=CARTESIAN_POINT('',(-25.1170403071869,53.40625,67.0155818139046));
#2598=CARTESIAN_POINT('',(-17.8355083152112,55.359375,67.9639961064386));
#2599=CARTESIAN_POINT('',(-10.6438051326788,57.3125,66.4808901915358));
#2600=CARTESIAN_POINT('',(-4.33156936744332,59.265625,62.7291069535896));
#2601=CARTESIAN_POINT('',(0.408124623062231,61.2187500000001,57.1205867658014));
#2602=CARTESIAN_POINT('',(3.05486529385077,63.171875,50.2711370330097));
#2603=CARTESIAN_POINT('',(3.31804434733576,65.1250000000001,42.9328174292937));
#2604=CARTESIAN_POINT('',(1.16876510408911,67.078125,35.9113648334993));
#2605=CARTESIAN_POINT('',(-3.15698468355294,69.0312500000001,29.9777245852889));
#2606=CARTESIAN_POINT('',(-9.18424394537654,70.9843750000001,25.7834018019052));
#2607=CARTESIAN_POINT('',(-16.2512283318525,72.9375,23.7889270585777));
#2608=CARTESIAN_POINT('',(-23.5819931785499,74.8906250000001,24.2132907974577));
#2609=CARTESIAN_POINT('',(-30.3716311080246,76.84375,27.0098984937642));
#2610=CARTESIAN_POINT('',(-35.8746496956797,78.7968750000001,31.8716866673499));
#2611=CARTESIAN_POINT('',(-39.4868254598256,80.75,38.2648380082043));
#2612=CARTESIAN_POINT('',(-40.8115467257991,82.7031250000001,45.487393746875));
#2613=CARTESIAN_POINT('',(-39.7033610152048,84.6562499999999,52.7463277051688));
#2614=CARTESIAN_POINT('',(-36.2839455139388,86.6093750000001,59.2446194493389));
#2615=CARTESIAN_POINT('',(-30.9287471070994,88.5625,64.2687658846819));
#2616=CARTESIAN_POINT('',(-24.2257588020079,90.515625,67.2671232226602));
#2617=CARTESIAN_POINT('',(-16.9109591405678,92.4687500000001,67.9104753301466));
#2618=CARTESIAN_POINT('',(-9.78750209532648,94.4218750000001,66.1281861889109));
#2619=CARTESIAN_POINT('',(-3.63753462881586,96.375,62.1159369522309));
#2620=CARTESIAN_POINT('',(0.863692002779338,98.3281250000001,56.3143101371705));
#2621=CARTESIAN_POINT('',(3.22192620045046,100.28125,49.3601541779114));
#2622=CARTESIAN_POINT('',(3.18559160328516,101.908854166667,43.2413833487957));
#2623=CARTESIAN_POINT('',(1.95896978772673,103.2109375,38.5541106109927));
#2624=CARTESIAN_POINT('',(0.47083067689037,104.1875,35.2393655022415));
#2625=CARTESIAN_POINT('',(-1.54634239382633,105.1640625,32.2170640587244));
#2626=CARTESIAN_POINT('',(-4.03625834606133,106.140625,29.5707145424043));
#2627=CARTESIAN_POINT('',(-6.93024048012147,107.1171875,27.3734715338311));
#2628=CARTESIAN_POINT('',(-10.1482477233756,108.09375,25.6860671697688));
#2629=CARTESIAN_POINT('',(-13.6013843484357,109.0703125,24.5551388609388));
#2630=CARTESIAN_POINT('',(-16.595268058494,109.884114583333,24.1024909399266));
#2631=CARTESIAN_POINT('',(-19.0106845143052,110.53515625,24.041664598554));
#2632=CARTESIAN_POINT('',(-20.8197062048098,111.0234375,24.1466967743939));
#2633=CARTESIAN_POINT('',(-22.3147343505155,111.430338541667,24.3592589738278));
#2634=CARTESIAN_POINT('',(-23.349220449945,111.715169270833,24.5728927436095));
#2635=CARTESIAN_POINT('',(-23.9362757511529,111.8779296875,24.7133573632679));
#2636=CARTESIAN_POINT('',(-24.2281406943376,111.959309895833,24.7896455731757));
#2637=CARTESIAN_POINT('',(-24.373768519408,112.,24.8293322494586));
#2638=CARTESIAN_POINT('',(-43.1829325749894,-138.,47.5999925200612));
#2639=CARTESIAN_POINT('',(-43.1582311742507,-137.918619791667,47.9401589464962));
#2640=CARTESIAN_POINT('',(-43.0946485445578,-137.755859375,48.6197101076413));
#2641=CARTESIAN_POINT('',(-42.9110808245577,-137.430338541667,49.9720277069001));
#2642=CARTESIAN_POINT('',(-42.4426390162566,-136.860677083333,52.315720604136));
#2643=CARTESIAN_POINT('',(-41.3588013855236,-136.046875,55.5627536566152));
#2644=CARTESIAN_POINT('',(-39.4306253030011,-135.0703125,59.189866331398));
#2645=CARTESIAN_POINT('',(-36.9281559362956,-134.09375,62.4473905505275));
#2646=CARTESIAN_POINT('',(-33.9205681737328,-133.1171875,65.2452876263253));
#2647=CARTESIAN_POINT('',(-30.4909919064952,-132.140625,67.5062221851988));
#2648=CARTESIAN_POINT('',(-26.7342248156552,-131.1640625,69.1676980191691));
#2649=CARTESIAN_POINT('',(-22.7541001078726,-130.1875,70.1838007043284));
#2650=CARTESIAN_POINT('',(-18.6606539317969,-129.2109375,70.5264077193754));
#2651=CARTESIAN_POINT('',(-14.5669461736566,-128.234375,70.1861865288532));
#2652=CARTESIAN_POINT('',(-10.5864489165711,-127.2578125,69.1720284908565));
#2653=CARTESIAN_POINT('',(-5.57517530367353,-125.955729166667,66.9611618812131));
#2654=CARTESIAN_POINT('',(-0.133835098885968,-124.328125,62.6898737073902));
#2655=CARTESIAN_POINT('',(4.36264061525993,-122.375,55.7117213222605));
#2656=CARTESIAN_POINT('',(6.33187863153555,-120.421875,47.6473783090738));
#2657=CARTESIAN_POINT('',(5.55776627818885,-118.46875,39.3822376026854));
#2658=CARTESIAN_POINT('',(2.12527135119867,-116.515625,31.8238158462863));
#2659=CARTESIAN_POINT('',(-3.58871550206114,-114.5625,25.8020124899583));
#2660=CARTESIAN_POINT('',(-10.956808844303,-112.609375,21.9780139920594));
#2661=CARTESIAN_POINT('',(-19.1700021326568,-110.65625,20.7716895462368));
#2662=CARTESIAN_POINT('',(-27.326498770597,-108.703125,22.3154919151348));
#2663=CARTESIAN_POINT('',(-34.5307271847511,-106.75,26.4399138091964));
#2664=CARTESIAN_POINT('',(-39.9916735255405,-104.796875,32.6920996757113));
#2665=CARTESIAN_POINT('',(-43.1097337802521,-102.84375,40.3855685476743));
#2666=CARTESIAN_POINT('',(-43.5425494434279,-100.890625,48.675588670679));
#2667=CARTESIAN_POINT('',(-41.2425979810434,-98.9375000000002,56.6519278252306));
#2668=CARTESIAN_POINT('',(-36.4624107372291,-96.9843750000002,63.4387955086213));
#2669=CARTESIAN_POINT('',(-29.7268453576044,-95.0312499999999,68.2910034652715));
#2670=CARTESIAN_POINT('',(-21.7754571789901,-93.0781250000002,70.6757862794474));
#2671=CARTESIAN_POINT('',(-13.481297123053,-91.1250000000001,70.3312982473389));
#2672=CARTESIAN_POINT('',(-5.75505196782241,-89.1718749999999,67.2953636566273));
#2673=CARTESIAN_POINT('',(0.554947743368796,-87.2187500000002,61.9013237344053));
#2674=CARTESIAN_POINT('',(4.75587316859036,-85.2656250000001,54.7414362625571));
#2675=CARTESIAN_POINT('',(6.3864687720831,-83.3125000000001,46.6018465299207));
#2676=CARTESIAN_POINT('',(5.26769751496742,-81.359375,38.3762697165877));
#2677=CARTESIAN_POINT('',(1.52239886315906,-79.4062500000002,30.9678622597484));
#2678=CARTESIAN_POINT('',(-4.43819880831737,-77.4531249999999,25.1900565831475));
#2679=CARTESIAN_POINT('',(-11.9596304961388,-75.5000000000001,21.6772473934492));
#2680=CARTESIAN_POINT('',(-20.2160538794676,-73.5468750000001,20.815136058995));
#2681=CARTESIAN_POINT('',(-28.3009256123457,-71.5937499999998,22.6983811574084));
#2682=CARTESIAN_POINT('',(-35.3265384719101,-69.6406250000001,27.120205100681));
#2683=CARTESIAN_POINT('',(-40.5214903275507,-67.6875,33.5950980152679));
#2684=CARTESIAN_POINT('',(-43.3153829791422,-65.734375,41.4121260239907));
#2685=CARTESIAN_POINT('',(-43.401451054437,-63.78125,49.712990757511));
#2686=CARTESIAN_POINT('',(-40.7702444032497,-61.828125,57.5862692738943));
#2687=CARTESIAN_POINT('',(-35.7106657102839,-59.875,64.1674869794148));
#2688=CARTESIAN_POINT('',(-28.7782493981946,-57.921875,68.7340356886342));
#2689=CARTESIAN_POINT('',(-20.7341647514762,-55.9687500000001,70.7845149580243));
#2690=CARTESIAN_POINT('',(-12.4616406299184,-54.015625,70.0937851294805));
#2691=CARTESIAN_POINT('',(-4.86898821725485,-52.0625,66.7376873391524));
#2692=CARTESIAN_POINT('',(1.21013023310256,-50.1093750000001,61.0847162703858));
#2693=CARTESIAN_POINT('',(5.10823630772677,-48.15625,53.7555599704591));
#2694=CARTESIAN_POINT('',(6.39732359758014,-46.203125,45.5549492007096));
#2695=CARTESIAN_POINT('',(4.93585218268476,-44.25,37.3832991628521));
#2696=CARTESIAN_POINT('',(0.884289510623524,-42.296875,30.1378452121225));
#2697=CARTESIAN_POINT('',(-5.31250869711719,-40.34375,24.6141277129794));
#2698=CARTESIAN_POINT('',(-12.9741429599521,-38.3906250000001,21.4186428577006));
#2699=CARTESIAN_POINT('',(-21.259376917093,-36.4375,20.9022502616622));
#2700=CARTESIAN_POINT('',(-29.2585038632401,-34.484375,23.1216490850344));
#2701=CARTESIAN_POINT('',(-36.0932312291041,-32.5312500000001,27.8331525469996));
#2702=CARTESIAN_POINT('',(-41.0131158351947,-30.578125,34.5194443818303));
#2703=CARTESIAN_POINT('',(-43.4779614675517,-28.625,42.4463794166617));
#2704=CARTESIAN_POINT('',(-43.2171316407265,-26.671875,50.7435916496483));
#2705=CARTESIAN_POINT('',(-40.2592650924584,-24.7187499999999,58.5000591781318));
#2706=CARTESIAN_POINT('',(-34.9291312916893,-22.765625,64.8641330859122));
#2707=CARTESIAN_POINT('',(-27.8119712206029,-20.8125,69.1370472624781));
#2708=CARTESIAN_POINT('',(-19.689238761224,-18.859375,70.8496419112963));
#2709=CARTESIAN_POINT('',(-11.4527981894301,-16.90625,69.8138766169063));
#2710=CARTESIAN_POINT('',(-4.00699876737081,-14.953125,66.1434769105713));
#2711=CARTESIAN_POINT('',(1.83062149750547,-13.,60.2414473714313));
#2712=CARTESIAN_POINT('',(5.41910034325444,-11.046875,52.7558223065887));
#2713=CARTESIAN_POINT('',(6.36442798274386,-9.09375000000002,44.5085125214654));
#2714=CARTESIAN_POINT('',(4.56280880841579,-7.14062499999998,36.4050607021182));
#2715=CARTESIAN_POINT('',(0.212057999871758,-5.18749999999997,29.335214138031));
#2716=CARTESIAN_POINT('',(-6.2101182967403,-3.23437500000001,24.0752317565947));
#2717=CARTESIAN_POINT('',(-13.9985744126508,-1.28124999999998,21.2026520156106));
#2718=CARTESIAN_POINT('',(-22.2981491310269,0.671874999999992,21.0328800159341));
#2719=CARTESIAN_POINT('',(-30.1975611517321,2.62500000000001,23.584556477584));
#2720=CARTESIAN_POINT('',(-36.8294664600628,4.57812500000001,28.5775110156412));
#2721=CARTESIAN_POINT('',(-41.4656914451037,6.53125000000003,35.4635244432981));
#2722=CARTESIAN_POINT('',(-43.5971853090165,8.48437500000001,43.4865224456586));
#2723=CARTESIAN_POINT('',(-42.9899131083918,10.4375,51.7655914459832));
#2724=CARTESIAN_POINT('',(-39.7105524525414,12.390625,59.3917016423174));
#2725=CARTESIAN_POINT('',(-34.1191723984322,14.34375,65.5275171649928));
#2726=CARTESIAN_POINT('',(-26.829698389015,16.296875,69.4993343440441));
#2727=CARTESIAN_POINT('',(-18.6425041275229,18.25,70.8710533977789));
#2728=CARTESIAN_POINT('',(-10.4565317024682,20.203125,69.492061558058));
#2729=CARTESIAN_POINT('',(-3.17058904648621,22.15625,65.5137701344024));
#2730=CARTESIAN_POINT('',(2.41533787468672,24.1093750000001,59.3729897712001));
#2731=CARTESIAN_POINT('',(5.68792236421183,26.0625,51.7439692707218));
#2732=CARTESIAN_POINT('',(6.28783937838198,28.015625,43.4643640498267));
#2733=CARTESIAN_POINT('',(4.14921889672089,29.96875,35.4432627867072));
#2734=CARTESIAN_POINT('',(-0.493121645040527,31.921875,28.5613707988813));
#2735=CARTESIAN_POINT('',(-7.1294599697816,33.875,23.5743098731109));
#2736=CARTESIAN_POINT('',(-15.0311357277961,35.828125,21.0296520860991));
#2737=CARTESIAN_POINT('',(-23.3305563492984,37.78125,21.2067971824406));
#2738=CARTESIAN_POINT('',(-31.116457453767,39.7343750000001,24.0862948867675));
#2739=CARTESIAN_POINT('',(-37.5339583609275,41.6875000000001,29.3519805158536));
#2740=CARTESIAN_POINT('',(-41.8784267530125,43.640625,36.4256894035571));
#2741=CARTESIAN_POINT('',(-43.672846284113,45.59375,44.5307385449361));
#2742=CARTESIAN_POINT('',(-42.7201922850414,47.5468750000001,52.7772052668634));
#2743=CARTESIAN_POINT('',(-39.1250647870422,49.5,60.2596394503958));
#2744=CARTESIAN_POINT('',(-33.2822035896463,51.4531250000001,66.1564806442693));
#2745=CARTESIAN_POINT('',(-25.8331464016119,53.4062500000001,69.8202642141839));
#2746=CARTESIAN_POINT('',(-17.5957889283758,55.3593750000001,70.8487120232118));
#2747=CARTESIAN_POINT('',(-9.4745811065437,57.3125000000001,69.1289019893982));
#2748=CARTESIAN_POINT('',(-2.36121980899208,59.2656250000001,64.8496667670399));
#2749=CARTESIAN_POINT('',(2.96325818209138,61.21875,58.4808601943564));
#2750=CARTESIAN_POINT('',(5.91423288424778,63.1718750000001,50.721768021621));
#2751=CARTESIAN_POINT('',(6.16769154326988,65.125,42.4243273471737));
#2752=CARTESIAN_POINT('',(3.69580476498278,67.0781250000001,34.4995851562196));
#2753=CARTESIAN_POINT('',(-1.23001785752763,69.03125,27.8176666795123));
#2754=CARTESIAN_POINT('',(-8.06892812468327,70.984375,23.1122369015254));
#2755=CARTESIAN_POINT('',(-16.0700235804866,72.9375000000001,20.8999452062649));
#2756=CARTESIAN_POINT('',(-24.3547955161289,74.890625,21.4236980221695));
#2757=CARTESIAN_POINT('',(-32.0135879556114,76.8437500000001,24.6259880475478));
#2758=CARTESIAN_POINT('',(-38.2054765662227,78.796875,30.155208469282));
#2759=CARTESIAN_POINT('',(-42.2506009340943,80.7500000000002,37.4042588818052));
#2760=CARTESIAN_POINT('',(-43.7048122540337,82.703125,45.5772040356525));
#2761=CARTESIAN_POINT('',(-42.4084402271104,84.6562500000002,53.7766663688921));
#2762=CARTESIAN_POINT('',(-38.5038246241819,86.6093750000001,61.1023567945046));
#2763=CARTESIAN_POINT('',(-32.4196866012106,88.5625000000001,66.7499250318676));
#2764=CARTESIAN_POINT('',(-24.8240556756232,90.5156250000001,70.0992765078361));
#2765=CARTESIAN_POINT('',(-16.5509212783636,92.46875,70.7826563376569));
#2766=CARTESIAN_POINT('',(-8.50866107388933,94.421875,68.7250339012162));
#2767=CARTESIAN_POINT('',(-1.58030556640364,96.3750000000001,64.1523201157703));
#2768=CARTESIAN_POINT('',(3.47342916553164,98.328125,57.5666410455308));
#2769=CARTESIAN_POINT('',(6.09762298142546,100.28125,49.6909129606649));
#2770=CARTESIAN_POINT('',(6.01980830149038,101.908854166667,42.7739503071163));
#2771=CARTESIAN_POINT('',(4.60498713793745,103.2109375,37.4824253701271));
#2772=CARTESIAN_POINT('',(2.90276546337292,104.1875,33.7440904892804));
#2773=CARTESIAN_POINT('',(0.604234767397674,105.1640625,30.3395357102445));
#2774=CARTESIAN_POINT('',(-2.22646738412562,106.140625,27.3628273161865));
#2775=CARTESIAN_POINT('',(-5.51126368623445,107.1171875,24.896253273326));
#2776=CARTESIAN_POINT('',(-9.1593045224108,108.09375,23.007989686104));
#2777=CARTESIAN_POINT('',(-13.0698135795979,109.0703125,21.7502258452403));
#2778=CARTESIAN_POINT('',(-16.4570740591458,109.884114583333,21.2564899895292));
#2779=CARTESIAN_POINT('',(-19.1880297875224,110.53515625,21.2022298037459));
#2780=CARTESIAN_POINT('',(-21.2324710444808,111.0234375,21.3318288916184));
#2781=CARTESIAN_POINT('',(-22.9213028768685,111.430338541667,21.5811039774846));
#2782=CARTESIAN_POINT('',(-24.0894915710454,111.715169270833,21.8288252588307));
#2783=CARTESIAN_POINT('',(-24.7523032015665,111.8779296875,21.9911428046386));
#2784=CARTESIAN_POINT('',(-25.0817966723069,111.959309895833,22.0791384861178));
#2785=CARTESIAN_POINT('',(-25.2461868028294,112.,22.1248777033258));
#2786=CARTESIAN_POINT('',(-44.5946885176021,-138.,47.7604365970862));
#2787=CARTESIAN_POINT('',(-44.5677621840538,-137.918619791667,48.1201806474934));
#2788=CARTESIAN_POINT('',(-44.4989129618657,-137.755859375,48.8388095823936));
#2789=CARTESIAN_POINT('',(-44.3015722580755,-137.430338541667,50.2687573975097));
#2790=CARTESIAN_POINT('',(-43.800584472086,-136.860677083333,52.7466383342277));
#2791=CARTESIAN_POINT('',(-42.6465554049276,-136.046875,56.1785587733185));
#2792=CARTESIAN_POINT('',(-40.5985561663584,-135.0703125,60.010515064918));
#2793=CARTESIAN_POINT('',(-37.9439810415491,-134.09375,63.4501996469757));
#2794=CARTESIAN_POINT('',(-34.7562095363869,-133.1171875,66.4025387924504));
#2795=CARTESIAN_POINT('',(-31.123351825907,-132.140625,68.7859282899709));
#2796=CARTESIAN_POINT('',(-27.1458245433858,-131.1640625,70.5344870498673));
#2797=CARTESIAN_POINT('',(-22.9335624661108,-130.1875,71.599894176069));
#2798=CARTESIAN_POINT('',(-18.603019574156,-129.2109375,71.9526622673924));
#2799=CARTESIAN_POINT('',(-14.2738040167445,-128.234375,71.5831856684952));
#2800=CARTESIAN_POINT('',(-10.0659170247397,-127.2578125,70.5011354942175));
#2801=CARTESIAN_POINT('',(-4.77056410909422,-125.955729166667,68.1508762245029));
#2802=CARTESIAN_POINT('',(0.974841235277236,-124.328125,63.6202481605133));
#2803=CARTESIAN_POINT('',(5.71448137841484,-122.375,56.2287233887546));
#2804=CARTESIAN_POINT('',(7.77844902236074,-120.421875,47.6942447900091));
#2805=CARTESIAN_POINT('',(6.94023620347466,-118.46875,38.9538218544884));
#2806=CARTESIAN_POINT('',(3.29184727946928,-116.515625,30.9671575052677));
#2807=CARTESIAN_POINT('',(-2.76612183119583,-114.5625,24.6111713475404));
#2808=CARTESIAN_POINT('',(-10.5685170500824,-112.609375,20.5837426981749));
#2809=CARTESIAN_POINT('',(-19.2586460860775,-110.65625,19.3270770683968));
#2810=CARTESIAN_POINT('',(-27.8823454954996,-108.703125,20.9791546150828));
#2811=CARTESIAN_POINT('',(-35.49274551422,-106.75,25.3585795894052));
#2812=CARTESIAN_POINT('',(-41.2542352385212,-104.796875,31.9844974696221));
#2813=CARTESIAN_POINT('',(-44.5342114267097,-102.84375,40.1293920540676));
#2814=CARTESIAN_POINT('',(-44.9725374380579,-100.890625,48.8989656980418));
#2815=CARTESIAN_POINT('',(-42.5210857102703,-98.9375,57.3303318990346));
#2816=CARTESIAN_POINT('',(-37.4490220975021,-96.984375,64.4977388427607));
#2817=CARTESIAN_POINT('',(-30.3132518485332,-95.03125,69.6142156132412));
#2818=CARTESIAN_POINT('',(-21.8972722160089,-93.078125,72.1179804612045));
#2819=CARTESIAN_POINT('',(-13.1251455912823,-91.125,71.7341236276181));
#2820=CARTESIAN_POINT('',(-4.96003879033727,-89.171875,68.5047920376251));
#2821=CARTESIAN_POINT('',(1.70153126953349,-87.21875,62.7845616291232));
#2822=CARTESIAN_POINT('',(6.12813383060227,-85.265625,55.2015054276102));
#2823=CARTESIAN_POINT('',(7.83373433399774,-83.3125,46.588232036399));
#2824=CARTESIAN_POINT('',(6.63106031131311,-81.359375,37.8904664161888));
#2825=CARTESIAN_POINT('',(2.65216363077222,-79.40625,30.0632106522232));
#2826=CARTESIAN_POINT('',(-3.66607860690565,-77.453125,23.9658861065757));
#2827=CARTESIAN_POINT('',(-11.6299325423015,-75.5,20.2679701956015));
#2828=CARTESIAN_POINT('',(-20.3649785316832,-73.546875,19.3754887379123));
#2829=CARTESIAN_POINT('',(-28.9121211591954,-71.59375,21.3864349067376));
#2830=CARTESIAN_POINT('',(-36.3328965263416,-69.640625,26.080009721236));
#2831=CARTESIAN_POINT('',(-41.8125142307154,-67.6875,32.9408654552439));
#2832=CARTESIAN_POINT('',(-44.7493201737215,-65.734375,41.2156900722407));
#2833=CARTESIAN_POINT('',(-44.8208573104155,-63.78125,49.9959197974255));
#2834=CARTESIAN_POINT('',(-42.0192709666537,-61.828125,58.3174981061003));
#2835=CARTESIAN_POINT('',(-36.6521712709586,-59.875,65.2667277357355));
#2836=CARTESIAN_POINT('',(-29.3088580073077,-57.921875,70.0805933238928));
#2837=CARTESIAN_POINT('',(-20.7956163511831,-55.96875,72.2305393914387));
#2838=CARTESIAN_POINT('',(-12.0471879234509,-54.015625,71.4805049696933));
#2839=CARTESIAN_POINT('',(-4.02413751234671,-52.0625,67.9128427533655));
#2840=CARTESIAN_POINT('',(2.39261555098698,-50.109375,61.9192768937834));
#2841=CARTESIAN_POINT('',(6.49852106095006,-48.15625,54.157892253644));
#2842=CARTESIAN_POINT('',(7.84275653105179,-46.203125,45.4808776408941));
#2843=CARTESIAN_POINT('',(6.27772685088546,-44.25,36.8409567101719));
#2844=CARTESIAN_POINT('',(1.97527001578112,-42.296875,29.1867802834746));
#2845=CARTESIAN_POINT('',(-4.59221043654904,-40.34375,23.3587658619737));
#2846=CARTESIAN_POINT('',(-12.7036146511933,-38.390625,19.9968209999075));
#2847=CARTESIAN_POINT('',(-21.4683221771715,-36.4375,19.470082380641));
#2848=CARTESIAN_POINT('',(-29.9239808048035,-34.484375,21.836385142731));
#2849=CARTESIAN_POINT('',(-37.1421714464695,-32.53125,26.8359126653605));
#2850=CARTESIAN_POINT('',(-42.3303472096109,-30.578125,33.9197240575195));
#2851=CARTESIAN_POINT('',(-44.9188538992619,-28.625,42.3100270738939));
#2852=CARTESIAN_POINT('',(-44.6234772247376,-26.671875,51.0855785784486));
#2853=CARTESIAN_POINT('',(-41.4766491176887,-24.71875,59.2828357083445));
#2854=CARTESIAN_POINT('',(-35.82388675291,-22.765625,66.0017514866749));
#2855=CARTESIAN_POINT('',(-28.2858552622855,-20.8125,70.5045986787607));
#2856=CARTESIAN_POINT('',(-19.6902196009851,-18.859375,72.2969711755245));
#2857=CARTESIAN_POINT('',(-10.9807681324828,-16.90625,71.1820690691864));
#2858=CARTESIAN_POINT('',(-3.1137860312557,-14.953125,67.2823069985035));
#2859=CARTESIAN_POINT('',(3.0469434462451,-13.,61.0258731984872));
#2860=CARTESIAN_POINT('',(6.82498111385238,-11.046875,53.0997150514974));
#2861=CARTESIAN_POINT('',(7.8055038999588,-9.09374999999999,44.3741132582193));
#2862=CARTESIAN_POINT('',(5.88085182081174,-7.14062499999999,35.8071262754357));
#2863=CARTESIAN_POINT('',(1.26234889101543,-5.18749999999999,28.33939688315));
#2864=CARTESIAN_POINT('',(-5.54289994762722,-3.23437499999999,22.7908709678189));
#2865=CARTESIAN_POINT('',(-13.7876882152815,-1.28125,19.7707686499355));
#2866=CARTESIAN_POINT('',(-22.5667500848612,0.67187500000001,19.610692795932));
#2867=CARTESIAN_POINT('',(-30.9161572605253,2.62500000000002,22.3282195030564));
#2868=CARTESIAN_POINT('',(-37.9191569103977,4.57812500000001,27.6249682693106));
#2869=CARTESIAN_POINT('',(-42.8068298015877,6.53125000000001,34.9193637410188));
#2870=CARTESIAN_POINT('',(-45.0425165198391,8.48437500000001,43.4104918455037));
#2871=CARTESIAN_POINT('',(-44.3807418970335,10.4375,52.1660389978843));
#2872=CARTESIAN_POINT('',(-40.8941678296094,12.390625,60.2246587842558));
#2873=CARTESIAN_POINT('',(-34.9656151074253,14.34375,66.7015264075162));
#2874=CARTESIAN_POINT('',(-27.2460302447229,16.296875,70.8854911703307));
#2875=CARTESIAN_POINT('',(-18.583012494343,18.25,72.3171597931452));
#2876=CARTESIAN_POINT('',(-9.92774867567895,20.203125,70.8393371318429));
#2877=CARTESIAN_POINT('',(-2.23057423763331,22.15625,66.6142859772121));
#2878=CARTESIAN_POINT('',(3.66337219916478,24.109375,60.1059108352054));
#2879=CARTESIAN_POINT('',(7.10694384055931,26.0625,52.0288218831419));
#2880=CARTESIAN_POINT('',(7.72204150087208,28.015625,43.2698718058096));
#2881=CARTESIAN_POINT('',(5.44112834663664,29.96875,34.7907806533454));
#2882=CARTESIAN_POINT('',(0.514645343230095,31.921875,27.5225403707122));
#2883=CARTESIAN_POINT('',(-6.51648680090254,33.875,22.2631932286538));
#2884=CARTESIAN_POINT('',(-14.8802599456888,35.828125,19.5902079366055));
#2885=CARTESIAN_POINT('',(-23.6583438966219,37.78125,19.7970744136106));
#2886=CARTESIAN_POINT('',(-31.8869177319147,39.734375,22.8610790196917));
#2887=CARTESIAN_POINT('',(-38.6624959457001,41.6875,28.4457984806678));
#2888=CARTESIAN_POINT('',(-43.2411298498421,43.640625,35.9380386770848));
#2889=CARTESIAN_POINT('',(-45.1200920638887,45.59375,44.5151624716389));
#2890=CARTESIAN_POINT('',(-44.0930752543417,47.546875,53.2354140770614));
#2891=CARTESIAN_POINT('',(-40.2728443814826,49.5,61.1413224794511));
#2892=CARTESIAN_POINT('',(-34.0788552698275,51.453125,67.3648303707981));
#2893=CARTESIAN_POINT('',(-26.1911989652729,53.40625,71.2226055858883));
#2894=CARTESIAN_POINT('',(-17.4759287218895,55.359375,72.2910699857298));
#2895=CARTESIAN_POINT('',(-8.88996860722455,57.3125,70.4529077245737));
#2896=CARTESIAN_POINT('',(-1.37604462372165,59.265625,65.9099463601027));
#2897=CARTESIAN_POINT('',(4.24082524286082,61.21875,59.1609964795043));
#2898=CARTESIAN_POINT('',(7.34391680502988,63.171875,50.9470830184479));
#2899=CARTESIAN_POINT('',(7.59251509736038,65.125,42.170081794908));
#2900=CARTESIAN_POINT('',(4.95932438691044,67.078125,33.7936948487768));
#2901=CARTESIAN_POINT('',(-0.266534794781611,69.03125,26.7376373516978));
#2902=CARTESIAN_POINT('',(-7.51127066789201,70.9843750000001,21.7766542114523));
#2903=CARTESIAN_POINT('',(-15.9794217118479,72.9375,19.4554542016071));
#2904=CARTESIAN_POINT('',(-24.741197189779,74.890625,20.0289017260252));
#2905=CARTESIAN_POINT('',(-32.8345668266488,76.84375,23.434033075894));
#2906=CARTESIAN_POINT('',(-39.3708903420145,78.796875,29.296969754048));
#2907=CARTESIAN_POINT('',(-43.6324888676371,80.75,36.9739697926095));
#2908=CARTESIAN_POINT('',(-45.1514450488818,82.7031250000001,45.6221096922075));
#2909=CARTESIAN_POINT('',(-43.760979694743,84.65625,54.2918361948346));
#2910=CARTESIAN_POINT('',(-39.6137638871162,86.6093750000001,62.0312258888808));
#2911=CARTESIAN_POINT('',(-33.1651559343065,88.5625,67.9905049084777));
#2912=CARTESIAN_POINT('',(-25.1232036221034,90.515625,71.5153533020522));
#2913=CARTESIAN_POINT('',(-16.3709018345804,92.46875,72.2187468225475));
#2914=CARTESIAN_POINT('',(-7.86924008376722,94.4218750000001,70.0234575792458));
#2915=CARTESIAN_POINT('',(-0.551690644174686,96.375,65.170511345519));
#2916=CARTESIAN_POINT('',(4.77829801581738,98.3281250000001,58.1928061400683));
#2917=CARTESIAN_POINT('',(7.53547145484358,100.28125,49.8562915479639));
#2918=CARTESIAN_POINT('',(7.43691667775177,101.908854166667,42.5402341667267));
#2919=CARTESIAN_POINT('',(5.92799565431686,103.2109375,36.9465820980501));
#2920=CARTESIAN_POINT('',(4.11873263545984,104.1875,32.996452574327));
#2921=CARTESIAN_POINT('',(1.67952304883258,105.1640625,29.4007711139246));
#2922=CARTESIAN_POINT('',(-1.32157225785735,106.140625,26.2588833521026));
#2923=CARTESIAN_POINT('',(-4.80177572492508,107.1171875,23.6576438487915));
#2924=CARTESIAN_POINT('',(-8.66483329982169,108.09375,21.6689507382238));
#2925=CARTESIAN_POINT('',(-12.8040289762071,109.0703125,20.3477691557578));
#2926=CARTESIAN_POINT('',(-16.387976692914,109.884114583333,19.8334895694371));
#2927=CARTESIAN_POINT('',(-19.2767030468611,110.53515625,19.7825123641289));
#2928=CARTESIAN_POINT('',(-21.4388541135723,111.0234375,19.9243950019287));
#2929=CARTESIAN_POINT('',(-23.2245870798474,111.430338541667,20.1920264883175));
#2930=CARTESIAN_POINT('',(-24.4596268509096,111.715169270833,20.4567914552241));
#2931=CARTESIAN_POINT('',(-25.1603179745388,111.8779296875,20.6300357414221));
#2932=CARTESIAN_POINT('',(-25.5086241567308,111.959309895833,20.7238848337795));
#2933=CARTESIAN_POINT('',(-25.6823964359761,112.,20.7726505407141));
#2934=CARTESIAN_POINT('',(-22.351288054682,112.,37.6133877045639));
#2935=CARTESIAN_POINT('',(-22.7874913897775,112.,36.2611580890015));
#2936=CARTESIAN_POINT('',(-23.6599319557843,112.,33.5567128942934));
#2937=CARTESIAN_POINT('',(-24.9685517989734,112.,29.5000276196889));
#2938=CARTESIAN_POINT('',(-26.2771827623852,112.,25.4433470861128));
#2939=CARTESIAN_POINT('',(-27.1496010879467,112.,22.7388924093479));
#2940=CARTESIAN_POINT('',(-27.5858107140701,112.,21.3866652685082));
#2941=CARTESIAN_POINT('',(-22.3512461375346,112.,37.6134063372521));
#2942=CARTESIAN_POINT('',(-20.4477152521505,112.,36.9999725554618));
#2943=CARTESIAN_POINT('',(-21.031604799927,112.,37.1187681924546));
#2944=CARTESIAN_POINT('',(-21.6731349619364,112.,37.3165464173522));
#2945=CARTESIAN_POINT('',(-22.2853738025542,112.,37.5837388841939));
#2946=CARTESIAN_POINT('',(-22.3512043413909,112.,37.6134250931893));
#2947=CARTESIAN_POINT('',(-20.894464513445,112.,38.3008008661459));
#2948=CARTESIAN_POINT('',(-20.4275126522755,112.,37.1520470916436));
#2949=CARTESIAN_POINT('',(-19.4935990506022,112.,34.8545397319353));
#2950=CARTESIAN_POINT('',(-18.0927656955962,112.,31.4082779825112));
#2951=CARTESIAN_POINT('',(-16.6919037349813,112.,27.962015003777));
#2952=CARTESIAN_POINT('',(-15.7580017207399,112.,25.6645066073938));
#2953=CARTESIAN_POINT('',(-15.2910495217188,112.,24.515752357981));
#2954=CARTESIAN_POINT('',(-21.8886642967876,112.,37.8966729379327));
#2955=CARTESIAN_POINT('',(-21.4217124516709,112.,36.7479191713241));
#2956=CARTESIAN_POINT('',(-20.4877995835705,112.,34.4504114269152));
#2957=CARTESIAN_POINT('',(-19.0869646984203,112.,31.0041506022703));
#2958=CARTESIAN_POINT('',(-17.6861031662457,112.,27.557887364598));
#2959=CARTESIAN_POINT('',(-16.7522010295929,112.,25.2603790421971));
#2960=CARTESIAN_POINT('',(-16.2852488509736,112.,24.1116247804539));
#2961=CARTESIAN_POINT('',(-23.877056867479,112.,37.0884116129313));
#2962=CARTESIAN_POINT('',(-23.4101052179985,112.,35.939658517195));
#2963=CARTESIAN_POINT('',(-22.4761861967457,112.,33.6421487715817));
#2964=CARTESIAN_POINT('',(-21.0753666234614,112.,30.1958974811902));
#2965=CARTESIAN_POINT('',(-19.6745008039644,112.,26.7496315739269));
#2966=CARTESIAN_POINT('',(-18.7405998922606,112.,24.4521240142664));
#2967=CARTESIAN_POINT('',(-18.2736475094833,112.,23.3033696253997));
#2968=CARTESIAN_POINT('',(-26.8596719584929,112.,35.8760401325858));
#2969=CARTESIAN_POINT('',(-26.3927199892257,112.,34.7272855865894));
#2970=CARTESIAN_POINT('',(-25.4588203143639,112.,32.4297774584315));
#2971=CARTESIAN_POINT('',(-24.0579548132994,112.,28.983511651814));
#2972=CARTESIAN_POINT('',(-22.6571018535809,112.,25.537249809094));
#2973=CARTESIAN_POINT('',(-21.7231972676548,112.,23.2397410881353));
#2974=CARTESIAN_POINT('',(-21.2562454972478,112.,22.0909868928184));
#2975=CARTESIAN_POINT('',(-29.8422651573476,112.,34.6636542493784));
#2976=CARTESIAN_POINT('',(-29.3753132776207,112.,33.5149001094549));
#2977=CARTESIAN_POINT('',(-28.4414081857693,112.,31.2173915284095));
#2978=CARTESIAN_POINT('',(-27.0405555444833,112.,27.7711297863353));
#2979=CARTESIAN_POINT('',(-25.6396989840268,112.,24.3248668055432));
#2980=CARTESIAN_POINT('',(-24.7057954268829,112.,22.027358409748));
#2981=CARTESIAN_POINT('',(-24.2388434850123,112.,20.8786041602371));
#2982=CARTESIAN_POINT('',(-31.8306651841172,112.,33.8553999945031));
#2983=CARTESIAN_POINT('',(-31.3637132788074,112.,32.7066457385588));
#2984=CARTESIAN_POINT('',(-30.4298097346672,112.,30.4091372869098));
#2985=CARTESIAN_POINT('',(-29.0289534191589,112.,26.9628743835375));
#2986=CARTESIAN_POINT('',(-27.6280978874846,112.,23.5166117279088));
#2987=CARTESIAN_POINT('',(-26.694194036403,112.,21.2191032392098));
#2988=CARTESIAN_POINT('',(-26.227242143522,112.,20.0703490051829));
#2989=CARTESIAN_POINT('',(-32.8248642853287,112.,33.4512722669462));
#2990=CARTESIAN_POINT('',(-32.3579123842827,112.,32.3025180303387));
#2991=CARTESIAN_POINT('',(-31.4240085821907,112.,30.0050095571236));
#2992=CARTESIAN_POINT('',(-30.0231528790527,112.,26.558746847301));
#2993=CARTESIAN_POINT('',(-28.6222971759148,112.,23.1124841374784));
#2994=CARTESIAN_POINT('',(-27.6883933738228,112.,20.8149756642633));
#2995=CARTESIAN_POINT('',(-27.2214414727768,112.,19.6662214276558));
#2996=CARTESIAN_POINT('',(-27.4277762566655,-138.,47.8223075711371));
#2997=CARTESIAN_POINT('',(-33.07480226652,-138.,48.4640786801876));
#2998=CARTESIAN_POINT('',(-38.7218215413426,-138.,49.1058686028725));
#2999=CARTESIAN_POINT('',(-44.3688453237261,-138.,49.7476444004273));
#3000=CARTESIAN_POINT('',(-27.4274903036749,-138.,47.8222062118605));
#3001=CARTESIAN_POINT('',(-22.351204341391,112.,37.6134250931893));
#3002=CARTESIAN_POINT('',(-22.2783836624768,111.947916666667,37.58058379225));
#3003=CARTESIAN_POINT('',(-21.1062097740888,111.114583333333,37.0707758963091));
#3004=CARTESIAN_POINT('',(-18.6284922345493,109.5,36.5762099719076));
#3005=CARTESIAN_POINT('',(-15.0357641925244,107.15625,37.3136836686702));
#3006=CARTESIAN_POINT('',(-12.0127321195184,104.8125,39.3904213321569));
#3007=CARTESIAN_POINT('',(-10.0354247775683,102.46875,42.4794046459412));
#3008=CARTESIAN_POINT('',(-9.41520345673727,100.125,46.0942196827798));
#3009=CARTESIAN_POINT('',(-10.2497327468854,97.78125,49.6656512026683));
#3010=CARTESIAN_POINT('',(-12.4076015563409,95.4375,52.6313154517948));
#3011=CARTESIAN_POINT('',(-15.5490160644644,93.09375,54.5242172256644));
#3012=CARTESIAN_POINT('',(-19.1793061443,90.75,55.0462863529027));
#3013=CARTESIAN_POINT('',(-22.7268197422791,88.40625,54.1153140066315));
#3014=CARTESIAN_POINT('',(-25.6329393956783,86.0625,51.8778979082058));
#3015=CARTESIAN_POINT('',(-27.4400462279761,83.71875,48.6863579767572));
#3016=CARTESIAN_POINT('',(-27.8635799674084,81.375,45.0432574553702));
#3017=CARTESIAN_POINT('',(-26.8368478906451,79.0312500000001,41.5222656235261));
#3018=CARTESIAN_POINT('',(-24.5215267472679,76.6875,38.6778236324849));
#3019=CARTESIAN_POINT('',(-21.2822039551348,74.3437500000001,36.9578381425069));
#3020=CARTESIAN_POINT('',(-17.6289669963949,72.0000000000001,36.6331506609736));
#3021=CARTESIAN_POINT('',(-14.1370813081647,69.6562500000001,37.7548888557858));
#3022=CARTESIAN_POINT('',(-11.3564047752425,67.3125,40.1464156184683));
#3023=CARTESIAN_POINT('',(-9.72480308202274,64.9687500000001,43.4311436364401));
#3024=CARTESIAN_POINT('',(-9.49920017618483,62.625,47.0918355882771));
#3025=CARTESIAN_POINT('',(-10.7151211429364,60.28125,50.5520521190717));
#3026=CARTESIAN_POINT('',(-13.1810981650132,57.9375,53.2669222014062));
#3027=CARTESIAN_POINT('',(-16.5088204469361,55.59375,54.8089425163707));
#3028=CARTESIAN_POINT('',(-20.1742804757143,53.25,54.9352952559361));
#3029=CARTESIAN_POINT('',(-23.6002880801379,50.90625,53.6260839926937));
#3030=CARTESIAN_POINT('',(-26.2473590207818,48.5625,51.087466716977));
#3031=CARTESIAN_POINT('',(-27.6986661279481,46.21875,47.7191926904086));
#3032=CARTESIAN_POINT('',(-27.7256759594256,43.875,44.0516550005719));
#3033=CARTESIAN_POINT('',(-26.3241353494092,41.53125,40.6623709823993));
#3034=CARTESIAN_POINT('',(-23.7147411431246,39.1875,38.0850421105674));
#3035=CARTESIAN_POINT('',(-20.3083876558444,36.84375,36.7255134580336));
#3036=CARTESIAN_POINT('',(-16.6414642458179,34.5,36.797866359626));
#3037=CARTESIAN_POINT('',(-13.2913915189813,32.1562500000001,38.2907075977597));
#3038=CARTESIAN_POINT('',(-10.7856964530093,29.8125,40.968963461887));
#3039=CARTESIAN_POINT('',(-9.51894413735236,27.4687500000001,44.4108961759511));
#3040=CARTESIAN_POINT('',(-9.69060666561226,25.125,48.0745138161749));
#3041=CARTESIAN_POINT('',(-11.2736527993366,22.78125,51.3829163273379));
#3042=CARTESIAN_POINT('',(-14.0188045047217,20.4375,53.8151384289947));
#3043=CARTESIAN_POINT('',(-17.4937900967978,18.09375,54.9881846225575));
#3044=CARTESIAN_POINT('',(-21.1514129036334,15.75,54.7173384664374));
#3045=CARTESIAN_POINT('',(-24.4157168603614,13.40625,53.0452493792604));
#3046=CARTESIAN_POINT('',(-26.7726807677673,11.0625,50.2352167501696));
#3047=CARTESIAN_POINT('',(-27.8511598334993,8.71875000000003,46.7297288893795));
#3048=CARTESIAN_POINT('',(-27.4813288482497,6.375,43.0807855793628));
#3049=CARTESIAN_POINT('',(-25.7214241065136,4.03125000000003,39.8629761478735));
#3050=CARTESIAN_POINT('',(-22.8485730933052,1.68750000000001,37.5830004257929));
#3051=CARTESIAN_POINT('',(-19.3151559615003,-0.656249999999993,36.5998800821758));
#3052=CARTESIAN_POINT('',(-15.6775704410564,-2.99999999999998,37.068424443818));
#3053=CARTESIAN_POINT('',(-12.5086173790316,-5.34374999999999,38.9148530852905));
#3054=CARTESIAN_POINT('',(-10.3073033246899,-7.68749999999997,41.8484138348792));
#3055=CARTESIAN_POINT('',(-9.42026330499672,-10.03125,45.4071667401579));
#3056=CARTESIAN_POINT('',(-9.9871771355321,-12.375,49.0307245147925));
#3057=CARTESIAN_POINT('',(-11.918774414126,-14.71875,52.1484952232791));
#3058=CARTESIAN_POINT('',(-14.9108916919373,-17.0625,54.2695318644503));
#3059=CARTESIAN_POINT('',(-18.4923682769101,-19.40625,55.0598404805356));
#3060=CARTESIAN_POINT('',(-22.0992386457443,-21.75,54.3949732909435));
#3061=CARTESIAN_POINT('',(-25.1635385840221,-24.09375,52.3796251508846));
#3062=CARTESIAN_POINT('',(-27.2027409895167,-26.4375,49.3311475329922));
#3063=CARTESIAN_POINT('',(-27.8957381223213,-28.78125,45.7295760410884));
#3064=CARTESIAN_POINT('',(-27.1334055804257,-31.125,42.1420404896362));
#3065=CARTESIAN_POINT('',(-25.0357858269647,-33.46875,39.1334604911556));
#3066=CARTESIAN_POINT('',(-21.9331854251332,-35.8125,37.1775890782238));
#3067=CARTESIAN_POINT('',(-18.3141625485501,-38.15625,36.5824120825873));
#3068=CARTESIAN_POINT('',(-14.7485950344713,-40.5,37.4416504313099));
#3069=CARTESIAN_POINT('',(-11.7979432474238,-42.84375,39.6200021634596));
#3070=CARTESIAN_POINT('',(-9.92683841971554,-45.1875,42.7744480674333));
#3071=CARTESIAN_POINT('',(-9.42991841600208,-47.53125,46.4082659972801));
#3072=CARTESIAN_POINT('',(-10.3854318980528,-49.875,49.9492483783417));
#3073=CARTESIAN_POINT('',(-12.6429167176053,-52.21875,52.8398062011255));
#3074=CARTESIAN_POINT('',(-15.8468927877751,-54.5625,54.6247710688882));
#3075=CARTESIAN_POINT('',(-19.4928385800291,-56.90625,55.0230693457041));
#3076=CARTESIAN_POINT('',(-23.0066367777044,-59.25,53.9719820689372));
#3077=CARTESIAN_POINT('',(-25.8349789918426,-61.59375,51.6370211362679));
#3078=CARTESIAN_POINT('',(-27.5324937509218,-63.9375,48.3858665905603));
#3079=CARTESIAN_POINT('',(-27.831877953358,-66.28125,44.7304690285021));
#3080=CARTESIAN_POINT('',(-26.6859883708235,-68.625,41.2464341116269));
#3081=CARTESIAN_POINT('',(-24.2752651661191,-70.96875,38.4823834847991));
#3082=CARTESIAN_POINT('',(-20.9793184641238,-73.3125,36.8735647955197));
#3083=CARTESIAN_POINT('',(-17.3171521623816,-75.65625,36.6733144128722));
#3084=CARTESIAN_POINT('',(-13.8654377777298,-78.,37.9131652281551));
#3085=CARTESIAN_POINT('',(-11.1677075274095,-80.34375,40.3978812549624));
#3086=CARTESIAN_POINT('',(-9.64876576689995,-82.6875,43.7362009169405));
#3087=CARTESIAN_POINT('',(-9.54779618608617,-85.03125,47.4024479600513));
#3088=CARTESIAN_POINT('',(-10.8806981943679,-87.375,50.8193082840455));
#3089=CARTESIAN_POINT('',(-13.4375832832562,-89.71875,53.4487380472431));
#3090=CARTESIAN_POINT('',(-16.8158256075265,-92.0625000000001,54.8766879888988));
#3091=CARTESIAN_POINT('',(-20.4834623984611,-94.40625,54.8783026570821));
#3092=CARTESIAN_POINT('',(-23.8629607159427,-96.75,53.4533277943199));
#3093=CARTESIAN_POINT('',(-26.4221600133676,-99.09375,50.8261503748389));
#3094=CARTESIAN_POINT('',(-27.7580700332921,-101.4375,47.4104649888541));
#3095=CARTESIAN_POINT('',(-27.6603286036925,-103.78125,43.7441304637036));
#3096=CARTESIAN_POINT('',(-26.144326805645,-106.125,40.4044746752005));
#3097=CARTESIAN_POINT('',(-23.4487853810211,-108.46875,37.9173842736459));
#3098=CARTESIAN_POINT('',(-19.998164016782,-110.8125,36.6744947218251));
#3099=CARTESIAN_POINT('',(-16.3358228151723,-113.15625,36.871520507846));
#3100=CARTESIAN_POINT('',(-13.0384608340418,-115.5,38.4774365090008));
#3101=CARTESIAN_POINT('',(-10.6253048311528,-117.84375,41.2393634347367));
#3102=CARTESIAN_POINT('',(-9.47634801758168,-120.1875,44.7223880510447));
#3103=CARTESIAN_POINT('',(-9.77251354484233,-122.53125,48.3780478024935));
#3104=CARTESIAN_POINT('',(-11.4671650205435,-124.875,51.6306957408826));
#3105=CARTESIAN_POINT('',(-14.2934502174892,-127.21875,53.9681461104926));
#3106=CARTESIAN_POINT('',(-17.8063215740661,-129.5625,55.0223268578484));
#3107=CARTESIAN_POINT('',(-21.4526166599858,-131.90625,54.6272389858081));
#3108=CARTESIAN_POINT('',(-24.6581631133868,-134.25,52.8450958445544));
#3109=CARTESIAN_POINT('',(-26.6168550592167,-136.28125,50.3416695418043));
#3110=CARTESIAN_POINT('',(-27.2669405374345,-137.53125,48.5230956385397));
#3111=CARTESIAN_POINT('',(-27.4272044472933,-138.,47.822104708798));
#3112=CARTESIAN_POINT('',(-44.3688453237764,-138.,49.74764439996));
#3113=CARTESIAN_POINT('',(-44.314360888853,-137.918619791667,50.104256592114));
#3114=CARTESIAN_POINT('',(-44.1905057922,-137.755859375,50.8154722250304));
#3115=CARTESIAN_POINT('',(-43.8838912130309,-137.430338541667,52.2260329671357));
#3116=CARTESIAN_POINT('',(-43.1940185079766,-136.860677083333,54.658101705696));
#3117=CARTESIAN_POINT('',(-41.7797395734689,-136.046875,57.9912197779375));
#3118=CARTESIAN_POINT('',(-39.4433994417941,-135.0703125,61.6545112884558));
#3119=CARTESIAN_POINT('',(-36.5324127979005,-134.09375,64.8800896670376));
#3120=CARTESIAN_POINT('',(-33.127246406161,-133.1171875,67.5787996261837));
#3121=CARTESIAN_POINT('',(-29.3220193554195,-132.140625,69.6760472829448));
#3122=CARTESIAN_POINT('',(-25.2219128773501,-131.1640625,71.1138608621348));
#3123=CARTESIAN_POINT('',(-20.9402491382267,-130.1875,71.852508123882));
#3124=CARTESIAN_POINT('',(-16.5954033384223,-129.2109375,71.8715355051634));
#3125=CARTESIAN_POINT('',(-12.3073680911803,-128.234375,71.1705547507362));
#3126=CARTESIAN_POINT('',(-8.19504697328416,-127.2578125,69.7684276022782));
#3127=CARTESIAN_POINT('',(-3.09590529700193,-125.955729166667,67.0182939143795));
#3128=CARTESIAN_POINT('',(2.28444976290304,-124.328125,62.0596597622467));
#3129=CARTESIAN_POINT('',(6.44222100887291,-122.375,54.3258531054864));
#3130=CARTESIAN_POINT('',(7.8444191322016,-120.421875,45.6580317061593));
#3131=CARTESIAN_POINT('',(6.3371922619694,-118.46875,37.007837431857));
#3132=CARTESIAN_POINT('',(2.0860029361035,-116.515625,29.3250684984866));
#3133=CARTESIAN_POINT('',(-4.44236669112873,-114.5625,23.4532766260489));
#3134=CARTESIAN_POINT('',(-12.5311131440511,-112.609375,20.0371774621237));
#3135=CARTESIAN_POINT('',(-21.2921032072418,-110.65625,19.451853380964));
#3136=CARTESIAN_POINT('',(-29.7633929914792,-108.703125,21.7615722200883));
#3137=CARTESIAN_POINT('',(-37.0148470909855,-106.75,26.7127301647927));
#3138=CARTESIAN_POINT('',(-42.2502663442983,-104.796875,33.7616972409428));
#3139=CARTESIAN_POINT('',(-44.894809286705,-102.84375,42.134507056804));
#3140=CARTESIAN_POINT('',(-44.6581089287804,-100.890625,50.9118372049681));
#3141=CARTESIAN_POINT('',(-41.5661546272727,-98.9375,59.1299495299673));
#3142=CARTESIAN_POINT('',(-35.9584384925496,-96.984375,65.8865071846688));
#3143=CARTESIAN_POINT('',(-28.4506796455709,-95.03125,70.4396499108033));
#3144=CARTESIAN_POINT('',(-19.8672191490243,-93.078125,72.2894492224001));
#3145=CARTESIAN_POINT('',(-11.1505085508997,-91.125,71.2327998304688));
#3146=CARTESIAN_POINT('',(-3.25763006760983,-89.171875,67.3857203099772));
#3147=CARTESIAN_POINT('',(2.94478965909858,-87.21875,61.1706144281234));
#3148=CARTESIAN_POINT('',(6.775733913995,-85.265625,53.2698918216245));
#3149=CARTESIAN_POINT('',(7.81457055870645,-83.3125,44.5510404056102));
#3150=CARTESIAN_POINT('',(5.94723683214749,-81.359375,35.971377455202));
#3151=CARTESIAN_POINT('',(1.3787632767089,-79.40625,28.472937553315));
#3152=CARTESIAN_POINT('',(-5.38923831875013,-77.453125,22.8790385559434));
#3153=CARTESIAN_POINT('',(-13.6136511678277,-75.5,19.8038824823621));
#3154=CARTESIAN_POINT('',(-22.3914466349241,-73.546875,19.5851170217546));
#3155=CARTESIAN_POINT('',(-30.7588354733608,-71.59375,22.2467623052878));
#3156=CARTESIAN_POINT('',(-37.7970904906982,-69.640625,27.4965735304522));
#3157=CARTESIAN_POINT('',(-42.7334214656872,-67.6875,34.7581290176959));
#3158=CARTESIAN_POINT('',(-45.0258263968464,-65.734375,43.2341204771377));
#3159=CARTESIAN_POINT('',(-44.4226025383142,-63.78125,51.9938963056303));
#3160=CARTESIAN_POINT('',(-40.9899829972942,-61.828125,60.0756457867492));
#3161=CARTESIAN_POINT('',(-35.1048644346846,-59.875,66.5920045163587));
#3162=CARTESIAN_POINT('',(-27.4134243568225,-57.921875,70.8274857307679));
#3163=CARTESIAN_POINT('',(-18.7601717598838,-55.96875,72.3170397185454));
#3164=CARTESIAN_POINT('',(-10.0952212635334,-54.015625,70.8971156062233));
#3165=CARTESIAN_POINT('',(-2.36997189987812,-52.0625,66.7236190076533));
#3166=CARTESIAN_POINT('',(3.56735512423022,-50.109375,60.2547938130957));
#3167=CARTESIAN_POINT('',(7.06484988888932,-48.15625,52.2009076728452));
#3168=CARTESIAN_POINT('',(7.73849252747879,-46.203125,43.4462656365064));
#3169=CARTESIAN_POINT('',(5.51431805259222,-44.25,34.9521147375527));
#3170=CARTESIAN_POINT('',(0.636537604677629,-42.296875,27.6511004593249));
#3171=CARTESIAN_POINT('',(-6.35927557797519,-40.34375,22.3448636098824));
#3172=CARTESIAN_POINT('',(-14.7049913261763,-38.390625,19.6160213207146));
#3173=CARTESIAN_POINT('',(-23.4842621214534,-36.4375,19.7641965283595));
#3174=CARTESIAN_POINT('',(-31.7331367282206,-34.484375,22.7731198093278));
#3175=CARTESIAN_POINT('',(-38.5459006452706,-32.53125,28.3124157392728));
#3176=CARTESIAN_POINT('',(-43.1745222480263,-30.578125,35.7738776367453));
#3177=CARTESIAN_POINT('',(-45.1107855790308,-28.625,44.3382477771558));
#3178=CARTESIAN_POINT('',(-44.1420917250184,-26.671875,53.0651707060091));
#3179=CARTESIAN_POINT('',(-40.3748018701073,-24.71875,60.9964429077448));
#3180=CARTESIAN_POINT('',(-34.2225589916138,-22.765625,67.2612221658658));
#3181=CARTESIAN_POINT('',(-26.3608704594133,-20.8125,71.1716447787798));
#3182=CARTESIAN_POINT('',(-17.6529383037253,-18.859375,72.2983519993597));
#3183=CARTESIAN_POINT('',(-9.05488088068919,-16.90625,70.517633004378));
#3184=CARTESIAN_POINT('',(-1.51075245970295,-14.953125,66.0250081639721));
#3185=CARTESIAN_POINT('',(4.15111256991928,-13.,59.3137611877927));
#3186=CARTESIAN_POINT('',(7.30904961686367,-11.046875,51.120777287132));
#3187=CARTESIAN_POINT('',(7.61632176080037,-9.09374999999999,42.345634244509));
#3188=CARTESIAN_POINT('',(5.03919096474296,-7.14062499999999,33.951830074232));
#3189=CARTESIAN_POINT('',(-0.139377537288355,-5.18749999999999,26.8609923339707));
#3190=CARTESIAN_POINT('',(-7.35078441370005,-3.23437499999999,21.8516847519001));
#3191=CARTESIAN_POINT('',(-15.8032276195498,-1.28125,19.47392205541));
#3192=CARTESIAN_POINT('',(-24.5686411158754,0.67187500000001,19.9887791495399));
#3193=CARTESIAN_POINT('',(-32.684595178479,2.62500000000002,23.3397254700101));
#3194=CARTESIAN_POINT('',(-39.2599697896481,4.57812500000001,29.1588319574119));
#3195=CARTESIAN_POINT('',(-43.5727983272536,6.53125000000001,36.8071691357904));
#3196=CARTESIAN_POINT('',(-45.1495384556472,8.48437500000001,45.4449606449929));
#3197=CARTESIAN_POINT('',(-43.8170663892213,10.4375,54.1237894704246));
#3198=CARTESIAN_POINT('',(-39.7216856336728,12.390625,61.8907327595195));
#3199=CARTESIAN_POINT('',(-33.3130630726796,14.34375,67.8929913727153));
#3200=CARTESIAN_POINT('',(-25.2948561944443,16.296875,71.4715259955403));
#3201=CARTESIAN_POINT('',(-16.5474525172065,18.25,72.2334187021583));
#3202=CARTESIAN_POINT('',(-8.03130431307877,20.203125,70.0950147753324));
#3203=CARTESIAN_POINT('',(-0.681472337694739,22.15625,65.2911078733855));
#3204=CARTESIAN_POINT('',(4.69504248834419,24.109375,58.3491600261082));
#3205=CARTESIAN_POINT('',(7.50790661336531,26.0625,50.0313870667679));
#3206=CARTESIAN_POINT('',(7.44827162477601,28.015625,41.2510684360428));
#3207=CARTESIAN_POINT('',(4.52268535807156,29.96875,32.9722704203263));
#3208=CARTESIAN_POINT('',(-0.947627046032948,31.921875,26.1039930678569));
#3209=CARTESIAN_POINT('',(-8.36203319745381,33.875,21.4003632981252));
#3210=CARTESIAN_POINT('',(-16.9064420244598,35.828125,19.3778328568373));
#3211=CARTESIAN_POINT('',(-25.6426897958955,37.78125,20.2584726611964));
#3212=CARTESIAN_POINT('',(-33.6115491419737,39.734375,23.9455897343816));
#3213=CARTESIAN_POINT('',(-39.9380508321097,41.6875,30.0343439545514));
#3214=CARTESIAN_POINT('',(-43.9275541309501,43.640625,37.8561989146939));
#3215=CARTESIAN_POINT('',(-45.1420173464272,45.59375,46.5523262531805));
#3216=CARTESIAN_POINT('',(-43.4480941739989,47.546875,55.1679037657374));
#3217=CARTESIAN_POINT('',(-39.0317749280236,49.5,62.7569535024666));
#3218=CARTESIAN_POINT('',(-32.3779650742435,51.453125,68.4862087785649));
#3219=CARTESIAN_POINT('',(-24.2172433109871,53.40625,71.7266056511189));
#3220=CARTESIAN_POINT('',(-15.4456450847472,55.359375,72.1223532302134));
#3221=CARTESIAN_POINT('',(-7.02627919411996,57.3125,69.6299990040456));
#3222=CARTESIAN_POINT('',(0.116420163300105,59.265625,64.5231998618776));
#3223=CARTESIAN_POINT('',(5.19819492878429,61.21875,57.3626749633915));
#3224=CARTESIAN_POINT('',(7.66107358301516,63.171875,48.9346395859466));
#3225=CARTESIAN_POINT('',(7.23463561189851,65.125,40.1644798242455));
#3226=CARTESIAN_POINT('',(3.96570328789282,67.078125,32.0151465355656));
#3227=CARTESIAN_POINT('',(-1.78679934778903,69.03125,25.3814247283571));
#3228=CARTESIAN_POINT('',(-9.39125582577617,70.9843750000001,20.9916874624912));
#3229=CARTESIAN_POINT('',(-18.012707823356,72.9375,19.3279215407391));
#3230=CARTESIAN_POINT('',(-26.7045323806737,74.890625,20.5728060549588));
#3231=CARTESIAN_POINT('',(-34.512379732606,76.84375,24.5896544859788));
#3232=CARTESIAN_POINT('',(-40.5789595326287,78.796875,30.9374226858679));
#3233=CARTESIAN_POINT('',(-44.2381700930701,80.75,38.9191348868945));
#3234=CARTESIAN_POINT('',(-45.0882353865147,82.7031250000001,47.6584106349437));
#3235=CARTESIAN_POINT('',(-43.0358194743894,84.65625,56.1956900877361));
#3236=CARTESIAN_POINT('',(-38.3062746509995,86.6093750000001,63.5935923278906));
#3237=CARTESIAN_POINT('',(-31.4188981137769,88.5625,69.0398383191182));
#3238=CARTESIAN_POINT('',(-23.1299137841831,90.515625,71.9364383904404));
#3239=CARTESIAN_POINT('',(-14.3494403802395,92.46875,71.9653490664994));
#3240=CARTESIAN_POINT('',(-6.04156033409042,94.4218750000001,69.1233996429883));
#3241=CARTESIAN_POINT('',(0.881529975890843,96.375,63.722618448738));
#3242=CARTESIAN_POINT('',(5.65969705966102,98.3281250000001,56.3560542313166));
#3243=CARTESIAN_POINT('',(7.76826099587235,100.28125,47.8323555597216));
#3244=CARTESIAN_POINT('',(7.1079343714553,101.908854166667,40.5454922154061));
#3245=CARTESIAN_POINT('',(5.17373525179177,103.2109375,35.084296386115));
#3246=CARTESIAN_POINT('',(3.06634698748581,104.1875,31.2848397632467));
#3247=CARTESIAN_POINT('',(0.358104763153556,105.1640625,27.8871798881974));
#3248=CARTESIAN_POINT('',(-2.87549940237076,106.140625,24.9851399421548));
#3249=CARTESIAN_POINT('',(-6.54525991208501,107.1171875,22.6589583226078));
#3250=CARTESIAN_POINT('',(-10.5496835473942,108.09375,20.9729258602979));
#3251=CARTESIAN_POINT('',(-14.7781469498989,109.0703125,19.9736466826235));
#3252=CARTESIAN_POINT('',(-18.391012398111,109.884114583333,19.7362272602724));
#3253=CARTESIAN_POINT('',(-21.2751175476733,110.53515625,19.9073298894694));
#3254=CARTESIAN_POINT('',(-23.4199781473694,111.0234375,20.2149025248911));
#3255=CARTESIAN_POINT('',(-25.1798723674505,111.430338541667,20.6189336789793));
#3256=CARTESIAN_POINT('',(-26.3909211789335,111.715169270833,20.977799252714));
#3257=CARTESIAN_POINT('',(-27.0762317645434,111.8779296875,21.2043627861522));
#3258=CARTESIAN_POINT('',(-27.4162984877672,111.959309895833,21.3246934657203));
#3259=CARTESIAN_POINT('',(-27.5858107140701,112.,21.3866652685082));
#3260=CARTESIAN_POINT('',(-42.9570894038941,-138.,49.5872003255183));
#3261=CARTESIAN_POINT('',(-42.904829855812,-137.918619791667,49.9242348880688));
#3262=CARTESIAN_POINT('',(-42.786241422933,-137.755859375,50.5963727574541));
#3263=CARTESIAN_POINT('',(-42.4933997666114,-137.430338541667,51.9293032749551));
#3264=CARTESIAN_POINT('',(-41.8360730495932,-136.860677083333,54.2271839729293));
#3265=CARTESIAN_POINT('',(-40.4919855830948,-136.046875,57.3754146744152));
#3266=CARTESIAN_POINT('',(-38.2754685950185,-135.0703125,60.8338625672739));
#3267=CARTESIAN_POINT('',(-35.5165877095987,-134.09375,63.8772805869694));
#3268=CARTESIAN_POINT('',(-32.2916050568003,-133.1171875,66.4215484786309));
#3269=CARTESIAN_POINT('',(-28.689659446238,-132.140625,68.3963411987852));
#3270=CARTESIAN_POINT('',(-24.8103131562131,-131.1640625,69.747071853471));
#3271=CARTESIAN_POINT('',(-20.7607867829632,-130.1875,70.4364146748216));
#3272=CARTESIAN_POINT('',(-16.6530376948278,-129.2109375,70.4452809805627));
#3273=CARTESIAN_POINT('',(-12.6005102445173,-128.234375,69.773555631897));
#3274=CARTESIAN_POINT('',(-8.71557885246321,-127.2578125,68.4393206266251));
#3275=CARTESIAN_POINT('',(-3.90051650130468,-125.955729166667,65.8285795567532));
#3276=CARTESIAN_POINT('',(1.17577345429536,-124.328125,61.1292853354822));
#3277=CARTESIAN_POINT('',(5.09038026541928,-122.375,53.8088510442676));
#3278=CARTESIAN_POINT('',(6.39784876522062,-120.421875,45.6111652267955));
#3279=CARTESIAN_POINT('',(4.95472235879431,-118.46875,37.4362531729373));
#3280=CARTESIAN_POINT('',(0.919427026655501,-116.515625,30.1817268257709));
#3281=CARTESIAN_POINT('',(-5.2649603487602,-114.5625,24.6441177492775));
#3282=CARTESIAN_POINT('',(-12.919404932017,-112.609375,21.4314487335635));
#3283=CARTESIAN_POINT('',(-21.203459255249,-110.65625,20.8964658355433));
#3284=CARTESIAN_POINT('',(-29.2075462755259,-108.703125,23.0979094986244));
#3285=CARTESIAN_POINT('',(-36.052828777006,-106.75,27.7940643671734));
#3286=CARTESIAN_POINT('',(-40.9877046516458,-104.796875,34.4692994356391));
#3287=CARTESIAN_POINT('',(-43.4703316631826,-102.84375,42.390683546286));
#3288=CARTESIAN_POINT('',(-43.2281209571745,-100.890625,50.6884601812017));
#3289=CARTESIAN_POINT('',(-40.2876669186305,-98.9375,58.4515454670861));
#3290=CARTESIAN_POINT('',(-34.9718271481618,-96.9843750000002,64.8275638675793));
#3291=CARTESIAN_POINT('',(-27.8642731640838,-95.0312499999998,69.1164377841384));
#3292=CARTESIAN_POINT('',(-19.7454041139669,-93.0781250000001,70.8472550638635));
#3293=CARTESIAN_POINT('',(-11.506660076936,-91.1250000000001,69.8299744727764));
#3294=CARTESIAN_POINT('',(-4.05264323229457,-89.1718749999999,66.1762919484522));
#3295=CARTESIAN_POINT('',(1.79820615139486,-87.21875,60.2873765476263));
#3296=CARTESIAN_POINT('',(5.40347327407767,-85.2656250000001,52.8098226639789));
#3297=CARTESIAN_POINT('',(6.36730502009402,-83.3125,44.5646548989127));
#3298=CARTESIAN_POINT('',(4.58387405775314,-81.359375,36.4571807477791));
#3299=CARTESIAN_POINT('',(0.248998527285935,-79.40625,29.3775891462746));
#3300=CARTESIAN_POINT('',(-6.16135850773005,-77.4531249999999,24.103209012805));
#3301=CARTESIAN_POINT('',(-13.9433491163566,-75.5000000000001,21.2131596575192));
#3302=CARTESIAN_POINT('',(-22.2425219851063,-73.546875,21.0247643196577));
#3303=CARTESIAN_POINT('',(-30.1476399363518,-71.5937499999999,23.5587085348351));
#3304=CARTESIAN_POINT('',(-36.7907324524698,-69.6406250000001,28.5367688931492));
#3305=CARTESIAN_POINT('',(-41.4423975833092,-67.6875,35.4123615671862));
#3306=CARTESIAN_POINT('',(-43.5918892253547,-65.734375,43.4305564257249));
#3307=CARTESIAN_POINT('',(-43.0031963051894,-63.78125,51.710967270271));
#3308=CARTESIAN_POINT('',(-39.7409564540006,-61.828125,59.3444169663166));
#3309=CARTESIAN_POINT('',(-34.1633588891689,-59.875,65.4927637777367));
#3310=CARTESIAN_POINT('',(-26.8828157562527,-57.921875,69.4809281171901));
#3311=CARTESIAN_POINT('',(-18.6987201611662,-55.96875,70.8710153084132));
#3312=CARTESIAN_POINT('',(-10.5096739633279,-54.015625,69.510395788338));
#3313=CARTESIAN_POINT('',(-3.21482259118344,-52.0625,65.5484636123612));
#3314=CARTESIAN_POINT('',(2.38486982538482,-50.1093750000001,59.4202332031352));
#3315=CARTESIAN_POINT('',(5.67456515805081,-48.15625,51.7985753961382));
#3316=CARTESIAN_POINT('',(6.29305961727985,-46.203125,43.5203371951294));
#3317=CARTESIAN_POINT('',(4.17244340599687,-44.25,35.4944571815008));
#3318=CARTESIAN_POINT('',(-0.454442882914223,-42.296875,28.6021653726598));
#3319=CARTESIAN_POINT('',(-7.0795738269459,-40.3437499999999,23.6002254406756));
#3320=CARTESIAN_POINT('',(-14.9755196305794,-38.390625,21.0378431556151));
#3321=CARTESIAN_POINT('',(-23.275316864739,-36.4375,21.1963643863215));
#3322=CARTESIAN_POINT('',(-31.0676597973719,-34.484375,24.0583837309373));
#3323=CARTESIAN_POINT('',(-37.4969604447941,-32.53125,29.3096556048555));
#3324=CARTESIAN_POINT('',(-41.8572908948185,-30.578125,36.3735979514));
#3325=CARTESIAN_POINT('',(-43.6698931705202,-28.625,44.4746001177283));
#3326=CARTESIAN_POINT('',(-42.7357461636506,-26.671875,52.723183782715));
#3327=CARTESIAN_POINT('',(-39.1574178644778,-24.71875,60.2136663901354));
#3328=CARTESIAN_POINT('',(-33.3278035447994,-22.765625,66.1236037834197));
#3329=CARTESIAN_POINT('',(-25.8869864253607,-20.8125,69.8040933845159));
#3330=CARTESIAN_POINT('',(-17.6519574639799,-18.859375,70.8510227584348));
#3331=CARTESIAN_POINT('',(-9.5269109300363,-16.90625,69.1494405741269));
#3332=CARTESIAN_POINT('',(-2.4039651814366,-14.953125,64.886178094376));
#3333=CARTESIAN_POINT('',(2.9347906407635,-13.,58.5293353733669));
#3334=CARTESIAN_POINT('',(5.90316886890158,-11.046875,50.7768845477602));
#3335=CARTESIAN_POINT('',(6.17524586678803,-9.09375000000001,42.4800335055912));
#3336=CARTESIAN_POINT('',(3.72114797356864,-7.14062499999998,34.5497644912872));
#3337=CARTESIAN_POINT('',(-1.18966841152142,-5.18749999999997,27.8568095728182));
#3338=CARTESIAN_POINT('',(-8.01800275207036,-3.23437500000001,23.1360455199966));
#3339=CARTESIAN_POINT('',(-16.0141138135235,-1.28124999999998,20.9058053980305));
#3340=CARTESIAN_POINT('',(-24.3000401663657,0.671874999999992,21.4109663466435));
#3341=CARTESIAN_POINT('',(-31.9659990812558,2.62500000000001,24.5960624243096));
#3342=CARTESIAN_POINT('',(-38.1702793568581,4.57812500000002,30.1113746884057));
#3343=CARTESIAN_POINT('',(-42.231659992363,6.53125000000002,37.3513298293082));
#3344=CARTESIAN_POINT('',(-43.7042072680956,8.48437500000002,45.5209912439236));
#3345=CARTESIAN_POINT('',(-42.4262376229731,10.4375,53.7233419249711));
#3346=CARTESIAN_POINT('',(-38.538070275662,12.390625,61.0577756309924));
#3347=CARTESIAN_POINT('',(-32.4666203773149,14.34375,66.7189821490944));
#3348=CARTESIAN_POINT('',(-24.8785243454397,16.2968750000001,70.0853691915721));
#3349=CARTESIAN_POINT('',(-16.6069441494286,18.25,70.7873123300755));
#3350=CARTESIAN_POINT('',(-8.56008733135413,20.203125,68.7477392232397));
#3351=CARTESIAN_POINT('',(-1.6214871314126,22.15625,64.1905920482951));
#3352=CARTESIAN_POINT('',(3.44700818396056,24.109375,57.6162389739036));
#3353=CARTESIAN_POINT('',(6.08888515986528,26.0625,49.7465344589341));
#3354=CARTESIAN_POINT('',(6.01406952537779,28.015625,41.4455606769285));
#3355=CARTESIAN_POINT('',(3.23077592895666,29.96875,33.6247525431826));
#3356=CARTESIAN_POINT('',(-1.95539401807762,31.921875,27.1428234792999));
#3357=CARTESIAN_POINT('',(-8.97500635646347,33.875,22.7114799214721));
#3358=CARTESIAN_POINT('',(-17.0573178041378,35.828125,20.8172769831546));
#3359=CARTESIAN_POINT('',(-25.3149022538497,37.78125,21.6681954073286));
#3360=CARTESIAN_POINT('',(-32.841088876231,39.734375,25.1708055817304));
#3361=CARTESIAN_POINT('',(-38.8095132655075,41.6875,30.9405259751469));
#3362=CARTESIAN_POINT('',(-42.5648510560612,43.640625,38.3438496333146));
#3363=CARTESIAN_POINT('',(-43.6947715899534,45.59375,46.5679023262269));
#3364=CARTESIAN_POINT('',(-42.0752112268032,47.546875,54.709694962917));
#3365=CARTESIAN_POINT('',(-37.8839953520634,49.5,61.8752704876072));
#3366=CARTESIAN_POINT('',(-31.581313406889,51.453125,67.2778590714915));
#3367=CARTESIAN_POINT('',(-23.8591907530911,53.40625,70.3242643019934));
#3368=CARTESIAN_POINT('',(-15.5655052893037,55.359375,70.6799952909186));
#3369=CARTESIAN_POINT('',(-7.61089168402633,57.3125,68.3059932901876));
#3370=CARTESIAN_POINT('',(-0.868755006108169,59.2656250000001,63.4629202858862));
#3371=CARTESIAN_POINT('',(3.92062788858475,61.21875,56.6825386891943));
#3372=CARTESIAN_POINT('',(6.23138968525222,63.1718750000001,48.7093245927475));
#3373=CARTESIAN_POINT('',(5.8098120807489,65.1249999999999,40.4187253724177));
#3374=CARTESIAN_POINT('',(2.70218368630891,67.0781250000001,32.7210368316431));
#3375=CARTESIAN_POINT('',(-2.75028239502213,69.03125,26.4614540387822));
#3376=CARTESIAN_POINT('',(-9.94891327358865,70.984375,22.3272701310603));
#3377=CARTESIAN_POINT('',(-18.1033096905358,72.9375,20.7724125221393));
#3378=CARTESIAN_POINT('',(-26.318130713245,74.890625,21.9676023286457));
#3379=CARTESIAN_POINT('',(-33.6914008747871,76.84375,25.7816094384411));
#3380=CARTESIAN_POINT('',(-39.413545775601,78.796875,31.7956613872835));
#3381=CARTESIAN_POINT('',(-42.8562821817769,80.7500000000001,39.3494239691622));
#3382=CARTESIAN_POINT('',(-43.6416026149587,82.703125,47.6135049791117));
#3383=CARTESIAN_POINT('',(-41.6832800285334,84.6562500000001,55.6805202700881));
#3384=CARTESIAN_POINT('',(-37.1963354059375,86.609375,62.6647232484702));
#3385=CARTESIAN_POINT('',(-30.6734287926786,88.5625,67.7992584624818));
#3386=CARTESIAN_POINT('',(-22.8307658425383,90.515625,70.5203616190274));
#3387=CARTESIAN_POINT('',(-14.5294598210542,92.46875,70.5292586047196));
#3388=CARTESIAN_POINT('',(-6.6809813141782,94.421875,67.8249759859074));
#3389=CARTESIAN_POINT('',(-0.147084928802927,96.3750000000001,62.704427235223));
#3390=CARTESIAN_POINT('',(4.35482822675136,98.328125,55.7298891474582));
#3391=CARTESIAN_POINT('',(6.3304125591649,100.28125,47.6669769728563));
#3392=CARTESIAN_POINT('',(5.69082597809818,101.908854166667,40.7792083585936));
#3393=CARTESIAN_POINT('',(3.85072676423146,103.2109375,35.6201396483244));
#3394=CARTESIAN_POINT('',(1.85037983296179,104.1875,32.032477666512));
#3395=CARTESIAN_POINT('',(-0.717183500424893,105.1640625,28.8259444692442));
#3396=CARTESIAN_POINT('',(-3.78039451422775,106.140625,26.0890838887476));
#3397=CARTESIAN_POINT('',(-7.25474786188119,107.1171875,23.8975677262244));
#3398=CARTESIAN_POINT('',(-11.0441547622228,108.09375,22.3119647902359));
#3399=CARTESIAN_POINT('',(-15.0439315482965,109.0703125,21.3761033360307));
#3400=CARTESIAN_POINT('',(-18.4601097653231,109.884114583333,21.1592276971713));
#3401=CARTESIAN_POINT('',(-21.1864442889944,110.53515625,21.3270473007461));
#3402=CARTESIAN_POINT('',(-23.2135950832949,111.0234375,21.6223363854282));
#3403=CARTESIAN_POINT('',(-24.8765881646306,111.430338541667,22.0080111709063));
#3404=CARTESIAN_POINT('',(-26.0207858951424,111.715169270833,22.3498330687635));
#3405=CARTESIAN_POINT('',(-26.6682170056679,111.8779296875,22.5654698028697));
#3406=CARTESIAN_POINT('',(-26.9894709963402,111.959309895833,22.679947140431));
#3407=CARTESIAN_POINT('',(-27.1496010879467,112.,22.7388924093479));
#3408=CARTESIAN_POINT('',(-40.1335773599223,-138.,49.2663131631123));
#3409=CARTESIAN_POINT('',(-40.0857680163497,-137.918619791667,49.5641904731041));
#3410=CARTESIAN_POINT('',(-39.9777121775425,-137.755859375,50.1581759003571));
#3411=CARTESIAN_POINT('',(-39.7124169942732,-137.430338541667,51.3358433310932));
#3412=CARTESIAN_POINT('',(-39.1201822603471,-136.860677083334,53.365348406096));
#3413=CARTESIAN_POINT('',(-37.9164769081976,-136.046875,56.1438056877091));
#3414=CARTESIAN_POINT('',(-35.9396062940684,-135.0703125,59.1925658027222));
#3415=CARTESIAN_POINT('',(-33.4849367468712,-134.09375,61.8716631047045));
#3416=CARTESIAN_POINT('',(-30.6203214904487,-133.1171875,64.1070466921969));
#3417=CARTESIAN_POINT('',(-27.4249386830253,-132.140625,65.8369293966466));
#3418=CARTESIAN_POINT('',(-23.9871127212764,-131.1640625,67.01349403716));
#3419=CARTESIAN_POINT('',(-20.4018610659332,-130.1875,67.6042278164333));
#3420=CARTESIAN_POINT('',(-16.7683053856861,-129.2109375,67.5927717835173));
#3421=CARTESIAN_POINT('',(-13.1867936532198,-128.234375,66.9795571542269));
#3422=CARTESIAN_POINT('',(-9.75664144634756,-127.2578125,65.7811060096356));
#3423=CARTESIAN_POINT('',(-5.50973949972566,-125.955729166667,63.4491513252526));
#3424=CARTESIAN_POINT('',(-1.04157810922548,-124.328125,59.2685352558215));
#3425=CARTESIAN_POINT('',(2.38669893104526,-122.375,52.7748460367595));
#3426=CARTESIAN_POINT('',(3.50470800480034,-120.421875,45.5174312161308));
#3427=CARTESIAN_POINT('',(2.18978215190707,-118.46875,38.2930837139327));
#3428=CARTESIAN_POINT('',(-1.41372546982614,-116.515625,31.8950427098404));
#3429=CARTESIAN_POINT('',(-6.91014855847457,-114.5625,27.0257994921425));
#3430=CARTESIAN_POINT('',(-13.6959895172478,-112.609375,24.2199910919319));
#3431=CARTESIAN_POINT('',(-21.0261723656107,-110.65625,23.7856909003671));
#3432=CARTESIAN_POINT('',(-28.0958537513678,-108.703125,25.7705845342219));
#3433=CARTESIAN_POINT('',(-34.1287928506,-106.75,29.9567335208392));
#3434=CARTESIAN_POINT('',(-38.46258168465,-104.796875,35.8845047620701));
#3435=CARTESIAN_POINT('',(-40.6213765052783,-102.84375,42.9030375475418));
#3436=CARTESIAN_POINT('',(-40.3681447641455,-100.890625,50.2417071289666));
#3437=CARTESIAN_POINT('',(-37.7306909400013,-98.9375000000001,57.0947382003452));
#3438=CARTESIAN_POINT('',(-32.9986036481485,-96.984375,62.7096778618263));
#3439=CARTESIAN_POINT('',(-26.6914592290518,-95.0312500000001,66.4700138596388));
#3440=CARTESIAN_POINT('',(-19.5017730177044,-93.0781250000001,67.9628667399198));
#3441=CARTESIAN_POINT('',(-12.2189621614411,-91.125,67.0243234155744));
#3442=CARTESIAN_POINT('',(-5.64266875891413,-89.1718750000002,63.7574345861699));
#3443=CARTESIAN_POINT('',(-0.494960314220816,-87.21875,58.5208999201713));
#3444=CARTESIAN_POINT('',(2.65895223071028,-85.2656250000001,51.8896833501343));
#3445=CARTESIAN_POINT('',(3.47277384004803,-83.3125,44.5918828645115));
#3446=CARTESIAN_POINT('',(1.85714807814455,-81.359375,37.4287864015793));
#3447=CARTESIAN_POINT('',(-2.01053168307526,-79.4062500000001,31.1868915927534));
#3448=CARTESIAN_POINT('',(-7.70559979977709,-77.4531250000001,26.5515494601909));
#3449=CARTESIAN_POINT('',(-14.6027460297083,-75.5,24.0317138658026));
#3450=CARTESIAN_POINT('',(-21.9446736923834,-73.546875,23.9040591133339));
#3451=CARTESIAN_POINT('',(-28.9252497493078,-71.5937500000002,26.1826015099749));
#3452=CARTESIAN_POINT('',(-34.7780170456603,-69.640625,30.6171603961026));
#3453=CARTESIAN_POINT('',(-38.8603501973469,-67.6875,36.7208276198656));
#3454=CARTESIAN_POINT('',(-40.7240149287207,-65.734375,43.8234293480225));
#3455=CARTESIAN_POINT('',(-40.1643835477555,-63.78125,51.1451101835433));
#3456=CARTESIAN_POINT('',(-37.2429027706676,-61.828125,57.881960160269));
#3457=CARTESIAN_POINT('',(-32.2803469613516,-59.875,63.294282894475));
#3458=CARTESIAN_POINT('',(-25.8215975701651,-57.9218750000001,66.7878131779635));
#3459=CARTESIAN_POINT('',(-18.5758159387669,-55.96875,67.9789664384103));
#3460=CARTESIAN_POINT('',(-11.338578410476,-54.015625,66.7369557706222));
#3461=CARTESIAN_POINT('',(-4.90452319845307,-52.0625,63.1981521495629));
#3462=CARTESIAN_POINT('',(0.0198997408037169,-50.109375,57.7511110945388));
#3463=CARTESIAN_POINT('',(2.89399589091332,-48.15625,50.9939098351629));
#3464=CARTESIAN_POINT('',(3.40219365149144,-46.203125,43.6684792965567));
#3465=CARTESIAN_POINT('',(1.48869364344909,-44.25,36.5791411568567));
#3466=CARTESIAN_POINT('',(-2.63640459988681,-42.296875,30.5042944902634));
#3467=CARTESIAN_POINT('',(-8.52017125766063,-40.34375,26.1109486745243));
#3468=CARTESIAN_POINT('',(-15.5165772607262,-38.390625,23.8814867259715));
#3469=CARTESIAN_POINT('',(-22.8574273490764,-36.4375,24.0607003420132));
#3470=CARTESIAN_POINT('',(-29.736706800313,-34.484375,26.6289121268103));
#3471=CARTESIAN_POINT('',(-35.3990806804158,-32.53125,31.3041361408801));
#3472=CARTESIAN_POINT('',(-39.2228285270192,-30.578125,37.5730395494021));
#3473=CARTESIAN_POINT('',(-40.7881083569767,-28.625,44.7473058250377));
#3474=CARTESIAN_POINT('',(-39.9230547088725,-26.671875,52.0392109070924));
#3475=CARTESIAN_POINT('',(-36.7226492221142,-24.71875,58.6481141640722));
#3476=CARTESIAN_POINT('',(-31.538291790298,-22.765625,63.8483675770293));
#3477=CARTESIAN_POINT('',(-24.9392173611375,-20.8125,67.0689908425131));
#3478=CARTESIAN_POINT('',(-17.6499947624981,-18.859375,67.9563641840651));
#3479=CARTESIAN_POINT('',(-10.4709700930796,-16.90625,66.4130552922189));
#3480=CARTESIAN_POINT('',(-4.19038987832604,-14.953125,62.6085172511615));
#3481=CARTESIAN_POINT('',(0.50214725798319,-13.,56.9604828351771));
#3482=CARTESIAN_POINT('',(3.09140752524981,-11.046875,50.0890980542068));
#3483=CARTESIAN_POINT('',(3.2930938910572,-9.09374999999999,42.7488310188987));
#3484=CARTESIAN_POINT('',(1.0850614841455,-7.140625,35.745632433265));
#3485=CARTESIAN_POINT('',(-3.29025093075454,-5.18750000000001,29.8484433730589));
#3486=CARTESIAN_POINT('',(-9.35244037864135,-3.23437499999999,25.7047666677977));
#3487=CARTESIAN_POINT('',(-16.4358872260748,-1.28125,23.769572026587));
#3488=CARTESIAN_POINT('',(-23.7628392542235,0.671875000000028,24.2553410220973));
#3489=CARTESIAN_POINT('',(-30.5288077276023,2.62500000000002,27.1087369212059));
#3490=CARTESIAN_POINT('',(-35.9908990936689,4.57812500000002,32.0164609811468));
#3491=CARTESIAN_POINT('',(-39.5493836204286,6.53125000000002,38.4396521983384));
#3492=CARTESIAN_POINT('',(-40.8135448535924,8.48437500000002,45.673053467199));
#3493=CARTESIAN_POINT('',(-39.644579718156,10.4375,52.9224477903083));
#3494=CARTESIAN_POINT('',(-36.170838895279,12.390625,59.3918621560188));
#3495=CARTESIAN_POINT('',(-30.7737341031297,14.34375,64.3709642238979));
#3496=CARTESIAN_POINT('',(-24.045859641882,16.296875,67.313055788326));
#3497=CARTESIAN_POINT('',(-16.7259263966397,18.25,67.8950994507705));
#3498=CARTESIAN_POINT('',(-9.61765245067788,20.203125,66.0531876589236));
#3499=CARTESIAN_POINT('',(-3.50151600233769,22.15625,61.9895596635135));
#3500=CARTESIAN_POINT('',(0.95094001231591,24.109375,56.150395941082));
#3501=CARTESIAN_POINT('',(3.25084236260433,26.0625,49.1768282229808));
#3502=CARTESIAN_POINT('',(3.14566509688763,28.015625,41.8345441585664));
#3503=CARTESIAN_POINT('',(0.646956526820464,29.96875,34.9297159187276));
#3504=CARTESIAN_POINT('',(-3.97092876056602,31.921875,29.2204836575271));
#3505=CARTESIAN_POINT('',(-10.2009536397112,33.875,25.3337128197989));
#3506=CARTESIAN_POINT('',(-17.3590703895711,35.828125,23.6961652219637));
#3507=CARTESIAN_POINT('',(-24.6593281440225,37.78125,24.4876412218271));
#3508=CARTESIAN_POINT('',(-31.3001691602244,39.734375,27.6212378993411));
#3509=CARTESIAN_POINT('',(-36.5524386994575,41.6875,32.7528908715349));
#3510=CARTESIAN_POINT('',(-39.839445162841,43.640625,39.3191520641377));
#3511=CARTESIAN_POINT('',(-40.8002799947967,45.5937500000001,46.599055495192));
#3512=CARTESIAN_POINT('',(-39.3294449204625,47.546875,53.7932782971294));
#3513=CARTESIAN_POINT('',(-35.5884355036852,49.5,60.1119052115277));
#3514=CARTESIAN_POINT('',(-29.9880091676836,51.453125,64.8611601420219));
#3515=CARTESIAN_POINT('',(-23.1430846240763,53.40625,67.5195817662407));
#3516=CARTESIAN_POINT('',(-15.8052246877181,55.359375,67.7952792348062));
#3517=CARTESIAN_POINT('',(-8.78011576663797,57.3125000000001,65.6579813644196));
#3518=CARTESIAN_POINT('',(-2.83910465973232,59.265625,61.3423603700074));
#3519=CARTESIAN_POINT('',(1.36549420613609,61.2187500000001,55.3222651949347));
#3520=CARTESIAN_POINT('',(3.37202195674036,63.171875,48.2586935823696));
#3521=CARTESIAN_POINT('',(2.96016474716948,65.1250000000001,40.927215479099));
#3522=CARTESIAN_POINT('',(0.17514390335271,67.078125,34.1328165771153));
#3523=CARTESIAN_POINT('',(-4.67724931412494,69.0312500000001,28.6215120488951));
#3524=CARTESIAN_POINT('',(-11.0642291481546,70.9843750000001,24.9984351604642));
#3525=CARTESIAN_POINT('',(-18.2845144506545,72.9375000000001,23.6613945139973));
#3526=CARTESIAN_POINT('',(-25.5453283383377,74.890625,24.7571952386784));
#3527=CARTESIAN_POINT('',(-32.0494439478896,76.8437500000001,28.1655199998066));
#3528=CARTESIAN_POINT('',(-37.0827187924731,78.7968750000001,33.5121396682618));
#3529=CARTESIAN_POINT('',(-40.0925065740109,80.75,40.2100031371295));
#3530=CARTESIAN_POINT('',(-40.7483369469713,82.7031250000001,47.5236946859962));
#3531=CARTESIAN_POINT('',(-38.9782006859677,84.65625,54.6501815565973));
#3532=CARTESIAN_POINT('',(-34.9764561884605,86.6093750000001,60.8069858135698));
#3533=CARTESIAN_POINT('',(-29.1824892265813,88.5625,65.3180991954547));
#3534=CARTESIAN_POINT('',(-22.2324689399112,90.5156250000001,67.6882081970328));
#3535=CARTESIAN_POINT('',(-14.8894977010686,92.4687500000001,67.6570774585445));
#3536=CARTESIAN_POINT('',(-7.95982239582141,94.4218750000001,65.2281281479103));
#3537=CARTESIAN_POINT('',(-2.20431409642606,96.375,60.6680439742813));
#3538=CARTESIAN_POINT('',(1.74509095974254,98.3281250000001,54.4775581750234));
#3539=CARTESIAN_POINT('',(3.45471555792585,100.28125,47.3362181875007));
#3540=CARTESIAN_POINT('',(2.85660938246749,101.908854166667,41.2466413834853));
#3541=CARTESIAN_POINT('',(1.20470924110605,103.2109375,36.6918249483955));
#3542=CARTESIAN_POINT('',(-0.581555058898104,104.1875,33.5277527496012));
#3543=CARTESIAN_POINT('',(-2.86776076878764,105.1640625,30.7034729093629));
#3544=CARTESIAN_POINT('',(-5.59018556263128,106.140625,28.2969712199119));
#3545=CARTESIAN_POINT('',(-8.67372472484726,107.1171875,26.3747861122368));
#3546=CARTESIAN_POINT('',(-12.0330980097508,108.09375,24.9900423815542));
#3547=CARTESIAN_POINT('',(-15.575502347093,109.0703125,24.1810165681812));
#3548=CARTESIAN_POINT('',(-18.5983037587899,109.884114583333,24.0052285467279));
#3549=CARTESIAN_POINT('',(-21.0090990118183,110.53515625,24.1664822655961));
#3550=CARTESIAN_POINT('',(-22.8008302135227,111.0234375,24.4372044431195));
#3551=CARTESIAN_POINT('',(-24.270019637324,111.430338541667,24.7861661506901));
#3552=CARTESIAN_POINT('',(-25.2805147976032,111.715169270833,25.0939004788849));
#3553=CARTESIAN_POINT('',(-25.8521894706736,111.8779296875,25.2876846404932));
#3554=CARTESIAN_POINT('',(-26.1358150603893,111.959309895833,25.3904540932543));
#3555=CARTESIAN_POINT('',(-26.2771827623852,112.,25.4433470861128));
#3556=CARTESIAN_POINT('',(-35.8983100597422,-138.,48.7849787202133));
#3557=CARTESIAN_POINT('',(-35.8571744073321,-137.918619791667,49.0241276264355));
#3558=CARTESIAN_POINT('',(-35.7649202101688,-137.755859375,49.5008728220038));
#3559=CARTESIAN_POINT('',(-35.5409423838874,-137.430338541667,50.4456555134286));
#3560=CARTESIAN_POINT('',(-35.0463455982752,-136.860677083333,52.0725954357205));
#3561=CARTESIAN_POINT('',(-34.0532164989112,-136.046875,54.2963876313807));
#3562=CARTESIAN_POINT('',(-32.4358151203888,-135.0703125,56.7306181140995));
#3563=CARTESIAN_POINT('',(-30.4374632507447,-134.09375,58.8632343392891));
#3564=CARTESIAN_POINT('',(-28.1133993945345,-133.1171875,60.6352921050271));
#3565=CARTESIAN_POINT('',(-25.5278610813923,-132.140625,61.9978103202621));
#3566=CARTESIAN_POINT('',(-22.7523157913568,-131.1640625,62.9131265588819));
#3567=CARTESIAN_POINT('',(-19.8634762647748,-130.1875,63.3559473798539));
#3568=CARTESIAN_POINT('',(-16.9412107542963,-129.2109375,63.3140085423653));
#3569=CARTESIAN_POINT('',(-14.0662221336667,-128.234375,62.7885603376901));
#3570=CARTESIAN_POINT('',(-11.3182397039507,-127.2578125,61.7937865804627));
#3571=CARTESIAN_POINT('',(-7.92357178554875,-125.955729166667,59.8800071639318));
#3572=CARTESIAN_POINT('',(-4.36760940586151,-124.328125,56.4774147343246));
#3573=CARTESIAN_POINT('',(-1.66882364251514,-122.375,51.223841844511));
#3574=CARTESIAN_POINT('',(-0.835003036611427,-120.421875,45.3768341448987));
#3575=CARTESIAN_POINT('',(-1.95762665640966,-118.46875,39.5783330547953));
#3576=CARTESIAN_POINT('',(-4.91345167360255,-116.515625,34.4650194253161));
#3577=CARTESIAN_POINT('',(-9.37792751885325,-114.5625,30.5983239949112));
#3578=CARTESIAN_POINT('',(-14.8608626102234,-112.609375,28.4028053214011));
#3579=CARTESIAN_POINT('',(-20.7602382273511,-110.65625,28.119527913859));
#3580=CARTESIAN_POINT('',(-26.4283115610745,-108.703125,29.7795952931483));
#3581=CARTESIAN_POINT('',(-31.2427363301664,-106.75,33.2007344429468));
#3582=CARTESIAN_POINT('',(-34.6748956654974,-104.796875,38.007309237822));
#3583=CARTESIAN_POINT('',(-36.3479434341457,-102.84375,43.6715647158318));
#3584=CARTESIAN_POINT('',(-36.0781814114166,-100.890625,49.5715738182485));
#3585=CARTESIAN_POINT('',(-33.895229077101,-98.9375,55.0595240789037));
#3586=CARTESIAN_POINT('',(-30.0387714402703,-96.9843750000001,59.5328464965997));
#3587=CARTESIAN_POINT('',(-24.9322419717209,-95.03125,62.5003767397764));
#3588=CARTESIAN_POINT('',(-19.1363302213637,-93.078125,63.6362842797692));
#3589=CARTESIAN_POINT('',(-13.2874189165769,-91.1250000000001,62.8158481115853));
#3590=CARTESIAN_POINT('',(-8.02771005915608,-89.171875,60.1291509398682));
#3591=CARTESIAN_POINT('',(-3.93471207436352,-87.2187500000001,55.8711882282178));
#3592=CARTESIAN_POINT('',(-1.45783022109294,-85.2656250000001,50.5094781239429));
#3593=CARTESIAN_POINT('',(-0.869022544441624,-83.3125,44.6327286416829));
#3594=CARTESIAN_POINT('',(-2.23293927569381,-81.3593750000001,38.8861983748568));
#3595=CARTESIAN_POINT('',(-5.39982433043485,-79.40625,33.9008480353726));
#3596=CARTESIAN_POINT('',(-10.0219583100206,-77.453125,30.2240618800342));
#3597=CARTESIAN_POINT('',(-15.591837588634,-75.5000000000001,28.2595457108435));
#3598=CARTESIAN_POINT('',(-21.4978974773765,-73.546875,28.2230005618355));
#3599=CARTESIAN_POINT('',(-27.091661142589,-71.59375,30.1184390375147));
#3600=CARTESIAN_POINT('',(-31.7589414242695,-69.6406250000001,33.7377447346847));
#3601=CARTESIAN_POINT('',(-34.9872776979271,-67.6875,38.6835231225146));
#3602=CARTESIAN_POINT('',(-36.4222033099596,-65.734375,44.412734887257));
#3603=CARTESIAN_POINT('',(-35.9061655035452,-63.78125,50.2963208634866));
#3604=CARTESIAN_POINT('',(-33.4958244834655,-61.828125,55.688271820632));
#3605=CARTESIAN_POINT('',(-29.455832207573,-59.875,59.9965593421488));
#3606=CARTESIAN_POINT('',(-24.2297739845892,-57.921875,62.7481396893898));
#3607=CARTESIAN_POINT('',(-18.391463448784,-55.96875,63.6408933199258));
#3608=CARTESIAN_POINT('',(-12.5819386528519,-54.015625,62.5767971763425));
#3609=CARTESIAN_POINT('',(-7.43907701688616,-52.0625,59.6726874761691));
#3610=CARTESIAN_POINT('',(-3.52755731022914,-50.109375,55.2474312641776));
#3611=CARTESIAN_POINT('',(-1.27685873931645,-48.15625,49.7869152720553));
#3612=CARTESIAN_POINT('',(-0.934104751976618,-46.203125,43.8906962580174));
#3613=CARTESIAN_POINT('',(-2.53692924028358,-44.25,38.2061705419165));
#3614=CARTESIAN_POINT('',(-5.90934439363745,-42.296875,33.3574908256676));
#3615=CARTESIAN_POINT('',(-10.6810639058328,-40.34375,29.8770351293147));
#3616=CARTESIAN_POINT('',(-16.3281598759191,-38.390625,28.1469524544233));
#3617=CARTESIAN_POINT('',(-22.2305893339595,-36.4375,28.3572033764221));
#3618=CARTESIAN_POINT('',(-27.7402740623305,-34.484375,30.484702648168));
#3619=CARTESIAN_POINT('',(-32.2522586466933,-32.53125,34.2958539266946));
#3620=CARTESIAN_POINT('',(-35.2711337055102,-30.578125,39.3721983138084));
#3621=CARTESIAN_POINT('',(-36.4654311236203,-28.625,45.1563605378847));
#3622=CARTESIAN_POINT('',(-35.7040187718648,-26.671875,51.0132479525384));
#3623=CARTESIAN_POINT('',(-33.0704986252118,-24.71875,56.2997827906442));
#3624=CARTESIAN_POINT('',(-28.8540273868187,-22.765625,60.4355111730629));
#3625=CARTESIAN_POINT('',(-23.5175675002455,-20.8125,62.9663361050405));
#3626=CARTESIAN_POINT('',(-17.6470545427422,-18.859375,63.6143766694598));
#3627=CARTESIAN_POINT('',(-11.8870623463358,-16.90625,62.308478949629));
#3628=CARTESIAN_POINT('',(-6.87002972332694,-14.953125,59.1920286264235));
#3629=CARTESIAN_POINT('',(-3.14681959942982,-13.,54.6072074379102));
#3630=CARTESIAN_POINT('',(-1.12623506124907,-11.046875,49.0574221194136));
#3631=CARTESIAN_POINT('',(-1.03013336864128,-9.09375,43.1520310720732));
#3632=CARTESIAN_POINT('',(-2.86906634845973,-7.14062499999999,37.53943769173));
#3633=CARTESIAN_POINT('',(-6.44112181922802,-5.18749999999999,32.835896613873));
#3634=CARTESIAN_POINT('',(-11.354093256634,-3.23437499999999,29.5578498459687));
#3635=CARTESIAN_POINT('',(-17.0685435026379,-1.28125,28.0652221819891));
#3636=CARTESIAN_POINT('',(-22.9570341852213,0.671875000000003,28.5219019806037));
#3637=CARTESIAN_POINT('',(-28.3730175441494,2.62500000000001,30.877746460436));
#3638=CARTESIAN_POINT('',(-32.7218264399203,4.57812500000001,34.8740873049327));
#3639=CARTESIAN_POINT('',(-35.5259679456015,6.53125000000002,40.0721320694045));
#3640=CARTESIAN_POINT('',(-36.4775513795879,8.48437500000002,45.9011429568102));
#3641=CARTESIAN_POINT('',(-35.4720942571338,10.4375,51.7211030023983));
#3642=CARTESIAN_POINT('',(-32.6199943160598,12.390625,56.8929890107569));
#3643=CARTESIAN_POINT('',(-28.234408004812,14.34375,60.8489353784336));
#3644=CARTESIAN_POINT('',(-22.7968663573523,16.296875,63.1545849158681));
#3645=CARTESIAN_POINT('',(-16.9044035820804,18.25,63.5567806385856));
#3646=CARTESIAN_POINT('',(-11.2040035692648,20.203125,62.01136203794));
#3647=CARTESIAN_POINT('',(-6.32156199564048,22.15625,58.6880138410938));
#3648=CARTESIAN_POINT('',(-2.79316388436077,24.109375,53.9516348733962));
#3649=CARTESIAN_POINT('',(-1.00622224480858,26.0625,48.3222726951226));
#3650=CARTESIAN_POINT('',(-1.15694068449619,28.015625,42.4180231315233));
#3651=CARTESIAN_POINT('',(-3.2287705367348,29.96875,36.8871642451735));
#3652=CARTESIAN_POINT('',(-6.99422788030236,31.921875,32.3369763423384));
#3653=CARTESIAN_POINT('',(-12.0398709449761,33.875,29.267063473666));
#3654=CARTESIAN_POINT('',(-17.811695419931,35.828125,28.0144976320235));
#3655=CARTESIAN_POINT('',(-23.6759633257902,37.78125,28.716808735197));
#3656=CARTESIAN_POINT('',(-28.9887865281697,39.734375,31.2968840398335));
#3657=CARTESIAN_POINT('',(-33.1668247235536,41.6875,35.4714350091285));
#3658=CARTESIAN_POINT('',(-35.75133536092,43.6406250000001,40.7821019844417));
#3659=CARTESIAN_POINT('',(-36.4585429103457,45.59375,46.6457814128688));
#3660=CARTESIAN_POINT('',(-35.2107970057608,47.546875,52.4186497739988));
#3661=CARTESIAN_POINT('',(-32.1450983428347,49.5,57.4668544712608));
#3662=CARTESIAN_POINT('',(-27.5980562007373,51.453125,61.236109930278));
#3663=CARTESIAN_POINT('',(-22.0689292301392,53.4062500000001,63.3125573532433));
#3664=CARTESIAN_POINT('',(-16.1648075754591,55.359375,63.4682058163484));
#3665=CARTESIAN_POINT('',(-10.5339552550595,57.3125,61.6859653434633));
#3666=CARTESIAN_POINT('',(-5.79463170963986,59.2656250000001,58.1615233607997));
#3667=CARTESIAN_POINT('',(-2.46720780985089,61.21875,53.2818585005403));
#3668=CARTESIAN_POINT('',(-0.917029887330296,63.171875,47.5827509067272));
#3669=CARTESIAN_POINT('',(-1.31430523589886,65.125,41.6899543503574));
#3670=CARTESIAN_POINT('',(-3.61541359687517,67.0781250000001,36.250489370383));
#3671=CARTESIAN_POINT('',(-7.56769660039183,69.03125,31.8616013543299));
#3672=CARTESIAN_POINT('',(-12.737199288975,70.984375,29.0051838585739));
#3673=CARTESIAN_POINT('',(-18.5563177442363,72.9375,27.9948673928187));
#3674=CARTESIAN_POINT('',(-24.3861211761639,74.890625,28.9415832437562));
#3675=CARTESIAN_POINT('',(-29.5865055997675,76.84375,31.7413833802015));
#3676=CARTESIAN_POINT('',(-33.5864763268027,78.796875,36.086853796678));
#3677=CARTESIAN_POINT('',(-35.9468423567853,80.7500000000001,41.5008681262103));
#3678=CARTESIAN_POINT('',(-36.4084389132734,82.703125,47.3889754267665));
#3679=CARTESIAN_POINT('',(-34.920583362821,84.6562500000001,53.1046700295925));
#3680=CARTESIAN_POINT('',(-31.6466400898184,86.609375,58.0203769464429));
#3681=CARTESIAN_POINT('',(-26.9460833420637,88.5625,61.5963586214917));
#3682=CARTESIAN_POINT('',(-21.3350274084852,90.515625,63.4399776109233));
#3683=CARTESIAN_POINT('',(-15.4295582771473,92.46875,63.3488065740906));
#3684=CARTESIAN_POINT('',(-9.87808731278245,94.421875,61.3328583552971));
#3685=CARTESIAN_POINT('',(-5.2901602544773,96.3750000000001,57.6134722100374));
#3686=CARTESIAN_POINT('',(-2.16951643631005,98.328125,52.5990647340635));
#3687=CARTESIAN_POINT('',(-0.858829464592066,100.28125,46.8400860530611));
#3688=CARTESIAN_POINT('',(-1.39471622754197,101.908854166667,41.9477881513861));
#3689=CARTESIAN_POINT('',(-2.76431498856406,103.2109375,38.2993574898062));
#3690=CARTESIAN_POINT('',(-4.22945521114351,104.1875,35.7706680871407));
#3691=CARTESIAN_POINT('',(-6.09362389180981,105.1640625,33.5197682769465));
#3692=CARTESIAN_POINT('',(-8.30486904265076,106.140625,31.6088043242384));
#3693=CARTESIAN_POINT('',(-10.802186406645,107.1171875,30.0906152708338));
#3694=CARTESIAN_POINT('',(-13.5165098140273,108.09375,29.007159775623));
#3695=CARTESIAN_POINT('',(-16.3728525377831,109.0703125,28.3883866963963));
#3696=CARTESIAN_POINT('',(-18.8055975275805,109.884114583333,28.274229911967));
#3697=CARTESIAN_POINT('',(-20.7430764453726,110.53515625,28.4256341792587));
#3698=CARTESIAN_POINT('',(-22.1816781899509,111.0234375,28.6595052673422));
#3699=CARTESIAN_POINT('',(-23.3601673026144,111.430338541667,28.9533986356295));
#3700=CARTESIAN_POINT('',(-24.1701101386335,111.715169270833,29.2100024264827));
#3701=CARTESIAN_POINT('',(-24.6281407328439,111.8779296875,29.3710038812215));
#3702=CARTESIAN_POINT('',(-24.8553347305769,111.959309895833,29.4562160097323));
#3703=CARTESIAN_POINT('',(-24.9685517989734,112.,29.5000276196889));
#3704=CARTESIAN_POINT('',(-31.6630403090731,-138.,48.3036561150422));
#3705=CARTESIAN_POINT('',(-31.628583517752,-137.918619791667,48.4840526972762));
#3706=CARTESIAN_POINT('',(-31.5521221605158,-137.755859375,48.843594680315));
#3707=CARTESIAN_POINT('',(-31.3694692195132,-137.430338541667,49.555460981753));
#3708=CARTESIAN_POINT('',(-30.9725104664523,-136.860677083334,50.7798412497471));
#3709=CARTESIAN_POINT('',(-30.1899477598341,-136.046875,52.4489842191139));
#3710=CARTESIAN_POINT('',(-28.9320166579233,-135.0703125,54.2686785592214));
#3711=CARTESIAN_POINT('',(-27.389980321131,-134.09375,55.8548137083311));
#3712=CARTESIAN_POINT('',(-25.6064668870578,-133.1171875,57.1635436219179));
#3713=CARTESIAN_POINT('',(-23.6307721415639,-132.140625,58.1586956380418));
#3714=CARTESIAN_POINT('',(-21.5175069494838,-131.1640625,58.8127614927997));
#3715=CARTESIAN_POINT('',(-19.3250793855787,-130.1875,59.107667420065));
#3716=CARTESIAN_POINT('',(-17.1141038594735,-129.2109375,59.0352435270814));
#3717=CARTESIAN_POINT('',(-14.9456398384553,-128.234375,58.5975606412547));
#3718=CARTESIAN_POINT('',(-12.8798239878685,-127.2578125,57.8064591630941));
#3719=CARTESIAN_POINT('',(-10.3374111491591,-125.955729166667,56.3108688076349));
#3720=CARTESIAN_POINT('',(-7.69362805816195,-124.328125,53.6862794992456));
#3721=CARTESIAN_POINT('',(-5.72434438567798,-122.375,49.6728270314192));
#3722=CARTESIAN_POINT('',(-5.17471439552272,-120.421875,45.2362244504181));
#3723=CARTESIAN_POINT('',(-6.10504027117186,-118.46875,40.863571101676));
#3724=CARTESIAN_POINT('',(-8.41318600840622,-116.515625,37.0349868948031));
#3725=CARTESIAN_POINT('',(-11.8457172126491,-114.5625,34.1708424545716));
#3726=CARTESIAN_POINT('',(-16.0257478147842,-112.609375,32.5856173367374));
#3727=CARTESIAN_POINT('',(-20.4943162612584,-110.65625,32.4533667953308));
#3728=CARTESIAN_POINT('',(-24.7607802637605,-108.703125,33.7886117943785));
#3729=CARTESIAN_POINT('',(-28.3566882283718,-106.75,36.4447443519058));
#3730=CARTESIAN_POINT('',(-30.8872146660529,-104.796875,40.130124958037));
#3731=CARTESIAN_POINT('',(-32.0745114326966,-102.84375,44.4401041516218));
#3732=CARTESIAN_POINT('',(-31.7882150608804,-100.890625,48.9014524510997));
#3733=CARTESIAN_POINT('',(-30.0597604780617,-98.9375,53.0243202657187));
#3734=CARTESIAN_POINT('',(-27.0789294975384,-96.984375,56.3560226724836));
#3735=CARTESIAN_POINT('',(-23.1730130496953,-95.0312500000002,58.5307435658757));
#3736=CARTESIAN_POINT('',(-18.7708751112533,-93.078125,59.3097017371705));
#3737=CARTESIAN_POINT('',(-14.3558640609026,-91.125,58.6073687057914));
#3738=CARTESIAN_POINT('',(-10.4127417263974,-89.1718750000002,56.5008596227767));
#3739=CARTESIAN_POINT('',(-7.37445723700461,-87.21875,53.2214661387314));
#3740=CARTESIAN_POINT('',(-5.57460983528968,-85.265625,49.1292609151097));
#3741=CARTESIAN_POINT('',(-5.21082016278507,-83.3125,44.67356216678));
#3742=CARTESIAN_POINT('',(-6.32303179937074,-81.359375,40.3435991718879));
#3743=CARTESIAN_POINT('',(-8.78912551597745,-79.40625,36.6147956047087));
#3744=CARTESIAN_POINT('',(-12.3383277893107,-77.4531250000001,33.8965687038315));
#3745=CARTESIAN_POINT('',(-16.5809413430852,-75.5,32.4873758515133));
#3746=CARTESIAN_POINT('',(-21.0511333453221,-73.546875,32.5419443847781));
#3747=CARTESIAN_POINT('',(-25.2580831795597,-71.5937500000002,34.0542827575979));
#3748=CARTESIAN_POINT('',(-28.7398738386432,-69.640625,36.85833840398));
#3749=CARTESIAN_POINT('',(-31.1142097440316,-67.6875,40.6462300695478));
#3750=CARTESIAN_POINT('',(-32.1203922473904,-65.7343750000001,45.0020527279697));
#3751=CARTESIAN_POINT('',(-31.6479439651255,-63.78125,49.447543351318));
#3752=CARTESIAN_POINT('',(-29.7487390353116,-61.8281250000001,53.494593498804));
#3753=CARTESIAN_POINT('',(-26.6313074123628,-59.875,56.6988429176108));
#3754=CARTESIAN_POINT('',(-22.6379385796359,-57.921875,58.7084696559635));
#3755=CARTESIAN_POINT('',(-18.2070986592294,-55.96875,59.3028196045774));
#3756=CARTESIAN_POINT('',(-13.8252874659358,-54.015625,58.4166339987222));
#3757=CARTESIAN_POINT('',(-9.9736215312277,-52.0625,56.1472147362028));
#3758=CARTESIAN_POINT('',(-7.07500820394614,-50.109375,52.7437407697091));
#3759=CARTESIAN_POINT('',(-5.44771103507068,-48.1562500000001,48.57990861821));
#3760=CARTESIAN_POINT('',(-5.27040490013133,-46.203125,44.112901029655));
#3761=CARTESIAN_POINT('',(-6.56255775630103,-44.25,39.8331889764931));
#3762=CARTESIAN_POINT('',(-9.18229308885442,-42.2968750000001,36.2106786522754));
#3763=CARTESIAN_POINT('',(-12.8419677472847,-40.34375,33.6431164512491));
#3764=CARTESIAN_POINT('',(-17.1397547471991,-38.390625,32.4124169895398));
#3765=CARTESIAN_POINT('',(-21.6037632920364,-36.4375,32.6537092880429));
#3766=CARTESIAN_POINT('',(-25.7438517000092,-34.484375,34.340499801371));
#3767=CARTESIAN_POINT('',(-29.1054442518669,-32.53125,37.287581370821));
#3768=CARTESIAN_POINT('',(-31.3194429473925,-30.578125,41.1713687025241));
#3769=CARTESIAN_POINT('',(-32.1427539319956,-28.625,45.5654275647067));
#3770=CARTESIAN_POINT('',(-31.4849788503472,-26.671875,49.9872966495682));
#3771=CARTESIAN_POINT('',(-29.4183404550515,-24.71875,53.9514611270817));
#3772=CARTESIAN_POINT('',(-26.1697526528662,-22.765625,57.0226614711145));
#3773=CARTESIAN_POINT('',(-22.0959056859361,-20.8125,58.8636843258665));
#3774=CARTESIAN_POINT('',(-17.6441020590923,-18.859375,59.2723880446168));
#3775=CARTESIAN_POINT('',(-13.3031433717798,-16.90625,58.2038975501679));
#3776=CARTESIAN_POINT('',(-9.54966060939446,-14.953125,55.7755315534175));
#3777=CARTESIAN_POINT('',(-6.79578075046642,-13.,52.2539211285865));
#3778=CARTESIAN_POINT('',(-5.34387582048028,-11.046875,48.0257340069024));
#3779=CARTESIAN_POINT('',(-5.35336288081229,-9.09374999999998,43.5552190189649));
#3780=CARTESIAN_POINT('',(-6.82320026595938,-7.140625,39.3332322445995));
#3781=CARTESIAN_POINT('',(-9.59200195690533,-5.18750000000001,35.8233417252375));
#3782=CARTESIAN_POINT('',(-13.3557575325907,-3.23437499999999,33.410928363438));
#3783=CARTESIAN_POINT('',(-17.701212074445,-1.28124999999999,32.3608716571759));
#3784=CARTESIAN_POINT('',(-22.1512409587433,0.671875000000028,32.7884663140677));
#3785=CARTESIAN_POINT('',(-26.2172374502089,2.62500000000002,34.6467630592315));
#3786=CARTESIAN_POINT('',(-29.4527610148584,4.57812500000002,37.7317235977609));
#3787=CARTESIAN_POINT('',(-31.5025558449359,6.53125000000001,41.7046237244041));
#3788=CARTESIAN_POINT('',(-32.1415574327822,8.48437500000003,46.1292447513869));
#3789=CARTESIAN_POINT('',(-31.2996043282603,10.4375,50.5197696894188));
#3790=CARTESIAN_POINT('',(-29.0691417645033,12.390625,54.3941252504593));
#3791=CARTESIAN_POINT('',(-25.6950713050214,14.34375,57.3269127975119));
#3792=CARTESIAN_POINT('',(-21.5478610062409,16.296875,58.9961164996937));
#3793=CARTESIAN_POINT('',(-17.0828685607239,18.25,59.2184602047285));
#3794=CARTESIAN_POINT('',(-12.7903436811276,20.203125,57.969530895386));
#3795=CARTESIAN_POINT('',(-9.14159939081454,22.15625,55.3864592034655));
#3796=CARTESIAN_POINT('',(-6.53726253556632,24.109375,51.7528626647611));
#3797=CARTESIAN_POINT('',(-5.26328553535296,26.0625,47.4677049238345));
#3798=CARTESIAN_POINT('',(-5.45954922220445,28.015625,43.0014901028805));
#3799=CARTESIAN_POINT('',(-7.10450412716699,29.96875,38.8446021296082));
#3800=CARTESIAN_POINT('',(-10.0175365808266,31.921875,35.4534612912446));
#3801=CARTESIAN_POINT('',(-13.8787998329828,33.875,33.200409947126));
#3802=CARTESIAN_POINT('',(-18.264332763219,35.828125,32.3328298761758));
#3803=CARTESIAN_POINT('',(-22.6926101987301,37.7812500000001,32.9459801153762));
#3804=CARTESIAN_POINT('',(-26.6774136818577,39.734375,34.9725376552816));
#3805=CARTESIAN_POINT('',(-29.7812175535022,41.6875,38.1899894090847));
#3806=CARTESIAN_POINT('',(-31.6632286376889,43.640625,42.2450638277232));
#3807=CARTESIAN_POINT('',(-32.116804839386,45.5937500000001,46.6925196050119));
#3808=CARTESIAN_POINT('',(-31.0921441476694,47.546875,51.0440325291048));
#3809=CARTESIAN_POINT('',(-28.7017528244904,49.5000000000001,54.8218127746664));
#3810=CARTESIAN_POINT('',(-25.2080923798335,51.453125,57.6110655346608));
#3811=CARTESIAN_POINT('',(-20.9947616775301,53.40625,59.1055348902242));
#3812=CARTESIAN_POINT('',(-16.5243783348182,55.359375,59.1411302676159));
#3813=CARTESIAN_POINT('',(-12.2877839770678,57.3125,57.7139433458803));
#3814=CARTESIAN_POINT('',(-8.75015053723961,59.265625,54.9806771848382));
#3815=CARTESIAN_POINT('',(-6.29990505043299,61.2187500000001,51.2414404557614));
#3816=CARTESIAN_POINT('',(-5.20608092723154,63.171875,46.9067959433258));
#3817=CARTESIAN_POINT('',(-5.5887784743298,65.1250000000001,42.4526813456593));
#3818=CARTESIAN_POINT('',(-7.40597805456362,67.078125,38.3681520034609));
#3819=CARTESIAN_POINT('',(-10.4581537822981,69.0312500000001,35.101683330915));
#3820=CARTESIAN_POINT('',(-14.4101811770866,70.9843750000001,33.0119288638712));
#3821=CARTESIAN_POINT('',(-18.8281333469259,72.9375,32.3283406203303));
#3822=CARTESIAN_POINT('',(-23.2269255333916,74.8906250000001,33.1259756007418));
#3823=CARTESIAN_POINT('',(-27.1235767165279,76.84375,35.3172546378868));
#3824=CARTESIAN_POINT('',(-30.0902402322637,78.7968750000001,38.6615784628579));
#3825=CARTESIAN_POINT('',(-31.8011807174045,80.75,42.7917451564757));
#3826=CARTESIAN_POINT('',(-32.0685393810695,82.7031250000001,47.2542683901167));
#3827=CARTESIAN_POINT('',(-30.862960629428,84.6562499999999,51.5591695642467));
#3828=CARTESIAN_POINT('',(-28.3168152629414,86.6093750000001,55.2337767665995));
#3829=CARTESIAN_POINT('',(-24.7096663707352,88.5625,57.8746234024804));
#3830=CARTESIAN_POINT('',(-20.4375736450125,90.515625,59.19174847479));
#3831=CARTESIAN_POINT('',(-15.9696068338432,92.4687500000001,59.0405330182479));
#3832=CARTESIAN_POINT('',(-11.7963416873555,94.4218750000001,57.4375822766598));
#3833=CARTESIAN_POINT('',(-8.37599871135575,96.375,54.5588904388538));
#3834=CARTESIAN_POINT('',(-6.08411904663661,98.3281250000001,50.7205616364879));
#3835=CARTESIAN_POINT('',(-5.17237602100014,100.28125,46.3439345791209));
#3836=CARTESIAN_POINT('',(-5.64603954454843,101.908854166667,42.6489437814837));
#3837=CARTESIAN_POINT('',(-6.73334579429181,103.2109375,39.9068753390439));
#3838=CARTESIAN_POINT('',(-7.87736235713116,104.1875,38.0135747433819));
#3839=CARTESIAN_POINT('',(-9.31949590930222,105.1640625,36.3360549808324));
#3840=CARTESIAN_POINT('',(-11.0195624189447,106.140625,34.920630684309));
#3841=CARTESIAN_POINT('',(-12.9306596489271,107.1171875,33.8064393747794));
#3842=CARTESIAN_POINT('',(-14.9999314327532,108.09375,33.0242739469991));
#3843=CARTESIAN_POINT('',(-17.1702219524881,109.0703125,32.5957559286459));
#3844=CARTESIAN_POINT('',(-19.0128824048816,109.884114583333,32.5432309863124));
#3845=CARTESIAN_POINT('',(-20.4770687611081,110.53515625,32.6847878004811));
#3846=CARTESIAN_POINT('',(-21.5625412669021,111.0234375,32.8818101309708));
#3847=CARTESIAN_POINT('',(-22.4503135079039,111.430338541667,33.1206310717248));
#3848=CARTESIAN_POINT('',(-23.0596991201786,111.715169270833,33.3261017103504));
#3849=CARTESIAN_POINT('',(-23.4041157880971,111.8779296875,33.4543327722122));
#3850=CARTESIAN_POINT('',(-23.5748429635993,111.959309895833,33.5219731670325));
#3851=CARTESIAN_POINT('',(-23.6599319557843,112.,33.5567128942934));
#3852=CARTESIAN_POINT('',(-28.8395331660793,-138.,47.9827452771802));
#3853=CARTESIAN_POINT('',(-28.8095162394145,-137.918619791667,48.1240324472926));
#3854=CARTESIAN_POINT('',(-28.743605079684,-137.755859375,48.4053479498891));
#3855=CARTESIAN_POINT('',(-28.588483555152,-137.430338541667,48.9620144659132));
#3856=CARTESIAN_POINT('',(-28.2566166167081,-136.860677083333,49.9180081141095));
#3857=CARTESIAN_POINT('',(-27.6144557445186,-136.046875,51.2173459442845));
#3858=CARTESIAN_POINT('',(-26.5961689345451,-135.0703125,52.6273655271804));
#3859=CARTESIAN_POINT('',(-25.3583482253779,-134.09375,53.8491799571514));
#3860=CARTESIAN_POINT('',(-23.9352041438314,-133.1171875,54.8490296273629));
#3861=CARTESIAN_POINT('',(-22.366074054742,-132.140625,55.5992750475748));
#3862=CARTESIAN_POINT('',(-20.6943303384537,-131.1640625,56.0791788520973));
#3863=CARTESIAN_POINT('',(-18.9661778246243,-130.1875,56.2754796080953));
#3864=CARTESIAN_POINT('',(-17.2293960771979,-129.2109375,56.1827378782998));
#3865=CARTESIAN_POINT('',(-15.5319447984743,-128.234375,55.8035679233816));
#3866=CARTESIAN_POINT('',(-13.9209145291236,-127.2578125,55.1482605224961));
#3867=CARTESIAN_POINT('',(-11.9466199920056,-125.955729166667,53.9314289660863));
#3868=CARTESIAN_POINT('',(-9.91100491035399,-124.328125,51.8255588467493));
#3869=CARTESIAN_POINT('',(-8.42802938084701,-122.375,48.6388432655977));
#3870=CARTESIAN_POINT('',(-8.0678545209439,-120.421875,45.1425156862504));
#3871=CARTESIAN_POINT('',(-8.86997086516812,-118.46875,41.7204242306351));
#3872=CARTESIAN_POINT('',(-10.7463222428333,-116.515625,38.7483212708502));
#3873=CARTESIAN_POINT('',(-13.4908839555292,-114.5625,36.5525362836531));
#3874=CARTESIAN_POINT('',(-16.8023081768447,-112.609375,35.374164123372));
#3875=CARTESIAN_POINT('',(-20.3170050272863,-110.65625,35.3425881241948));
#3876=CARTESIAN_POINT('',(-23.6490659536436,-108.703125,36.4612753453683));
#3877=CARTESIAN_POINT('',(-26.432635464688,-106.75,38.6073955318686));
#3878=CARTESIAN_POINT('',(-28.362081659641,-104.796875,41.5453077955419));
#3879=CARTESIAN_POINT('',(-29.2255541354251,-102.84375,44.9524336178773));
#3880=CARTESIAN_POINT('',(-28.9282448634661,-100.890625,48.4546755117257));
#3881=CARTESIAN_POINT('',(-27.5027979717105,-98.9375000000002,51.6674923824649));
#3882=CARTESIAN_POINT('',(-25.1057254672324,-96.9843750000002,54.2381215845094));
#3883=CARTESIAN_POINT('',(-22.0002224440525,-95.0312499999999,55.8843117494528));
#3884=CARTESIAN_POINT('',(-18.5272686425304,-93.0781250000002,56.4253135781227));
#3885=CARTESIAN_POINT('',(-15.0681893670279,-91.1250000000001,55.8017258521994));
#3886=CARTESIAN_POINT('',(-12.0027865190182,-89.1718749999999,54.0820176020739));
#3887=CARTESIAN_POINT('',(-9.6676368976236,-87.2187500000002,51.4550103063421));
#3888=CARTESIAN_POINT('',(-8.31913655386999,-85.2656250000001,48.2091455665488));
#3889=CARTESIAN_POINT('',(-8.10534887512355,-83.3125000000001,44.7008146365274));
#3890=CARTESIAN_POINT('',(-9.04974743930215,-81.359375,41.3152271781808));
#3891=CARTESIAN_POINT('',(-11.0486386499726,-79.4062500000002,38.424115797754));
#3892=CARTESIAN_POINT('',(-13.8825471432644,-77.4531249999999,36.3449203433094));
#3893=CARTESIAN_POINT('',(-17.2403138653857,-75.5000000000001,35.3059334685389));
#3894=CARTESIAN_POINT('',(-20.7532608866942,-73.5468750000001,35.4212344295721));
#3895=CARTESIAN_POINT('',(-24.0356717051366,-71.5937499999998,36.678163347651));
#3896=CARTESIAN_POINT('',(-26.7271423603045,-69.6406250000001,38.9387112455071));
#3897=CARTESIAN_POINT('',(-28.5321532670208,-67.6875,41.9546732334587));
#3898=CARTESIAN_POINT('',(-29.2525168383725,-65.734375,45.3949010473111));
#3899=CARTESIAN_POINT('',(-28.8091381961104,-63.78125,48.881662648814));
#3900=CARTESIAN_POINT('',(-27.2506996738821,-61.828125,52.0321166571387));
#3901=CARTESIAN_POINT('',(-24.7483155674087,-59.875,54.5003477787726));
#3902=CARTESIAN_POINT('',(-21.5767440323029,-57.921875,56.0153478064422));
#3903=CARTESIAN_POINT('',(-18.0842190359735,-55.9687500000001,56.4107719283023));
#3904=CARTESIAN_POINT('',(-14.6542147716679,-54.015625,55.6432031476877));
#3905=CARTESIAN_POINT('',(-11.6633407466804,-52.0625,53.7969194065498));
#3906=CARTESIAN_POINT('',(-9.43999060315904,-50.1093750000001,51.0746399893271));
#3907=CARTESIAN_POINT('',(-8.22828497115927,-48.15625,47.7752672387101));
#3908=CARTESIAN_POINT('',(-8.16126737654646,-46.203125,44.2610675107287));
#3909=CARTESIAN_POINT('',(-9.24629625427923,-44.25,40.9178948528155));
#3910=CARTESIAN_POINT('',(-11.3642370028944,-42.296875,38.1128247874719));
#3911=CARTESIAN_POINT('',(-14.2825427914399,-40.34375,36.1538499508096));
#3912=CARTESIAN_POINT('',(-17.6807878651718,-38.3906250000001,35.2560629465668));
#3913=CARTESIAN_POINT('',(-21.185849829986,-36.4375,35.5180394893108));
#3914=CARTESIAN_POINT('',(-24.4128779516278,-34.484375,36.9110149335533));
#3915=CARTESIAN_POINT('',(-27.0075492096963,-32.5312500000001,39.282042590222));
#3916=CARTESIAN_POINT('',(-28.6849724528108,-30.578125,42.3707870519075));
#3917=CARTESIAN_POINT('',(-29.2609690349885,-28.625,45.8381086440662));
#3918=CARTESIAN_POINT('',(-28.6722953645887,-26.671875,49.303300470778));
#3919=CARTESIAN_POINT('',(-26.9835869592034,-24.7187499999999,52.3858894812876));
#3920=CARTESIAN_POINT('',(-24.3802615593111,-22.765625,54.7474118606881));
#3921=CARTESIAN_POINT('',(-21.1481605285476,-20.8125,56.1285758672664));
#3922=CARTESIAN_POINT('',(-17.6421638853985,-18.859375,56.3777316907224));
#3923=CARTESIAN_POINT('',(-14.2472249904477,-16.90625,55.4675223820025));
#3924=CARTESIAN_POINT('',(-11.3361032241508,-14.953125,53.497887606739));
#3925=CARTESIAN_POINT('',(-9.22843554599955,-13.,50.6850904145104));
#3926=CARTESIAN_POINT('',(-8.15564081866746,-11.046875,47.3379718687848));
#3927=CARTESIAN_POINT('',(-8.23551035159812,-9.09375000000002,43.824040744838));
#3928=CARTESIAN_POINT('',(-9.45927458559373,-7.14062499999998,40.5291215977686));
#3929=CARTESIAN_POINT('',(-11.6925659777308,-5.18749999999997,37.8149917843775));
#3930=CARTESIAN_POINT('',(-14.6901723632339,-3.23437500000001,35.9796588326422));
#3931=CARTESIAN_POINT('',(-18.1229608965083,-1.28124999999998,35.2246396461629));
#3932=CARTESIAN_POINT('',(-21.6140163615525,0.671874999999992,35.6328342396062));
#3933=CARTESIAN_POINT('',(-24.7800259175304,2.62500000000001,37.1594234369972));
#3934=CARTESIAN_POINT('',(-27.2733662942959,4.57812500000001,39.6367899524172));
#3935=CARTESIAN_POINT('',(-28.8202723246783,6.53125000000003,42.7929225255671));
#3936=CARTESIAN_POINT('',(-29.2508959638815,8.48437500000001,46.2812823647311));
#3937=CARTESIAN_POINT('',(-28.5179553591456,10.4375,49.7188526048952));
#3938=CARTESIAN_POINT('',(-26.7019263287951,12.390625,52.7281930055573));
#3939=CARTESIAN_POINT('',(-24.0022062337819,14.34375,54.9788823432299));
#3940=CARTESIAN_POINT('',(-20.7152204358464,16.296875,56.2237981838809));
#3941=CARTESIAN_POINT('',(-17.2018752215295,18.25,56.3262505687679));
#3942=CARTESIAN_POINT('',(-13.8479308138995,20.203125,55.274990374211));
#3943=CARTESIAN_POINT('',(-11.0216454579971,22.15625,53.185444449101));
#3944=CARTESIAN_POINT('',(-9.03334119815334,24.1093750000001,50.2870419138382));
#3945=CARTESIAN_POINT('',(-8.10133096635093,26.0625,46.8980231747408));
#3946=CARTESIAN_POINT('',(-8.32794813804576,28.015625,43.3904975877177));
#3947=CARTESIAN_POINT('',(-9.6883104755493,29.96875,40.1495863891756));
#3948=CARTESIAN_POINT('',(-12.0330521617392,31.921875,37.5311369412817));
#3949=CARTESIAN_POINT('',(-15.1047239507468,33.875,35.8226512062673));
#3950=CARTESIAN_POINT('',(-18.5660607227961,35.828125,35.2117184467996));
#3951=CARTESIAN_POINT('',(-22.0370127065586,37.78125,35.7654181962563));
#3952=CARTESIAN_POINT('',(-25.1364743943658,39.7343750000001,37.4229550229809));
#3953=CARTESIAN_POINT('',(-27.5241293757471,41.6875000000001,40.0023337807474));
#3954=CARTESIAN_POINT('',(-28.9378165870887,43.640625,43.2203424125914));
#3955=CARTESIAN_POINT('',(-29.2223152172465,45.59375,46.7236482250445));
#3956=CARTESIAN_POINT('',(-28.3463877281082,47.5468750000001,50.1275933068443));
#3957=CARTESIAN_POINT('',(-26.4062096910999,49.5,53.0584294112418));
#3958=CARTESIAN_POINT('',(-23.6148098485429,51.4531250000001,55.1943549729378));
#3959=CARTESIAN_POINT('',(-20.2786798658593,53.4062500000001,56.3008484545148));
#3960=CARTESIAN_POINT('',(-16.7641219899963,55.3593750000001,56.2564184720528));
#3961=CARTESIAN_POINT('',(-13.4570295925061,57.3125000000001,55.0659433733655));
#3962=CARTESIAN_POINT('',(-10.7205166354793,59.2656250000001,52.8601356024668));
#3963=CARTESIAN_POINT('',(-8.8550482836915,61.21875,49.8811896622707));
#3964=CARTESIAN_POINT('',(-8.06545026408221,63.1718750000001,46.4561895084661));
#3965=CARTESIAN_POINT('',(-8.43841929718392,65.125,42.9611952042533));
#3966=CARTESIAN_POINT('',(-9.9330039225987,67.0781250000001,39.7799520693129));
#3967=CARTESIAN_POINT('',(-12.3851009101222,69.03125,37.2617559987272));
#3968=CARTESIAN_POINT('',(-15.52547355707,70.984375,35.6831012788998));
#3969=CARTESIAN_POINT('',(-19.009313488829,72.9375000000001,35.2173219148077));
#3970=CARTESIAN_POINT('',(-22.454100119681,74.890625,35.915559806959));
#3971=CARTESIAN_POINT('',(-25.4816008598655,76.8437500000001,37.7011494446715));
#3972=CARTESIAN_POINT('',(-27.759400506873,78.796875,40.3780356683087));
#3973=CARTESIAN_POINT('',(-29.0373999539489,80.7500000000002,43.6523002420738));
#3974=CARTESIAN_POINT('',(-29.175276710094,82.703125,47.1644336518415));
#3975=CARTESIAN_POINT('',(-28.157892107355,84.6562500000002,50.528808727438));
#3976=CARTESIAN_POINT('',(-26.0969535019345,86.6093750000001,53.3760219571321));
#3977=CARTESIAN_POINT('',(-23.2187489782597,88.5625000000001,55.39345342555));
#3978=CARTESIAN_POINT('',(-19.839301206479,90.5156250000001,56.359592152843));
#3979=CARTESIAN_POINT('',(-16.3296687526231,92.46875,56.1683572148506));
#3980=CARTESIAN_POINT('',(-13.0752038537747,94.421875,54.8407470107108));
#3981=CARTESIAN_POINT('',(-10.4332432813243,96.3750000000001,52.5225271917916));
#3982=CARTESIAN_POINT('',(-8.69386588509754,98.328125,49.4682499772848));
#3983=CARTESIAN_POINT('',(-8.04806995445887,100.28125,46.0132144727668));
#3984=CARTESIAN_POINT('',(-8.48026072618516,101.908854166667,43.1163590819816));
#3985=CARTESIAN_POINT('',(-9.37935016530194,103.2109375,40.9785900234611));
#3986=CARTESIAN_POINT('',(-10.3092832615066,104.1875,39.5088671890678));
#3987=CARTESIAN_POINT('',(-11.4700553887245,105.1640625,38.2136007483463));
#3988=CARTESIAN_POINT('',(-12.8293336747993,106.140625,37.1285315039852));
#3989=CARTESIAN_POINT('',(-14.3496133909244,107.1171875,36.2836678700945));
#3990=CARTESIAN_POINT('',(-15.9888550513824,108.09375,35.7023579837029));
#3991=CARTESIAN_POINT('',(-17.7017543032548,109.0703125,35.4006709527271));
#3992=CARTESIAN_POINT('',(-19.1510941813275,109.884114583333,35.3892324176567));
#3993=CARTESIAN_POINT('',(-20.2996937195695,110.53515625,35.5242193502115));
#3994=CARTESIAN_POINT('',(-21.1497461960839,111.0234375,35.6966701098503));
#3995=CARTESIAN_POINT('',(-21.843747900599,111.430338541667,35.8987861491968));
#3996=CARTESIAN_POINT('',(-22.3194407416099,111.715169270833,36.0701744479323));
#3997=CARTESIAN_POINT('',(-22.5880406669371,111.8779296875,36.1765283093108));
#3998=CARTESIAN_POINT('',(-22.7212099019788,111.959309895833,36.2324896382114));
#3999=CARTESIAN_POINT('',(-22.7874913897775,112.,36.2611580890015));
#4000=CARTESIAN_POINT('',(-27.4277760632094,-138.,47.8223078587));
#4001=CARTESIAN_POINT('',(-27.3999865358402,-137.918619791667,47.944003946219));
#4002=CARTESIAN_POINT('',(-27.3393377040003,-137.755859375,48.1862625178952));
#4003=CARTESIAN_POINT('',(-27.1979928110852,-137.430338541667,48.6652809977807));
#4004=CARTESIAN_POINT('',(-26.8986719945476,-136.860677083333,49.4870896776721));
#4005=CARTESIAN_POINT('',(-26.3266973289218,-136.046875,50.6015491582561));
#4006=CARTESIAN_POINT('',(-25.4282341417157,-135.0703125,51.8067214677975));
#4007=CARTESIAN_POINT('',(-24.3425179921465,-134.09375,52.8463755731304));
#4008=CARTESIAN_POINT('',(-23.0995570707515,-133.1171875,53.6917820563032));
#4009=CARTESIAN_POINT('',(-21.7337078768666,-132.140625,54.319571598702));
#4010=CARTESIAN_POINT('',(-20.2827239966111,-131.1640625,54.7123913798562));
#4011=CARTESIAN_POINT('',(-18.7867087252675,-130.1875,54.8593866161883));
#4012=CARTESIAN_POINT('',(-17.2870235503479,-129.2109375,54.7564825555138));
#4013=CARTESIAN_POINT('',(-15.8250808827691,-128.234375,54.4065673647522));
#4014=CARTESIAN_POINT('',(-14.4414384709402,-127.2578125,53.8191493019911));
#4015=CARTESIAN_POINT('',(-12.7512352444094,-125.955729166667,52.7417177417576));
#4016=CARTESIAN_POINT('',(-11.0196739185586,-124.328125,50.8951763946635));
#4017=CARTESIAN_POINT('',(-9.7798689334804,-122.375,48.1218352962206));
#4018=CARTESIAN_POINT('',(-9.51442486617439,-120.421875,45.0956421454845));
#4019=CARTESIAN_POINT('',(-10.2524432768916,-118.46875,42.1488335825238));
#4020=CARTESIAN_POINT('',(-11.9129025515931,-116.515625,39.6049743012984));
#4021=CARTESIAN_POINT('',(-14.3134835177584,-114.5625,37.7433738593811));
#4022=CARTESIAN_POINT('',(-17.1906067002364,-112.609375,36.7684339659551));
#4023=CARTESIAN_POINT('',(-20.2283679090125,-110.65625,36.787201430861));
#4024=CARTESIAN_POINT('',(-23.0932254174924,-108.703125,37.7976156619263));
#4025=CARTESIAN_POINT('',(-25.4706219985637,-106.75,39.6887346250246));
#4026=CARTESIAN_POINT('',(-27.0995229504747,-104.796875,42.2529161966626));
#4027=CARTESIAN_POINT('',(-27.8010773034733,-102.84375,45.2086169480045));
#4028=CARTESIAN_POINT('',(-27.4982554045923,-100.890625,48.2313052117244));
#4029=CARTESIAN_POINT('',(-26.2243066602644,-98.9375,50.9890941882115));
#4030=CARTESIAN_POINT('',(-24.1191088000865,-96.984375,53.179182636543));
#4031=CARTESIAN_POINT('',(-21.4138095042847,-95.03125,54.5611020126828));
#4032=CARTESIAN_POINT('',(-18.4054467227791,-93.078125,54.9831195678459));
#4033=CARTESIAN_POINT('',(-15.4243343378871,-91.125,54.3988983848528));
#4034=CARTESIAN_POINT('',(-12.7977941777914,-89.171875,52.872585104618));
#4035=CARTESIAN_POINT('',(-10.8142165532222,-87.21875,50.5717667177565));
#4036=CARTESIAN_POINT('',(-9.6913954184445,-85.265625,47.749069755397));
#4037=CARTESIAN_POINT('',(-9.55261491008532,-83.3125,44.7144222614511));
#4038=CARTESIAN_POINT('',(-10.4131129272397,-81.359375,41.8010241416449));
#4039=CARTESIAN_POINT('',(-12.1784080321897,-79.40625,39.3287622957935));
#4040=CARTESIAN_POINT('',(-14.6546733756149,-77.453125,37.569087498859));
#4041=CARTESIAN_POINT('',(-17.5700186043086,-75.5,36.7152094984713));
#4042=CARTESIAN_POINT('',(-20.6043430287181,-73.546875,36.8608828640818));
#4043=CARTESIAN_POINT('',(-23.4244822156828,-71.59375,37.9901128708383));
#4044=CARTESIAN_POINT('',(-25.7207889613321,-69.640625,39.9789116972407));
#4045=CARTESIAN_POINT('',(-27.2411321062157,-67.6875,42.6089121086135));
#4046=CARTESIAN_POINT('',(-27.818580171946,-65.734375,45.5913438636414));
#4047=CARTESIAN_POINT('',(-27.3897301960877,-63.78125,48.5987402692088));
#4048=CARTESIAN_POINT('',(-26.0016692857303,-61.828125,51.3008935496786));
#4049=CARTESIAN_POINT('',(-23.8068045212344,-59.875,53.4011111830654));
#4050=CARTESIAN_POINT('',(-21.0461288792384,-57.921875,54.6687923108355));
#4051=CARTESIAN_POINT('',(-18.0227605523798,-55.96875,54.9647473786475));
#4052=CARTESIAN_POINT('',(-15.0686610101538,-54.015625,54.256480948105));
#4053=CARTESIAN_POINT('',(-12.5081861096875,-52.0625,52.6217596488931));
#4054=CARTESIAN_POINT('',(-10.6224722917557,-50.109375,50.2400735153157));
#4055=CARTESIAN_POINT('',(-9.61856820619886,-48.15625,47.3729282401304));
#4056=CARTESIAN_POINT('',(-9.60670106963268,-46.203125,44.3351322277088));
#4057=CARTESIAN_POINT('',(-10.5881738764882,-44.25,41.4602310865533));
#4058=CARTESIAN_POINT('',(-12.4552223321082,-42.296875,39.0638848039011));
#4059=CARTESIAN_POINT('',(-15.0028472164379,-40.34375,37.409208735675));
#4060=CARTESIAN_POINT('',(-17.9513230018884,-38.390625,36.6778839209556));
#4061=CARTESIAN_POINT('',(-20.9769113116934,-36.4375,36.9502087666603));
#4062=CARTESIAN_POINT('',(-23.7474069254401,-34.484375,38.1962823986029));
#4063=CARTESIAN_POINT('',(-25.9586134317969,-32.53125,40.2792877342326));
#4064=CARTESIAN_POINT('',(-27.3677435545036,-30.578125,42.9705138004142));
#4065=CARTESIAN_POINT('',(-27.8200768441573,-28.625,45.9744678674872));
#4066=CARTESIAN_POINT('',(-27.2659477597783,-26.671875,48.9613201236023));
#4067=CARTESIAN_POINT('',(-25.7661988733766,-24.71875,51.603118511018));
#4068=CARTESIAN_POINT('',(-23.4855004435441,-22.765625,53.6097973877133));
#4069=CARTESIAN_POINT('',(-20.6742698592301,-20.8125,54.761026315351));
#4070=CARTESIAN_POINT('',(-17.6411761726182,-18.859375,54.930402022736));
#4071=CARTESIAN_POINT('',(-14.7192486836395,-16.90625,54.0993273021708));
#4072=CARTESIAN_POINT('',(-12.2293108045051,-14.953125,52.3590529559632));
#4073=CARTESIAN_POINT('',(-10.4447541130682,-13.,49.9006585903127));
#4074=CARTESIAN_POINT('',(-9.56152035298676,-11.046875,46.9940723509132));
#4075=CARTESIAN_POINT('',(-9.67658731366839,-9.09374999999999,43.958433202962));
#4076=CARTESIAN_POINT('',(-10.7773208092554,-7.14062499999999,41.1270499343621));
#4077=CARTESIAN_POINT('',(-12.7428618939582,-5.18749999999999,38.8108043328856));
#4078=CARTESIAN_POINT('',(-15.3573969995018,-3.23437499999999,37.2640168155144));
#4079=CARTESIAN_POINT('',(-18.3338539527829,-1.28125,36.6565224144877));
#4080=CARTESIAN_POINT('',(-21.3454220852763,0.67187500000001,37.0550231363994));
#4081=CARTESIAN_POINT('',(-24.0614355717619,2.62500000000002,38.4157641783484));
#4082=CARTESIAN_POINT('',(-26.1836800596803,4.57812500000001,40.5893381420116));
#4083=CARTESIAN_POINT('',(-27.4791361737284,6.53125000000001,43.3370897498884));
#4084=CARTESIAN_POINT('',(-27.8055647062434,8.48437500000001,46.3573198495951));
#4085=CARTESIAN_POINT('',(-27.1271242764791,10.4375,49.3184115444394));
#4086=CARTESIAN_POINT('',(-25.5183066623736,12.390625,51.895241249049));
#4087=CARTESIAN_POINT('',(-23.1557577110713,14.34375,53.8048767888089));
#4088=CARTESIAN_POINT('',(-20.2988818803948,16.296875,54.8376429434208));
#4089=CARTESIAN_POINT('',(-17.2613600045617,18.25,54.8801434828307));
#4090=CARTESIAN_POINT('',(-14.3767075922734,20.203125,53.9277119092815));
#4091=CARTESIAN_POINT('',(-11.961655306234,22.15625,52.0849238320166));
#4092=CARTESIAN_POINT('',(-10.2813723944831,24.109375,49.5541147166363));
#4093=CARTESIAN_POINT('',(-9.52035149048401,26.0625,46.6131637436186));
#4094=CARTESIAN_POINT('',(-9.76215158880712,28.015625,43.5849830762107));
#4095=CARTESIAN_POINT('',(-10.9802233883797,29.96875,40.802062571938));
#4096=CARTESIAN_POINT('',(-13.0408243673449,31.921875,38.5699628771434));
#4097=CARTESIAN_POINT('',(-15.7177035185254,33.875,37.1337653099579));
#4098=CARTESIAN_POINT('',(-18.7169433827776,35.828125,36.65116228604));
#4099=CARTESIAN_POINT('',(-21.7092317609033,37.78125,37.1751429194117));
#4100=CARTESIAN_POINT('',(-24.3660197168267,39.734375,38.6481748943788));
#4101=CARTESIAN_POINT('',(-26.3955957755846,41.6875,40.908521430583));
#4102=CARTESIAN_POINT('',(-27.5751154213666,43.640625,43.7079997475611));
#4103=CARTESIAN_POINT('',(-27.7750691030426,45.59375,46.7392311750829));
#4104=CARTESIAN_POINT('',(-26.9735021955638,47.546875,49.6693908865752));
#4105=CARTESIAN_POINT('',(-25.2584255860401,49.5,52.1767515836981));
#4106=CARTESIAN_POINT('',(-22.8181522056263,51.453125,53.9860086883849));
#4107=CARTESIAN_POINT('',(-19.9206205420468,53.40625,54.8985083873267));
#4108=CARTESIAN_POINT('',(-16.8839753811698,55.359375,54.8140595333574));
#4109=CARTESIAN_POINT('',(-14.0416359696624,57.3125,53.7419344885018));
#4110=CARTESIAN_POINT('',(-11.7056870639419,59.265625,51.7998510320363));
#4111=CARTESIAN_POINT('',(-10.1326124752985,61.21875,49.2010471185831));
#4112=CARTESIAN_POINT('',(-9.49513351837722,63.171875,46.2308676591066));
#4113=CARTESIAN_POINT('',(-9.86324446064187,65.125,43.215434062391));
#4114=CARTESIAN_POINT('',(-11.1965272530422,67.078125,40.4858365760386));
#4115=CARTESIAN_POINT('',(-13.3485893733427,69.03125,38.3417810561454));
#4116=CARTESIAN_POINT('',(-16.0831375133301,70.9843750000001,37.0186816977808));
#4117=CARTESIAN_POINT('',(-19.0999222422987,72.9375,36.6618128968512));
#4118=CARTESIAN_POINT('',(-22.0677049602795,74.890625,37.31035833155));
#4119=CARTESIAN_POINT('',(-24.6606274172395,76.84375,38.8931086511519));
#4120=CARTESIAN_POINT('',(-26.5939904776227,78.796875,41.2362801597747));
#4121=CARTESIAN_POINT('',(-27.6555136737158,80.75,44.0825960146729));
#4122=CARTESIAN_POINT('',(-27.7286432937827,82.7031250000001,47.1195348520778));
#4123=CARTESIAN_POINT('',(-26.8053498117595,84.65625,50.013645178643));
#4124=CARTESIAN_POINT('',(-24.9870095149037,86.6093750000001,52.4471578716575));
#4125=CARTESIAN_POINT('',(-22.4732735441556,88.5625,54.1528767373125));
#4126=CARTESIAN_POINT('',(-19.5401464500096,90.515625,54.9435163850244));
#4127=CARTESIAN_POINT('',(-16.509681432445,92.46875,54.7322654494673));
#4128=CARTESIAN_POINT('',(-13.7146188414594,94.4218750000001,53.5423200061353));
#4129=CARTESIAN_POINT('',(-11.461853723126,96.375,51.5043305059486));
#4130=CARTESIAN_POINT('',(-9.99873189037791,98.3281250000001,48.8420795709149));
#4131=CARTESIAN_POINT('',(-9.48591894337513,100.28125,45.8478250509185));
#4132=CARTESIAN_POINT('',(-9.89736797762646,101.908854166667,43.3500802153242));
#4133=CARTESIAN_POINT('',(-10.7023620969895,103.2109375,41.5144249689616));
#4134=CARTESIAN_POINT('',(-11.525254188513,104.1875,40.2565001291085));
#4135=CARTESIAN_POINT('',(-12.5453484875693,105.1640625,39.1523603460081));
#4136=CARTESIAN_POINT('',(-13.7342342122254,106.140625,38.2324715243488));
#4137=CARTESIAN_POINT('',(-15.0591077232494,107.1171875,37.5222742657039));
#4138=CARTESIAN_POINT('',(-16.4833317016206,108.09375,37.0413949572555));
#4139=CARTESIAN_POINT('',(-17.9675496337284,109.0703125,36.8031268018776));
#4140=CARTESIAN_POINT('',(-19.2201865736092,109.884114583333,36.8122328322803));
#4141=CARTESIAN_POINT('',(-20.2110288069746,110.53515625,36.9439374811281));
#4142=CARTESIAN_POINT('',(-20.9433716369498,111.0234375,37.1041059900823));
#4143=CARTESIAN_POINT('',(-21.5404628808683,111.430338541667,37.2878636368632));
#4144=CARTESIAN_POINT('',(-21.9493018608273,111.715169270833,37.4422068753293));
#4145=CARTESIAN_POINT('',(-22.1800393606957,111.8779296875,37.5376403449952));
#4146=CARTESIAN_POINT('',(-22.2943759420668,111.959309895833,37.5877408330563));
#4147=CARTESIAN_POINT('',(-22.351288054682,112.,37.6133877045639));
#4148=CARTESIAN_POINT('',(-27.4272044472932,-138.,47.8221047087981));
#4149=CARTESIAN_POINT('',(-27.4432979438648,-138.,47.7517107362356));
#4150=CARTESIAN_POINT('',(-27.5842510025598,-138.,47.0987884631135));
#4151=CARTESIAN_POINT('',(-27.6513752537612,-138.,46.4308677873136));
#4152=CARTESIAN_POINT('',(-27.652466212495,-138.,45.8350523078842));
#4153=CARTESIAN_POINT('',(-26.4660808744871,-138.,46.5300176246555));
#4154=CARTESIAN_POINT('',(-27.4999318441395,-138.,45.8453049494173));
#4155=CARTESIAN_POINT('',(-29.5676316459657,-138.,44.4758699517516));
#4156=CARTESIAN_POINT('',(-32.66918936425,-138.,42.4217536322134));
#4157=CARTESIAN_POINT('',(-35.7707426358465,-138.,40.3676090280678));
#4158=CARTESIAN_POINT('',(-37.838445743304,-138.,38.9981851845972));
#4159=CARTESIAN_POINT('',(-38.8722971117542,-138.,38.3134720843367));
#4160=CARTESIAN_POINT('',(-27.0586719512977,-138.,47.4247736848444));
#4161=CARTESIAN_POINT('',(-28.0925229163837,-138.,46.7400610269021));
#4162=CARTESIAN_POINT('',(-30.1602232402631,-138.,45.3706266723415));
#4163=CARTESIAN_POINT('',(-33.2617797496788,-138.,43.3165090355354));
#4164=CARTESIAN_POINT('',(-36.3633333597585,-138.,41.2623648002248));
#4165=CARTESIAN_POINT('',(-38.4310363705067,-138.,39.8929408513729));
#4166=CARTESIAN_POINT('',(-39.464887755075,-138.,39.2082277686758));
#4167=CARTESIAN_POINT('',(-28.2438580834595,-138.,49.2142778666795));
#4168=CARTESIAN_POINT('',(-29.2777084295503,-138.,48.5295655330649));
#4169=CARTESIAN_POINT('',(-31.3454094994743,-138.,47.1601247512559));
#4170=CARTESIAN_POINT('',(-34.4469596878271,-138.,45.1060240082176));
#4171=CARTESIAN_POINT('',(-37.5485150678044,-138.,43.051875042652));
#4172=CARTESIAN_POINT('',(-39.6162175728674,-138.,41.6824524453014));
#4173=CARTESIAN_POINT('',(-40.6500690417167,-138.,40.9977391373542));
#4174=CARTESIAN_POINT('',(-30.0216223621756,-138.,51.898563908967));
#4175=CARTESIAN_POINT('',(-31.0554740667566,-138.,51.2138509753338));
#4176=CARTESIAN_POINT('',(-33.1231773734802,-138.,49.8444294781229));
#4177=CARTESIAN_POINT('',(-36.22473271771,-138.,47.790280844598));
#4178=CARTESIAN_POINT('',(-39.3262866540418,-138.,45.7361452883687));
#4179=CARTESIAN_POINT('',(-41.393989571575,-138.,44.3667188597792));
#4180=CARTESIAN_POINT('',(-42.4278409716792,-138.,43.6820061903717));
#4181=CARTESIAN_POINT('',(-31.7993964344871,-138.,54.582825644989));
#4182=CARTESIAN_POINT('',(-32.8332477586909,-138.,53.8981128793609));
#4183=CARTESIAN_POINT('',(-34.9009504391106,-138.,52.5286859824626));
#4184=CARTESIAN_POINT('',(-38.0025043396948,-138.,50.4745507582739));
#4185=CARTESIAN_POINT('',(-41.1040586802473,-138.,48.4204114474305));
#4186=CARTESIAN_POINT('',(-43.1717614822889,-138.,47.0509860915878));
#4187=CARTESIAN_POINT('',(-44.2056129016417,-138.,46.3662732433893));
#4188=CARTESIAN_POINT('',(-32.9845771090291,-138.,56.3723385328089));
#4189=CARTESIAN_POINT('',(-34.0184285419121,-138.,55.6876257191794));
#4190=CARTESIAN_POINT('',(-36.0861314012757,-138.,54.3182003650489));
#4191=CARTESIAN_POINT('',(-39.1876857143302,-138.,52.2640613096213));
#4192=CARTESIAN_POINT('',(-42.289239939391,-138.,50.2099230715247));
#4193=CARTESIAN_POINT('',(-44.3569427744302,-138.,48.8404974091831));
#4194=CARTESIAN_POINT('',(-45.3907941882834,-138.,48.1557846120676));
#4195=CARTESIAN_POINT('',(-33.5771678543665,-138.,57.2670939639578));
#4196=CARTESIAN_POINT('',(-34.6110192691363,-138.,56.5823811583286));
#4197=CARTESIAN_POINT('',(-36.6787220986759,-138.,55.2129555470701));
#4198=CARTESIAN_POINT('',(-39.7802763429854,-138.,53.1588171301823));
#4199=CARTESIAN_POINT('',(-42.8818305872948,-138.,51.1046787132946));
#4200=CARTESIAN_POINT('',(-44.9495334168344,-138.,49.7352531020361));
#4201=CARTESIAN_POINT('',(-45.9833848316042,-138.,49.0505402964068));
#4202=CARTESIAN_POINT('',(-14.6430273479048,146.001916351159,37.4192732671446));
#4203=CARTESIAN_POINT('',(-11.0167063594375,145.996770650453,40.4963633671601));
#4204=CARTESIAN_POINT('',(-9.87602850827582,146.001898255863,42.7249666481375));
#4205=CARTESIAN_POINT('',(-9.49143565840621,145.996775675271,47.4577939623513));
#4206=CARTESIAN_POINT('',(-10.2758823047887,146.001874240849,49.8563835844743));
#4207=CARTESIAN_POINT('',(-13.3144705438421,145.996804617465,53.4343131531595));
#4208=CARTESIAN_POINT('',(-15.5774324479298,146.001889586364,54.5955851023392));
#4209=CARTESIAN_POINT('',(-20.2586802510618,145.99680222804,54.9802907079166));
#4210=CARTESIAN_POINT('',(-22.6618640589944,146.001922844282,54.2190631999442));
#4211=CARTESIAN_POINT('',(-26.2880592067034,145.996771074089,51.1442788110356));
#4212=CARTESIAN_POINT('',(-27.4317700653413,146.001881559829,48.892001648183));
#4213=CARTESIAN_POINT('',(-27.8145908550762,145.996801722028,44.208714196716));
#4214=CARTESIAN_POINT('',(-27.0490403342012,146.001909632892,41.803362884965));
#4215=CARTESIAN_POINT('',(-23.9800280572218,145.996777398101,38.1865505420985));
#4216=CARTESIAN_POINT('',(-21.7297273367238,146.001892594568,37.0424966545447));
#4217=CARTESIAN_POINT('',(-17.0538020261299,145.996804780494,36.656894972898));
#4218=CARTESIAN_POINT('',(-14.6430273479048,146.001916351159,37.4192732671446));
#4219=CARTESIAN_POINT('',(-11.0167063594375,145.996770650453,40.4963633671601));
#4220=CARTESIAN_POINT('',(-12.8298668536714,145.999343500806,38.9578183171522));
#4221=CARTESIAN_POINT('',(-9.65407590873473,-145.968205024761,48.1963123704234));
#4222=CARTESIAN_POINT('',(-9.65321599406666,-146.029192885095,43.4411108648533));
#4223=CARTESIAN_POINT('',(-10.6328672418993,-145.968346180608,41.1102855148659));
#4224=CARTESIAN_POINT('',(-13.9536632494875,-146.029182419294,37.7920679628764));
#4225=CARTESIAN_POINT('',(-16.2814899851105,-145.967923609468,36.8176570127894));
#4226=CARTESIAN_POINT('',(-21.0370027474517,-146.02961914194,36.8197954134944));
#4227=CARTESIAN_POINT('',(-23.3614267295044,-145.968329949078,37.7972882260422));
#4228=CARTESIAN_POINT('',(-26.6810078376288,-146.029200495157,41.1195019471739));
#4229=CARTESIAN_POINT('',(-27.6558417609804,-145.967716952683,43.4516444614723));
#4230=CARTESIAN_POINT('',(-27.6513872525349,-146.029938876316,48.2056849889614));
#4231=CARTESIAN_POINT('',(-26.6719926121636,-145.968216434838,50.5306453685069));
#4232=CARTESIAN_POINT('',(-23.3518044831467,-146.029389343782,53.8460438184526));
#4233=CARTESIAN_POINT('',(-21.0027618652889,-145.968690086316,54.8177607788834));
#4234=CARTESIAN_POINT('',(-16.3083872038901,-146.02865809761,54.8196336483853));
#4235=CARTESIAN_POINT('',(-13.9730468530422,-145.968368173087,53.8642940292438));
#4236=CARTESIAN_POINT('',(-10.6105343265905,-146.028953464944,50.50524820117));
#4237=CARTESIAN_POINT('',(-9.65407590873473,-145.968205024761,48.1963123704234));
#4238=CARTESIAN_POINT('',(-9.65321599406666,-146.029192885095,43.4411108648533));
#4239=CARTESIAN_POINT('',(-9.65364595140069,-145.998698954928,45.8187116176384));
#4240=CARTESIAN_POINT('',(-27.444616907942,147.,42.9918751764033));
#4241=CARTESIAN_POINT('',(-27.0691013395519,146.21875,41.8209122856148));
#4242=CARTESIAN_POINT('',(-25.8412773994294,144.65625,39.6332569390135));
#4243=CARTESIAN_POINT('',(-22.8700121189966,142.3125,37.3242989590813));
#4244=CARTESIAN_POINT('',(-19.2341912030158,139.96875,36.3533304685833));
#4245=CARTESIAN_POINT('',(-15.5071156078725,137.625,36.8727437921564));
#4246=CARTESIAN_POINT('',(-12.2754694846757,135.28125,38.8008832129137));
#4247=CARTESIAN_POINT('',(-10.0481873473085,132.9375,41.8340936332148));
#4248=CARTESIAN_POINT('',(-9.1759783805723,130.59375,45.4947532198788));
#4249=CARTESIAN_POINT('',(-9.79619100416644,128.25,49.2064251191155));
#4250=CARTESIAN_POINT('',(-11.8111609232057,125.90625,52.3846429956908));
#4251=CARTESIAN_POINT('',(-14.9035965104346,123.5625,54.5289412084757));
#4252=CARTESIAN_POINT('',(-18.5865401412092,121.21875,55.3016629122621));
#4253=CARTESIAN_POINT('',(-22.2800485690223,118.875,54.5811296770461));
#4254=CARTESIAN_POINT('',(-25.4025149108677,116.53125,52.480801944702));
#4255=CARTESIAN_POINT('',(-27.462252758257,114.1875,49.3314126956442));
#4256=CARTESIAN_POINT('',(-28.134920709863,111.84375,45.6288878181776));
#4257=CARTESIAN_POINT('',(-27.3145955454853,109.5,41.9562539858724));
#4258=CARTESIAN_POINT('',(-25.1304516711338,107.15625,38.8918310095809));
#4259=CARTESIAN_POINT('',(-21.9264203715358,104.8125,36.9181653659917));
#4260=CARTESIAN_POINT('',(-18.2070318720524,102.46875,36.3460448966846));
#4261=CARTESIAN_POINT('',(-14.5579683157059,100.125,37.2655598792886));
#4262=CARTESIAN_POINT('',(-11.5538379651182,97.7812500000001,39.5319167528121));
#4263=CARTESIAN_POINT('',(-9.66769317873299,95.4374999999999,42.788238371799));
#4264=CARTESIAN_POINT('',(-9.1965401232073,93.09375,46.5217604943741));
#4265=CARTESIAN_POINT('',(-10.2145700080073,90.75,50.1445753937505));
#4266=CARTESIAN_POINT('',(-12.5614763944074,88.40625,53.0862081130009));
#4267=CARTESIAN_POINT('',(-15.8676982209454,86.0625000000001,54.8834476282612));
#4268=CARTESIAN_POINT('',(-19.6126135937424,83.7187499999999,55.2532874477473));
#4269=CARTESIAN_POINT('',(-23.2065207214209,81.375,54.1374898858608));
#4270=CARTESIAN_POINT('',(-26.0834966764205,79.03125,51.7117565955252));
#4271=CARTESIAN_POINT('',(-27.7905117623332,76.6875,48.3580612995933));
#4272=CARTESIAN_POINT('',(-28.0587668865586,74.3437499999999,44.604501411991));
#4273=CARTESIAN_POINT('',(-26.8460206333225,72.0000000000001,41.0421399526847));
#4274=CARTESIAN_POINT('',(-24.3432409062564,69.65625,38.2319324373443));
#4275=CARTESIAN_POINT('',(-20.9445337242022,67.3125,36.6163947150533));
#4276=CARTESIAN_POINT('',(-17.1850844022107,64.96875,36.4499211830242));
#4277=CARTESIAN_POINT('',(-13.6568833537035,62.625,37.7587259823738));
#4278=CARTESIAN_POINT('',(-10.9155069459752,60.2812499999999,40.3367151275493));
#4279=CARTESIAN_POINT('',(-9.39263237798828,57.9375,43.7779395741187));
#4280=CARTESIAN_POINT('',(-9.32806262828464,55.59375,47.5405189272903));
#4281=CARTESIAN_POINT('',(-10.7319653223721,53.25,51.031969896017));
#4282=CARTESIAN_POINT('',(-13.3832716639739,50.90625,53.7025030496161));
#4283=CARTESIAN_POINT('',(-16.8644875461494,48.5625,55.1315966865691));
#4284=CARTESIAN_POINT('',(-20.6274352298754,46.21875,55.0942152603108));
#4285=CARTESIAN_POINT('',(-24.0795734240801,43.8749999999999,53.5962451238916));
#4286=CARTESIAN_POINT('',(-26.6773031753677,41.53125,50.8735676217326));
#4287=CARTESIAN_POINT('',(-28.0115669389468,39.1874999999999,47.354915486228));
#4288=CARTESIAN_POINT('',(-27.8722617743693,36.84375,43.5943614429241));
#4289=CARTESIAN_POINT('',(-26.281323692712,34.5,40.1840698627475));
#4290=CARTESIAN_POINT('',(-23.4892734516776,32.15625,37.6610502248874));
#4291=CARTESIAN_POINT('',(-19.9357677230062,29.8124999999999,36.4225956727172));
#4292=CARTESIAN_POINT('',(-16.1803675341896,27.46875,36.6637223268308));
#4293=CARTESIAN_POINT('',(-12.8144256924954,25.125,38.346460618967));
#4294=CARTESIAN_POINT('',(-10.3679680426033,22.78125,41.205834258206));
#4295=CARTESIAN_POINT('',(-9.22623171674652,20.4375,44.7915853376463));
#4296=CARTESIAN_POINT('',(-9.56900287552253,18.09375,48.539075240795));
#4297=CARTESIAN_POINT('',(-11.3423062628201,15.75,51.8581967718765));
#4298=CARTESIAN_POINT('',(-14.2669045448016,13.40625,54.226296755095));
#4299=CARTESIAN_POINT('',(-17.8822690648061,11.0625,55.2704768300738));
#4300=CARTESIAN_POINT('',(-21.6190980571869,8.71874999999996,54.8263127576941));
#4301=CARTESIAN_POINT('',(-24.8889630712271,6.37499999999999,52.9637458645479));
#4302=CARTESIAN_POINT('',(-27.1769672229148,4.03124999999999,49.9760695696076));
#4303=CARTESIAN_POINT('',(-28.122824627893,1.68749999999997,46.333745255253));
#4304=CARTESIAN_POINT('',(-27.5775936544883,-0.656250000000018,42.6103199737242));
#4305=CARTESIAN_POINT('',(-25.6271303634452,-3.00000000000003,39.3921115292967));
#4306=CARTESIAN_POINT('',(-22.5785689840447,-5.34375,37.1858825843511));
#4307=CARTESIAN_POINT('',(-18.9119583098094,-7.68750000000003,36.3390421005084));
#4308=CARTESIAN_POINT('',(-15.2046697010083,-10.03125,36.984939780131));
#4309=CARTESIAN_POINT('',(-12.0404799632918,-12.375,39.0218678459247));
#4310=CARTESIAN_POINT('',(-9.91764557800648,-14.71875,42.1290766921629));
#4311=CARTESIAN_POINT('',(-9.17044358887294,-17.0625,45.8172824658317));
#4312=CARTESIAN_POINT('',(-9.91653389141576,-19.40625,49.5057132842069));
#4313=CARTESIAN_POINT('',(-12.0384316444197,-21.75,52.6135618273776));
#4314=CARTESIAN_POINT('',(-15.2020072931405,-24.09375,54.6514435109675));
#4315=CARTESIAN_POINT('',(-18.9091010551802,-26.4375,55.29845856561));
#4316=CARTESIAN_POINT('',(-22.5759668068861,-28.78125,54.4527232639603));
#4317=CARTESIAN_POINT('',(-25.6251930216235,-31.1250000000001,52.2474132783014));
#4318=CARTESIAN_POINT('',(-27.57662621603,-33.46875,49.0297928641976));
#4319=CARTESIAN_POINT('',(-28.1229794327406,-35.8125,45.3065320884689));
#4320=CARTESIAN_POINT('',(-27.1782198943637,-38.15625,41.6639228511042));
#4321=CARTESIAN_POINT('',(-24.8911163544597,-40.5000000000001,38.6755570704057));
#4322=CARTESIAN_POINT('',(-21.6218128804613,-42.84375,36.8120047002293));
#4323=CARTESIAN_POINT('',(-17.8851179321741,-45.1875,36.366714339975));
#4324=CARTESIAN_POINT('',(-14.2694388527509,-47.5312500000001,37.4098046697688));
#4325=CARTESIAN_POINT('',(-11.3441269406667,-49.875,39.7770230497476));
#4326=CARTESIAN_POINT('',(-9.56982322600381,-52.21875,43.0956099432343));
#4327=CARTESIAN_POINT('',(-9.22592256146956,-54.5625,46.8429963623832));
#4328=CARTESIAN_POINT('',(-10.3665780634217,-56.90625,50.4290914067675));
#4329=CARTESIAN_POINT('',(-12.8121737657068,-59.2500000000001,53.289202296655));
#4330=CARTESIAN_POINT('',(-16.1776082646729,-61.59375,54.9729550322603));
#4331=CARTESIAN_POINT('',(-19.9329356055404,-63.9375,55.215213580968));
#4332=CARTESIAN_POINT('',(-23.4868144522127,-66.28125,53.9778301381074));
#4333=CARTESIAN_POINT('',(-26.2796250233064,-68.625,51.4556521595588));
#4334=CARTESIAN_POINT('',(-27.8715909199436,-70.96875,48.0458402548589));
#4335=CARTESIAN_POINT('',(-28.0120295371504,-73.3125000000001,44.2853283699839));
#4336=CARTESIAN_POINT('',(-26.6788263821008,-75.6562499999999,40.7662742372865));
#4337=CARTESIAN_POINT('',(-24.0819173840585,-78.0000000000001,38.0428138837328));
#4338=CARTESIAN_POINT('',(-20.6302308460013,-80.34375,36.5438033152302));
#4339=CARTESIAN_POINT('',(-16.8672946002401,-82.6875,36.505287710252));
#4340=CARTESIAN_POINT('',(-13.385648136742,-85.03125,37.9333320179334));
#4341=CARTESIAN_POINT('',(-10.7335369970172,-87.375,40.6030659267784));
#4342=CARTESIAN_POINT('',(-9.32858201741071,-89.71875,44.0940935901991));
#4343=CARTESIAN_POINT('',(-9.39201769478096,-92.0625,47.8566922342646));
#4344=CARTESIAN_POINT('',(-10.9138549829528,-94.40625,51.2983755302438));
#4345=CARTESIAN_POINT('',(-13.6544542410569,-96.7500000000001,53.8771908295558));
#4346=CARTESIAN_POINT('',(-17.1822606458019,-99.09375,55.1870589954918));
#4347=CARTESIAN_POINT('',(-20.9417599733875,-101.4375,55.0217185970101));
#4348=CARTESIAN_POINT('',(-24.3409539361462,-103.78125,53.4072053437238));
#4349=CARTESIAN_POINT('',(-26.8445805669733,-106.125,50.5977523124558));
#4350=CARTESIAN_POINT('',(-28.0584004873606,-108.46875,47.0357565457036));
#4351=CARTESIAN_POINT('',(-27.7912767261867,-110.8125,43.2821159745106));
#4352=CARTESIAN_POINT('',(-26.0852725465167,-113.15625,39.9279063238723));
#4353=CARTESIAN_POINT('',(-23.2090278562538,-115.5,37.5013060017702));
#4354=CARTESIAN_POINT('',(-19.6154572015021,-117.84375,36.3844252602343));
#4355=CARTESIAN_POINT('',(-15.8704305263526,-120.1875,36.7531363175585));
#4356=CARTESIAN_POINT('',(-12.5636671485877,-122.53125,38.5493792313991));
#4357=CARTESIAN_POINT('',(-10.2158742389969,-124.875,41.4903044417514));
#4358=CARTESIAN_POINT('',(-9.1967524563968,-127.21875,45.1128123356849));
#4359=CARTESIAN_POINT('',(-9.66678018175234,-129.5625,48.8464762943645));
#4360=CARTESIAN_POINT('',(-11.5519433933318,-131.90625,52.1033662759767));
#4361=CARTESIAN_POINT('',(-14.5553905463869,-134.25,54.3706284672415));
#4362=CARTESIAN_POINT('',(-18.2041766549356,-136.59375,55.2912434366756));
#4363=CARTESIAN_POINT('',(-21.9237379246603,-138.9375,54.7202433964457));
#4364=CARTESIAN_POINT('',(-25.1283620983214,-141.28125,52.7475459807322));
#4365=CARTESIAN_POINT('',(-27.3134364471277,-143.625,49.6837724316602));
#4366=CARTESIAN_POINT('',(-28.1348426561386,-145.96875,46.0114197156596));
#4367=CARTESIAN_POINT('',(-27.4633872788581,-148.3125,42.3085664989294));
#4368=CARTESIAN_POINT('',(-25.4042383506841,-150.65625,39.1590259165276));
#4369=CARTESIAN_POINT('',(-23.3239129999499,-152.21875,37.7570123253113));
#4370=CARTESIAN_POINT('',(-22.1874482472389,-153.,37.2873247734007));
#4371=CARTESIAN_POINT('',(-25.693659563408,147.,39.8428910516712));
#4372=CARTESIAN_POINT('',(-24.898620317414,146.21875,38.9047659901595));
#4373=CARTESIAN_POINT('',(-22.9270794527383,144.65625,37.3535038709918));
#4374=CARTESIAN_POINT('',(-19.2983883095377,142.3125,36.3573588478871));
#4375=CARTESIAN_POINT('',(-15.5677542267246,139.96875,36.8516693603949));
#4376=CARTESIAN_POINT('',(-12.3231562417303,137.625,38.7578347803913));
#4377=CARTESIAN_POINT('',(-10.0753715438034,135.28125,41.7759007576715));
#4378=CARTESIAN_POINT('',(-9.17839053868811,132.9375,45.4305657559607));
#4379=CARTESIAN_POINT('',(-9.77344830159251,130.59375,49.1463541447011));
#4380=CARTESIAN_POINT('',(-11.7668453925492,128.25,52.3381467482099));
#4381=CARTESIAN_POINT('',(-14.8446861851874,125.90625,54.5033415895091));
#4382=CARTESIAN_POINT('',(-18.5223115299205,123.5625,55.3009909550128));
#4383=CARTESIAN_POINT('',(-22.220615563654,121.21875,54.6054912116363));
#4384=CARTESIAN_POINT('',(-25.3572362716828,118.875,52.5263608205013));
#4385=CARTESIAN_POINT('',(-27.4382583901642,116.53125,49.3909948798808));
#4386=CARTESIAN_POINT('',(-28.1359889420229,114.1875,45.6931110635541));
#4387=CARTESIAN_POINT('',(-27.3405581661619,111.84375,42.0150052300862));
#4388=CARTESIAN_POINT('',(-25.1772204160227,109.5,38.9358588515705));
#4389=CARTESIAN_POINT('',(-21.9866306916638,107.15625,36.9405368594334));
#4390=CARTESIAN_POINT('',(-18.2712026096099,104.8125,36.343237262436));
#4391=CARTESIAN_POINT('',(-14.6159946765585,102.46875,37.2380152279939));
#4392=CARTESIAN_POINT('',(-11.5965826936712,100.125,39.4839724669203));
#4393=CARTESIAN_POINT('',(-9.6884253770914,97.78125,42.7274441095699));
#4394=CARTESIAN_POINT('',(-9.19199514763574,95.4375,46.4576893654174));
#4395=CARTESIAN_POINT('',(-10.1854635436335,93.09375,50.0873165071005));
#4396=CARTESIAN_POINT('',(-12.5123917582018,90.75,53.0447778721458));
#4397=CARTESIAN_POINT('',(-15.806364639077,88.40625,54.8643699422396));
#4398=CARTESIAN_POINT('',(-19.5486891010395,86.0624999999999,55.2595664286692));
#4399=CARTESIAN_POINT('',(-23.1500713364998,83.7187500000001,54.1681367994213));
#4400=CARTESIAN_POINT('',(-26.043411332701,81.375,51.761945554347));
#4401=CARTESIAN_POINT('',(-27.7731025915045,79.0312499999999,48.4198891827836));
#4402=CARTESIAN_POINT('',(-28.0667752641133,76.6875,44.6682323484166));
#4403=CARTESIAN_POINT('',(-26.8781855015009,74.34375,41.0977384025175));
#4404=CARTESIAN_POINT('',(-24.3944973494338,71.9999999999999,38.2706434616336));
#4405=CARTESIAN_POINT('',(-21.0068105275846,69.65625,36.6321225925086));
#4406=CARTESIAN_POINT('',(-17.248575004404,67.3125,36.4401892869164));
#4407=CARTESIAN_POINT('',(-13.7115900596678,64.96875,37.7250667683123));
#4408=CARTESIAN_POINT('',(-10.9528152372783,62.625,40.2844288218007));
#4409=CARTESIAN_POINT('',(-9.40666741794438,60.28125,43.7152595611787));
#4410=CARTESIAN_POINT('',(-9.31661435675114,57.9375,47.4773152608803));
#4411=CARTESIAN_POINT('',(-10.6968364679983,55.59375,50.9781950881688));
#4412=CARTESIAN_POINT('',(-13.3299938733499,53.25,53.666624875262));
#4413=CARTESIAN_POINT('',(-16.8014503302372,50.90625,55.1192647857097));
#4414=CARTESIAN_POINT('',(-20.5645648901927,48.5625,55.1073715043378));
#4415=CARTESIAN_POINT('',(-24.0267699845907,46.21875,53.6328178343032));
#4416=CARTESIAN_POINT('',(-26.6428814522316,43.875,50.9277977917955));
#4417=CARTESIAN_POINT('',(-28.0009472286924,41.53125,47.4182636363422));
#4418=CARTESIAN_POINT('',(-27.887116334321,39.1875,43.6568523095956));
#4419=CARTESIAN_POINT('',(-26.3193134151087,36.84375,40.2358631766111));
#4420=CARTESIAN_POINT('',(-23.544416196705,34.5,37.6939902315594));
#4421=CARTESIAN_POINT('',(-19.9993803103293,32.15625,36.4314953975913));
#4422=CARTESIAN_POINT('',(-16.2424330600956,29.8125,36.6471803540727));
#4423=CARTESIAN_POINT('',(-12.8651708648898,27.46875,38.3070817687121));
#4424=CARTESIAN_POINT('',(-10.399402155132,25.125,41.1498194125104));
#4425=CARTESIAN_POINT('',(-9.2334049239193,22.78125,44.7277550042022));
#4426=CARTESIAN_POINT('',(-9.55078563162261,20.4375,48.4774806112122));
#4427=CARTESIAN_POINT('',(-11.3015671884414,18.09375,51.8085369874678));
#4428=CARTESIAN_POINT('',(-14.2100587128497,15.75,54.196391609076));
#4429=CARTESIAN_POINT('',(-17.8182678361518,13.40625,55.265035405674));
#4430=CARTESIAN_POINT('',(-21.5580195338516,11.0625,54.8461919014367));
#4431=CARTESIAN_POINT('',(-24.8404251246555,8.71875000000002,53.0058152609225));
#4432=CARTESIAN_POINT('',(-27.1486129935232,6.37499999999999,50.0337046634683));
#4433=CARTESIAN_POINT('',(-28.1191189802248,4.03125,46.3978704027704));
#4434=CARTESIAN_POINT('',(-27.5991201069544,1.6875,42.670837559705));
#4435=CARTESIAN_POINT('',(-25.670499203244,-0.656249999999996,39.4394920115997));
#4436=CARTESIAN_POINT('',(-22.636951036155,-3.,37.2126650853567));
#4437=CARTESIAN_POINT('',(-18.9761603088875,-5.34375000000001,36.3410092515321));
#4438=CARTESIAN_POINT('',(-15.2645819302515,-7.6875,36.9617818191707));
#4439=CARTESIAN_POINT('',(-12.0866682044624,-10.03125,38.9772313950544));
#4440=CARTESIAN_POINT('',(-9.94283669250267,-12.375,42.0699905337229));
#4441=CARTESIAN_POINT('',(-9.17067079938002,-14.71875,45.753050738904));
#4442=CARTESIAN_POINT('',(-9.89176141970411,-17.0625,49.4464503867582));
#4443=CARTESIAN_POINT('',(-11.9925603452455,-19.40625,52.5685997291074));
#4444=CARTESIAN_POINT('',(-15.142260397099,-21.75,54.6278622730407));
#4445=CARTESIAN_POINT('',(-18.8448867459334,-24.09375,55.2999714623899));
#4446=CARTESIAN_POINT('',(-22.5173967396846,-26.4375,54.4790920636442));
#4447=CARTESIAN_POINT('',(-25.5814900680447,-28.78125,52.2944857566429));
#4448=CARTESIAN_POINT('',(-27.5546721630964,-31.125,49.0901566441366));
#4449=CARTESIAN_POINT('',(-28.1262313263545,-33.46875,45.370681847289));
#4450=CARTESIAN_POINT('',(-27.206165667549,-35.8125,41.7217570981366));
#4451=CARTESIAN_POINT('',(-24.9393554611783,-38.15625,38.7179688017047));
#4452=CARTESIAN_POINT('',(-21.6827492378068,-40.5,36.8323154540849));
#4453=CARTESIAN_POINT('',(-17.9491560552005,-42.84375,36.3617258363889));
#4454=CARTESIAN_POINT('',(-14.3264948297783,-45.1875,37.3803024350371));
#4455=CARTESIAN_POINT('',(-11.3852163198423,-47.53125,39.7276527217385));
#4456=CARTESIAN_POINT('',(-9.5884757728642,-49.8750000000001,43.0341457352401));
#4457=CARTESIAN_POINT('',(-9.21920110942978,-52.21875,46.7791168785781));
#4458=CARTESIAN_POINT('',(-10.3355410215278,-54.5625,50.3728555783371));
#4459=CARTESIAN_POINT('',(-12.7617084538001,-56.9062500000001,53.2494654288509));
#4460=CARTESIAN_POINT('',(-16.1156613202258,-59.25,54.9559743832027));
#4461=CARTESIAN_POINT('',(-19.8692616479436,-61.59375,55.2236630479741));
#4462=CARTESIAN_POINT('',(-23.4314400489903,-63.9375000000001,54.0103792062434));
#4463=CARTESIAN_POINT('',(-26.24126983339,-66.28125,51.5071754142619));
#4464=CARTESIAN_POINT('',(-27.856294632338,-68.6250000000001,48.1082244672385));
#4465=CARTESIAN_POINT('',(-28.0222008172873,-70.96875,44.3487500652397));
#4466=CARTESIAN_POINT('',(-26.7128635857451,-73.3125,40.8207465709688));
#4467=CARTESIAN_POINT('',(-24.1344607639361,-75.6562500000001,38.0797592433849));
#4468=CARTESIAN_POINT('',(-20.6930065368423,-78.0000000000001,36.5574040140413));
#4469=CARTESIAN_POINT('',(-16.9304174821804,-80.34375,36.4934020826158));
#4470=CARTESIAN_POINT('',(-13.439178418664,-82.6875000000001,37.8978316617929));
#4471=CARTESIAN_POINT('',(-10.7690454088308,-85.03125,40.5495409881122));
#4472=CARTESIAN_POINT('',(-9.34047714463218,-87.3750000000001,44.0309724977091));
#4473=CARTESIAN_POINT('',(-9.3784264435932,-89.71875,47.7939144972884));
#4474=CARTESIAN_POINT('',(-10.8769175312698,-92.0625,51.2458265908449));
#4475=CARTESIAN_POINT('',(-13.5999870304431,-94.4062500000001,53.8431454284472));
#4476=CARTESIAN_POINT('',(-17.1188404819975,-96.75,55.17687817078));
#4477=CARTESIAN_POINT('',(-20.8793734596898,-99.0937500000001,55.037005495889));
#4478=CARTESIAN_POINT('',(-24.2894249097365,-101.4375,53.4455527791798));
#4479=CARTESIAN_POINT('',(-26.8120231655986,-103.78125,50.6531218165572));
#4480=CARTESIAN_POINT('',(-28.0499414377958,-106.125,47.0994292309714));
#4481=CARTESIAN_POINT('',(-27.8082480523056,-108.46875,43.3440654737703));
#4482=CARTESIAN_POINT('',(-26.1250018190605,-110.8125,39.9783776154333));
#4483=CARTESIAN_POINT('',(-23.2652590131063,-113.15625,37.5323515065622));
#4484=CARTESIAN_POINT('',(-19.6793356730379,-115.5,36.3911563257783));
#4485=CARTESIAN_POINT('',(-15.9318975407662,-117.84375,36.7344930210241));
#4486=CARTESIAN_POINT('',(-12.6130436598545,-120.1875,38.5082972826415));
#4487=CARTESIAN_POINT('',(-10.2453850599096,-122.53125,41.4332529055796));
#4488=CARTESIAN_POINT('',(-9.20175059799019,-124.875,45.0487749631951));
#4489=CARTESIAN_POINT('',(-9.64647859652965,-127.21875,48.7855368845243));
#4490=CARTESIAN_POINT('',(-11.5095389307038,-129.5625,52.0551207739776));
#4491=CARTESIAN_POINT('',(-14.4975604743242,-131.90625,54.3426740392546));
#4492=CARTESIAN_POINT('',(-18.1400275034359,-134.25,55.2879817071426));
#4493=CARTESIAN_POINT('',(-21.8633704040252,-136.59375,54.7421890427408));
#4494=CARTESIAN_POINT('',(-25.0812846757697,-138.9375,52.7912393189187));
#4495=CARTESIAN_POINT('',(-27.2870527411433,-141.28125,49.7423479744864));
#4496=CARTESIAN_POINT('',(-28.1333428312725,-143.625,46.0755985484752));
#4497=CARTESIAN_POINT('',(-27.4868746734411,-145.96875,42.3684484905696));
#4498=CARTESIAN_POINT('',(-25.4495102148545,-148.3125,39.2044130401968));
#4499=CARTESIAN_POINT('',(-22.3418276652754,-150.65625,37.0826191388865));
#4500=CARTESIAN_POINT('',(-19.8833302794585,-152.21875,36.5834335233142));
#4501=CARTESIAN_POINT('',(-18.653632110504,-153.,36.5844050397581));
#4502=CARTESIAN_POINT('',(-22.8709218571771,147.,37.6036714371594));
#4503=CARTESIAN_POINT('',(-21.7773964517331,146.21875,37.0412052414147));
#4504=CARTESIAN_POINT('',(-19.3622878870885,144.65625,36.3625019450978));
#4505=CARTESIAN_POINT('',(-15.6286062135054,142.3125,36.8308239285111));
#4506=CARTESIAN_POINT('',(-12.371114184686,139.96875,38.7151591494314));
#4507=CARTESIAN_POINT('',(-10.1029544407023,137.625,41.7178802600893));
#4508=CARTESIAN_POINT('',(-9.18123601208541,135.28125,45.3663996076875));
#4509=CARTESIAN_POINT('',(-9.75111336609785,132.9375,49.0861295675962));
#4510=CARTESIAN_POINT('',(-11.7228457084527,130.59375,52.2913516599327));
#4511=CARTESIAN_POINT('',(-14.7859506298634,128.25,54.4773434775016));
#4512=CARTESIAN_POINT('',(-18.4580889361177,125.90625,55.2998839964768));
#4513=CARTESIAN_POINT('',(-22.1610189173762,123.5625,54.629449629511));
#4514=CARTESIAN_POINT('',(-25.3116500901421,121.21875,52.5716119701798));
#4515=CARTESIAN_POINT('',(-27.4138610091269,118.875,49.4504131778121));
#4516=CARTESIAN_POINT('',(-28.1366221512178,116.53125,45.7573400712117));
#4517=CARTESIAN_POINT('',(-27.3661222559687,114.1875,42.0739309772515));
#4518=CARTESIAN_POINT('',(-25.2236898776676,111.84375,38.9802024588154));
#4519=CARTESIAN_POINT('',(-22.04668810352,109.5,36.9633156576867));
#4520=CARTESIAN_POINT('',(-18.3353908919195,107.15625,36.3408643353681));
#4521=CARTESIAN_POINT('',(-14.6742062724629,104.8125,37.210864234071));
#4522=CARTESIAN_POINT('',(-11.6396511791083,102.46875,39.4363188004203));
#4523=CARTESIAN_POINT('',(-9.70956887303687,100.125,42.6667916656955));
#4524=CARTESIAN_POINT('',(-9.18788424442518,97.7812500000001,46.3935889220216));
#4525=CARTESIAN_POINT('',(-10.1567455741825,95.4375000000001,50.0298617892842));
#4526=CARTESIAN_POINT('',(-12.4635888642264,93.0937500000001,53.0030161204061));
#4527=CARTESIAN_POINT('',(-15.7451616815518,90.7500000000002,54.8448772677461));
#4528=CARTESIAN_POINT('',(-19.4847235457274,88.4062500000001,55.2654122906547));
#4529=CARTESIAN_POINT('',(-23.0934156680364,86.0625000000002,54.1984006656598));
#4530=CARTESIAN_POINT('',(-26.0029869674224,83.7187500000001,51.8118618548966));
#4531=CARTESIAN_POINT('',(-27.755275045917,81.3750000000001,48.4815977315192));
#4532=CARTESIAN_POINT('',(-28.0743517940618,79.0312500000002,44.732016065482));
#4533=CARTESIAN_POINT('',(-26.9099730511114,76.6875000000001,41.1535534368586));
#4534=CARTESIAN_POINT('',(-24.4454904184259,74.3437500000001,38.3097007693175));
#4535=CARTESIAN_POINT('',(-21.068979373991,72.0000000000002,36.6482719239261));
#4536=CARTESIAN_POINT('',(-17.3121300665277,69.65625,36.4308876501122));
#4537=CARTESIAN_POINT('',(-13.7665234921351,67.3125000000001,37.6917788671155));
#4538=CARTESIAN_POINT('',(-10.990476819642,64.9687500000002,40.232396412837));
#4539=CARTESIAN_POINT('',(-9.42112668172269,62.6250000000001,43.6526760484955));
#4540=CARTESIAN_POINT('',(-9.30559444041209,60.2812500000001,47.4140355025639));
#4541=CARTESIAN_POINT('',(-10.662072648246,57.9375000000001,50.9241835782381));
#4542=CARTESIAN_POINT('',(-13.2769603157513,55.5937500000001,53.6303866614932));
#4543=CARTESIAN_POINT('',(-16.7384980870335,53.2500000000002,55.1065062025449));
#4544=CARTESIAN_POINT('',(-20.5016068824765,50.9062500000002,55.1201016116888));
#4545=CARTESIAN_POINT('',(-23.9737200411771,48.5625000000001,53.6690320562682));
#4546=CARTESIAN_POINT('',(-26.6080932055923,46.2187500000001,50.9817935718577));
#4547=CARTESIAN_POINT('',(-27.9898986908306,43.8750000000001,47.4815384036655));
#4548=CARTESIAN_POINT('',(-27.9015472888953,41.5312500000002,43.7194423560793));
#4549=CARTESIAN_POINT('',(-26.3569514583619,39.1875000000001,40.2879126153093));
#4550=CARTESIAN_POINT('',(-23.5993345667961,36.8437500000001,37.7273029767976));
#4551=CARTESIAN_POINT('',(-20.062931158642,34.5000000000001,36.4408257806192));
#4552=CARTESIAN_POINT('',(-16.3046092047954,32.1562500000001,36.6310591444704));
#4553=CARTESIAN_POINT('',(-12.9161815950357,29.8125000000001,38.2680475301682));
#4554=CARTESIAN_POINT('',(-10.4312149477029,27.4687500000001,41.0940187619984));
#4555=CARTESIAN_POINT('',(-9.24101030369304,25.1250000000001,44.6639747206715));
#4556=CARTESIAN_POINT('',(-9.53298599982068,22.7812500000001,48.4157640050479));
#4557=CARTESIAN_POINT('',(-11.2611654053995,20.4375000000001,51.7586024073075));
#4558=CARTESIAN_POINT('',(-14.1534167391098,18.0937500000001,54.1661021194863));
#4559=CARTESIAN_POINT('',(-17.754304931579,15.7500000000001,55.2591606114373));
#4560=CARTESIAN_POINT('',(-21.4968077656761,13.4062500000001,54.865656890663));
#4561=CARTESIAN_POINT('',(-24.7916033460299,11.0625000000001,53.047554933904));
#4562=CARTESIAN_POINT('',(-27.1198690391377,8.71875000000009,50.091146385718));
#4563=CARTESIAN_POINT('',(-28.114979083573,6.37500000000013,46.4619689801683));
#4564=CARTESIAN_POINT('',(-27.6202361664718,4.0312500000001,42.7314995609843));
#4565=CARTESIAN_POINT('',(-25.7135461296067,1.68750000000011,39.487165153928));
#4566=CARTESIAN_POINT('',(-22.6951503451887,-0.656249999999912,37.239842406725));
#4567=CARTESIAN_POINT('',(-19.0403475113103,-2.99999999999987,36.3434112119505));
#4568=CARTESIAN_POINT('',(-15.3246496392517,-5.34374999999989,36.9390301883669));
#4569=CARTESIAN_POINT('',(-12.1331577188205,-7.68749999999989,38.9329088113812));
#4570=CARTESIAN_POINT('',(-9.9684274329353,-10.0312499999999,42.0110763556938));
#4571=CARTESIAN_POINT('',(-9.17133306054709,-12.3749999999999,45.688822024306));
#4572=CARTESIAN_POINT('',(-9.86739091711367,-14.7187499999999,49.387021059215));
#4573=CARTESIAN_POINT('',(-11.9469946366539,-17.0624999999999,52.5233279656201));
#4574=CARTESIAN_POINT('',(-15.0826745925699,-19.4062499999999,54.6038768969251));
#4575=CARTESIAN_POINT('',(-18.7806636624803,-21.7499999999999,55.3010493865682));
#4576=CARTESIAN_POINT('',(-22.4586494142096,-24.0937499999999,54.5050635502834));
#4577=CARTESIAN_POINT('',(-25.5374692845097,-26.4374999999999,52.3412611453183));
#4578=CARTESIAN_POINT('',(-27.5323097563564,-28.7812499999999,49.1503703397009));
#4579=CARTESIAN_POINT('',(-28.1290486446912,-31.1249999999999,45.4348521604105));
#4580=CARTESIAN_POINT('',(-27.2337190753914,-33.4687499999999,41.7797793015162));
#4581=CARTESIAN_POINT('',(-24.987306197207,-35.8124999999999,38.7607062944133));
#4582=CARTESIAN_POINT('',(-21.7435466280767,-38.1562499999999,36.853038477637));
#4583=CARTESIAN_POINT('',(-18.0132264975371,-40.4999999999999,36.3571711917811));
#4584=CARTESIAN_POINT('',(-14.3837493232681,-42.8437499999999,37.3511873299542));
#4585=CARTESIAN_POINT('',(-11.4266391527758,-45.1874999999999,39.6785618337806));
#4586=CARTESIAN_POINT('',(-9.60754420270875,-47.5312499999999,42.9728092750225));
#4587=CARTESIAN_POINT('',(-9.21291248162049,-49.8749999999998,46.7151933341754));
#4588=CARTESIAN_POINT('',(-10.3048855894392,-52.2187499999999,50.3164108190393));
#4589=CARTESIAN_POINT('',(-12.7115134461991,-54.5624999999999,53.2093876596926));
#4590=CARTESIAN_POINT('',(-16.0538308104908,-56.9062499999999,54.9385745431281));
#4591=CARTESIAN_POINT('',(-19.8055319208021,-59.2499999999999,55.2316810431866));
#4592=CARTESIAN_POINT('',(-23.3758464538482,-61.5937499999999,54.0425524645163));
#4593=CARTESIAN_POINT('',(-26.2025665447424,-63.9374999999999,51.5584376988054));
#4594=CARTESIAN_POINT('',(-27.8405761533651,-66.28125,48.1705036434332));
#4595=CARTESIAN_POINT('',(-28.0319422947639,-68.6249999999998,44.4122391980523));
#4596=CARTESIAN_POINT('',(-26.7465310553099,-70.9687499999999,40.8754481967385));
#4597=CARTESIAN_POINT('',(-24.1867526993494,-73.3124999999999,38.1170596436434));
#4598=CARTESIAN_POINT('',(-20.7556886671218,-75.6562499999998,36.5714295946854));
#4599=CARTESIAN_POINT('',(-16.9936194201912,-77.9999999999999,36.481944273035));
#4600=CARTESIAN_POINT('',(-13.4929479245422,-80.3437499999999,37.8626946925671));
#4601=CARTESIAN_POINT('',(-10.8049155425301,-82.6874999999999,40.4962577836558));
#4602=CARTESIAN_POINT('',(-9.35279953229282,-85.0312499999999,43.9679334214859));
#4603=CARTESIAN_POINT('',(-9.36526071184108,-87.3749999999999,47.7310461437536));
#4604=CARTESIAN_POINT('',(-10.8403368526141,-89.7187499999999,51.1930286712098));
#4605=CARTESIAN_POINT('',(-13.5457516663538,-92.0624999999999,53.8087318896741));
#4606=CARTESIAN_POINT('',(-17.055490729966,-94.4062499999999,55.1662680206286));
#4607=CARTESIAN_POINT('',(-20.8168848354574,-96.7499999999999,55.0518694862795));
#4608=CARTESIAN_POINT('',(-24.2376373295596,-99.0937499999999,53.4835503173647));
#4609=CARTESIAN_POINT('',(-26.7790914809911,-101.4375,50.7082695319922));
#4610=CARTESIAN_POINT('',(-28.0410513129119,-103.78125,47.1630431606429));
#4611=CARTESIAN_POINT('',(-27.8247993912942,-106.125,43.4061285025912));
#4612=CARTESIAN_POINT('',(-26.1643883269112,-108.46875,40.0291168445177));
#4613=CARTESIAN_POINT('',(-23.3212786019415,-110.8125,37.5637771654323));
#4614=CARTESIAN_POINT('',(-19.7431670882766,-113.15625,36.3983199001219));
#4615=CARTESIAN_POINT('',(-15.9934894204521,-115.5,36.7162664819707));
#4616=CARTESIAN_POINT('',(-12.6626972956874,-117.84375,38.4675507145018));
#4617=CARTESIAN_POINT('',(-10.2752816268971,-120.1875,41.3764025611571));
#4618=CARTESIAN_POINT('',(-9.20718236373518,-122.53125,44.9847729143889));
#4619=CARTESIAN_POINT('',(-9.62659023574442,-124.875,48.7244613607848));
#4620=CARTESIAN_POINT('',(-11.4674622091152,-127.21875,52.0065891808184));
#4621=CARTESIAN_POINT('',(-14.4399211049139,-129.5625,54.314328492728));
#4622=CARTESIAN_POINT('',(-18.0759017870416,-131.90625,55.2842857937533));
#4623=CARTESIAN_POINT('',(-21.8028561060735,-134.25,54.7637244150638));
#4624=CARTESIAN_POINT('',(-25.0339105942763,-136.59375,52.8346161023585));
#4625=CARTESIAN_POINT('',(-27.2602795906331,-138.9375,49.8007311049929));
#4626=CARTESIAN_POINT('',(-28.131383355103,-141.28125,46.1398119007627));
#4627=CARTESIAN_POINT('',(-27.5100491919719,-143.625,42.4283159587561));
#4628=CARTESIAN_POINT('',(-25.4941255840795,-145.96875,39.2507485498629));
#4629=CARTESIAN_POINT('',(-22.4010223142519,-148.3125,37.1072265811138));
#4630=CARTESIAN_POINT('',(-18.7179226402286,-150.65625,36.3362032482601));
#4631=CARTESIAN_POINT('',(-16.2555371599854,-152.21875,36.8158420931737));
#4632=CARTESIAN_POINT('',(-15.1198159737691,-153.,37.2873247734003));
#4633=CARTESIAN_POINT('',(-19.4061400168419,147.,36.6151172206008));
#4634=CARTESIAN_POINT('',(-18.1806077820942,146.21875,36.5139402701567));
#4635=CARTESIAN_POINT('',(-15.6896099034343,144.65625,36.811122221094));
#4636=CARTESIAN_POINT('',(-12.419356888363,142.3125,38.6726134344001));
#4637=CARTESIAN_POINT('',(-10.1309305456862,139.96875,41.660100407889));
#4638=CARTESIAN_POINT('',(-9.18451580281537,137.625,45.3022401398454));
#4639=CARTESIAN_POINT('',(-9.72918691886707,135.28125,49.0257588610001));
#4640=CARTESIAN_POINT('',(-11.67916397081,132.9375,52.2442586155681));
#4641=CARTESIAN_POINT('',(-14.7273925172899,130.59375,54.4509484033533));
#4642=CARTESIAN_POINT('',(-18.3938753119851,128.25,55.2983419968225));
#4643=CARTESIAN_POINT('',(-22.1012613627449,125.90625,54.653003855808));
#4644=CARTESIAN_POINT('',(-25.265758458026,123.5625,52.6165533112407));
#4645=CARTESIAN_POINT('',(-27.3890617343135,121.21875,49.5096648652432));
#4646=CARTESIAN_POINT('',(-28.1368203084283,118.875,45.8215718940432));
#4647=CARTESIAN_POINT('',(-27.3912866420915,116.53125,42.1330285241517));
#4648=CARTESIAN_POINT('',(-25.2698579241873,114.1875,39.0248597969268));
#4649=CARTESIAN_POINT('',(-22.1065898518445,111.84375,36.9865007157356));
#4650=CARTESIAN_POINT('',(-18.3995937742098,109.5,36.3389262243414));
#4651=CARTESIAN_POINT('',(-14.7326004328407,107.15625,37.1841081431289));
#4652=CARTESIAN_POINT('',(-11.6830414455726,104.8125,39.3889579395234));
#4653=CARTESIAN_POINT('',(-9.7311226965674,102.46875,42.6062838227332));
#4654=CARTESIAN_POINT('',(-9.18420760217177,100.125,46.3294621049286));
#4655=CARTESIAN_POINT('',(-10.1284174171513,97.78125,49.9722138761567));
#4656=CARTESIAN_POINT('',(-12.4150699514159,95.4375,52.9609247736894));
#4657=CARTESIAN_POINT('',(-15.6840921561833,93.09375,54.8249704990478));
#4658=CARTESIAN_POINT('',(-19.4207198623596,90.75,55.2708247655129));
#4659=CARTESIAN_POINT('',(-23.0365563152276,88.40625,54.2282800961581));
#4660=CARTESIAN_POINT('',(-25.9622254351371,86.0625,51.8615032071596));
#4661=CARTESIAN_POINT('',(-27.7370299434467,83.71875,48.5431841147917));
#4662=CARTESIAN_POINT('',(-28.0814961288151,81.3749999999999,44.7958496369759));
#4663=CARTESIAN_POINT('',(-26.941381823834,79.03125,41.2095824950767));
#4664=CARTESIAN_POINT('',(-24.496217773819,76.6874999999999,38.3491025685601));
#4665=CARTESIAN_POINT('',(-21.1310374112961,74.3437500000001,36.6648419684214));
#4666=CARTESIAN_POINT('',(-17.3757466728597,72.0000000000001,36.4220166993436));
#4667=CARTESIAN_POINT('',(-13.8216811309198,69.6562500000001,37.6588638059354));
#4668=CARTESIAN_POINT('',(-11.0284899652629,67.3124999999999,40.1806202877529));
#4669=CARTESIAN_POINT('',(-9.43600950597406,64.96875,43.5901919072194));
#4670=CARTESIAN_POINT('',(-9.29500338482895,62.625,47.3506825554311));
#4671=CARTESIAN_POINT('',(-10.6276754579786,60.28125,50.8699378441163));
#4672=CARTESIAN_POINT('',(-13.2241734242028,57.9375,53.5937900708131));
#4673=CARTESIAN_POINT('',(-16.6756337046041,55.59375,55.0933215224015));
#4674=CARTESIAN_POINT('',(-20.4385640950573,53.25,55.1324049983433));
#4675=CARTESIAN_POINT('',(-23.9204260276159,50.9062499999999,53.7048861283842));
#4676=CARTESIAN_POINT('',(-26.5729400314336,48.5625,51.0355524847493));
#4677=CARTESIAN_POINT('',(-27.978421832236,46.21875,47.5447368853369));
#4678=CARTESIAN_POINT('',(-27.9155539760421,43.875,43.7821287109253));
#4679=CARTESIAN_POINT('',(-26.3942360957481,41.53125,40.3402157909657));
#4680=CARTESIAN_POINT('',(-23.6540260424552,39.1874999999999,37.7609869323098));
#4681=CARTESIAN_POINT('',(-20.1264173524173,36.84375,36.4505863937501));
#4682=CARTESIAN_POINT('',(-16.3668931158276,34.5,36.6153594376183));
#4683=CARTESIAN_POINT('',(-12.9674555427098,32.15625,38.2293596941125));
#4684=CARTESIAN_POINT('',(-10.4634049608374,29.8124999999999,41.0384348666408));
#4685=CARTESIAN_POINT('',(-9.24904750715504,27.46875,44.6002474131084));
#4686=CARTESIAN_POINT('',(-9.51560479671183,25.125,48.3539282536799));
#4687=CARTESIAN_POINT('',(-11.2211027672106,22.78125,51.7083953222491));
#4688=CARTESIAN_POINT('',(-14.0969812221509,20.4375,54.1354296759198));
#4689=CARTESIAN_POINT('',(-17.6903832855189,18.09375,55.252852716882));
#4690=CARTESIAN_POINT('',(-21.4354655608783,15.75,54.884706832376));
#4691=CARTESIAN_POINT('',(-24.7424999751519,13.40625,53.0889629685974));
#4692=CARTESIAN_POINT('',(-27.0907366784472,11.0625,50.1483921010978));
#4693=CARTESIAN_POINT('',(-28.1104051278643,8.71875000000001,46.5260380467909));
#4694=CARTESIAN_POINT('',(-27.6409408642969,6.37499999999996,42.7923031945657));
#4695=CARTESIAN_POINT('',(-25.7562691676658,4.03125,39.535128769177));
#4696=CARTESIAN_POINT('',(-22.7531642411305,1.68749999999998,37.2674133016393));
#4697=CARTESIAN_POINT('',(-19.1045169723566,-0.65625000000002,36.3462478715688));
#4698=CARTESIAN_POINT('',(-15.3848700722766,-3.00000000000001,36.9166859314983));
#4699=CARTESIAN_POINT('',(-12.1799463735627,-5.34375000000003,38.8889021282958));
#4700=CARTESIAN_POINT('',(-9.9944166252757,-7.68749999999999,41.9523368608865));
#4701=CARTESIAN_POINT('',(-9.17243034199144,-10.03125,45.6245992686647));
#4702=CARTESIAN_POINT('',(-9.84342350169236,-12.375,49.327428028022));
#4703=CARTESIAN_POINT('',(-11.9017366090662,-14.71875,52.4777486138518));
#4704=CARTESIAN_POINT('',(-15.0232526131772,-17.0625,54.5794884830004));
#4705=CARTESIAN_POINT('',(-18.7164347511892,-19.40625,55.3016922886929));
#4706=CARTESIAN_POINT('',(-22.399727525617,-21.75,54.5306365323823));
#4707=CARTESIAN_POINT('',(-25.4931326905644,-24.09375,52.3877372984082));
#4708=CARTESIAN_POINT('',(-27.5095400217318,-26.4375,49.2104311884619));
#4709=CARTESIAN_POINT('',(-28.1314312585003,-28.78125,45.4990400838865));
#4710=CARTESIAN_POINT('',(-27.2608788538205,-31.125,41.8379867993529));
#4711=CARTESIAN_POINT('',(-25.0349663627062,-33.4687500000001,38.8037675878604));
#4712=CARTESIAN_POINT('',(-21.8042022620629,-35.8125,36.8741728201736));
#4713=CARTESIAN_POINT('',(-18.0773263198195,-38.15625,36.3530506151053));
#4714=CARTESIAN_POINT('',(-14.4411997065501,-40.5,37.3224606902366));
#4715=CARTESIAN_POINT('',(-11.4683935391085,-42.84375,39.6297526380206));
#4716=CARTESIAN_POINT('',(-9.62702764073299,-45.1875,42.9116033765202));
#4717=CARTESIAN_POINT('',(-9.20705696654571,-47.53125,46.6512286618009));
#4718=CARTESIAN_POINT('',(-10.2746131735377,-49.875,50.259759718395));
#4719=CARTESIAN_POINT('',(-12.661591045705,-52.21875,53.168970827832));
#4720=CARTESIAN_POINT('',(-15.9921195720709,-54.5625000000001,54.9207563102905));
#4721=CARTESIAN_POINT('',(-19.7417493478508,-56.90625,55.239267198763));
#4722=CARTESIAN_POINT('',(-23.3200362172583,-59.25,54.0743484369111));
#4723=CARTESIAN_POINT('',(-26.1635169329582,-61.59375,51.6094366614245));
#4724=CARTESIAN_POINT('',(-27.8244362041427,-63.9375000000001,48.2326749262563));
#4725=CARTESIAN_POINT('',(-28.0412535226697,-66.2812499999999,44.4757928557253));
#4726=CARTESIAN_POINT('',(-26.7798272462295,-68.625,40.930376605044));
#4727=CARTESIAN_POINT('',(-24.2387907912974,-70.96875,38.154713373275));
#4728=CARTESIAN_POINT('',(-20.8182743611651,-73.3125,36.5858794137098));
#4729=CARTESIAN_POINT('',(-17.0568975147525,-75.6562500000001,36.4709148071604));
#4730=CARTESIAN_POINT('',(-13.5469541875877,-78.0000000000001,37.8279227222379));
#4731=CARTESIAN_POINT('',(-10.8411457524979,-80.34375,40.4432187578876));
#4732=CARTESIAN_POINT('',(-9.36554861507727,-82.6875,43.9049792535785));
#4733=CARTESIAN_POINT('',(-9.35252110353014,-85.0312500000001,47.6680900578776));
#4734=CARTESIAN_POINT('',(-10.8041146251998,-87.375,51.1399841935529));
#4735=CARTESIAN_POINT('',(-13.4917506369507,-89.7187500000001,53.7739517920304));
#4736=CARTESIAN_POINT('',(-16.992214296008,-92.0625000000001,55.1552290318003));
#4737=CARTESIAN_POINT('',(-20.7542969674879,-94.4062500000001,55.0663098862648));
#4738=CARTESIAN_POINT('',(-24.1855935714778,-96.75,53.521196215063));
#4739=CARTESIAN_POINT('',(-26.7457870239615,-99.0937500000001,50.7631929287431));
#4740=CARTESIAN_POINT('',(-28.0317305205617,-101.4375,47.2265954162972));
#4741=CARTESIAN_POINT('',(-27.8409299838254,-103.78125,43.468302213702));
#4742=CARTESIAN_POINT('',(-26.2034302631307,-106.125,40.0801216833566));
#4743=CARTESIAN_POINT('',(-23.3770840527436,-108.46875,37.5955815366655));
#4744=CARTESIAN_POINT('',(-19.8069485188219,-110.8125,36.4059156546126));
#4745=CARTESIAN_POINT('',(-16.0552033397401,-113.15625,36.6984575366101));
#4746=CARTESIAN_POINT('',(-12.712625778173,-115.5,38.4271413961979));
#4747=CARTESIAN_POINT('',(-10.3055625682051,-117.84375,41.3197560170427));
#4748=CARTESIAN_POINT('',(-9.21304750513247,-120.1875,44.92080912389));
#4749=CARTESIAN_POINT('',(-9.60711600922598,-122.53125,48.6632525310948));
#4750=CARTESIAN_POINT('',(-11.4257151685923,-124.875,51.9577737006676));
#4751=CARTESIAN_POINT('',(-14.3824750463946,-127.21875,54.2855932113683));
#4752=CARTESIAN_POINT('',(-18.0118025823396,-129.5625,55.2801555552048));
#4753=CARTESIAN_POINT('',(-21.7421973043677,-131.90625,54.7848496855822));
#4754=CARTESIAN_POINT('',(-24.9862439031723,-134.25,52.87767001132));
#4755=CARTESIAN_POINT('',(-27.2331112227415,-136.59375,49.8589353035102));
#4756=CARTESIAN_POINT('',(-28.1289904461004,-138.9375,46.203996521214));
#4757=CARTESIAN_POINT('',(-27.5328122581016,-141.28125,42.4883912197146));
#4758=CARTESIAN_POINT('',(-25.5384463356386,-143.625,39.2971903740889));
#4759=CARTESIAN_POINT('',(-22.4599733725937,-145.96875,37.1329614474915));
#4760=CARTESIAN_POINT('',(-18.7820282253054,-148.3125,36.3362847490332));
#4761=CARTESIAN_POINT('',(-15.0842299648262,-150.65625,37.033413297719));
#4762=CARTESIAN_POINT('',(-12.9928322579437,-152.21875,38.4188559369175));
#4763=CARTESIAN_POINT('',(-12.1239913097288,-153.,39.2890708168635));
#4764=CARTESIAN_POINT('',(-15.8267956692679,147.,37.0277268202004));
#4765=CARTESIAN_POINT('',(-14.6558327784794,146.21875,37.4032423885905));
#4766=CARTESIAN_POINT('',(-12.4681774318781,144.65625,38.631066328713));
#4767=CARTESIAN_POINT('',(-10.1592194519459,142.3125,41.6023316091459));
#4768=CARTESIAN_POINT('',(-9.18825096144789,139.96875,45.2381525251266));
#4769=CARTESIAN_POINT('',(-9.70766428502091,137.625,48.96522812027));
#4770=CARTESIAN_POINT('',(-11.6358037057783,135.28125,52.1968742434667));
#4771=CARTESIAN_POINT('',(-14.6690141260794,132.9375,54.4241563808339));
#4772=CARTESIAN_POINT('',(-18.3296737127434,130.59375,55.2963653475701));
#4773=CARTESIAN_POINT('',(-22.04134561198,128.25,54.676152723976));
#4774=CARTESIAN_POINT('',(-25.2195634885554,125.90625,52.6611828049367));
#4775=CARTESIAN_POINT('',(-27.3638617013402,123.5625,49.5687472177078));
#4776=CARTESIAN_POINT('',(-28.1365834051266,121.21875,45.8858035869332));
#4777=CARTESIAN_POINT('',(-27.4160501699107,118.875,42.1922951591201));
#4778=CARTESIAN_POINT('',(-25.3157224375665,116.53125,39.0698288172747));
#4779=CARTESIAN_POINT('',(-22.1663331885088,114.1875,37.0100909698855));
#4780=CARTESIAN_POINT('',(-18.4638083110421,111.84375,36.3374230182794));
#4781=CARTESIAN_POINT('',(-14.791174478737,109.5,37.1577481826571));
#4782=CARTESIAN_POINT('',(-11.7267515024454,107.15625,39.3418920570086));
#4783=CARTESIAN_POINT('',(-9.75308585885628,104.8125,42.5459233566067));
#4784=CARTESIAN_POINT('',(-9.18096538954917,102.46875,46.26531185609));
#4785=CARTESIAN_POINT('',(-10.1004803721532,100.125,49.9143754124365));
#4786=CARTESIAN_POINT('',(-12.3668372456767,97.78125,52.9185057630242));
#4787=CARTESIAN_POINT('',(-15.6231588646635,95.4375000000001,54.8046505494094));
#4788=CARTESIAN_POINT('',(-19.3566809872387,93.09375,55.2758036049351));
#4789=CARTESIAN_POINT('',(-22.9794958866151,90.75,54.257773720135));
#4790=CARTESIAN_POINT('',(-25.9211286058654,88.40625,51.910867333735));
#4791=CARTESIAN_POINT('',(-27.7183681211257,86.0625000000001,48.604645507197));
#4792=CARTESIAN_POINT('',(-28.0882079406119,83.71875,44.8597301344));
#4793=CARTESIAN_POINT('',(-26.9724103787253,81.375,41.2658230067216));
#4794=CARTESIAN_POINT('',(-24.5466770883898,79.03125,38.3888470517219));
#4795=CARTESIAN_POINT('',(-21.1929817924578,76.6875000000001,36.6818319658093));
#4796=CARTESIAN_POINT('',(-17.4394219048556,74.34375,36.4135768415838));
#4797=CARTESIAN_POINT('',(-13.8770604455492,72.,37.6263230948199));
#4798=CARTESIAN_POINT('',(-11.0668529302088,69.6562500000001,40.129102821886));
#4799=CARTESIAN_POINT('',(-9.45131520791783,67.3125,43.5278100039403));
#4800=CARTESIAN_POINT('',(-9.28484167588881,64.9687500000001,47.2872593259317));
#4801=CARTESIAN_POINT('',(-10.5936464752384,62.625,50.8154603744389));
#4802=CARTESIAN_POINT('',(-13.1716356204139,60.2812500000001,53.5568367821672));
#4803=CARTESIAN_POINT('',(-16.6128600669831,57.9375,55.0797113501541));
#4804=CARTESIAN_POINT('',(-20.3754394201549,55.5937500000001,55.1442810998577));
#4805=CARTESIAN_POINT('',(-23.8668903888815,53.25,53.7403784057703));
#4806=CARTESIAN_POINT('',(-26.5374235424807,50.9062500000001,51.0890720641685));
#4807=CARTESIAN_POINT('',(-27.9665171794337,48.5625,47.6078561819931));
#4808=CARTESIAN_POINT('',(-27.9291357531753,46.21875,43.844908498267));
#4809=CARTESIAN_POINT('',(-26.4311656167561,43.875,40.3927703040623));
#4810=CARTESIAN_POINT('',(-23.7084881145971,41.53125,37.7950405527747));
#4811=CARTESIAN_POINT('',(-20.1898359790926,39.1875,36.4607767891956));
#4812=CARTESIAN_POINT('',(-16.4292819357886,36.8437500000001,36.6000819537731));
#4813=CARTESIAN_POINT('',(-13.018990355612,34.5,38.1910200354304));
#4814=CARTESIAN_POINT('',(-10.4959707177519,32.1562500000001,40.9830702764649));
#4815=CARTESIAN_POINT('',(-9.25751616558173,29.8125,44.5365760051361));
#4816=CARTESIAN_POINT('',(-9.49864281969542,27.46875,48.2919761939529));
#4817=CARTESIAN_POINT('',(-11.1813811118315,25.125,51.657918035647));
#4818=CARTESIAN_POINT('',(-14.0407547510706,22.78125,54.1043756855391));
#4819=CARTESIAN_POINT('',(-17.6265058305109,20.4375000000001,55.2461120113959));
#4820=CARTESIAN_POINT('',(-21.3739957336596,18.09375,54.9033408526198));
#4821=CARTESIAN_POINT('',(-24.6931172647412,15.7500000000001,53.1300374653223));
#4822=CARTESIAN_POINT('',(-27.0612172479595,13.40625,50.2054391833408));
#4823=CARTESIAN_POINT('',(-28.1053973229384,11.0625,46.5900746633363));
#4824=CARTESIAN_POINT('',(-27.6612332505585,8.71875000000002,42.8532456709555));
#4825=CARTESIAN_POINT('',(-25.7986663574125,6.37500000000006,39.5833806569154));
#4826=CARTESIAN_POINT('',(-22.8109900624721,4.03125000000004,37.2953765052276));
#4827=CARTESIAN_POINT('',(-19.1686657481176,1.68750000000004,36.3495191002494));
#4828=CARTESIAN_POINT('',(-15.4452404665887,-0.656249999999978,36.8947500736542));
#4829=CARTESIAN_POINT('',(-12.2270320221613,-2.99999999999995,38.8452133646973));
#4830=CARTESIAN_POINT('',(-10.0208030772157,-5.34374999999996,41.8937747440978));
#4831=CARTESIAN_POINT('',(-9.17396259337299,-7.68749999999999,45.560385418333));
#4832=CARTESIAN_POINT('',(-9.81986027299552,-10.03125,49.2676740271341));
#4833=CARTESIAN_POINT('',(-11.8567883387892,-12.375,52.4318637648506));
#4834=CARTESIAN_POINT('',(-14.9639971850275,-14.71875,54.5546981501359));
#4835=CARTESIAN_POINT('',(-18.6522029586963,-17.0625,55.3019001392695));
#4836=CARTESIAN_POINT('',(-22.3406337770715,-19.40625,54.5558098367266));
#4837=CARTESIAN_POINT('',(-25.4484823202422,-21.75,52.4339120837227));
#4838=CARTESIAN_POINT('',(-27.4863640038321,-24.09375,49.2703364350019));
#4839=CARTESIAN_POINT('',(-28.1333790584745,-26.4374999999999,45.5632426729622));
#4840=CARTESIAN_POINT('',(-27.2876437568249,-28.78125,41.8963769212562));
#4841=CARTESIAN_POINT('',(-25.0823337711659,-31.1249999999999,38.8471507065189));
#4842=CARTESIAN_POINT('',(-21.8647133570621,-33.46875,36.8957175121125));
#4843=CARTESIAN_POINT('',(-18.1414525813334,-35.8125,36.3493642954018));
#4844=CARTESIAN_POINT('',(-14.4988433439688,-38.15625,37.2941238337788));
#4845=CARTESIAN_POINT('',(-11.5104775632703,-40.5,39.5812273736827));
#4846=CARTESIAN_POINT('',(-9.64692519309393,-42.84375,42.8505308476811));
#4847=CARTESIAN_POINT('',(-9.20163483283952,-45.1874999999999,46.5872257959683));
#4848=CARTESIAN_POINT('',(-10.2447251626334,-47.53125,50.2029048753915));
#4849=CARTESIAN_POINT('',(-12.6119435426121,-49.875,53.1282167874758));
#4850=CARTESIAN_POINT('',(-15.9305304360989,-52.2187499999999,54.9025205021386));
#4851=CARTESIAN_POINT('',(-19.6779168552478,-54.5625,55.2464211666728));
#4852=CARTESIAN_POINT('',(-23.2640118996321,-56.90625,54.1057656647207));
#4853=CARTESIAN_POINT('',(-26.1241227895195,-59.2499999999999,51.6601699624356));
#4854=CARTESIAN_POINT('',(-27.8078755251248,-61.59375,48.2947354634694));
#4855=CARTESIAN_POINT('',(-28.0501340738326,-63.9374999999999,44.5394081226021));
#4856=CARTESIAN_POINT('',(-26.8127506309719,-66.2812500000001,40.9855292759297));
#4857=CARTESIAN_POINT('',(-24.2905726524233,-68.6249999999999,38.192718704836));
#4858=CARTESIAN_POINT('',(-20.8807607477234,-70.9687500000001,36.6007528081988));
#4859=CARTESIAN_POINT('',(-17.1202488628483,-73.3124999999998,36.4603141909921));
#4860=CARTESIAN_POINT('',(-13.6011947301511,-75.65625,37.7935173460416));
#4861=CARTESIAN_POINT('',(-10.8777343765974,-78.,40.3904263440838));
#4862=CARTESIAN_POINT('',(-9.37872380809485,-80.34375,43.8421128821411));
#4863=CARTESIAN_POINT('',(-9.34020820311653,-82.6875,47.6050491279023));
#4864=CARTESIAN_POINT('',(-10.7682525107979,-85.0312499999999,51.0866955914004));
#4865=CARTESIAN_POINT('',(-13.437986419643,-87.375,53.7388067311252));
#4866=CARTESIAN_POINT('',(-16.9290140830637,-89.7187499999999,55.1437617107317));
#4867=CARTESIAN_POINT('',(-20.6916127271292,-92.0625,55.0803260333614));
#4868=CARTESIAN_POINT('',(-24.1332960231083,-94.40625,53.5584887451896));
#4869=CARTESIAN_POINT('',(-26.7121113224204,-96.75,50.8178894870854));
#4870=CARTESIAN_POINT('',(-28.0219794883564,-99.0937499999999,47.2900830823405));
#4871=CARTESIAN_POINT('',(-27.8566390898746,-101.4375,43.5305837547549));
#4872=CARTESIAN_POINT('',(-26.2421258365883,-103.78125,40.1313897919962));
#4873=CARTESIAN_POINT('',(-23.4326728053203,-106.125,37.6277631611692));
#4874=CARTESIAN_POINT('',(-19.8706770385682,-108.46875,36.4139432407817));
#4875=CARTESIAN_POINT('',(-16.1170364673751,-110.8125,36.6810670019558));
#4876=CARTESIAN_POINT('',(-12.7628268167369,-113.15625,38.3870711816257));
#4877=CARTESIAN_POINT('',(-10.3362264946348,-115.5,41.2633158718886));
#4878=CARTESIAN_POINT('',(-9.21934575309881,-117.84375,44.8568865266403));
#4879=CARTESIAN_POINT('',(-9.58805681042306,-120.1875,48.6019132017899));
#4880=CARTESIAN_POINT('',(-11.3842997242636,-122.53125,51.9086765795547));
#4881=CARTESIAN_POINT('',(-14.325224934616,-124.875,54.2564694891455));
#4882=CARTESIAN_POINT('',(-17.9477328285494,-127.21875,55.2755912717456));
#4883=CARTESIAN_POINT('',(-21.6813967872291,-129.5625,54.80556354639));
#4884=CARTESIAN_POINT('',(-24.9382867688413,-131.90625,52.9204003348106));
#4885=CARTESIAN_POINT('',(-27.2055489601061,-134.25,49.9169531817555));
#4886=CARTESIAN_POINT('',(-28.1261639295402,-136.59375,46.2681670732068));
#4887=CARTESIAN_POINT('',(-27.5551638893102,-138.9375,42.5486058034821));
#4888=CARTESIAN_POINT('',(-25.5824664735968,-141.28125,39.343981629821));
#4889=CARTESIAN_POINT('',(-22.5186929245247,-143.625,37.1589072810147));
#4890=CARTESIAN_POINT('',(-18.8463402085241,-145.96875,36.3375010720038));
#4891=CARTESIAN_POINT('',(-15.1434869917939,-148.3125,37.0089564492843));
#4892=CARTESIAN_POINT('',(-11.9939464093921,-150.65625,39.0681053774583));
#4893=CARTESIAN_POINT('',(-10.5919328181758,-152.21875,41.1484307281924));
#4894=CARTESIAN_POINT('',(-10.1222452662653,-153.,42.2848954809035));
#4895=CARTESIAN_POINT('',(-12.6778115445357,147.,38.7786841647344));
#4896=CARTESIAN_POINT('',(-11.7396864830241,146.21875,39.5737234107283));
#4897=CARTESIAN_POINT('',(-10.1884243638563,144.65625,41.5452642754042));
#4898=CARTESIAN_POINT('',(-9.19227934075161,142.3125,45.1739554186047));
#4899=CARTESIAN_POINT('',(-9.68658985325947,139.96875,48.9045895014179));
#4900=CARTESIAN_POINT('',(-11.5927552732559,137.625,52.1491874864121));
#4901=CARTESIAN_POINT('',(-14.6108212505361,135.28125,54.3969721843391));
#4902=CARTESIAN_POINT('',(-18.2654862488253,132.9375,55.2939531894543));
#4903=CARTESIAN_POINT('',(-21.9812746375656,130.59375,54.6988954265499));
#4904=CARTESIAN_POINT('',(-25.1730672410745,128.25,52.7054983355932));
#4905=CARTESIAN_POINT('',(-27.3382620823736,125.90625,49.6276575429549));
#4906=CARTESIAN_POINT('',(-28.1359114478773,123.5625,45.9500321982219));
#4907=CARTESIAN_POINT('',(-27.4404117045009,121.21875,42.2517281644884));
#4908=CARTESIAN_POINT('',(-25.3612813133659,118.875,39.1151074564596));
#4909=CARTESIAN_POINT('',(-22.2259153727453,116.53125,37.0340853379782));
#4910=CARTESIAN_POINT('',(-18.5280315564187,114.1875,36.3363547861196));
#4911=CARTESIAN_POINT('',(-14.8499257229507,111.84375,37.1317855619805));
#4912=CARTESIAN_POINT('',(-11.770779344435,109.5,39.2951233121197));
#4913=CARTESIAN_POINT('',(-9.77545735229794,107.15625,42.4857130364786));
#4914=CARTESIAN_POINT('',(-9.17815775530057,104.8125,46.2011411185326));
#4915=CARTESIAN_POINT('',(-10.0729357208585,102.46875,49.8563490515839));
#4916=CARTESIAN_POINT('',(-12.3188929597849,100.125,52.8757610344713));
#4917=CARTESIAN_POINT('',(-15.5623646024345,97.7812500000002,54.783918351051));
#4918=CARTESIAN_POINT('',(-19.292609858282,95.4375000000001,55.2803485805066));
#4919=CARTESIAN_POINT('',(-22.9222369999651,93.0937500000001,54.286880184509));
#4920=CARTESIAN_POINT('',(-25.8796983650104,90.7500000000001,51.9599519699405));
#4921=CARTESIAN_POINT('',(-27.6992904351041,88.4062500000001,48.6659790890654));
#4922=CARTESIAN_POINT('',(-28.0944869215337,86.0625000000001,44.9236546271029));
#4923=CARTESIAN_POINT('',(-27.0030572922859,83.7187500000001,41.3222723916426));
#4924=CARTESIAN_POINT('',(-24.5968660472116,81.375,38.4289323954414));
#4925=CARTESIAN_POINT('',(-21.2548096756481,79.0312500000002,36.6992411366379));
#4926=CARTESIAN_POINT('',(-17.5031528412812,76.6875,36.4055684640292));
#4927=CARTESIAN_POINT('',(-13.932658895382,74.3437500000001,37.5941582266415));
#4928=CARTESIAN_POINT('',(-11.1055639544981,72.0000000000001,40.0778463787086));
#4929=CARTESIAN_POINT('',(-9.46704308537318,69.6562500000001,43.4655332005578));
#4930=CARTESIAN_POINT('',(-9.275109779781,67.3125000000001,47.2237687237384));
#4931=CARTESIAN_POINT('',(-10.5599872611768,64.9687500000002,50.7607536684746));
#4932=CARTESIAN_POINT('',(-13.1193493146653,62.6250000000001,53.5195284908642));
#4933=CARTESIAN_POINT('',(-16.5501800540433,60.2812500000001,55.065676310198));
#4934=CARTESIAN_POINT('',(-20.3122357537449,57.9375,55.1557293713913));
#4935=CARTESIAN_POINT('',(-23.8131155810334,55.5937500000001,53.7755072601441));
#4936=CARTESIAN_POINT('',(-26.5015453681266,53.2500000000001,51.1423498547925));
#4937=CARTESIAN_POINT('',(-27.9541852785743,50.9062500000001,47.6708933979051));
#4938=CARTESIAN_POINT('',(-27.9422919972024,48.5625000000001,43.9077788379497));
#4939=CARTESIAN_POINT('',(-26.4677383271677,46.2187500000002,40.4455737435518));
#4940=CARTESIAN_POINT('',(-23.76271828466,43.875,37.8294622759108));
#4941=CARTESIAN_POINT('',(-20.2531841292067,41.5312500000001,36.47139649945));
#4942=CARTESIAN_POINT('',(-16.4917728024601,39.1875000000001,36.5852273938214));
#4943=CARTESIAN_POINT('',(-13.0707836694757,36.84375,38.1530303130337));
#4944=CARTESIAN_POINT('',(-10.5289107244239,34.5000000000001,40.9279275314374));
#4945=CARTESIAN_POINT('',(-9.26641589045581,32.15625,44.4729634178131));
#4946=CARTESIAN_POINT('',(-9.48210084693725,29.8125,48.2299106680468));
#4947=CARTESIAN_POINT('',(-11.1420022615767,27.4687500000001,51.6071728632526));
#4948=CARTESIAN_POINT('',(-13.9847399053751,25.1250000000001,54.0729415730104));
#4949=CARTESIAN_POINT('',(-17.5626754970668,22.7812500000001,55.2389388042231));
#4950=CARTESIAN_POINT('',(-21.3124011040768,20.4375000000001,54.9215580965198));
#4951=CARTESIAN_POINT('',(-24.6434574803324,18.0937500000001,53.170776539701));
#4952=CARTESIAN_POINT('',(-27.0313121019405,15.7500000000001,50.2622850152926));
#4953=CARTESIAN_POINT('',(-28.0999558985386,13.40625,46.6540758919906));
#4954=CARTESIAN_POINT('',(-27.6811123943013,11.0625000000001,42.9143241942908));
#4955=CARTESIAN_POINT('',(-25.8407357537871,8.71875000000005,39.6319186034869));
#4956=CARTESIAN_POINT('',(-22.8686251563329,6.37500000000006,37.3237307346192));
#4957=CARTESIAN_POINT('',(-19.2327908956349,4.03125000000007,36.3532247479177));
#4958=CARTESIAN_POINT('',(-15.5057580525695,1.68750000000005,36.8732236211881));
#4959=CARTESIAN_POINT('',(-12.2744125044643,-0.65624999999993,38.8018445248984));
#4960=CARTESIAN_POINT('',(-10.0475855782212,-2.99999999999995,41.8353926919875));
#4961=CARTESIAN_POINT('',(-9.17592974439663,-5.34374999999995,45.496183419255));
#4962=CARTESIAN_POINT('',(-9.79670231203526,-7.6874999999999,49.207761797891));
#4963=CARTESIAN_POINT('',(-11.812151887919,-10.0312499999999,52.38567552368));
#4964=CARTESIAN_POINT('',(-14.9049110265874,-12.3749999999999,54.5295070356397));
#4965=CARTESIAN_POINT('',(-18.5879712317685,-14.7187499999999,55.3016729287624));
#4966=CARTESIAN_POINT('',(-22.2813708796228,-17.0624999999999,54.5805823084383));
#4967=CARTESIAN_POINT('',(-25.403520221972,-19.4062499999999,52.4797833828969));
#4968=CARTESIAN_POINT('',(-27.4627827659052,-21.75,49.3300833310433));
#4969=CARTESIAN_POINT('',(-28.1348919552544,-24.0937499999999,45.6274569822091));
#4970=CARTESIAN_POINT('',(-27.3140125565087,-26.4375,41.9549469884578));
#4971=CARTESIAN_POINT('',(-25.1294062495075,-28.78125,38.8908536600977));
#4972=CARTESIAN_POINT('',(-21.9250771370011,-31.125,36.917671565046));
#4973=CARTESIAN_POINT('',(-18.2056023401535,-33.46875,36.3461124017879));
#4974=CARTESIAN_POINT('',(-14.5566775910011,-35.8124999999999,37.2661780605934));
#4975=CARTESIAN_POINT('',(-11.5528892945692,-38.15625,39.5329882669641));
#4976=CARTESIAN_POINT('',(-9.66723594694946,-40.5,42.7895944903357));
#4977=CARTESIAN_POINT('',(-9.19664632925345,-42.8437499999999,46.523187672942));
#4978=CARTESIAN_POINT('',(-10.2152229279017,-45.1875,50.1458488983642));
#4979=CARTESIAN_POINT('',(-12.562573214603,-47.53125,53.0871274083001));
#4980=CARTESIAN_POINT('',(-15.8690662281047,-49.8749999999999,54.8838679552782));
#4981=CARTESIAN_POINT('',(-19.6140373714426,-52.21875,55.2531426187126));
#4982=CARTESIAN_POINT('',(-23.2077760712018,-54.5624999999999,54.1368027066146));
#4983=CARTESIAN_POINT('',(-26.0843859217154,-56.90625,51.7106352743423));
#4984=CARTESIAN_POINT('',(-27.7908948760672,-59.25,48.3566824079166));
#4985=CARTESIAN_POINT('',(-28.0585835408387,-61.5937499999999,44.6030820801988));
#4986=CARTESIAN_POINT('',(-26.845299699108,-63.9375,41.0409036791522));
#4987=CARTESIAN_POINT('',(-24.3420959071265,-66.2812499999999,38.2310738947524));
#4988=CARTESIAN_POINT('',(-20.943144960103,-68.6250000000001,36.6160490958044));
#4989=CARTESIAN_POINT('',(-17.1836705581042,-70.9687499999998,36.4501429108551));
#4990=CARTESIAN_POINT('',(-13.6556670638334,-73.3125000000001,37.7594801423974));
#4991=CARTESIAN_POINT('',(-10.9146797362494,-75.65625,40.3378829642063));
#4992=CARTESIAN_POINT('',(-9.39232450690582,-78.,43.7793371913001));
#4993=CARTESIAN_POINT('',(-9.32832257548033,-80.34375,47.541926245962));
#4994=CARTESIAN_POINT('',(-10.7327521546575,-82.6875,51.0331653094784));
#4995=CARTESIAN_POINT('',(-13.3844614809769,-85.03125,53.7032983193117));
#4996=CARTESIAN_POINT('',(-16.8658929905736,-87.3749999999999,55.1318665835103));
#4997=CARTESIAN_POINT('',(-20.628834990153,-89.7187499999999,55.0939172845492));
#4998=CARTESIAN_POINT('',(-24.0807470837094,-92.0625,53.5954261968726));
#4999=CARTESIAN_POINT('',(-26.6780659213117,-94.4062499999999,50.8723566976993));
#5000=CARTESIAN_POINT('',(-28.0117986636446,-96.75,47.3535032461449));
#5001=CARTESIAN_POINT('',(-27.8719259887536,-99.0937499999999,43.5929702684527));
#5002=CARTESIAN_POINT('',(-26.2804732720444,-101.4375,40.1829188184059));
#5003=CARTESIAN_POINT('',(-23.4880423094217,-103.78125,37.6603205625438));
#5004=CARTESIAN_POINT('',(-19.9343497238359,-106.125,36.4224022903467));
#5005=CARTESIAN_POINT('',(-16.1789859666348,-108.46875,36.6640956758369));
#5006=CARTESIAN_POINT('',(-12.8132981082979,-110.8125,38.347341909082));
#5007=CARTESIAN_POINT('',(-10.3672719994267,-113.15625,41.2070847150362));
#5008=CARTESIAN_POINT('',(-9.22607681864287,-115.5,44.7930080551045));
#5009=CARTESIAN_POINT('',(-9.56941351388866,-117.84375,48.5404461873763));
#5010=CARTESIAN_POINT('',(-11.3432177755061,-120.1875,51.8593000682879));
#5011=CARTESIAN_POINT('',(-14.2681733984441,-122.53125,54.2269586682328));
#5012=CARTESIAN_POINT('',(-17.8836954560597,-124.875,55.2705931301522));
#5013=CARTESIAN_POINT('',(-21.6204573773889,-127.21875,54.8258651316127));
#5014=CARTESIAN_POINT('',(-24.8900412668422,-129.5625,52.9628047974386));
#5015=CARTESIAN_POINT('',(-27.1775945321192,-131.90625,49.9747832538182));
#5016=CARTESIAN_POINT('',(-28.1229022000071,-134.25,46.3323162247065));
#5017=CARTESIAN_POINT('',(-27.5771095356054,-136.59375,42.6089733241172));
#5018=CARTESIAN_POINT('',(-25.6261598117833,-138.9375,39.3910590523726));
#5019=CARTESIAN_POINT('',(-22.5772684673509,-141.28125,37.1852909869992));
#5020=CARTESIAN_POINT('',(-18.9105190413397,-143.625,36.3390008968699));
#5021=CARTESIAN_POINT('',(-15.2033689834342,-145.96875,36.9854690547013));
#5022=CARTESIAN_POINT('',(-12.0393335330613,-148.3125,39.0228335132879));
#5023=CARTESIAN_POINT('',(-9.91753963175109,-150.65625,42.130516062867));
#5024=CARTESIAN_POINT('',(-9.41835401617879,-152.21875,44.5890134486839));
#5025=CARTESIAN_POINT('',(-9.41932553262268,-153.,45.8187116176384));
#5026=CARTESIAN_POINT('',(-10.4385919300239,147.,41.6014218709653));
#5027=CARTESIAN_POINT('',(-9.87612573427932,146.21875,42.6949472764093));
#5028=CARTESIAN_POINT('',(-9.1974224379623,144.65625,45.1100558410539));
#5029=CARTESIAN_POINT('',(-9.66574442137569,142.3125,48.843737514637));
#5030=CARTESIAN_POINT('',(-11.5500796422959,139.96875,52.1012295434565));
#5031=CARTESIAN_POINT('',(-14.5528007529539,137.625,54.3693892874401));
#5032=CARTESIAN_POINT('',(-18.2013201005521,135.28125,55.291107716057));
#5033=CARTESIAN_POINT('',(-21.9210500604608,132.9375,54.7212303620446));
#5034=CARTESIAN_POINT('',(-25.1262721527973,130.59375,52.7494980196897));
#5035=CARTESIAN_POINT('',(-27.3122639703661,128.25,49.686393098279));
#5036=CARTESIAN_POINT('',(-28.1348044893413,125.90625,46.0142547920247));
#5037=CARTESIAN_POINT('',(-27.4643701223755,123.5625,42.3113248107662));
#5038=CARTESIAN_POINT('',(-25.4065324630444,121.21875,39.1606936380003));
#5039=CARTESIAN_POINT('',(-22.2853336706766,118.875,37.0584827190155));
#5040=CARTESIAN_POINT('',(-18.5922605640762,116.53125,36.3357215769245));
#5041=CARTESIAN_POINT('',(-14.908851470116,114.1875,37.1062214721737));
#5042=CARTESIAN_POINT('',(-11.81512295168,111.84375,39.2486538504748));
#5043=CARTESIAN_POINT('',(-9.79823615055126,109.5,42.4256556246223));
#5044=CARTESIAN_POINT('',(-9.17578482823263,107.15625,46.1369528362229));
#5045=CARTESIAN_POINT('',(-10.0457847269356,104.8125,49.7981374556795));
#5046=CARTESIAN_POINT('',(-12.2712392932848,102.46875,52.8326925490342));
#5047=CARTESIAN_POINT('',(-15.5017121585601,100.125,54.7627748551055));
#5048=CARTESIAN_POINT('',(-19.2285094148862,97.7812499999999,55.2844594837172));
#5049=CARTESIAN_POINT('',(-22.8647822821487,95.4375,54.3155981539599));
#5050=CARTESIAN_POINT('',(-25.8379366132707,93.09375,52.0087548639159));
#5051=CARTESIAN_POINT('',(-27.6797977606106,90.7499999999999,48.7271820465907));
#5052=CARTESIAN_POINT('',(-28.1003327835194,88.40625,44.9876201824149));
#5053=CARTESIAN_POINT('',(-27.0333211585243,86.0625,41.378928060106));
#5054=CARTESIAN_POINT('',(-24.6467823477612,83.71875,38.46935676072));
#5055=CARTESIAN_POINT('',(-21.3165182243837,81.375,36.7170686822253));
#5056=CARTESIAN_POINT('',(-17.5669365583466,79.03125,36.3979919340806));
#5057=CARTESIAN_POINT('',(-13.9884739297231,76.6875,37.562370677031));
#5058=CARTESIAN_POINT('',(-11.1446212621819,74.34375,40.0268533097165));
#5059=CARTESIAN_POINT('',(-9.48319241679062,72.0000000000001,43.4033643541515));
#5060=CARTESIAN_POINT('',(-9.26580814297673,69.6562499999999,47.1602136616147));
#5061=CARTESIAN_POINT('',(-10.52669935998,67.3125,50.7058202360072));
#5062=CARTESIAN_POINT('',(-13.0673169057016,64.96875,53.4818669085005));
#5063=CARTESIAN_POINT('',(-16.48759654136,62.6249999999999,55.0512170464197));
#5064=CARTESIAN_POINT('',(-20.2489559954285,60.2812500000001,55.1667492877304));
#5065=CARTESIAN_POINT('',(-23.7591040711026,57.9375,53.8102710798964));
#5066=CARTESIAN_POINT('',(-26.4653071543578,55.59375,51.1953834123911));
#5067=CARTESIAN_POINT('',(-27.9414266954094,53.25,47.7338456411089));
#5068=CARTESIAN_POINT('',(-27.9550221045534,50.90625,43.9707368456659));
#5069=CARTESIAN_POINT('',(-26.5039525491328,48.5625,40.4986236869653));
#5070=CARTESIAN_POINT('',(-23.8167140647222,46.21875,37.8642505225501));
#5071=CARTESIAN_POINT('',(-20.31645889653,43.8750000000001,36.4824450373118));
#5072=CARTESIAN_POINT('',(-16.5543628489439,41.53125,36.570796439247));
#5073=CARTESIAN_POINT('',(-13.1228331081738,39.1875,38.1153922697805));
#5074=CARTESIAN_POINT('',(-10.5622234696621,36.84375,40.8730091613463));
#5075=CARTESIAN_POINT('',(-9.27574627348369,34.5,44.4094125695004));
#5076=CARTESIAN_POINT('',(-9.46597963733499,32.15625,48.1677345233471));
#5077=CARTESIAN_POINT('',(-11.1029680230328,29.8125,51.5561621331067));
#5078=CARTESIAN_POINT('',(-13.9289392548629,27.46875,54.0411287804396));
#5079=CARTESIAN_POINT('',(-17.4988952135361,25.125,55.2313334244493));
#5080=CARTESIAN_POINT('',(-21.2506844979125,22.78125,54.9393577283218));
#5081=CARTESIAN_POINT('',(-24.593522900172,20.4375,53.2111783227429));
#5082=CARTESIAN_POINT('',(-27.001022612351,18.09375,50.3189269890326));
#5083=CARTESIAN_POINT('',(-28.0940811043018,15.75,46.7180387965634));
#5084=CARTESIAN_POINT('',(-27.7005773835276,13.40625,42.9755359624662));
#5085=CARTESIAN_POINT('',(-25.8824754267686,11.0625,39.6807403821124));
#5086=CARTESIAN_POINT('',(-22.9260668785825,8.71874999999999,37.3524746890047));
#5087=CARTESIAN_POINT('',(-19.2968894730328,6.37499999999999,36.3573646445694));
#5088=CARTESIAN_POINT('',(-15.5664200538489,4.03125,36.8521075616706));
#5089=CARTESIAN_POINT('',(-12.3220856467925,1.6875,38.7587975985357));
#5090=CARTESIAN_POINT('',(-10.0747628995895,-0.656250000000007,41.7771933829537));
#5091=CARTESIAN_POINT('',(-9.17833170481504,-3.,45.4319962168322));
#5092=CARTESIAN_POINT('',(-9.77395068123144,-5.34375,49.1476940888907));
#5093=CARTESIAN_POINT('',(-11.7678293042457,-7.68750000000001,52.3391860093219));
#5094=CARTESIAN_POINT('',(-14.8459968485583,-10.03125,54.5039162952071));
#5095=CARTESIAN_POINT('',(-18.5237425171706,-12.375,55.3010106675954));
#5096=CARTESIAN_POINT('',(-22.2219415520795,-14.71875,54.6049528110287));
#5097=CARTESIAN_POINT('',(-25.3582484584847,-17.0625,52.5253490914885));
#5098=CARTESIAN_POINT('',(-27.4387973897897,-19.40625,49.3896691355724));
#5099=CARTESIAN_POINT('',(-28.1359698794328,-21.75,45.6916800656621));
#5100=CARTESIAN_POINT('',(-27.339984043148,-24.09375,42.0136943139327));
#5101=CARTESIAN_POINT('',(-25.1761816381829,-26.4375,38.9348744436327));
#5102=CARTESIAN_POINT('',(-21.9852908325655,-28.78125,36.940033971786));
#5103=CARTESIAN_POINT('',(-18.2697726532751,-31.125,36.3432950834513));
#5104=CARTESIAN_POINT('',(-14.6146997943807,-33.4687499999999,37.238624652751));
#5105=CARTESIAN_POINT('',(-11.5956267872778,-35.8125,39.4850375309354));
#5106=CARTESIAN_POINT('',(-9.6879589705016,-38.15625,42.7287971000657));
#5107=CARTESIAN_POINT('',(-9.19209168464566,-40.5,46.4591172306053));
#5108=CARTESIAN_POINT('',(-10.1861078228187,-42.84375,50.0885944048743));
#5109=CARTESIAN_POINT('',(-12.5134823266452,-45.1875,53.0457045753666));
#5110=CARTESIAN_POINT('',(-15.807729767887,-47.53125,54.8647995254337));
#5111=CARTESIAN_POINT('',(-19.55011382704,-49.8750000000001,55.2594312465219));
#5112=CARTESIAN_POINT('',(-23.1513313119038,-52.21875,54.1674581387032));
#5113=CARTESIAN_POINT('',(-26.0443081525572,-54.5625,51.7608302819433));
#5114=CARTESIAN_POINT('',(-27.7734950359927,-56.90625,48.4185129176516));
#5115=CARTESIAN_POINT('',(-28.0666015360511,-59.25,44.6668118073403));
#5116=CARTESIAN_POINT('',(-26.8774729573809,-61.59375,41.0964972742942));
#5117=CARTESIAN_POINT('',(-24.3933581916699,-63.9375,38.2697771834));
#5118=CARTESIAN_POINT('',(-21.0054241362978,-66.2812500000001,36.6317675747772));
#5119=CARTESIAN_POINT('',(-17.2471596909169,-68.625,36.4404014333785));
#5120=CARTESIAN_POINT('',(-13.710368689603,-70.9687500000001,37.7258126728325));
#5121=CARTESIAN_POINT('',(-10.951980136508,-73.3124999999999,40.2855910287929));
#5122=CARTESIAN_POINT('',(-9.40635008754998,-75.65625,43.7166550610206));
#5123=CARTESIAN_POINT('',(-9.3168647658995,-78.,47.4787243079512));
#5124=CARTESIAN_POINT('',(-10.6976151854317,-80.34375,50.9793958036002));
#5125=CARTESIAN_POINT('',(-13.3311782765204,-82.6875,53.6674281856123));
#5126=CARTESIAN_POINT('',(-16.8028539143504,-85.0312499999999,55.1195441958496));
#5127=CARTESIAN_POINT('',(-20.5659666366182,-87.3750000000001,55.1070830163014));
#5128=CARTESIAN_POINT('',(-24.0279491640744,-89.71875,53.6320068755283));
#5129=CARTESIAN_POINT('',(-26.6436523825387,-92.0625,50.9265920617886));
#5130=CARTESIAN_POINT('',(-28.0011885134932,-94.40625,47.4168529981764));
#5131=CARTESIAN_POINT('',(-27.8867899791441,-96.75,43.6554588926851));
#5132=CARTESIAN_POINT('',(-26.3184708102293,-99.0937500000001,40.2347063985827));
#5133=CARTESIAN_POINT('',(-23.5431900248568,-101.4375,37.6932522471513));
#5134=CARTESIAN_POINT('',(-19.9979636535075,-103.78125,36.4312924152305));
#5135=CARTESIAN_POINT('',(-16.2410489954557,-106.125,36.6475443368482));
#5136=CARTESIAN_POINT('',(-12.8640373373822,-108.46875,38.3079554012312));
#5137=CARTESIAN_POINT('',(-10.3986976582969,-110.8125,41.1510651262009));
#5138=CARTESIAN_POINT('',(-9.23324039298645,-113.15625,44.7291766398658));
#5139=CARTESIAN_POINT('',(-9.55118697483523,-115.5,48.4788543076903));
#5140=CARTESIAN_POINT('',(-11.3024712073664,-117.84375,51.8096464324549));
#5141=CARTESIAN_POINT('',(-14.2113230540216,-120.1875,54.1970621012454));
#5142=CARTESIAN_POINT('',(-17.8196934072534,-122.53125,55.2651613644072));
#5143=CARTESIAN_POINT('',(-21.5593818536494,-124.875,54.845753492398));
#5144=CARTESIAN_POINT('',(-24.841509673683,-127.21875,53.0048815190273));
#5145=CARTESIAN_POINT('',(-27.1492489855926,-129.5625,50.0324226232284));
#5146=CARTESIAN_POINT('',(-28.1192062866178,-131.90625,46.3964419411008));
#5147=CARTESIAN_POINT('',(-27.5986449079284,-134.25,42.6694876220689));
#5148=CARTESIAN_POINT('',(-25.669536595223,-136.59375,39.438433133866));
#5149=CARTESIAN_POINT('',(-22.6356515978575,-138.9375,37.2120641375093));
#5150=CARTESIAN_POINT('',(-18.9747323936272,-141.28125,36.3409603730393));
#5151=CARTESIAN_POINT('',(-15.2632364516207,-143.625,36.9622945361705));
#5152=CARTESIAN_POINT('',(-12.0856690427274,-145.96875,38.9782181440629));
#5153=CARTESIAN_POINT('',(-9.94214707397834,-148.3125,42.0713214138905));
#5154=CARTESIAN_POINT('',(-9.17112374112456,-150.65625,45.7544210879138));
#5155=CARTESIAN_POINT('',(-9.65076258603826,-152.21875,48.216806568157));
#5156=CARTESIAN_POINT('',(-10.1222452662649,-153.,49.3525277543734));
#5157=CARTESIAN_POINT('',(-9.4500377134654,147.,45.0662037113005));
#5158=CARTESIAN_POINT('',(-9.34886076302125,146.21875,46.2917359460482));
#5159=CARTESIAN_POINT('',(-9.64604271395856,144.65625,48.7827338247083));
#5160=CARTESIAN_POINT('',(-11.5075339272647,142.3125,52.0529868397794));
#5161=CARTESIAN_POINT('',(-14.4950209007536,139.96875,54.3414131824562));
#5162=CARTESIAN_POINT('',(-18.13716063271,137.625,55.287827925327));
#5163=CARTESIAN_POINT('',(-21.8606793538648,135.28125,54.7431568092753));
#5164=CARTESIAN_POINT('',(-25.0791791084327,132.9375,52.7931797573324));
#5165=CARTESIAN_POINT('',(-27.2858688962178,130.59375,49.7449512108525));
#5166=CARTESIAN_POINT('',(-28.133262489687,128.25,46.0784684161573));
#5167=CARTESIAN_POINT('',(-27.4879243486726,125.90625,42.3710823653975));
#5168=CARTESIAN_POINT('',(-25.4514738041051,123.5625,39.2065852701163));
#5169=CARTESIAN_POINT('',(-22.3445853581077,121.21875,37.0832819938289));
#5170=CARTESIAN_POINT('',(-18.6564923869078,118.875,36.3355234197142));
#5171=CARTESIAN_POINT('',(-14.9679490170162,116.53125,37.0810570860509));
#5172=CARTESIAN_POINT('',(-11.8597802897913,114.1875,39.2024858039552));
#5173=CARTESIAN_POINT('',(-9.82142120860019,111.84375,42.3657538762979));
#5174=CARTESIAN_POINT('',(-9.17384671720597,109.5,46.0727499539327));
#5175=CARTESIAN_POINT('',(-10.0190286359935,107.15625,49.7397432953017));
#5176=CARTESIAN_POINT('',(-12.223878432388,104.8125,52.7893022825698));
#5177=CARTESIAN_POINT('',(-15.4412043155978,102.46875,54.741221031575));
#5178=CARTESIAN_POINT('',(-19.1643825977932,100.125,55.2881361259707));
#5179=CARTESIAN_POINT('',(-22.8071343690213,97.7812500000001,54.3439263109911));
#5180=CARTESIAN_POINT('',(-25.795845266554,95.4375,52.0572737767265));
#5181=CARTESIAN_POINT('',(-27.6598909919123,93.09375,48.7882515719592));
#5182=CARTESIAN_POINT('',(-28.1057452583775,90.75,45.0516238657828));
#5183=CARTESIAN_POINT('',(-27.0632005890227,88.4062500000001,41.4357874129148));
#5184=CARTESIAN_POINT('',(-24.6964237000241,86.0625,38.5101182930053));
#5185=CARTESIAN_POINT('',(-21.3781046076563,83.7187500000001,36.7353137846957));
#5186=CARTESIAN_POINT('',(-17.6307701298405,81.375,36.3908475993274));
#5187=CARTESIAN_POINT('',(-14.0445029879413,79.03125,37.5309619043085));
#5188=CARTESIAN_POINT('',(-11.1840230614246,76.6874999999999,39.9761259543234));
#5189=CARTESIAN_POINT('',(-9.49976246128599,74.3437500000001,43.3413063168463));
#5190=CARTESIAN_POINT('',(-9.25693719220811,72.0000000000001,47.0965970552828));
#5191=CARTESIAN_POINT('',(-10.4937842988001,69.6562500000001,50.6506625972226));
#5192=CARTESIAN_POINT('',(-13.0155407806174,67.3124999999999,53.4438537628796));
#5193=CARTESIAN_POINT('',(-16.425112400084,64.96875,55.0363342221684));
#5194=CARTESIAN_POINT('',(-20.1856030482956,62.625,55.1773403433135));
#5195=CARTESIAN_POINT('',(-23.7048583369808,60.28125,53.8446682701638));
#5196=CARTESIAN_POINT('',(-26.4287105636777,57.9375,51.2481703039397));
#5197=CARTESIAN_POINT('',(-27.9282420152661,55.59375,47.7967100235383));
#5198=CARTESIAN_POINT('',(-27.9673254912079,53.25,44.0337796330851));
#5199=CARTESIAN_POINT('',(-26.5398066212487,50.9062500000001,40.5519177005265));
#5200=CARTESIAN_POINT('',(-23.8704729776138,48.5625,37.8994036967087));
#5201=CARTESIAN_POINT('',(-20.3796573782014,46.21875,36.4939218959064));
#5202=CARTESIAN_POINT('',(-16.6170492037899,43.875,36.5567897521003));
#5203=CARTESIAN_POINT('',(-13.1751362838303,41.53125,38.0781076323944));
#5204=CARTESIAN_POINT('',(-10.5959074251744,39.1875,40.8183176856873));
#5205=CARTESIAN_POINT('',(-9.28550688661471,36.8437499999999,44.3459263757251));
#5206=CARTESIAN_POINT('',(-9.45027993048289,34.5,48.1054506123149));
#5207=CARTESIAN_POINT('',(-11.0642801869771,32.15625,51.5048881854326));
#5208=CARTESIAN_POINT('',(-13.8733553595053,29.8125,54.008938767305));
#5209=CARTESIAN_POINT('',(-17.4351679059731,27.46875,55.2232962209874));
#5210=CARTESIAN_POINT('',(-21.1888487465444,25.125,54.9567389314306));
#5211=CARTESIAN_POINT('',(-24.5433158151136,22.78125,53.2512409609318));
#5212=CARTESIAN_POINT('',(-26.9703501687845,20.4375,50.3753625059915));
#5213=CARTESIAN_POINT('',(-28.0877732097465,18.09375,46.7819604426235));
#5214=CARTESIAN_POINT('',(-27.7196273252406,15.75,43.036878167264));
#5215=CARTESIAN_POINT('',(-25.9238834614619,13.40625,39.7298437529906));
#5216=CARTESIAN_POINT('',(-22.9833125939624,11.0625,37.3816070496953));
#5217=CARTESIAN_POINT('',(-19.3609585396554,8.71875000000001,36.3619386002781));
#5218=CARTESIAN_POINT('',(-15.6272236874303,6.37499999999999,36.8314028638455));
#5219=CARTESIAN_POINT('',(-12.3700492620415,4.03124999999999,38.7160745604766));
#5220=CARTESIAN_POINT('',(-10.1023337945039,1.68749999999996,41.719179487012));
#5221=CARTESIAN_POINT('',(-9.18116836443339,-0.656250000000018,45.3678267557859));
#5222=CARTESIAN_POINT('',(-9.75160642436289,-3.00000000000002,49.0874736558659));
#5223=CARTESIAN_POINT('',(-11.7238226211604,-5.34375000000004,52.2923973545797));
#5224=CARTESIAN_POINT('',(-14.7872573537511,-7.68750000000001,54.4779271028667));
#5225=CARTESIAN_POINT('',(-18.4595197615293,-10.03125,55.299913386151));
#5226=CARTESIAN_POINT('',(-22.1623485208866,-12.375,54.62892022645));
#5227=CARTESIAN_POINT('',(-25.3126691067165,-14.71875,52.5706071190762));
#5228=CARTESIAN_POINT('',(-27.4144089758649,-17.0625,49.4490911149652));
#5229=CARTESIAN_POINT('',(-28.1366127815575,-19.40625,45.7559089769532));
#5230=CARTESIAN_POINT('',(-27.3655570252469,-21.75,42.0726162025253));
#5231=CARTESIAN_POINT('',(-25.2226577912727,-24.09375,38.979211037578));
#5232=CARTESIAN_POINT('',(-22.0453516813264,-26.4375,36.9628037064106));
#5233=CARTESIAN_POINT('',(-18.3339605767511,-28.7812500000001,36.3409124696421));
#5234=CARTESIAN_POINT('',(-14.6729072922174,-31.125,37.2114648743219));
#5235=CARTESIAN_POINT('',(-11.6386880807249,-33.46875,39.4373773654362));
#5236=CARTESIAN_POINT('',(-9.70909331303817,-35.8125,42.6681414660795));
#5237=CARTESIAN_POINT('',(-9.18797110796992,-38.15625,46.3950174083229));
#5238=CARTESIAN_POINT('',(-10.1573811831012,-40.5,50.0311440215924));
#5239=CARTESIAN_POINT('',(-12.4646731308852,-42.84375,53.0039501890339));
#5240=CARTESIAN_POINT('',(-15.7465238693848,-45.1875,54.8453160874094));
#5241=CARTESIAN_POINT('',(-19.4861491546655,-47.5312500000001,55.2652867615967));
#5242=CARTESIAN_POINT('',(-23.0946802112596,-49.875,54.1977305546047));
#5243=CARTESIAN_POINT('',(-26.0038913206966,-52.21875,51.8107526824374));
#5244=CARTESIAN_POINT('',(-27.7556768031551,-54.5625,48.4802241560715));
#5245=CARTESIAN_POINT('',(-28.0741876916276,-56.9062500000001,44.7305943802915));
#5246=CARTESIAN_POINT('',(-26.9092689297757,-59.2500000000001,41.1523075108842));
#5247=CARTESIAN_POINT('',(-24.444357154289,-61.59375,38.3088267951842));
#5248=CARTESIAN_POINT('',(-21.0675954191208,-63.9375000000001,36.6479075239998));
#5249=CARTESIAN_POINT('',(-17.3107133485898,-66.28125,36.4310902054727));
#5250=CARTESIAN_POINT('',(-13.7652970979085,-68.6250000000001,37.6925164819129));
#5251=CARTESIAN_POINT('',(-10.9896338661395,-70.96875,40.2335529368451));
#5252=CARTESIAN_POINT('',(-9.42079990657434,-73.3125000000001,43.6540693669773));
#5253=CARTESIAN_POINT('',(-9.30583530002495,-75.65625,47.41544621339));
#5254=CARTESIAN_POINT('',(-10.6628432151024,-78.0000000000001,50.9253895405548));
#5255=CARTESIAN_POINT('',(-13.2781392507522,-80.34375,53.6311979756445));
#5256=CARTESIAN_POINT('',(-16.7398997464431,-82.6875000000001,55.1067951130651));
#5257=CARTESIAN_POINT('',(-20.5030105507422,-85.03125,55.1198226246123));
#5258=CARTESIAN_POINT('',(-23.9749046864174,-87.375,53.6682291029425));
#5259=CARTESIAN_POINT('',(-26.608872284895,-89.71875,50.9805930911917));
#5260=CARTESIAN_POINT('',(-27.9901495246648,-92.0625,47.4801294321344));
#5261=CARTESIAN_POINT('',(-27.9012303791293,-94.40625,43.7180467606545));
#5262=CARTESIAN_POINT('',(-26.3561167079276,-96.75,40.2867501566646));
#5263=CARTESIAN_POINT('',(-23.5981134216076,-99.0937500000001,37.726556704181));
#5264=CARTESIAN_POINT('',(-20.0615159091617,-101.4375,36.4406132075807));
#5265=CARTESIAN_POINT('',(-16.3032227065665,-103.78125,36.631413744317));
#5266=CARTESIAN_POINT('',(-12.9150421762211,-106.125,38.2689134650117));
#5267=CARTESIAN_POINT('',(-10.4305020295301,-108.46875,41.0952596753989));
#5268=CARTESIAN_POINT('',(-9.24083614747716,-110.8125,44.6653952093205));
#5269=CARTESIAN_POINT('',(-9.53337802947464,-113.15625,48.4171403884023));
#5270=CARTESIAN_POINT('',(-11.2620618890625,-115.5,51.7597179499695));
#5271=CARTESIAN_POINT('',(-14.1546765099073,-117.84375,54.1667811599373));
#5272=CARTESIAN_POINT('',(-17.7557296167546,-120.1875,55.2592962230099));
#5273=CARTESIAN_POINT('',(-21.4981730239594,-122.53125,54.8652277189164));
#5274=CARTESIAN_POINT('',(-24.7926941935321,-124.875,53.0466285595501));
#5275=CARTESIAN_POINT('',(-27.1205137042329,-127.21875,50.0898686817478));
#5276=CARTESIAN_POINT('',(-28.1150760480693,-129.5625,46.4605411458028));
#5277=CARTESIAN_POINT('',(-27.6197701784467,-131.90625,42.7301464237746));
#5278=CARTESIAN_POINT('',(-25.7125905041846,-134.25,39.4860998249701));
#5279=CARTESIAN_POINT('',(-22.6938557963747,-136.59375,37.239232505401));
#5280=CARTESIAN_POINT('',(-19.0389170140786,-138.9375,36.343353282042));
#5281=CARTESIAN_POINT('',(-15.3233117125791,-141.28125,36.9395314700408));
#5282=CARTESIAN_POINT('',(-12.1321108669534,-143.625,38.9338973925039));
#5283=CARTESIAN_POINT('',(-9.96788194035603,-145.96875,42.0123703555488));
#5284=CARTESIAN_POINT('',(-9.17120524189784,-148.3125,45.690315502837));
#5285=CARTESIAN_POINT('',(-9.86833379058359,-150.65625,49.3881137633163));
#5286=CARTESIAN_POINT('',(-11.2537764297821,-152.21875,51.4795114701987));
#5287=CARTESIAN_POINT('',(-12.1239913097281,-153.,52.3483524184136));
#5288=CARTESIAN_POINT('',(-9.862647313065,147.,48.6455480588745));
#5289=CARTESIAN_POINT('',(-10.238162881455,146.21875,49.816510949663));
#5290=CARTESIAN_POINT('',(-11.4659868215775,144.65625,52.0041662962643));
#5291=CARTESIAN_POINT('',(-14.4372521020104,142.3125,54.3131242761965));
#5292=CARTESIAN_POINT('',(-18.0730730179911,139.96875,55.2840927666945));
#5293=CARTESIAN_POINT('',(-21.8001486131346,137.625,54.7646794431215));
#5294=CARTESIAN_POINT('',(-25.0317947363312,135.28125,52.8365400223641));
#5295=CARTESIAN_POINT('',(-27.2590768736985,132.9375,49.803329602063));
#5296=CARTESIAN_POINT('',(-28.1312858404347,130.59375,46.142670015399));
#5297=CARTESIAN_POINT('',(-27.5110732168405,128.25,42.4309981161624));
#5298=CARTESIAN_POINT('',(-25.4961032978012,125.90625,39.252780239587));
#5299=CARTESIAN_POINT('',(-22.4036677105723,123.5625,37.1084820268022));
#5300=CARTESIAN_POINT('',(-18.7207240797977,121.21875,36.3357603230158));
#5301=CARTESIAN_POINT('',(-15.0272156519847,118.875,37.0562935582317));
#5302=CARTESIAN_POINT('',(-11.9047493101393,116.53125,39.1566212905759));
#5303=CARTESIAN_POINT('',(-9.84501146275,114.1875,42.3060105396336));
#5304=CARTESIAN_POINT('',(-9.17234351114398,111.84375,46.0085354171003));
#5305=CARTESIAN_POINT('',(-9.99266867552168,109.5,49.6811692494054));
#5306=CARTESIAN_POINT('',(-12.1768125498731,107.15625,52.745592225697));
#5307=CARTESIAN_POINT('',(-15.3808438494712,104.8125,54.7192578692862));
#5308=CARTESIAN_POINT('',(-19.1002323489546,102.46875,55.2913783385932));
#5309=CARTESIAN_POINT('',(-22.7492959053011,100.125,54.3718633559893));
#5310=CARTESIAN_POINT('',(-25.7534262558888,97.7812499999999,52.1055064824657));
#5311=CARTESIAN_POINT('',(-27.639571042274,95.4375,48.8491848634789));
#5312=CARTESIAN_POINT('',(-28.1107240977997,93.09375,45.1156627409037));
#5313=CARTESIAN_POINT('',(-27.0926942129996,90.75,41.4928478415273));
#5314=CARTESIAN_POINT('',(-24.7457878265996,88.4062499999999,38.551215122277));
#5315=CARTESIAN_POINT('',(-21.4395660000616,86.0625000000001,36.7539756070166));
#5316=CARTESIAN_POINT('',(-17.6946506272645,83.7187500000001,36.3841357875305));
#5317=CARTESIAN_POINT('',(-14.1007434995861,81.375,37.4999333494171));
#5318=CARTESIAN_POINT('',(-11.2237675445864,79.03125,39.9256666397527));
#5319=CARTESIAN_POINT('',(-9.51675245867382,76.6875,43.2793619356847));
#5320=CARTESIAN_POINT('',(-9.24849733444842,74.34375,47.0329218232868));
#5321=CARTESIAN_POINT('',(-10.4612435876845,72.,50.5952832825932));
#5322=CARTESIAN_POINT('',(-12.9640233147506,69.65625,53.4054907979336));
#5323=CARTESIAN_POINT('',(-16.3627304968048,67.3125,55.0210285202246));
#5324=CARTESIAN_POINT('',(-20.1221798187963,64.9687500000001,55.1875020522536));
#5325=CARTESIAN_POINT('',(-23.6503808673034,62.6249999999999,53.878697252904));
#5326=CARTESIAN_POINT('',(-26.3917572750318,60.28125,51.3007081077286));
#5327=CARTESIAN_POINT('',(-27.9146318430187,57.9375000000001,47.8594836611592));
#5328=CARTESIAN_POINT('',(-27.9792015927223,55.5937499999999,44.0969043079875));
#5329=CARTESIAN_POINT('',(-26.5752988986348,53.25,40.6054533392609));
#5330=CARTESIAN_POINT('',(-23.9239925570331,50.90625,37.9349201856617));
#5331=CARTESIAN_POINT('',(-20.4427766748576,48.5625,36.5058265487088));
#5332=CARTESIAN_POINT('',(-16.6798289911316,46.21875,36.5432079749671));
#5333=CARTESIAN_POINT('',(-13.2276907969268,43.875,38.0411781113863));
#5334=CARTESIAN_POINT('',(-10.6299610456393,41.53125,40.7638556135453));
#5335=CARTESIAN_POINT('',(-9.2956972820602,39.1875,44.2825077490498));
#5336=CARTESIAN_POINT('',(-9.43500244663768,36.84375,48.0430617923538));
#5337=CARTESIAN_POINT('',(-11.025940528295,34.5,51.4533533725304));
#5338=CARTESIAN_POINT('',(-13.8179907693295,32.15625,53.9763730103904));
#5339=CARTESIAN_POINT('',(-17.3714964980007,29.8125,55.2148275625607));
#5340=CARTESIAN_POINT('',(-21.1268966868175,27.46875,54.973700908447));
#5341=CARTESIAN_POINT('',(-24.4928385285115,25.125,53.2909626163109));
#5342=CARTESIAN_POINT('',(-26.9392961784037,22.78125,50.4315889770718));
#5343=CARTESIAN_POINT('',(-28.0810325042604,20.4375,46.8458378976315));
#5344=CARTESIAN_POINT('',(-27.7382613454844,18.09375,43.0983479944828));
#5345=CARTESIAN_POINT('',(-25.9649579581868,15.75,39.7792264634013));
#5346=CARTESIAN_POINT('',(-23.0403596762053,13.40625,37.4111264801828));
#5347=CARTESIAN_POINT('',(-19.4249951562008,11.0625,36.3669464052041));
#5348=CARTESIAN_POINT('',(-15.6881661638201,8.71875000000001,36.8111104775838));
#5349=CARTESIAN_POINT('',(-12.4183011497799,6.375,38.67367737073));
#5350=CARTESIAN_POINT('',(-10.1302969980921,4.03125,41.6613536656703));
#5351=CARTESIAN_POINT('',(-9.18443959311395,1.6875,45.3036779800248));
#5352=CARTESIAN_POINT('',(-9.72967056651872,-0.656249999999987,49.0271032615537));
#5353=CARTESIAN_POINT('',(-11.6801338575618,-3.00000000000001,52.2453117059811));
#5354=CARTESIAN_POINT('',(-14.7286952369623,-5.34375,54.4515406509268));
#5355=CARTESIAN_POINT('',(-18.3953059111975,-7.68749999999999,55.2983811347694));
#5356=CARTESIAN_POINT('',(-22.1025945199987,-10.03125,54.6524834551469));
#5357=CARTESIAN_POINT('',(-25.2667842577151,-12.375,52.6155553893531));
#5358=CARTESIAN_POINT('',(-27.3896186430005,-14.71875,49.508346543115));
#5359=CARTESIAN_POINT('',(-28.136820632134,-17.0625,45.8201407694461));
#5360=CARTESIAN_POINT('',(-27.3907303295912,-19.40625,42.1317099510709));
#5361=CARTESIAN_POINT('',(-25.2688325765872,-21.75,39.0238614079002));
#5362=CARTESIAN_POINT('',(-22.1052569278665,-24.09375,36.9859797243103));
#5363=CARTESIAN_POINT('',(-18.3981631658268,-26.4375,36.3389646696679));
#5364=CARTESIAN_POINT('',(-14.7312974141207,-28.78125,37.1846999713175));
#5365=CARTESIAN_POINT('',(-11.6820711993835,-31.125,39.3900099569765));
#5366=CARTESIAN_POINT('',(-9.73063800497698,-33.46875,42.6076303710803));
#5367=CARTESIAN_POINT('',(-9.18428478826636,-35.8125,46.330891146809));
#5368=CARTESIAN_POINT('',(-10.1290443266433,-38.15625,49.9735003841736));
#5369=CARTESIAN_POINT('',(-12.4161478665473,-40.5,52.9618661648722));
#5370=CARTESIAN_POINT('',(-15.6854513405457,-42.84375,54.8254185350485));
#5371=CARTESIAN_POINT('',(-19.4221462888329,-45.1875,55.2707088953028));
#5372=CARTESIAN_POINT('',(-23.0378253682561,-47.53125,54.227618565509));
#5373=CARTESIAN_POINT('',(-25.9631372803403,-49.8750000000001,51.8604001855303));
#5374=CARTESIAN_POINT('',(-27.7374409950031,-52.21875,48.5418132920435));
#5375=CARTESIAN_POINT('',(-28.0813416595374,-54.5625,44.7944268728946));
#5376=CARTESIAN_POINT('',(-26.9406861575853,-56.90625,41.2083318285103));
#5377=CARTESIAN_POINT('',(-24.4950904553001,-59.25,38.3482209386229));
#5378=CARTESIAN_POINT('',(-21.129655956334,-61.59375,36.6644682030176));
#5379=CARTESIAN_POINT('',(-17.3743286154666,-63.9375,36.4222096543098));
#5380=CARTESIAN_POINT('',(-13.8204497687943,-66.28125,37.6595930971705));
#5381=CARTESIAN_POINT('',(-11.0276391977005,-68.6249999999999,40.1817710757191));
#5382=CARTESIAN_POINT('',(-9.43567330106333,-70.9687500000001,43.5915829804189));
#5383=CARTESIAN_POINT('',(-9.2952346838566,-73.3125,47.3520948652941));
#5384=CARTESIAN_POINT('',(-10.6284378389062,-75.65625,50.8711489979913));
#5385=CARTESIAN_POINT('',(-13.2253468369484,-78.,53.594609351545));
#5386=CARTESIAN_POINT('',(-16.6770333750057,-80.34375,55.0936199200476));
#5387=CARTESIAN_POINT('',(-20.4399696207669,-82.6875,55.1321355250258));
#5388=CARTESIAN_POINT('',(-23.921616084265,-85.03125,53.7040912173444));
#5389=CARTESIAN_POINT('',(-26.5737272239897,-87.3750000000001,51.0343573084995));
#5390=CARTESIAN_POINT('',(-27.9786822035963,-89.71875,47.5433296450787));
#5391=CARTESIAN_POINT('',(-27.915246526226,-92.0625000000001,43.7807310010132));
#5392=CARTESIAN_POINT('',(-26.3934092380541,-94.40625,40.3390477050341));
#5393=CARTESIAN_POINT('',(-23.65280997995,-96.7500000000001,37.760232405722));
#5394=CARTESIAN_POINT('',(-20.125003575205,-99.0937499999999,36.450364239786));
#5395=CARTESIAN_POINT('',(-16.3655042476194,-101.4375,36.6157046382678));
#5396=CARTESIAN_POINT('',(-12.9663102848608,-103.78125,38.2302178915541));
#5397=CARTESIAN_POINT('',(-10.4626836540337,-106.125,41.039670922822));
#5398=CARTESIAN_POINT('',(-9.24886373364631,-108.46875,44.6016666895742));
#5399=CARTESIAN_POINT('',(-9.51598749482031,-110.8125,48.3553072607673));
#5400=CARTESIAN_POINT('',(-11.2219916744903,-113.15625,51.7095169114055));
#5401=CARTESIAN_POINT('',(-14.0982363647532,-115.5,54.1361172335076));
#5402=CARTESIAN_POINT('',(-17.6918070195049,-117.84375,55.2529979750436));
#5403=CARTESIAN_POINT('',(-21.4368336946545,-120.1875,54.8842869177194));
#5404=CARTESIAN_POINT('',(-24.7435970724193,-122.53125,53.0880440038787));
#5405=CARTESIAN_POINT('',(-27.0913899820101,-124.875,50.1471187935265));
#5406=CARTESIAN_POINT('',(-28.1105117646102,-127.21875,46.5246108995929));
#5407=CARTESIAN_POINT('',(-27.6404840392546,-129.5625,42.7909469409133));
#5408=CARTESIAN_POINT('',(-25.7553208276752,-131.90625,39.5340569593011));
#5409=CARTESIAN_POINT('',(-22.7518736746201,-134.25,37.2667947680363));
#5410=CARTESIAN_POINT('',(-19.1030875660713,-136.59375,36.3461797986021));
#5411=CARTESIAN_POINT('',(-15.3835262963467,-138.9375,36.9171798388322));
#5412=CARTESIAN_POINT('',(-12.1789021226855,-141.28125,38.8898772545456));
#5413=CARTESIAN_POINT('',(-9.99382777387928,-143.625,41.9536508036177));
#5414=CARTESIAN_POINT('',(-9.17242156486828,-145.96875,45.6260035196183));
#5415=CARTESIAN_POINT('',(-9.84387694214891,-148.3125,49.3288567363485));
#5416=CARTESIAN_POINT('',(-11.9030258703228,-150.65625,52.4783973187502));
#5417=CARTESIAN_POINT('',(-13.983351221057,-152.21875,53.8804109099666));
#5418=CARTESIAN_POINT('',(-15.119815973768,-153.,54.3500984618771));
#5419=CARTESIAN_POINT('',(-11.6136046575989,147.,51.7945321836067));
#5420=CARTESIAN_POINT('',(-12.4086439035929,146.21875,52.7326572451183));
#5421=CARTESIAN_POINT('',(-14.3801847682687,144.65625,54.2839193642861));
#5422=CARTESIAN_POINT('',(-18.0088759114693,142.3125,55.2800643873908));
#5423=CARTESIAN_POINT('',(-21.7395099942824,139.96875,54.7857538748829));
#5424=CARTESIAN_POINT('',(-24.9841079792766,137.625,52.8795884548865));
#5425=CARTESIAN_POINT('',(-27.2318926772036,135.28125,49.8615224776063));
#5426=CARTESIAN_POINT('',(-28.1288736823189,132.9375,46.2068574793171));
#5427=CARTESIAN_POINT('',(-27.5338159194144,130.59375,42.4910690905768));
#5428=CARTESIAN_POINT('',(-25.5404188284578,128.25,39.2992764870679));
#5429=CARTESIAN_POINT('',(-22.4625780358195,125.90625,37.1340816457688));
#5430=CARTESIAN_POINT('',(-18.7849526910864,123.5625,36.3364322802651));
#5431=CARTESIAN_POINT('',(-15.086648657353,121.21875,37.0319320236415));
#5432=CARTESIAN_POINT('',(-11.9500279493241,118.875,39.1110624147766));
#5433=CARTESIAN_POINT('',(-9.86900583084283,116.53125,42.2464283553971));
#5434=CARTESIAN_POINT('',(-9.17127527898409,114.1875,45.9443121717238));
#5435=CARTESIAN_POINT('',(-9.96670605484509,111.84375,49.6224180051917));
#5436=CARTESIAN_POINT('',(-12.1300438049843,109.5,52.7015643837074));
#5437=CARTESIAN_POINT('',(-15.3206335293432,107.15625,54.6968863758445));
#5438=CARTESIAN_POINT('',(-19.0360616113971,104.8125,55.2941859728418));
#5439=CARTESIAN_POINT('',(-22.6912695444485,102.46875,54.3994080072839));
#5440=CARTESIAN_POINT('',(-25.7106815273358,100.125,52.1534507683575));
#5441=CARTESIAN_POINT('',(-27.6188388439156,97.7812500000003,48.9099791257079));
#5442=CARTESIAN_POINT('',(-28.1152690733712,95.4375,45.1797338698605));
#5443=CARTESIAN_POINT('',(-27.1218006773735,93.0937500000001,41.5501067281773));
#5444=CARTESIAN_POINT('',(-24.7948724628051,90.7500000000001,38.592645363132));
#5445=CARTESIAN_POINT('',(-21.5008995819299,88.4062500000001,36.7730532930383));
#5446=CARTESIAN_POINT('',(-17.7585751199674,86.0625,36.3778568066087));
#5447=CARTESIAN_POINT('',(-14.1571928845071,83.7187500000001,37.4692864358566));
#5448=CARTESIAN_POINT('',(-11.263852888306,81.375,39.8754776809309));
#5449=CARTESIAN_POINT('',(-9.53416162950251,79.0312500000001,43.2175340524943));
#5450=CARTESIAN_POINT('',(-9.24048895689373,76.6875,46.9691908868612));
#5451=CARTESIAN_POINT('',(-10.4290787195061,74.3437500000001,50.5396848327604));
#5452=CARTESIAN_POINT('',(-12.9127668715732,72.0000000000001,53.3667797736443));
#5453=CARTESIAN_POINT('',(-16.3004536934224,69.6562500000001,55.0053006427692));
#5454=CARTESIAN_POINT('',(-20.058689216603,67.3125000000001,55.1972339483614));
#5455=CARTESIAN_POINT('',(-23.5956741613391,64.9687500000001,53.9123564669656));
#5456=CARTESIAN_POINT('',(-26.3544489837287,62.6250000000001,51.3529944134771));
#5457=CARTESIAN_POINT('',(-27.9005968030626,60.2812500000001,47.9221636740991));
#5458=CARTESIAN_POINT('',(-27.9906498642558,57.9375,44.1601079743975));
#5459=CARTESIAN_POINT('',(-26.6104277530087,55.5937500000001,40.659228147109));
#5460=CARTESIAN_POINT('',(-23.977270347657,53.25,37.9707983600158));
#5461=CARTESIAN_POINT('',(-20.5058138907697,50.9062500000001,36.5181584495682));
#5462=CARTESIAN_POINT('',(-16.7426993308143,48.5625000000001,36.53005173094));
#5463=CARTESIAN_POINT('',(-13.2804942364163,46.21875,38.0046054009747));
#5464=CARTESIAN_POINT('',(-10.6643827687754,43.8750000000001,40.7096254434825));
#5465=CARTESIAN_POINT('',(-9.30631699231457,41.53125,44.2191595989357));
#5466=CARTESIAN_POINT('',(-9.42014788668598,39.1875000000001,47.9805709256823));
#5467=CARTESIAN_POINT('',(-10.9879508058983,36.84375,51.4015600586667));
#5468=CARTESIAN_POINT('',(-13.762848024302,34.5000000000001,53.9434330037185));
#5469=CARTESIAN_POINT('',(-17.3078839106777,32.1562500000001,55.2059278376866));
#5470=CARTESIAN_POINT('',(-21.0648311609114,29.8125,54.9902428812051));
#5471=CARTESIAN_POINT('',(-24.4420933561172,27.4687500000001,53.3303414665657));
#5472=CARTESIAN_POINT('',(-26.9078620658749,25.125,50.4876038227674));
#5473=CARTESIAN_POINT('',(-28.0738592970876,22.7812500000001,46.9096682310756));
#5474=CARTESIAN_POINT('',(-27.7564785893843,20.4375,43.1599426240657));
#5475=CARTESIAN_POINT('',(-26.0056970325655,18.09375,39.8288862478101));
#5476=CARTESIAN_POINT('',(-23.0972055081572,15.7500000000001,37.4410316262019));
#5477=CARTESIAN_POINT('',(-19.4889963848551,13.40625,36.3723878296039));
#5478=CARTESIAN_POINT('',(-15.7492446871553,11.0625,36.7912313338411));
#5479=CARTESIAN_POINT('',(-12.4668390963516,8.71875000000004,38.6316079743554));
#5480=CARTESIAN_POINT('',(-10.1586512274838,6.37500000000002,41.6037185718095));
#5481=CARTESIAN_POINT('',(-9.18814524078224,4.03125000000006,45.2395528325075));
#5482=CARTESIAN_POINT('',(-9.70814411405263,1.68750000000004,48.966585675573));
#5483=CARTESIAN_POINT('',(-11.636765017763,-0.656249999999964,52.1979312236782));
#5484=CARTESIAN_POINT('',(-14.670313184852,-2.99999999999996,54.4247581499212));
#5485=CARTESIAN_POINT('',(-18.3311039121195,-5.34374999999994,55.2964139837458));
#5486=CARTESIAN_POINT('',(-22.0426822907555,-7.68749999999998,54.6756414161071));
#5487=CARTESIAN_POINT('',(-25.2205960165445,-10.03125,52.6601918402234));
#5488=CARTESIAN_POINT('',(-27.3644275285043,-12.375,49.567432701555));
#5489=CARTESIAN_POINT('',(-28.1365934216269,-14.7187499999999,45.8843724963739));
#5490=CARTESIAN_POINT('',(-27.4155028013029,-17.0625,42.1909728485196));
#5491=CARTESIAN_POINT('',(-25.3147038757614,-19.40625,39.0688235061704));
#5492=CARTESIAN_POINT('',(-22.1650038239079,-21.75,37.0095609622372));
#5493=CARTESIAN_POINT('',(-18.4623774750736,-24.09375,36.337451772888));
#5494=CARTESIAN_POINT('',(-14.7898674813224,-26.4375,37.1583311716337));
#5495=CARTESIAN_POINT('',(-11.7257741529622,-28.78125,39.3429374786349));
#5496=CARTESIAN_POINT('',(-9.75259205791054,-31.125,42.5472665911413));
#5497=CARTESIAN_POINT('',(-9.18103289465251,-33.4687499999999,46.2667413879889));
#5498=CARTESIAN_POINT('',(-10.101098553458,-35.8125,49.9156661371413));
#5499=CARTESIAN_POINT('',(-12.3679087598287,-38.15625,52.9194544335732));
#5500=CARTESIAN_POINT('',(-15.6245149832002,-40.5,54.8051077811929));
#5501=CARTESIAN_POINT('',(-19.3581081658066,-42.84375,55.2756973988889));
#5502=CARTESIAN_POINT('',(-22.9807693912287,-45.1875,54.2571208002408));
#5503=CARTESIAN_POINT('',(-25.9220479011647,-47.53125,51.9097705135394));
#5504=CARTESIAN_POINT('',(-27.7187884481427,-49.8749999999999,48.6032775000377));
#5505=CARTESIAN_POINT('',(-28.0880631115772,-52.21875,44.8583063566998));
#5506=CARTESIAN_POINT('',(-26.9717231994791,-54.5625,41.2645676569407));
#5507=CARTESIAN_POINT('',(-24.5455557672068,-56.90625,38.387957806427));
#5508=CARTESIAN_POINT('',(-21.1916029007811,-59.2499999999999,36.6814488520752));
#5509=CARTESIAN_POINT('',(-17.4380025730634,-61.59375,36.4137601873037));
#5510=CARTESIAN_POINT('',(-13.8758241720167,-63.9374999999999,37.6270440290345));
#5511=CARTESIAN_POINT('',(-11.0659943876169,-66.2812499999999,40.130247821016));
#5512=CARTESIAN_POINT('',(-9.4509695886689,-68.625,43.5291987680394));
#5513=CARTESIAN_POINT('',(-9.28506340371972,-70.9687499999999,47.2886731700382));
#5514=CARTESIAN_POINT('',(-10.5944006352619,-73.3125,50.816676664309));
#5515=CARTESIAN_POINT('',(-13.1728034570709,-75.6562500000001,53.557663991893));
#5516=CARTESIAN_POINT('',(-16.6142576841647,-78.,55.0800192212366));
#5517=CARTESIAN_POINT('',(-20.3768467388266,-80.34375,55.1440211526621));
#5518=CARTESIAN_POINT('',(-23.8680858023429,-82.6875,53.7395915734849));
#5519=CARTESIAN_POINT('',(-26.5382188121761,-85.03125,51.0878822471656));
#5520=CARTESIAN_POINT('',(-27.9667870763748,-87.3749999999999,47.6064507375687));
#5521=CARTESIAN_POINT('',(-27.9288377774137,-89.7187499999999,43.8435087379894));
#5522=CARTESIAN_POINT('',(-26.4303466897371,-92.0625,40.391596644433));
#5523=CARTESIAN_POINT('',(-23.7072771905638,-94.40625,37.7942778068307));
#5524=CARTESIAN_POINT('',(-20.1884237390094,-96.75,36.4605450644978));
#5525=CARTESIAN_POINT('',(-16.4278907613172,-99.09375,36.6004177393889));
#5526=CARTESIAN_POINT('',(-13.0178393112705,-101.4375,38.1918704560981));
#5527=CARTESIAN_POINT('',(-10.4952410554083,-103.78125,40.9843014187206));
#5528=CARTESIAN_POINT('',(-9.25732278321124,-106.125,44.5379940043065));
#5529=CARTESIAN_POINT('',(-9.49901616870139,-108.46875,48.2933577615076));
#5530=CARTESIAN_POINT('',(-11.1822624019466,-110.8125,51.6590456198445));
#5531=CARTESIAN_POINT('',(-14.0420052079007,-113.15625,54.1050717287157));
#5532=CARTESIAN_POINT('',(-17.6279285479691,-115.5,55.2462669094995));
#5533=CARTESIAN_POINT('',(-21.3753666802408,-117.84375,54.9029302142538));
#5534=CARTESIAN_POINT('',(-24.6942205611525,-120.1875,53.1291259526362));
#5535=CARTESIAN_POINT('',(-27.0618791610973,-122.53125,50.2041703296983));
#5536=CARTESIAN_POINT('',(-28.1055136230168,-124.875,46.5886482720827));
#5537=CARTESIAN_POINT('',(-27.6607856244773,-127.21875,42.8518863507535));
#5538=CARTESIAN_POINT('',(-25.7977252903031,-129.5625,39.5823024613002));
#5539=CARTESIAN_POINT('',(-22.8097037466828,-131.90625,37.2947491960233));
#5540=CARTESIAN_POINT('',(-19.1672367175711,-134.25,36.3494415281353));
#5541=CARTESIAN_POINT('',(-15.4438938169817,-136.59375,36.8952341925371));
#5542=CARTESIAN_POINT('',(-12.2259795452372,-138.9375,38.8461839163592));
#5543=CARTESIAN_POINT('',(-10.0202114798637,-141.28125,41.8950752607915));
#5544=CARTESIAN_POINT('',(-9.17392138973447,-143.625,45.5618246868027));
#5545=CARTESIAN_POINT('',(-9.82038954756591,-145.96875,49.2689747447082));
#5546=CARTESIAN_POINT('',(-11.8577540061525,-148.3125,52.4330101950811));
#5547=CARTESIAN_POINT('',(-14.9654365557316,-150.65625,54.5548040963913));
#5548=CARTESIAN_POINT('',(-17.4239339415485,-152.21875,55.0539897119636));
#5549=CARTESIAN_POINT('',(-18.653632110503,-153.,55.0530181955197));
#5550=CARTESIAN_POINT('',(-14.4363423638299,147.,54.0337517981185));
#5551=CARTESIAN_POINT('',(-15.5298677692739,146.21875,54.5962179938631));
#5552=CARTESIAN_POINT('',(-17.9449763339185,144.65625,55.2749212901801));
#5553=CARTESIAN_POINT('',(-21.6786580075016,142.3125,54.8065993067668));
#5554=CARTESIAN_POINT('',(-24.936150036321,139.96875,52.9222640858464));
#5555=CARTESIAN_POINT('',(-27.2043097803047,137.625,49.9195429751885));
#5556=CARTESIAN_POINT('',(-28.1260282089216,135.28125,46.2710236275903));
#5557=CARTESIAN_POINT('',(-27.5561508549091,132.9375,42.5512936676816));
#5558=CARTESIAN_POINT('',(-25.5844185125542,130.59375,39.3460715753451));
#5559=CARTESIAN_POINT('',(-22.5213135911436,128.25,37.1600797577762));
#5560=CARTESIAN_POINT('',(-18.8491752848892,125.90625,36.3375392388011));
#5561=CARTESIAN_POINT('',(-15.1462453036308,123.5625,37.0079736057669));
#5562=CARTESIAN_POINT('',(-11.9956141308648,121.21875,39.065811265098));
#5563=CARTESIAN_POINT('',(-9.89340321188009,118.875,42.1870100574657));
#5564=CARTESIAN_POINT('',(-9.17064206978905,116.53125,45.8800831640662));
#5565=CARTESIAN_POINT('',(-9.94114196503832,114.1875,49.5634922580264));
#5566=CARTESIAN_POINT('',(-12.0835743433394,111.84375,52.6572207764625));
#5567=CARTESIAN_POINT('',(-15.2605761174869,109.5,54.6741075775912));
#5568=CARTESIAN_POINT('',(-18.9718733290875,107.15625,55.2965588999098));
#5569=CARTESIAN_POINT('',(-22.6330579485441,104.8125,54.4265590012068));
#5570=CARTESIAN_POINT('',(-25.6676130418987,102.46875,52.2011044348576));
#5571=CARTESIAN_POINT('',(-27.5976953479701,100.125,48.9706315695823));
#5572=CARTESIAN_POINT('',(-28.1193799765818,97.78125,45.2438343132562));
#5573=CARTESIAN_POINT('',(-27.1505186468245,95.4375000000001,41.6075614459936));
#5574=CARTESIAN_POINT('',(-24.8436753567805,93.09375,38.6344071148717));
#5575=CARTESIAN_POINT('',(-21.5621025394551,90.75,36.7925459675318));
#5576=CARTESIAN_POINT('',(-17.8225406752795,88.40625,36.3720109446231));
#5577=CARTESIAN_POINT('',(-14.2138485529706,86.0625,37.4390225696181));
#5578=CARTESIAN_POINT('',(-11.3042772535845,83.7187500000001,39.8255613803812));
#5579=CARTESIAN_POINT('',(-9.5519891750899,81.375,43.1558255037587));
#5580=CARTESIAN_POINT('',(-9.23291242694514,79.03125,46.9054071697958));
#5581=CARTESIAN_POINT('',(-10.3972911698956,76.6875,50.4838697984193));
#5582=CARTESIAN_POINT('',(-12.861773802581,74.3437500000001,53.3277224659604));
#5583=CARTESIAN_POINT('',(-16.238284847016,72.0000000000001,54.9891513113517));
#5584=CARTESIAN_POINT('',(-19.9951341544793,69.65625,55.2065355851657));
#5585=CARTESIAN_POINT('',(-23.5407407288719,67.3125,53.9456443681623));
#5586=CARTESIAN_POINT('',(-26.316787401365,64.96875,51.4050268224409));
#5587=CARTESIAN_POINT('',(-27.8861375392842,62.6250000000001,47.9847471867823));
#5588=CARTESIAN_POINT('',(-28.001669780595,60.28125,44.223387732714));
#5589=CARTESIAN_POINT('',(-26.6451915727609,57.9375000000001,40.7132396570398));
#5590=CARTESIAN_POINT('',(-24.0303039052557,55.59375,38.0070365737845));
#5591=CARTESIAN_POINT('',(-20.5687661339734,53.25,36.530917032733));
#5592=CARTESIAN_POINT('',(-16.8056573385304,50.90625,36.5173216235889));
#5593=CARTESIAN_POINT('',(-13.3335441798299,48.5625,37.9683911790096));
#5594=CARTESIAN_POINT('',(-10.6991710154146,46.21875,40.6556296634202));
#5595=CARTESIAN_POINT('',(-9.31736553017639,43.875,44.1558848316124));
#5596=CARTESIAN_POINT('',(-9.40571693211158,41.53125,47.9179808791985));
#5597=CARTESIAN_POINT('',(-10.9503127626451,39.1875,51.3495106199686));
#5598=CARTESIAN_POINT('',(-13.7079296542109,36.84375,53.9101202584803));
#5599=CARTESIAN_POINT('',(-17.244333062365,34.5,55.1965974546588));
#5600=CARTESIAN_POINT('',(-21.0026550162116,32.15625,55.0063640908074));
#5601=CARTESIAN_POINT('',(-24.3910826259712,29.8125,53.3693757051096));
#5602=CARTESIAN_POINT('',(-26.8760492733042,27.46875,50.5434044732795));
#5603=CARTESIAN_POINT('',(-28.0662539173139,25.125,46.9734485146063));
#5604=CARTESIAN_POINT('',(-27.7742782211863,22.78125,43.2216592302299));
#5605=CARTESIAN_POINT('',(-26.0460988156075,20.4375,39.8788208279704));
#5606=CARTESIAN_POINT('',(-23.1538474818972,18.09375,37.4713211157914));
#5607=CARTESIAN_POINT('',(-19.5529592894279,15.75,36.3782626238406));
#5608=CARTESIAN_POINT('',(-15.8104564553308,13.40625,36.7717663446148));
#5609=CARTESIAN_POINT('',(-12.515660874977,11.0625,38.5898683013739));
#5610=CARTESIAN_POINT('',(-10.1873951818692,8.71875000000001,41.5462768495599));
#5611=CARTESIAN_POINT('',(-9.19228513743398,6.37500000000002,45.1754542551096));
#5612=CARTESIAN_POINT('',(-9.68702805453518,4.03125000000002,48.9059236742935));
#5613=CARTESIAN_POINT('',(-11.5937180914003,1.68750000000002,52.1502580813499));
#5614=CARTESIAN_POINT('',(-14.6121138758183,-0.65624999999998,54.3975808285529));
#5615=CARTESIAN_POINT('',(-18.2669167096968,-2.99999999999999,55.2940120233274));
#5616=CARTESIAN_POINT('',(-21.9826145817553,-5.34374999999999,54.6983930469109));
#5617=CARTESIAN_POINT('',(-25.1741065021865,-7.68749999999997,52.7045144238967));
#5618=CARTESIAN_POINT('',(-27.3388367880717,-10.03125,49.626346879584));
#5619=CARTESIAN_POINT('',(-28.1359311604599,-12.375,45.9486012109718));
#5620=CARTESIAN_POINT('',(-27.4398733038933,-14.71875,42.2504021760628));
#5621=CARTESIAN_POINT('',(-25.360269584353,-17.0625,39.1140952696577));
#5622=CARTESIAN_POINT('',(-22.224589628437,-19.40625,37.0335463383527));
#5623=CARTESIAN_POINT('',(-18.5266005585266,-21.75,36.3363738487096));
#5624=CARTESIAN_POINT('',(-14.8486148067973,-24.09375,37.1323596849944));
#5625=CARTESIAN_POINT('',(-11.7697949364972,-26.4375,39.2961620899596));
#5626=CARTESIAN_POINT('',(-9.77495446465056,-28.78125,42.4870528955769));
#5627=CARTESIAN_POINT('',(-9.17821557631581,-31.125,46.2025710748674));
#5628=CARTESIAN_POINT('',(-10.0735451456156,-33.46875,49.8576439337617));
#5629=CARTESIAN_POINT('',(-12.3199580238,-35.8124999999999,52.8767169408646));
#5630=CARTESIAN_POINT('',(-15.5637175929303,-38.15625,54.7843847576408));
#5631=CARTESIAN_POINT('',(-19.2940377234699,-40.5,55.2802520434967));
#5632=CARTESIAN_POINT('',(-22.9235148977389,-42.84375,54.2862359053237));
#5633=CARTESIAN_POINT('',(-25.8806250682312,-45.1875,51.9588614014972));
#5634=CARTESIAN_POINT('',(-27.6997200182983,-47.53125,48.6646139602553));
#5635=CARTESIAN_POINT('',(-28.0943517393865,-49.875,44.9222299011024));
#5636=CARTESIAN_POINT('',(-27.0023786315678,-52.21875,41.3210124162386));
#5637=CARTESIAN_POINT('',(-24.5957507748079,-54.5625,38.4280355755853));
#5638=CARTESIAN_POINT('',(-21.2534334105162,-56.90625,36.6988486921497));
#5639=CARTESIAN_POINT('',(-17.5017323002048,-59.25,36.4057421920914));
#5640=CARTESIAN_POINT('',(-13.9314177671588,-61.59375,37.5948707707615));
#5641=CARTESIAN_POINT('',(-11.1046976762646,-63.9375,40.0789855364725));
#5642=CARTESIAN_POINT('',(-9.4666880676418,-66.28125,43.4669195918446));
#5643=CARTESIAN_POINT('',(-9.27532192624311,-68.625,47.2251840372256));
#5644=CARTESIAN_POINT('',(-10.5607331656971,-70.96875,50.7619750385393));
#5645=CARTESIAN_POINT('',(-13.1205115216576,-73.3125000000001,53.5203635916344));
#5646=CARTESIAN_POINT('',(-16.5515755538852,-75.6562499999999,55.0659936405924));
#5647=CARTESIAN_POINT('',(-20.3136448008158,-78.,55.1554789622429));
#5648=CARTESIAN_POINT('',(-23.8143162964648,-80.34375,53.7747285427108));
#5649=CARTESIAN_POINT('',(-26.5023486784768,-82.6875,51.141165451622));
#5650=CARTESIAN_POINT('',(-27.9544646887142,-85.03125,47.669489813792));
#5651=CARTESIAN_POINT('',(-27.9420035091659,-87.375,43.9063770915242));
#5652=CARTESIAN_POINT('',(-26.4669273683929,-89.71875,40.444394564068));
#5653=CARTESIAN_POINT('',(-23.7615125546531,-92.0625,37.8286913456037));
#5654=CARTESIAN_POINT('',(-20.251773491041,-94.4062500000001,36.4711552146492));
#5655=CARTESIAN_POINT('',(-16.4903793855496,-96.7499999999999,36.5855537489983));
#5656=CARTESIAN_POINT('',(-13.0696268914473,-99.0937500000001,38.1538729179131));
#5657=CARTESIAN_POINT('',(-10.5281727400158,-101.4375,40.9291537032857));
#5658=CARTESIAN_POINT('',(-9.26621290809514,-103.78125,44.474380074635));
#5659=CARTESIAN_POINT('',(-9.48246482971272,-106.125,48.2312947326867));
#5660=CARTESIAN_POINT('',(-11.1428758940957,-108.46875,51.6083063907602));
#5661=CARTESIAN_POINT('',(-13.9859856190655,-110.8125,54.0736460698455));
#5662=CARTESIAN_POINT('',(-17.5640971327304,-113.15625,55.239103335156));
#5663=CARTESIAN_POINT('',(-21.3137748005549,-115.5,54.9211567533072));
#5664=CARTESIAN_POINT('',(-24.6445669253196,-117.84375,53.169872520776));
#5665=CARTESIAN_POINT('',(-27.0319825941099,-120.1875,50.2610206741208));
#5666=CARTESIAN_POINT('',(-28.1000818572719,-122.53125,46.652650320889));
#5667=CARTESIAN_POINT('',(-27.6806739852625,-124.875,42.912961874493));
#5668=CARTESIAN_POINT('',(-25.8398020118918,-127.21875,39.6308340544593));
#5669=CARTESIAN_POINT('',(-22.867343116093,-129.5625,37.3230947425499));
#5670=CARTESIAN_POINT('',(-19.2313624339653,-131.90625,36.3531374415246));
#5671=CARTESIAN_POINT('',(-15.5044081149334,-134.25,36.873698820214));
#5672=CARTESIAN_POINT('',(-12.2733536267306,-136.59375,38.8028071329194));
#5673=CARTESIAN_POINT('',(-10.0469846303739,-138.9375,41.836692130285));
#5674=CARTESIAN_POINT('',(-9.17588086590387,-141.28125,45.4976113345152));
#5675=CARTESIAN_POINT('',(-9.79721502903507,-143.625,49.2091072765218));
#5676=CARTESIAN_POINT('',(-11.8131386369275,-145.96875,52.386674685415));
#5677=CARTESIAN_POINT('',(-14.9062419067551,-148.3125,54.5301966541641));
#5678=CARTESIAN_POINT('',(-18.5893415807784,-150.65625,55.3012199870178));
#5679=CARTESIAN_POINT('',(-21.0517270610216,-152.21875,54.8215811421042));
#5680=CARTESIAN_POINT('',(-22.187448247238,-153.,54.3500984618775));
#5681=CARTESIAN_POINT('',(-17.901124204165,147.,55.022306014677));
#5682=CARTESIAN_POINT('',(-19.1266564389128,146.21875,55.1234829651211));
#5683=CARTESIAN_POINT('',(-21.6176543175728,144.65625,54.8263010141838));
#5684=CARTESIAN_POINT('',(-24.887907332644,142.3125,52.9648098008777));
#5685=CARTESIAN_POINT('',(-27.1763336753207,139.96875,49.9773228273888));
#5686=CARTESIAN_POINT('',(-28.1227484181915,137.625,46.3351830954324));
#5687=CARTESIAN_POINT('',(-27.5780773021399,135.28125,42.6116643742777));
#5688=CARTESIAN_POINT('',(-25.6281002501969,132.9375,39.3931646197097));
#5689=CARTESIAN_POINT('',(-22.579871703717,130.59375,37.1864748319246));
#5690=CARTESIAN_POINT('',(-18.9133889090218,128.25,36.3390812384554));
#5691=CARTESIAN_POINT('',(-15.206002858262,125.90625,36.9844193794698));
#5692=CARTESIAN_POINT('',(-12.0415057629809,123.5625,39.0208699240373));
#5693=CARTESIAN_POINT('',(-9.91820248669343,121.21875,42.1277583700347));
#5694=CARTESIAN_POINT('',(-9.17044391257871,118.875,45.8158513412347));
#5695=CARTESIAN_POINT('',(-9.91597757891543,116.53125,49.5043947111262));
#5696=CARTESIAN_POINT('',(-12.0374062968198,114.1875,52.6125634383511));
#5697=CARTESIAN_POINT('',(-15.2006743691625,111.84375,54.6509225195422));
#5698=CARTESIAN_POINT('',(-18.9076704467972,109.5,55.2984970109365));
#5699=CARTESIAN_POINT('',(-22.5746637881663,107.15625,54.4533150921489));
#5700=CARTESIAN_POINT('',(-25.6242227754344,104.8125,52.2484652957545));
#5701=CARTESIAN_POINT('',(-27.5761415244395,102.46875,49.0311394125446));
#5702=CARTESIAN_POINT('',(-28.1230566188352,100.125,45.3079611303492));
#5703=CARTESIAN_POINT('',(-27.1788468038556,97.78125,41.6652093591211));
#5704=CARTESIAN_POINT('',(-24.8921942695911,95.4375000000001,38.6764984615884));
#5705=CARTESIAN_POINT('',(-21.6231720648236,93.09375,36.81245273623));
#5706=CARTESIAN_POINT('',(-17.8865443586474,90.75,36.3665984697649));
#5707=CARTESIAN_POINT('',(-14.2707079057793,88.40625,37.4091431391197));
#5708=CARTESIAN_POINT('',(-11.3450387858699,86.0625,39.7759200281183));
#5709=CARTESIAN_POINT('',(-9.57023427756021,83.7187500000001,43.0942391204862));
#5710=CARTESIAN_POINT('',(-9.22576809219192,81.3749999999999,46.841573598302));
#5711=CARTESIAN_POINT('',(-10.365882397173,79.03125,50.4278407402012));
#5712=CARTESIAN_POINT('',(-12.811046447188,76.6875,53.2883206667178));
#5713=CARTESIAN_POINT('',(-16.1762268097109,74.34375,54.9725812668564));
#5714=CARTESIAN_POINT('',(-19.9315175481473,72.,55.2154065359343));
#5715=CARTESIAN_POINT('',(-23.4855830900871,69.6562499999999,53.9785594293423));
#5716=CARTESIAN_POINT('',(-26.2787742557441,67.3125,51.456802947525));
#5717=CARTESIAN_POINT('',(-27.8712547150328,64.96875,48.0472313280584));
#5718=CARTESIAN_POINT('',(-28.0122608361781,62.625,44.2867406798468));
#5719=CARTESIAN_POINT('',(-26.6795887630283,60.28125,40.7674853911616));
#5720=CARTESIAN_POINT('',(-24.0830907968042,57.9375,38.0436331644647));
#5721=CARTESIAN_POINT('',(-20.6316305164029,55.59375,36.5441017128763));
#5722=CARTESIAN_POINT('',(-16.8687001259497,53.25,36.5050182369346));
#5723=CARTESIAN_POINT('',(-13.386838193391,50.9062499999999,37.9325371068937));
#5724=CARTESIAN_POINT('',(-10.7343241895733,48.5625,40.6018707505285));
#5725=CARTESIAN_POINT('',(-9.32884238877089,46.21875,44.092686349941));
#5726=CARTESIAN_POINT('',(-9.39171024496494,43.875,47.8552945243526));
#5727=CARTESIAN_POINT('',(-10.9130281252589,41.53125,51.2972074443121));
#5728=CARTESIAN_POINT('',(-13.6532381785519,39.1875,53.8764363029681));
#5729=CARTESIAN_POINT('',(-17.1808468685897,36.84375,55.1868368415277));
#5730=CARTESIAN_POINT('',(-20.9403711051794,34.5,55.0220637976595));
#5731=CARTESIAN_POINT('',(-24.3398086782971,32.15625,53.4080635411654));
#5732=CARTESIAN_POINT('',(-26.8438592601696,29.8125,50.5989883686371));
#5733=CARTESIAN_POINT('',(-28.0582167138519,27.46875,47.0371758221694));
#5734=CARTESIAN_POINT('',(-27.7916594242951,25.125,43.283494981598));
#5735=CARTESIAN_POINT('',(-26.0861614537963,22.78125,39.9290279130288));
#5736=CARTESIAN_POINT('',(-23.210282998856,20.4375,37.501993559358));
#5737=CARTESIAN_POINT('',(-19.6168809354881,18.09375,36.3845705183959));
#5738=CARTESIAN_POINT('',(-15.8717986601286,15.75,36.7527164029018));
#5739=CARTESIAN_POINT('',(-12.5647642458551,13.40625,38.5484602666806));
#5740=CARTESIAN_POINT('',(-10.2165275425598,11.0625,41.4890311341801));
#5741=CARTESIAN_POINT('',(-9.19685909314263,8.71874999999998,45.111385188487));
#5742=CARTESIAN_POINT('',(-9.66632335671011,6.37499999999997,48.8451200407121));
#5743=CARTESIAN_POINT('',(-11.5509950533411,4.03124999999998,52.1022944661009));
#5744=CARTESIAN_POINT('',(-14.5540999798766,1.68749999999998,54.3700099336385));
#5745=CARTESIAN_POINT('',(-18.2027472486504,-0.656250000000031,55.291175363709));
#5746=CARTESIAN_POINT('',(-21.9223941487304,-3.,54.7207373037795));
#5747=CARTESIAN_POINT('',(-25.1273178474443,-5.34375000000004,52.7485211069821));
#5748=CARTESIAN_POINT('',(-27.3128475957312,-7.68750000000003,49.6850863743913));
#5749=CARTESIAN_POINT('',(-28.1348338790156,-10.03125,46.0128239666132));
#5750=CARTESIAN_POINT('',(-27.4638407193146,-12.375,42.3099952072559));
#5751=CARTESIAN_POINT('',(-25.4055276119408,-14.71875,39.159674621426));
#5752=CARTESIAN_POINT('',(-22.2840116078298,-17.0625000000001,37.0579347522774));
#5753=CARTESIAN_POINT('',(-18.5908294698177,-19.40625,36.335730946585));
#5754=CARTESIAN_POINT('',(-14.9075366953899,-21.7500000000001,37.1067867028956));
#5755=CARTESIAN_POINT('',(-11.8141315304425,-24.09375,39.2496859368697));
#5756=CARTESIAN_POINT('',(-9.79772419927513,-26.4375,42.426992046816));
#5757=CARTESIAN_POINT('',(-9.17583296250673,-28.78125,46.1383831513914));
#5758=CARTESIAN_POINT('',(-10.0463853671865,-31.125,49.799436435925));
#5759=CARTESIAN_POINT('',(-12.2722978583008,-33.4687500000001,52.8336556474175));
#5760=CARTESIAN_POINT('',(-15.5030619589441,-35.8125,54.7632504151043));
#5761=CARTESIAN_POINT('',(-19.2299379011875,-38.15625,55.2843726201725));
#5762=CARTESIAN_POINT('',(-22.8660645144568,-40.5,54.3149625450412));
#5763=CARTESIAN_POINT('',(-25.8388706818985,-42.84375,52.0076705972573));
#5764=CARTESIAN_POINT('',(-27.680236580274,-45.1875,48.7258198587575));
#5765=CARTESIAN_POINT('',(-28.1002072544612,-47.5312500000001,44.9861945734769));
#5766=CARTESIAN_POINT('',(-27.0326510474692,-49.8749999999999,41.3776635168828));
#5767=CARTESIAN_POINT('',(-24.645673175302,-52.2187500000001,38.4684524074458));
#5768=CARTESIAN_POINT('',(-21.3151446489361,-54.5625,36.7166669249873));
#5769=CARTESIAN_POINT('',(-17.5655148731561,-56.9062500000001,36.3981560365149));
#5770=CARTESIAN_POINT('',(-13.9872280037487,-59.25,37.5630747983668));
#5771=CARTESIAN_POINT('',(-11.1437472880488,-61.5937500000001,40.0279865738534));
#5772=CARTESIAN_POINT('',(-9.48282801686426,-63.9375,43.4047483090216));
#5773=CARTESIAN_POINT('',(-9.26601069833735,-66.28125,47.1616303795526));
#5774=CARTESIAN_POINT('',(-10.5274369747773,-68.625,50.7070466302339));
#5775=CARTESIAN_POINT('',(-13.0684734297097,-70.96875,53.4827098620028));
#5776=CARTESIAN_POINT('',(-16.4889898598419,-73.3125,55.051543821568));
#5777=CARTESIAN_POINT('',(-20.2503667062545,-75.6562500000001,55.1665084281174));
#5778=CARTESIAN_POINT('',(-23.7603100334193,-78.,53.80950051304));
#5779=CARTESIAN_POINT('',(-26.466118468509,-80.34375,51.1942044773903));
#5780=CARTESIAN_POINT('',(-27.9417156059297,-82.6875,47.7324439816993));
#5781=CARTESIAN_POINT('',(-27.9547431174768,-85.0312500000001,43.9693331774002));
#5782=CARTESIAN_POINT('',(-26.5031495958071,-87.375,40.497439041725));
#5783=CARTESIAN_POINT('',(-23.8155135840562,-89.7187500000001,37.8634714432474));
#5784=CARTESIAN_POINT('',(-20.3150499249989,-92.0625,36.4821942034776));
#5785=CARTESIAN_POINT('',(-16.552967253519,-94.40625,36.5711133490131));
#5786=CARTESIAN_POINT('',(-13.1216706495292,-96.7500000000001,38.1162270202148));
#5787=CARTESIAN_POINT('',(-10.5614771970455,-99.0937500000001,40.8742303065348));
#5788=CARTESIAN_POINT('',(-9.27553370044529,-101.4375,44.4108278189807));
#5789=CARTESIAN_POINT('',(-9.46633423718157,-103.78125,48.1691210215758));
#5790=CARTESIAN_POINT('',(-11.1038339578763,-106.125,51.5573015519213));
#5791=CARTESIAN_POINT('',(-13.9301801682635,-108.46875,54.0418416986123));
#5792=CARTESIAN_POINT('',(-17.500315702185,-110.8125,55.2315075806653));
#5793=CARTESIAN_POINT('',(-21.2520608812669,-113.15625,54.9389656986678));
#5794=CARTESIAN_POINT('',(-24.594638442834,-115.5,53.2102818390799));
#5795=CARTESIAN_POINT('',(-27.0017016528019,-117.84375,50.3176672182351));
#5796=CARTESIAN_POINT('',(-28.0942167158745,-120.1875,46.7166141113878));
#5797=CARTESIAN_POINT('',(-27.700148211781,-122.53125,42.974170704183));
#5798=CARTESIAN_POINT('',(-25.8815490524146,-124.875,39.6796495346103));
#5799=CARTESIAN_POINT('',(-22.9247891746123,-127.21875,37.3518300239095));
#5800=CARTESIAN_POINT('',(-19.2954616386674,-129.5625,36.3572676800731));
#5801=CARTESIAN_POINT('',(-15.5650669166392,-131.90625,36.8525735496957));
#5802=CARTESIAN_POINT('',(-12.3210203178347,-134.25,38.7597532239579));
#5803=CARTESIAN_POINT('',(-10.0741529982655,-136.59375,41.7784879317677));
#5804=CARTESIAN_POINT('',(-9.1782737749066,-138.9375,45.4334267140638));
#5805=CARTESIAN_POINT('',(-9.77445196290537,-141.28125,49.1490320155633));
#5806=CARTESIAN_POINT('',(-11.7688178853685,-143.625,52.340232861189));
#5807=CARTESIAN_POINT('',(-14.8472908484133,-145.96875,54.5044617877863));
#5808=CARTESIAN_POINT('',(-18.5252359957016,-148.3125,55.3011384862446));
#5809=CARTESIAN_POINT('',(-22.2230342561808,-150.65625,54.6040099375589));
#5810=CARTESIAN_POINT('',(-24.3144319630633,-152.21875,53.2185672983602));
#5811=CARTESIAN_POINT('',(-25.1832729112782,-153.,52.3483524184144));
#5812=CARTESIAN_POINT('',(-21.4804685517391,147.,54.6096964150774));
#5813=CARTESIAN_POINT('',(-22.6514314425275,146.21875,54.2341808466873));
#5814=CARTESIAN_POINT('',(-24.8390867891289,144.65625,53.0063569065649));
#5815=CARTESIAN_POINT('',(-27.1480447690611,142.3125,50.035091626132));
#5816=CARTESIAN_POINT('',(-28.1190132595591,139.96875,46.3992707101513));
#5817=CARTESIAN_POINT('',(-27.5995999359861,137.625,42.6721951150079));
#5818=CARTESIAN_POINT('',(-25.6714605152287,135.28125,39.4405489918112));
#5819=CARTESIAN_POINT('',(-22.6382500949276,132.9375,37.213266854444));
#5820=CARTESIAN_POINT('',(-18.9775905082636,130.59375,36.3410578877077));
#5821=CARTESIAN_POINT('',(-15.265918609027,128.25,36.9612705113019));
#5822=CARTESIAN_POINT('',(-12.0877007324516,125.90625,38.9762404303412));
#5823=CARTESIAN_POINT('',(-9.94340251966675,123.5625,42.06867601757));
#5824=CARTESIAN_POINT('',(-9.17068081588038,121.21875,45.7516196483447));
#5825=CARTESIAN_POINT('',(-9.89121405109624,118.875,49.4451280761577));
#5826=CARTESIAN_POINT('',(-11.9915417834405,116.53125,52.5675944180031));
#5827=CARTESIAN_POINT('',(-15.1409310324981,114.1875,54.6273322653924));
#5828=CARTESIAN_POINT('',(-18.8434559099648,111.84375,55.3000002169984));
#5829=CARTESIAN_POINT('',(-22.5160897422699,109.5,54.4796750526208));
#5830=CARTESIAN_POINT('',(-25.5805127185615,107.15625,52.2955311782694));
#5831=CARTESIAN_POINT('',(-27.5541783621507,104.8125,49.0914998786712));
#5832=CARTESIAN_POINT('',(-28.1262988314578,102.46875,45.3721113791879));
#5833=CARTESIAN_POINT('',(-27.2067838488538,100.125,41.7230478228414));
#5834=CARTESIAN_POINT('',(-24.9404269753303,97.7812500000001,38.7189174722536));
#5835=CARTESIAN_POINT('',(-21.6841053563435,95.4374999999999,36.8327726858685));
#5836=CARTESIAN_POINT('',(-17.9505832337683,93.0937500000001,36.3616196303427));
#5837=CARTESIAN_POINT('',(-14.3277683343919,90.7499999999999,37.3796495151428));
#5838=CARTESIAN_POINT('',(-11.3861356151416,88.40625,39.7265559015428));
#5839=CARTESIAN_POINT('',(-9.58889609988119,86.0625,43.0327777280807));
#5840=CARTESIAN_POINT('',(-9.21905628039511,83.7187500000001,46.7776931008779));
#5841=CARTESIAN_POINT('',(-10.3348538422816,81.3750000000001,50.3716002285562));
#5842=CARTESIAN_POINT('',(-12.7605871326172,79.03125,53.248576183556));
#5843=CARTESIAN_POINT('',(-16.1142824285491,76.6875,54.9555912694686));
#5844=CARTESIAN_POINT('',(-19.8678423161514,74.34375,55.223846393694));
#5845=CARTESIAN_POINT('',(-23.4302037754577,72.0000000000001,54.0111001404579));
#5846=CARTESIAN_POINT('',(-26.2404112907981,69.65625,51.5083204133919));
#5847=CARTESIAN_POINT('',(-27.8559490130891,67.3125,48.1096132313376));
#5848=CARTESIAN_POINT('',(-28.0224225451182,64.96875,44.3501639093462));
#5849=CARTESIAN_POINT('',(-26.7136177457685,62.6249999999999,40.821962860839));
#5850=CARTESIAN_POINT('',(-24.1356286005932,60.2812500000001,38.0805864531107));
#5851=CARTESIAN_POINT('',(-20.6944041540238,57.9375,36.5577118851237));
#5852=CARTESIAN_POINT('',(-16.9318248008521,55.59375,36.4931421354201));
#5853=CARTESIAN_POINT('',(-13.4403738321255,53.25,37.8970448295075));
#5854=CARTESIAN_POINT('',(-10.7698406785263,50.9062500000001,40.5483511711093));
#5855=CARTESIAN_POINT('',(-9.34074704157332,48.5625,44.0295670532848));
#5856=CARTESIAN_POINT('',(-9.37812846783168,46.21875,47.7925147370109));
#5857=CARTESIAN_POINT('',(-10.8760986042508,43.8750000000001,51.2446529312155));
#5858=CARTESIAN_POINT('',(-13.5987761064098,41.53125,53.8423826825031));
#5859=CARTESIAN_POINT('',(-17.1174282419143,39.1875,55.1766464460822));
#5860=CARTESIAN_POINT('',(-20.8779822852184,36.84375,55.0373412815047));
#5861=CARTESIAN_POINT('',(-24.2882738653949,34.5,53.4464031998475));
#5862=CARTESIAN_POINT('',(-26.811293503255,32.15625,50.654352958813));
#5863=CARTESIAN_POINT('',(-28.0497480554253,29.8125,47.1008472301418));
#5864=CARTESIAN_POINT('',(-27.8086214013116,27.46875,43.345447041325));
#5865=CARTESIAN_POINT('',(-26.1258831091755,25.125,39.9795051996309));
#5866=CARTESIAN_POINT('',(-23.2665094699364,22.78125,37.5330475497388));
#5867=CARTESIAN_POINT('',(-19.6807583904961,20.4375,36.391311223882));
#5868=CARTESIAN_POINT('',(-15.9332684873474,18.09375,36.734082382658));
#5869=CARTESIAN_POINT('',(-12.6141469562658,15.75,38.5073857699555));
#5870=CARTESIAN_POINT('',(-10.2460469730474,13.40625,41.431984051937));
#5871=CARTESIAN_POINT('',(-9.20186689806863,11.0625,45.0473485719416));
#5872=CARTESIAN_POINT('',(-9.64603097044848,8.71875000000002,48.7841775643223));
#5873=CARTESIAN_POINT('',(-11.5085978635944,6.37500000000002,52.0540425783624));
#5874=CARTESIAN_POINT('',(-14.4962741585349,4.03125000000003,54.3420467300502));
#5875=CARTESIAN_POINT('',(-18.1385984728893,1.68750000000001,55.2879041350285));
#5876=CARTESIAN_POINT('',(-21.8620237544182,-0.65624999999998,54.7426731616236));
#5877=CARTESIAN_POINT('',(-25.0802321988457,-2.99999999999999,52.7922098705806));
#5878=CARTESIAN_POINT('',(-27.2864611437913,-5.34374999999998,49.7436484911801));
#5879=CARTESIAN_POINT('',(-28.133301627634,-7.68749999999998,46.077037816945));
#5880=CARTESIAN_POINT('',(-27.4874039480114,-10.03125,42.3697492081437));
#5881=CARTESIAN_POINT('',(-25.4504758822178,-12.375,39.2055594704273));
#5882=CARTESIAN_POINT('',(-22.3432670359795,-14.71875,37.082725085142));
#5883=CARTESIAN_POINT('',(-18.6550612623107,-17.0624999999999,36.3355230960084));
#5884=CARTESIAN_POINT('',(-14.9666304439355,-19.40625,37.0816133985512));
#5885=CARTESIAN_POINT('',(-11.8587819007647,-21.75,39.2035111515552));
#5886=CARTESIAN_POINT('',(-9.82090021717491,-24.09375,42.3670868002759));
#5887=CARTESIAN_POINT('',(-9.17388516253244,-26.4375,46.0741805623156));
#5888=CARTESIAN_POINT('',(-10.0196204641821,-28.78125,49.7410463140215));
#5889=CARTESIAN_POINT('',(-12.2249304498411,-31.125,52.7902725287589));
#5890=CARTESIAN_POINT('',(-15.4425508639448,-33.4687499999999,54.7417057231653));
#5891=CARTESIAN_POINT('',(-19.1658116396735,-35.8125,55.2880589398761));
#5892=CARTESIAN_POINT('',(-22.8084208770381,-38.15625,54.3432994014992));
#5893=CARTESIAN_POINT('',(-25.7967866577367,-40.5,52.0561958615952));
#5894=CARTESIAN_POINT('',(-27.660339027913,-42.84375,48.7868923875968));
#5895=CARTESIAN_POINT('',(-28.1056293881674,-45.1875,45.0501974393096));
#5896=CARTESIAN_POINT('',(-27.0625390583735,-47.53125,41.4345183598863));
#5897=CARTESIAN_POINT('',(-24.6953206783949,-49.875,38.5092064478022));
#5898=CARTESIAN_POINT('',(-21.3767337849081,-52.21875,36.7349027331393));
#5899=CARTESIAN_POINT('',(-17.6293473657592,-54.5625,36.3910020686051));
#5900=CARTESIAN_POINT('',(-14.0432523213749,-56.90625,37.5316575705571));
#5901=CARTESIAN_POINT('',(-11.1831414314875,-59.25,39.9772532728422));
#5902=CARTESIAN_POINT('',(-9.49938869588212,-61.59375,43.3426877718084));
#5903=CARTESIAN_POINT('',(-9.25713014717442,-63.9375,47.0980151126758));
#5904=CARTESIAN_POINT('',(-10.4945135900349,-66.2812500000001,50.6518939593481));
#5905=CARTESIAN_POINT('',(-13.0166915685837,-68.625,53.4447045304418));
#5906=CARTESIAN_POINT('',(-16.4265034732834,-70.96875,55.0366704270791));
#5907=CARTESIAN_POINT('',(-20.1870153581586,-73.3124999999999,55.1771090442858));
#5908=CARTESIAN_POINT('',(-23.7060694908559,-75.65625,53.8439058892363));
#5909=CARTESIAN_POINT('',(-26.4295298444096,-78.,51.246996891194));
#5910=CARTESIAN_POINT('',(-27.9285404129121,-80.34375,47.7953103531368));
#5911=CARTESIAN_POINT('',(-27.9670560178904,-82.6875,44.0323741073756));
#5912=CARTESIAN_POINT('',(-26.539011710209,-85.03125,40.5507276438775));
#5913=CARTESIAN_POINT('',(-23.8692778013641,-87.3750000000001,37.8986165041527));
#5914=CARTESIAN_POINT('',(-20.3782501379433,-89.71875,36.4936615245462));
#5915=CARTESIAN_POINT('',(-16.6156514938778,-92.0625,36.5570972019164));
#5916=CARTESIAN_POINT('',(-13.1739681978986,-94.40625,38.0789344900882));
#5917=CARTESIAN_POINT('',(-10.5951528985866,-96.75,40.8195337481924));
#5918=CARTESIAN_POINT('',(-9.28528473265061,-99.0937500000001,44.3473401529373));
#5919=CARTESIAN_POINT('',(-9.45062513113231,-101.4375,48.1068394805229));
#5920=CARTESIAN_POINT('',(-11.0651383844186,-103.78125,51.5060334432816));
#5921=CARTESIAN_POINT('',(-13.8745914156865,-106.125,54.0096600741087));
#5922=CARTESIAN_POINT('',(-17.4365871824387,-108.46875,55.2234799944961));
#5923=CARTESIAN_POINT('',(-21.1902277536318,-110.8125,54.9563562333221));
#5924=CARTESIAN_POINT('',(-24.54443740427,-113.15625,53.2503520536522));
#5925=CARTESIAN_POINT('',(-26.9710377263722,-115.5,50.3741073633893));
#5926=CARTESIAN_POINT('',(-28.0879184679081,-117.84375,46.7805367086376));
#5927=CARTESIAN_POINT('',(-27.7192074105839,-120.1875,43.035510033488));
#5928=CARTESIAN_POINT('',(-25.9229644967433,-122.53125,39.7287466557231));
#5929=CARTESIAN_POINT('',(-22.9820392863911,-124.875,37.3809537461323));
#5930=CARTESIAN_POINT('',(-19.3595313924575,-127.21875,36.3618319635323));
#5931=CARTESIAN_POINT('',(-15.625867433778,-129.5625,36.8318596888878));
#5932=CARTESIAN_POINT('',(-12.3689774521657,-131.90625,38.7170229004672));
#5933=CARTESIAN_POINT('',(-10.1017152609009,-134.25,41.7204700535223));
#5934=CARTESIAN_POINT('',(-9.18110029146676,-136.59375,45.369256162071));
#5935=CARTESIAN_POINT('',(-9.75210033169675,-138.9375,49.0888174317957));
#5936=CARTESIAN_POINT('',(-11.7247977474101,-141.28125,52.2934416054568));
#5937=CARTESIAN_POINT('',(-14.7885712964822,-143.625,54.4785159542631));
#5938=CARTESIAN_POINT('',(-18.4609240124828,-145.96875,55.2999221632741));
#5939=CARTESIAN_POINT('',(-22.163777229213,-148.3125,54.6284667859935));
#5940=CARTESIAN_POINT('',(-25.3133178116148,-150.65625,52.5693178578196));
#5941=CARTESIAN_POINT('',(-26.7153314028311,-152.21875,50.4889925070855));
#5942=CARTESIAN_POINT('',(-27.1850189547417,-153.,49.3525277543744));
#5943=CARTESIAN_POINT('',(-24.6294526764712,147.,52.8587390705435));
#5944=CARTESIAN_POINT('',(-25.5675777379829,146.21875,52.0636998245494));
#5945=CARTESIAN_POINT('',(-27.1188398571506,144.65625,50.0921589598737));
#5946=CARTESIAN_POINT('',(-28.1149848802554,142.3125,46.463467816673));
#5947=CARTESIAN_POINT('',(-27.6206743677475,139.96875,42.73283373386));
#5948=CARTESIAN_POINT('',(-25.7145089477511,137.625,39.4882357488657));
#5949=CARTESIAN_POINT('',(-22.6964429704709,135.28125,37.2404510509388));
#5950=CARTESIAN_POINT('',(-19.0417779721816,132.9375,36.3434700458235));
#5951=CARTESIAN_POINT('',(-15.3259895834413,130.59375,36.938527808728));
#5952=CARTESIAN_POINT('',(-12.1341969799325,128.25,38.9319248996846));
#5953=CARTESIAN_POINT('',(-9.96900213863333,125.90625,42.0097656923229));
#5954=CARTESIAN_POINT('',(-9.17135277312963,123.5625,45.687391037056));
#5955=CARTESIAN_POINT('',(-9.8668525165061,121.21875,49.3856950707894));
#5956=CARTESIAN_POINT('',(-11.9459829076411,118.875,52.5223157788183));
#5957=CARTESIAN_POINT('',(-15.0813488482617,116.53125,54.6033378972997));
#5958=CARTESIAN_POINT('',(-18.7792326645883,114.1875,55.3010684491583));
#5959=CARTESIAN_POINT('',(-22.4573384980563,111.84375,54.5056376732973));
#5960=CARTESIAN_POINT('',(-25.536484876572,109.5,52.3422999231581));
#5961=CARTESIAN_POINT('',(-27.531806868709,107.15625,49.1517101987992));
#5962=CARTESIAN_POINT('',(-28.1291064657064,104.8125,45.4362821167453));
#5963=CARTESIAN_POINT('',(-27.2343285001485,102.46875,41.7810741836939));
#5964=CARTESIAN_POINT('',(-24.9883712612221,100.125,38.7616622008066));
#5965=CARTESIAN_POINT('',(-21.7448996185724,97.7812499999999,36.8535048842268));
#5966=CARTESIAN_POINT('',(-18.014654362725,95.4375,36.3570746547712));
#5967=CARTESIAN_POINT('',(-14.3850272210418,93.09375,37.3505430507689));
#5968=CARTESIAN_POINT('',(-11.4275658559966,90.75,39.6774712653373));
#5969=CARTESIAN_POINT('',(-9.60797378590281,88.40625,42.9714441462125));
#5970=CARTESIAN_POINT('',(-9.21277729947321,86.0625,46.713768608175));
#5971=CARTESIAN_POINT('',(-10.3042069287211,83.7187499999999,50.3151508436353));
#5972=CARTESIAN_POINT('',(-12.7103981737954,81.375,53.2084908398365));
#5973=CARTESIAN_POINT('',(-16.0524545453589,79.03125,54.9381820986399));
#5974=CARTESIAN_POINT('',(-19.8041113797258,76.6875,55.2318547712487));
#5975=CARTESIAN_POINT('',(-23.374605325625,74.34375,54.0432650086363));
#5976=CARTESIAN_POINT('',(-26.2017002665088,72.0000000000001,51.5595768565693));
#5977=CARTESIAN_POINT('',(-27.8402211356338,69.65625,48.17189003472));
#5978=CARTESIAN_POINT('',(-28.032154441226,67.3124999999999,44.4136545115394));
#5979=CARTESIAN_POINT('',(-26.7472769598301,64.9687500000001,40.8766695668032));
#5980=CARTESIAN_POINT('',(-24.1879149063416,62.6249999999999,38.1178947444137));
#5981=CARTESIAN_POINT('',(-20.7570841669636,60.28125,36.5717469250798));
#5982=CARTESIAN_POINT('',(-16.995028467262,57.9375,36.4816938638865));
#5983=CARTESIAN_POINT('',(-13.4941486399736,55.59375,37.8619159751338));
#5984=CARTESIAN_POINT('',(-10.8057188528803,53.25,40.4950733804854));
#5985=CARTESIAN_POINT('',(-9.35307894243272,50.90625,43.9665298373727));
#5986=CARTESIAN_POINT('',(-9.36497222380457,48.5625,47.7296443973282));
#5987=CARTESIAN_POINT('',(-10.8395258938393,46.21875,51.1918494917261));
#5988=CARTESIAN_POINT('',(-13.544545936347,43.875,53.8079609593671));
#5989=CARTESIAN_POINT('',(-17.0540800918003,41.53125,55.1660267358278));
#5990=CARTESIAN_POINT('',(-20.8154914185469,39.1875,55.0521958414565));
#5991=CARTESIAN_POINT('',(-24.2364805515313,36.84375,53.4843929222441));
#5992=CARTESIAN_POINT('',(-26.778353496583,34.5,50.7094957038404));
#5993=CARTESIAN_POINT('',(-28.0408483305512,32.15625,47.1644598174647));
#5994=CARTESIAN_POINT('',(-27.8251633740697,29.8125,43.407512567231));
#5995=CARTESIAN_POINT('',(-26.1652619594302,27.46875,40.0302503720252));
#5996=CARTESIAN_POINT('',(-23.3225243156319,25.125,37.5644816622674));
#5997=CARTESIAN_POINT('',(-19.7445887239401,22.78125,36.3984844310548));
#5998=CARTESIAN_POINT('',(-15.9948631169302,20.4375,36.7158651387581));
#5999=CARTESIAN_POINT('',(-12.6638067406746,18.09375,38.4666466955769));
#6000=CARTESIAN_POINT('',(-10.2759521190665,15.75,41.3751382199852));
#6001=CARTESIAN_POINT('',(-9.2073083224684,13.40625,44.9833473432873));
#6002=CARTESIAN_POINT('',(-9.62615182670568,11.0625,48.7230990409871));
#6003=CARTESIAN_POINT('',(-11.4665284672199,8.71874999999996,52.0055046317909));
#6004=CARTESIAN_POINT('',(-14.4386390646741,6.37499999999998,54.3136925006586));
#6005=CARTESIAN_POINT('',(-18.0744733253721,4.03124999999999,55.2841984873602));
#6006=CARTESIAN_POINT('',(-21.8015061684375,1.68749999999998,54.7641996140898));
#6007=CARTESIAN_POINT('',(-25.0328517165427,-0.656250000000021,52.8355787103794));
#6008=CARTESIAN_POINT('',(-27.2596786427857,-3.00000000000002,49.8020305432903));
#6009=CARTESIAN_POINT('',(-28.1313344766103,-5.34375000000002,46.1412398160229));
#6010=CARTESIAN_POINT('',(-27.5105619089717,-7.68750000000002,42.4296614373869));
#6011=CARTESIAN_POINT('',(-25.4951123330879,-10.03125,39.2517477115979));
#6012=CARTESIAN_POINT('',(-22.4023531944195,-12.375,37.1079161996381));
#6013=CARTESIAN_POINT('',(-18.7192929892384,-14.71875,36.3357503065155));
#6014=CARTESIAN_POINT('',(-15.0258933413842,-17.0625,37.0568409268396));
#6015=CARTESIAN_POINT('',(-11.9037439990349,-19.40625,39.157639852381));
#6016=CARTESIAN_POINT('',(-9.84448145510177,-21.75,42.3073399042345));
#6017=CARTESIAN_POINT('',(-9.17237226575253,-24.09375,46.0099662530689));
#6018=CARTESIAN_POINT('',(-9.99325166449829,-26.4375,49.68247624682));
#6019=CARTESIAN_POINT('',(-12.1778579714995,-28.78125,52.7465695751802));
#6020=CARTESIAN_POINT('',(-15.3821870840059,-31.125,54.7197516702319));
#6021=CARTESIAN_POINT('',(-19.1016618808535,-33.46875,55.2913108334899));
#6022=CARTESIAN_POINT('',(-22.7505866300058,-35.8125,54.3712451746844));
#6023=CARTESIAN_POINT('',(-25.7543749264378,-38.15625,52.1044349683137));
#6024=CARTESIAN_POINT('',(-27.6400282740575,-40.5,48.8478287449422));
#6025=CARTESIAN_POINT('',(-28.1106178917535,-42.84375,45.1142355623359));
#6026=CARTESIAN_POINT('',(-27.0920412931053,-45.1875000000001,41.4915743369137));
#6027=CARTESIAN_POINT('',(-24.7446910064039,-47.53125,38.5502958269778));
#6028=CARTESIAN_POINT('',(-21.4381979929022,-49.875,36.7535552799996));
#6029=CARTESIAN_POINT('',(-17.6932268495643,-52.21875,36.3842806165652));
#6030=CARTESIAN_POINT('',(-14.0994881498052,-54.5625,37.5006205286633));
#6031=CARTESIAN_POINT('',(-11.2228782992916,-56.90625,39.9267879609356));
#6032=CARTESIAN_POINT('',(-9.51636934493972,-59.25,43.2807408273613));
#6033=CARTESIAN_POINT('',(-9.24868068016831,-61.59375,47.0343411550791));
#6034=CARTESIAN_POINT('',(-10.461964521899,-63.9375,50.5965195561257));
#6035=CARTESIAN_POINT('',(-12.9651683138806,-66.2812500000001,53.4063493405255));
#6036=CARTESIAN_POINT('',(-16.364119260904,-68.6249999999999,55.0213741394735));
#6037=CARTESIAN_POINT('',(-20.1235936629028,-70.9687500000001,55.1872803244227));
#6038=CARTESIAN_POINT('',(-23.6515971571736,-73.3125,53.8779430928805));
#6039=CARTESIAN_POINT('',(-26.3925844847575,-75.65625,51.2995402710715));
#6040=CARTESIAN_POINT('',(-27.9149397141012,-78.,47.8580860439778));
#6041=CARTESIAN_POINT('',(-27.9789416455266,-80.3437500000001,44.0954969893158));
#6042=CARTESIAN_POINT('',(-26.5745120663495,-82.6875,40.6042579257995));
#6043=CARTESIAN_POINT('',(-23.9228027400301,-85.03125,37.9341249159662));
#6044=CARTESIAN_POINT('',(-20.4413712304333,-87.3750000000001,36.5055566517676));
#6045=CARTESIAN_POINT('',(-16.6784292308539,-89.71875,36.5435059507287));
#6046=CARTESIAN_POINT('',(-13.2265171372975,-92.0625,38.0419970384053));
#6047=CARTESIAN_POINT('',(-10.6291982996952,-94.40625,40.7650665375786));
#6048=CARTESIAN_POINT('',(-9.29546555736241,-96.75,44.283919989133));
#6049=CARTESIAN_POINT('',(-9.43533823225338,-99.0937500000001,48.0444529668252));
#6050=CARTESIAN_POINT('',(-11.0267909489627,-101.4375,51.4545044168719));
#6051=CARTESIAN_POINT('',(-13.8192219115852,-103.78125,53.977102672734));
#6052=CARTESIAN_POINT('',(-17.3729144971711,-106.125,55.2150209449312));
#6053=CARTESIAN_POINT('',(-21.1282782543722,-108.46875,54.973327559441));
#6054=CARTESIAN_POINT('',(-24.4939661127091,-110.8125,53.2900813261959));
#6055=CARTESIAN_POINT('',(-26.9399922215803,-113.15625,50.4303385202417));
#6056=CARTESIAN_POINT('',(-28.0811874023641,-115.5,46.8444151801732));
#6057=CARTESIAN_POINT('',(-27.7378507071183,-117.84375,43.0969770479016));
#6058=CARTESIAN_POINT('',(-25.9640464455008,-120.1875,39.7781231669899));
#6059=CARTESIAN_POINT('',(-23.0390908225628,-122.53125,37.4104645670451));
#6060=CARTESIAN_POINT('',(-19.4235687649472,-124.875,36.3668301051256));
#6061=CARTESIAN_POINT('',(-15.6868068436181,-127.21875,36.8115581036651));
#6062=CARTESIAN_POINT('',(-12.4172229541647,-129.5625,38.6746184378393));
#6063=CARTESIAN_POINT('',(-10.1296696888878,-131.90625,41.6626399814596));
#6064=CARTESIAN_POINT('',(-9.18436202099985,-134.25,45.3051070105713));
#6065=CARTESIAN_POINT('',(-9.73015468540163,-136.59375,49.0284499111607));
#6066=CARTESIAN_POINT('',(-11.6811044092237,-138.9375,52.2463641829052));
#6067=CARTESIAN_POINT('',(-14.7299957536561,-141.28125,54.4521322482787));
#6068=CARTESIAN_POINT('',(-18.3967451796673,-143.625,55.2984223384079));
#6069=CARTESIAN_POINT('',(-22.1038952375728,-145.96875,54.6519541805766));
#6070=CARTESIAN_POINT('',(-25.2679306879457,-148.3125,52.6145897219899));
#6071=CARTESIAN_POINT('',(-27.3897245892559,-150.65625,49.5069071724109));
#6072=CARTESIAN_POINT('',(-27.8889102048282,-152.21875,47.0484097865939));
#6073=CARTESIAN_POINT('',(-27.8879386883843,-153.,45.8187116176395));
#6074=CARTESIAN_POINT('',(-26.868672290983,147.,50.0360013643126));
#6075=CARTESIAN_POINT('',(-27.4311384867276,146.21875,48.9424759588685));
#6076=CARTESIAN_POINT('',(-28.1098417830447,144.65625,46.527367394224));
#6077=CARTESIAN_POINT('',(-27.6415197996313,142.3125,42.7936857206408));
#6078=CARTESIAN_POINT('',(-25.757184578711,139.96875,39.5361936918214));
#6079=CARTESIAN_POINT('',(-22.754463468053,137.625,37.2680339478378));
#6080=CARTESIAN_POINT('',(-19.1059441204549,135.28125,36.3463155192208));
#6081=CARTESIAN_POINT('',(-15.3862141605462,132.9375,36.9161928732334));
#6082=CARTESIAN_POINT('',(-12.1809920682097,130.59375,38.8879252155881));
#6083=CARTESIAN_POINT('',(-9.99500025064081,128.25,41.9510301369989));
#6084=CARTESIAN_POINT('',(-9.17245973166567,125.90625,45.6231684432531));
#6085=CARTESIAN_POINT('',(-9.84289409863143,123.5625,49.3260984245116));
#6086=CARTESIAN_POINT('',(-11.9007317579626,121.21875,52.4767295972775));
#6087=CARTESIAN_POINT('',(-15.0219305503303,118.875,54.5789405162623));
#6088=CARTESIAN_POINT('',(-18.7150036569307,116.53125,55.3017016583533));
#6089=CARTESIAN_POINT('',(-22.3984127508909,114.1875,54.5312017631041));
#6090=CARTESIAN_POINT('',(-25.492141269327,111.84375,52.388769384803));
#6091=CARTESIAN_POINT('',(-27.5090280704557,109.5,49.2117676106555));
#6092=CARTESIAN_POINT('',(-28.1314793927743,107.15625,45.5004703990549));
#6093=CARTESIAN_POINT('',(-27.2614794940714,104.8125,41.8392857795984));
#6094=CARTESIAN_POINT('',(-25.0360249277221,102.46875,38.8047306862437));
#6095=CARTESIAN_POINT('',(-21.8055520624469,100.125,36.8746483801723));
#6096=CARTESIAN_POINT('',(-18.0787548061208,97.78125,36.3529637515606));
#6097=CARTESIAN_POINT('',(-14.4424819388582,95.4375,37.321825081318));
#6098=CARTESIAN_POINT('',(-11.4693276077364,93.09375,39.6286683713619));
#6099=CARTESIAN_POINT('',(-9.62746646039635,90.75,42.9102411886872));
#6100=CARTESIAN_POINT('',(-9.20693143748765,88.40625,46.6498030528628));
#6101=CARTESIAN_POINT('',(-10.2739430624827,86.0625,50.2584951751719));
#6102=CARTESIAN_POINT('',(-12.6604818732457,83.71875,53.1680664745578));
#6103=CARTESIAN_POINT('',(-15.9907459966232,81.3749999999999,54.9203545530525));
#6104=CARTESIAN_POINT('',(-19.7403276626603,79.0312500000001,55.2394313011972));
#6105=CARTESIAN_POINT('',(-23.3187902912838,76.6875,54.0750525582468));
#6106=CARTESIAN_POINT('',(-26.162642958825,74.3437499999999,51.6105699255614));
#6107=CARTESIAN_POINT('',(-27.8240718042163,72.0000000000001,48.2340588811264));
#6108=CARTESIAN_POINT('',(-28.0414560780302,69.65625,44.4772095736632));
#6109=CARTESIAN_POINT('',(-26.7805648610269,67.3125,40.9316029992706));
#6110=CARTESIAN_POINT('',(-24.2399473153054,64.96875,38.1555563267774));
#6111=CARTESIAN_POINT('',(-20.8196676796469,62.6250000000001,36.5862061888582));
#6112=CARTESIAN_POINT('',(-17.0583082255786,60.28125,36.4706739475475));
#6113=CARTESIAN_POINT('',(-13.5481601499043,57.9375,37.8271521553815));
#6114=CARTESIAN_POINT('',(-10.8419570666492,55.5937500000001,40.4420398228867));
#6115=CARTESIAN_POINT('',(-9.36583752559757,53.2499999999999,43.9035775941689));
#6116=CARTESIAN_POINT('',(-9.35224211645356,50.9062500000001,47.666686389612));
#6117=CARTESIAN_POINT('',(-10.8033116718742,48.5625,51.1387995483125));
#6118=CARTESIAN_POINT('',(-13.4905501562847,46.2187500000001,53.7731727127277));
#6119=CARTESIAN_POINT('',(-16.990805324477,43.875,55.154978197966));
#6120=CARTESIAN_POINT('',(-20.7529013720631,41.53125,55.0666267960308));
#6121=CARTESIAN_POINT('',(-24.1844311128331,39.1875,53.5220309654973));
#6122=CARTESIAN_POINT('',(-26.7450407513448,36.84375,50.7644140739315));
#6123=CARTESIAN_POINT('',(-28.0315179475232,34.5,47.2280106657775));
#6124=CARTESIAN_POINT('',(-27.841284583672,32.15625,43.4696887119308));
#6125=CARTESIAN_POINT('',(-26.2042961979742,29.8125,40.0812611021712));
#6126=CARTESIAN_POINT('',(-23.378324966144,27.46875,37.5962944548383));
#6127=CARTESIAN_POINT('',(-19.8083690074709,25.125,36.4060898108285));
#6128=CARTESIAN_POINT('',(-16.0565797230945,22.78125,36.6980655069561));
#6129=CARTESIAN_POINT('',(-12.7137413208349,20.4375,38.4262449125349));
#6130=CARTESIAN_POINT('',(-10.3062416086561,18.09375,41.3184962462452));
#6131=CARTESIAN_POINT('',(-9.21318311670516,15.75,44.9193844387144));
#6132=CARTESIAN_POINT('',(-9.60668683747935,13.40625,48.6618872728116));
#6133=CARTESIAN_POINT('',(-11.4247887942384,11.0625,51.9566828531654));
#6134=CARTESIAN_POINT('',(-14.3811973424245,8.71875,54.2849485462732));
#6135=CARTESIAN_POINT('',(-18.0103747479741,6.37500000000002,55.2800585907084));
#6136=CARTESIAN_POINT('',(-21.740844167158,4.03125000000001,54.7853156736072));
#6137=CARTESIAN_POINT('',(-24.9851785742144,1.6875,52.8786256367421));
#6138=CARTESIAN_POINT('',(-27.2325013214174,-0.656249999999996,49.8602298523242));
#6139=CARTESIAN_POINT('',(-28.1289325161919,-2.99999999999999,46.2054270184457));
#6140=CARTESIAN_POINT('',(-27.5333135397755,-5.34375000000001,42.4897291463871));
#6141=CARTESIAN_POINT('',(-25.5394349167612,-7.68749999999998,39.298237225956));
#6142=CARTESIAN_POINT('',(-22.4612673724486,-10.03125,37.1335069400708));
#6143=CARTESIAN_POINT('',(-18.7835217038364,-12.375,36.3364125676825));
#6144=CARTESIAN_POINT('',(-15.0853226689274,-14.71875,37.0324704242491));
#6145=CARTESIAN_POINT('',(-11.9490157625223,-17.0625,39.1120741437893));
#6146=CARTESIAN_POINT('',(-9.86846683121736,-19.40625,42.2477540997054));
#6147=CARTESIAN_POINT('',(-9.17129434157416,-21.75,45.9457431696158));
#6148=CARTESIAN_POINT('',(-9.96728017785902,-24.09375,49.6237289213451));
#6149=CARTESIAN_POINT('',(-12.1310825828241,-26.4375,52.7025487916452));
#6150=CARTESIAN_POINT('',(-15.3219733884415,-28.78125,54.6973892634918));
#6151=CARTESIAN_POINT('',(-19.0374915677318,-31.125,55.2941281518266));
#6152=CARTESIAN_POINT('',(-22.6925644266263,-33.46875,54.3987985825268));
#6153=CARTESIAN_POINT('',(-25.7116374337291,-35.8125,52.1523857043424));
#6154=CARTESIAN_POINT('',(-27.6193052505053,-38.15625,48.9086261352122));
#6155=CARTESIAN_POINT('',(-28.1151725363613,-40.5,45.1783060046725));
#6156=CARTESIAN_POINT('',(-27.1211563981882,-42.84375,41.5488288304035));
#6157=CARTESIAN_POINT('',(-24.7937818943618,-45.1875,38.5917186599113));
#6158=CARTESIAN_POINT('',(-21.4995344531199,-47.53125,36.7726237098441));
#6159=CARTESIAN_POINT('',(-17.757150393967,-49.875,36.377991988756));
#6160=CARTESIAN_POINT('',(-14.1559329091032,-52.21875,37.4699650965746));
#6161=CARTESIAN_POINT('',(-11.2629560684498,-54.5625,39.8765929533345));
#6162=CARTESIAN_POINT('',(-9.53376918501429,-56.9062500000001,43.2189103176262));
#6163=CARTESIAN_POINT('',(-9.24066268495588,-59.25,46.9706114279376));
#6164=CARTESIAN_POINT('',(-10.429791263626,-61.59375,50.5409259609836));
#6165=CARTESIAN_POINT('',(-12.913906029337,-63.9375000000001,53.3676460518778));
#6166=CARTESIAN_POINT('',(-16.3018400847091,-66.2812499999999,55.0056556605005));
#6167=CARTESIAN_POINT('',(-20.06010453009,-68.6250000000001,55.1970218018993));
#6168=CARTESIAN_POINT('',(-23.5968955314039,-70.9687499999999,53.9116105624453));
#6169=CARTESIAN_POINT('',(-26.3552840844989,-73.3125,51.3518322064849));
#6170=CARTESIAN_POINT('',(-27.900914133457,-75.6562500000001,47.9207681742573));
#6171=CARTESIAN_POINT('',(-27.9903994551074,-78.,44.1586989273267));
#6172=CARTESIAN_POINT('',(-26.6096490355753,-80.34375,40.6580274316777));
#6173=CARTESIAN_POINT('',(-23.9760859444866,-82.6875,37.9699950496656));
#6174=CARTESIAN_POINT('',(-20.5044103066566,-85.0312500000001,36.5178790394283));
#6175=CARTESIAN_POINT('',(-16.7412975843888,-87.3749999999999,36.5303402189765));
#6176=CARTESIAN_POINT('',(-13.2793150569326,-89.71875,38.0054163597495));
#6177=CARTESIAN_POINT('',(-10.6636118384682,-92.0625,40.7108311734893));
#6178=CARTESIAN_POINT('',(-9.30607570751379,-94.40625,44.2205702371014));
#6179=CARTESIAN_POINT('',(-9.42047424186286,-96.75,47.9819643425928));
#6180=CARTESIAN_POINT('',(-10.9887934107777,-99.09375,51.402716836695));
#6181=CARTESIAN_POINT('',(-13.7640741961502,-101.4375,53.9441709881266));
#6182=CARTESIAN_POINT('',(-17.3093005674995,-103.78125,55.2061308200473));
#6183=CARTESIAN_POINT('',(-21.0662152255512,-106.125,54.9898788984297));
#6184=CARTESIAN_POINT('',(-24.4432268836247,-108.46875,53.3294678340467));
#6185=CARTESIAN_POINT('',(-26.9085665627101,-110.8125,50.4863581090769));
#6186=CARTESIAN_POINT('',(-28.0740238280205,-113.15625,46.9082465954121));
#6187=CARTESIAN_POINT('',(-27.7560772461717,-115.5,43.1585689275875));
#6188=CARTESIAN_POINT('',(-26.0047930136405,-117.84375,39.8277768028229));
#6189=CARTESIAN_POINT('',(-23.0959411669854,-120.1875,37.4403611340325));
#6190=CARTESIAN_POINT('',(-19.4875708137535,-122.53125,36.3722618708706));
#6191=CARTESIAN_POINT('',(-15.7478823673576,-124.875,36.7916697428799));
#6192=CARTESIAN_POINT('',(-12.465754547324,-127.21875,38.6325417162506));
#6193=CARTESIAN_POINT('',(-10.1580152354145,-129.5625,41.6050006120493));
#6194=CARTESIAN_POINT('',(-9.18805793438915,-131.90625,45.240981294177));
#6195=CARTESIAN_POINT('',(-9.70861931307863,-134.25,48.967935613209));
#6196=CARTESIAN_POINT('',(-11.6377276257839,-136.59375,52.1989901014117));
#6197=CARTESIAN_POINT('',(-14.6716126231496,-138.9375,54.4253590977685));
#6198=CARTESIAN_POINT('',(-18.3325318273797,-141.28125,55.2964628622385));
#6199=CARTESIAN_POINT('',(-22.0440277693863,-143.625,54.6751286991074));
#6200=CARTESIAN_POINT('',(-25.2215951782795,-145.96875,52.6592050912149));
#6201=CARTESIAN_POINT('',(-27.3651171470286,-148.3125,49.5661018213874));
#6202=CARTESIAN_POINT('',(-28.1361404798824,-150.65625,45.883002147364));
#6203=CARTESIAN_POINT('',(-27.6565016349687,-152.21875,43.4206166671208));
#6204=CARTESIAN_POINT('',(-27.1850189547421,-153.,42.2848954809045));
#6205=CARTESIAN_POINT('',(-27.8572265075416,147.,46.5712195239774));
#6206=CARTESIAN_POINT('',(-27.9584034579857,146.21875,45.3456872892297));
#6207=CARTESIAN_POINT('',(-27.6612215070484,144.65625,42.8546894105696));
#6208=CARTESIAN_POINT('',(-25.7997302937423,142.3125,39.5844363954984));
#6209=CARTESIAN_POINT('',(-22.8122433202534,139.96875,37.2960100528217));
#6210=CARTESIAN_POINT('',(-19.170103588297,137.625,36.3495953099509));
#6211=CARTESIAN_POINT('',(-15.4465848671423,135.28125,36.8942664260025));
#6212=CARTESIAN_POINT('',(-12.2280851125743,132.9375,38.8442434779455));
#6213=CARTESIAN_POINT('',(-10.0213953247891,130.59375,41.8924720244254));
#6214=CARTESIAN_POINT('',(-9.17400173131999,128.25,45.5589548191206));
#6215=CARTESIAN_POINT('',(-9.81933987233435,125.90625,49.2663408698805));
#6216=CARTESIAN_POINT('',(-11.8557904169018,123.5625,52.4308379651615));
#6217=CARTESIAN_POINT('',(-14.9626788628993,121.21875,54.5541412414489));
#6218=CARTESIAN_POINT('',(-18.6507718340992,118.875,55.3018998155638));
#6219=CARTESIAN_POINT('',(-22.3393152039908,116.53125,54.556366149227));
#6220=CARTESIAN_POINT('',(-25.4474839312156,114.1875,52.4349374313227));
#6221=CARTESIAN_POINT('',(-27.4858430124068,111.84375,49.27166935898));
#6222=CARTESIAN_POINT('',(-28.133417503801,109.5,45.5646732813452));
#6223=CARTESIAN_POINT('',(-27.2882355850135,107.15625,41.8976799399762));
#6224=CARTESIAN_POINT('',(-25.083385788619,104.8125,38.848120952708));
#6225=CARTESIAN_POINT('',(-21.8660599054092,102.46875,36.8962022037029));
#6226=CARTESIAN_POINT('',(-18.1428816232138,100.125,36.3492871093072));
#6227=CARTESIAN_POINT('',(-14.5001298519857,97.7812500000001,37.2934969242867));
#6228=CARTESIAN_POINT('',(-11.511418954453,95.4375000000001,39.5801494585514));
#6229=CARTESIAN_POINT('',(-9.64737322909456,93.09375,42.8491716633187));
#6230=CARTESIAN_POINT('',(-9.20151896262948,90.75,46.585799369495));
#6231=CARTESIAN_POINT('',(-10.2440636319843,88.40625,50.2016358223631));
#6232=CARTESIAN_POINT('',(-12.6108405209828,86.0625000000001,53.1273049422725));
#6233=CARTESIAN_POINT('',(-15.9291596133507,83.7187500000001,54.9021094505822));
#6234=CARTESIAN_POINT('',(-19.6764940911665,81.3750000000001,55.2465756359505));
#6235=CARTESIAN_POINT('',(-23.2627612330657,79.03125,54.1064613309694));
#6236=CARTESIAN_POINT('',(-26.1232411595823,76.6875,51.6612972809545));
#6237=CARTESIAN_POINT('',(-27.807501759721,74.3437500000001,48.2961169184315));
#6238=CARTESIAN_POINT('',(-28.0503270287989,72.0000000000001,44.5408261799951));
#6239=CARTESIAN_POINT('',(-26.8134799222069,69.6562500000001,40.9867606380553));
#6240=CARTESIAN_POINT('',(-24.2917234403895,67.3125,38.1935694723983));
#6241=CARTESIAN_POINT('',(-20.882151820923,64.9687500000001,36.6010890131095));
#6242=CARTESIAN_POINT('',(-17.1216611727114,62.625,36.4600828919644));
#6243=CARTESIAN_POINT('',(-13.6024058840262,60.2812500000001,37.792754965114));
#6244=CARTESIAN_POINT('',(-10.8785536573293,57.9375,40.3892529313381));
#6245=CARTESIAN_POINT('',(-9.37902220574089,55.5937500000001,43.8407132117395));
#6246=CARTESIAN_POINT('',(-9.33993872979907,53.2500000000001,47.6036436021927));
#6247=CARTESIAN_POINT('',(-10.7674575997582,50.90625,51.0855055347514));
#6248=CARTESIAN_POINT('',(-13.4367912433931,48.5625000000001,53.7380195385691));
#6249=CARTESIAN_POINT('',(-16.9276068428056,46.21875,55.1435013393715));
#6250=CARTESIAN_POINT('',(-20.6902150172171,43.8750000000001,55.0806334831775));
#6251=CARTESIAN_POINT('',(-24.1321279371767,41.53125,53.5593156028835));
#6252=CARTESIAN_POINT('',(-26.7113567958326,39.1875,50.8191055495906));
#6253=CARTESIAN_POINT('',(-28.0217573343923,36.84375,47.2914968595528));
#6254=CARTESIAN_POINT('',(-27.8569842905241,34.5000000000001,43.531972622963));
#6255=CARTESIAN_POINT('',(-26.2429840340299,32.15625,40.1325350498453));
#6256=CARTESIAN_POINT('',(-23.4339088615016,29.8125,37.6284844679728));
#6257=CARTESIAN_POINT('',(-19.8720963150339,27.46875,36.4141270142905));
#6258=CARTESIAN_POINT('',(-16.1184154744626,25.125,36.6806843038473));
#6259=CARTESIAN_POINT('',(-12.7639484058933,22.78125,38.386182274346));
#6260=CARTESIAN_POINT('',(-10.3369140522225,20.4375000000001,41.2620607292864));
#6261=CARTESIAN_POINT('',(-9.21949101126045,18.09375,44.8554627926543));
#6262=CARTESIAN_POINT('',(-9.58763689576637,15.75,48.6005450680138));
#6263=CARTESIAN_POINT('',(-11.3833807595451,13.40625,51.9075794822873));
#6264=CARTESIAN_POINT('',(-14.3239516270446,11.0625,54.2558161855826));
#6265=CARTESIAN_POINT('',(-17.9463056813515,8.71875000000001,55.2754846349997));
#6266=CARTESIAN_POINT('',(-21.6800405335767,6.37500000000004,54.8060203714323));
#6267=CARTESIAN_POINT('',(-24.9372149589655,4.03125000000002,52.9213486748013));
#6268=CARTESIAN_POINT('',(-27.2049304265031,1.68750000000003,49.918243748266));
#6269=CARTESIAN_POINT('',(-28.1260958565736,-0.656249999999975,46.269596479492));
#6270=CARTESIAN_POINT('',(-27.5556577966441,-2.99999999999997,42.549949579412));
#6271=CARTESIAN_POINT('',(-25.5834415998466,-5.34374999999997,39.3450258806982));
#6272=CARTESIAN_POINT('',(-22.5200068672559,-7.68749999999997,37.1594961324112));
#6273=CARTESIAN_POINT('',(-18.8477444594776,-10.03125,36.3375098491269));
#6274=CARTESIAN_POINT('',(-15.1449157001205,-12.375,37.0085030088278));
#6275=CARTESIAN_POINT('',(-11.9945951142906,-14.71875,39.0668161162017));
#6276=CARTESIAN_POINT('',(-9.89285524514201,-17.0625,42.1883321203126));
#6277=CARTESIAN_POINT('',(-9.17065143944948,-19.4062499999999,45.8815142583247));
#6278=CARTESIAN_POINT('',(-9.94170719576009,-21.75,49.5648070327525));
#6279=CARTESIAN_POINT('',(-12.0846064297342,-24.09375,52.6582121976999));
#6280=CARTESIAN_POINT('',(-15.2619125396805,-26.4375,54.6746195288673));
#6281=CARTESIAN_POINT('',(-18.9733036442559,-28.78125,55.2965107656357));
#6282=CARTESIAN_POINT('',(-22.6343569287895,-31.125,54.425958360956));
#6283=CARTESIAN_POINT('',(-25.668576140282,-33.46875,52.2000458698416));
#6284=CARTESIAN_POINT('',(-27.5981709079689,-35.8125,48.9692817691983));
#6285=CARTESIAN_POINT('',(-28.119293113037,-38.15625,45.2424058269549));
#6286=CARTESIAN_POINT('',(-27.1498830379058,-40.5,41.6062792136856));
#6287=CARTESIAN_POINT('',(-24.8425910901218,-42.84375,38.633473046244));
#6288=CARTESIAN_POINT('',(-21.5607403516221,-45.1875,36.7921071478684));
#6289=CARTESIAN_POINT('',(-17.8211150663415,-47.53125,36.3721364736812));
#6290=CARTESIAN_POINT('',(-14.2125840097474,-49.8750000000001,37.4396926806731));
#6291=CARTESIAN_POINT('',(-11.3033729003104,-52.2187499999999,39.8266705528404));
#6292=CARTESIAN_POINT('',(-9.5515874178519,-54.5625,43.1571990792063));
#6293=CARTESIAN_POINT('',(-9.23307652937939,-56.90625,46.9068288549863));
#6294=CARTESIAN_POINT('',(-10.3979952912313,-59.25,50.4851157243937));
#6295=CARTESIAN_POINT('',(-12.8629070667179,-61.59375,53.3285964400936));
#6296=CARTESIAN_POINT('',(-16.2396688018861,-63.9375,54.9895157112781));
#6297=CARTESIAN_POINT('',(-19.9965508724172,-66.28125,55.2063330298052));
#6298=CARTESIAN_POINT('',(-23.5419671230984,-68.625,53.944906753365));
#6299=CARTESIAN_POINT('',(-26.3176303548674,-70.96875,51.4038702984328));
#6300=CARTESIAN_POINT('',(-27.8864643144326,-73.3125,47.9833538683005));
#6301=CARTESIAN_POINT('',(-28.001428920982,-75.6562500000001,44.2219770218879));
#6302=CARTESIAN_POINT('',(-26.6444210059046,-78.,40.7120336947232));
#6303=CARTESIAN_POINT('',(-24.0291249702548,-80.34375,38.0062252596334));
#6304=CARTESIAN_POINT('',(-20.5673644745639,-82.6875,36.5306281222127));
#6305=CARTESIAN_POINT('',(-16.8042536702648,-85.03125,36.5176006106656));
#6306=CARTESIAN_POINT('',(-13.3323595345896,-87.3750000000001,37.9691941323353));
#6307=CARTESIAN_POINT('',(-10.698391936112,-89.71875,40.6568301440862));
#6308=CARTESIAN_POINT('',(-9.31711469634215,-92.0625,44.1572938031434));
#6309=CARTESIAN_POINT('',(-9.40603384187768,-94.40625,47.9193764746234));
#6310=CARTESIAN_POINT('',(-10.9511475130794,-96.75,51.3506730786132));
#6311=CARTESIAN_POINT('',(-13.7091507993993,-99.09375,53.910866531097));
#6312=CARTESIAN_POINT('',(-17.2457483118452,-101.4375,55.1968100276971));
#6313=CARTESIAN_POINT('',(-21.0040415144404,-103.78125,55.0060094909609));
#6314=CARTESIAN_POINT('',(-24.3922220447858,-106.125,53.3685097702661));
#6315=CARTESIAN_POINT('',(-26.8767621914769,-108.46875,50.542163559879));
#6316=CARTESIAN_POINT('',(-28.0664280735298,-110.8125,46.9720280259574));
#6317=CARTESIAN_POINT('',(-27.7738861915323,-113.15625,43.2202828468756));
#6318=CARTESIAN_POINT('',(-26.0452023319445,-115.5,39.8777052853084));
#6319=CARTESIAN_POINT('',(-23.1525877110997,-117.84375,37.4706420753405));
#6320=CARTESIAN_POINT('',(-19.5515346042524,-120.1875,36.3781270122679));
#6321=CARTESIAN_POINT('',(-15.8090911970475,-122.53125,36.7721955163614));
#6322=CARTESIAN_POINT('',(-12.5145700274749,-124.875,38.5907946757277));
#6323=CARTESIAN_POINT('',(-10.1867505167741,-127.21875,41.5475545535301));
#6324=CARTESIAN_POINT('',(-9.19218817293761,-129.5625,45.176882089475));
#6325=CARTESIAN_POINT('',(-9.68749404256027,-131.90625,48.9072768115033));
#6326=CARTESIAN_POINT('',(-11.5946737168224,-134.25,52.1513234103077));
#6327=CARTESIAN_POINT('',(-14.6134084246323,-136.59375,54.3981907298769));
#6328=CARTESIAN_POINT('',(-18.2683472069284,-138.9375,55.2940699532358));
#6329=CARTESIAN_POINT('',(-21.9839525084278,-141.28125,54.6978917652371));
#6330=CARTESIAN_POINT('',(-25.1751533540535,-143.625,52.703525842774));
#6331=CARTESIAN_POINT('',(-27.3393822806509,-145.96875,49.6250528797292));
#6332=CARTESIAN_POINT('',(-28.1360589791091,-148.3125,45.9471077324408));
#6333=CARTESIAN_POINT('',(-27.4389304304234,-150.65625,42.2493094719616));
#6334=CARTESIAN_POINT('',(-26.0534877912248,-152.21875,40.1579117650791));
#6335=CARTESIAN_POINT('',(-25.1832729112789,-153.,39.2890708168643));
#6336=CARTESIAN_POINT('',(-27.444616907942,147.,42.9918751764033));
#6337=CARTESIAN_POINT('',(-27.0691013395519,146.21875,41.8209122856148));
#6338=CARTESIAN_POINT('',(-25.8412773994294,144.65625,39.6332569390135));
#6339=CARTESIAN_POINT('',(-22.8700121189966,142.3125,37.3242989590813));
#6340=CARTESIAN_POINT('',(-19.2341912030158,139.96875,36.3533304685833));
#6341=CARTESIAN_POINT('',(-15.5071156078725,137.625,36.8727437921564));
#6342=CARTESIAN_POINT('',(-12.2754694846757,135.28125,38.8008832129137));
#6343=CARTESIAN_POINT('',(-10.0481873473085,132.9375,41.8340936332148));
#6344=CARTESIAN_POINT('',(-9.1759783805723,130.59375,45.4947532198788));
#6345=CARTESIAN_POINT('',(-9.79619100416644,128.25,49.2064251191155));
#6346=CARTESIAN_POINT('',(-11.8111609232057,125.90625,52.3846429956908));
#6347=CARTESIAN_POINT('',(-14.9035965104346,123.5625,54.5289412084757));
#6348=CARTESIAN_POINT('',(-18.5865401412092,121.21875,55.3016629122621));
#6349=CARTESIAN_POINT('',(-22.2800485690223,118.875,54.5811296770461));
#6350=CARTESIAN_POINT('',(-25.4025149108677,116.53125,52.480801944702));
#6351=CARTESIAN_POINT('',(-27.462252758257,114.1875,49.3314126956442));
#6352=CARTESIAN_POINT('',(-28.134920709863,111.84375,45.6288878181776));
#6353=CARTESIAN_POINT('',(-27.3145955454853,109.5,41.9562539858724));
#6354=CARTESIAN_POINT('',(-25.1304516711338,107.15625,38.8918310095809));
#6355=CARTESIAN_POINT('',(-21.9264203715358,104.8125,36.9181653659917));
#6356=CARTESIAN_POINT('',(-18.2070318720524,102.46875,36.3460448966846));
#6357=CARTESIAN_POINT('',(-14.5579683157059,100.125,37.2655598792886));
#6358=CARTESIAN_POINT('',(-11.5538379651182,97.7812500000001,39.5319167528121));
#6359=CARTESIAN_POINT('',(-9.66769317873299,95.4374999999999,42.788238371799));
#6360=CARTESIAN_POINT('',(-9.1965401232073,93.09375,46.5217604943741));
#6361=CARTESIAN_POINT('',(-10.2145700080073,90.75,50.1445753937505));
#6362=CARTESIAN_POINT('',(-12.5614763944074,88.40625,53.0862081130009));
#6363=CARTESIAN_POINT('',(-15.8676982209454,86.0625000000001,54.8834476282612));
#6364=CARTESIAN_POINT('',(-19.6126135937424,83.7187499999999,55.2532874477473));
#6365=CARTESIAN_POINT('',(-23.2065207214209,81.375,54.1374898858608));
#6366=CARTESIAN_POINT('',(-26.0834966764205,79.03125,51.7117565955252));
#6367=CARTESIAN_POINT('',(-27.7905117623332,76.6875,48.3580612995933));
#6368=CARTESIAN_POINT('',(-28.0587668865586,74.3437499999999,44.604501411991));
#6369=CARTESIAN_POINT('',(-26.8460206333225,72.0000000000001,41.0421399526847));
#6370=CARTESIAN_POINT('',(-24.3432409062564,69.65625,38.2319324373443));
#6371=CARTESIAN_POINT('',(-20.9445337242022,67.3125,36.6163947150533));
#6372=CARTESIAN_POINT('',(-17.1850844022107,64.96875,36.4499211830242));
#6373=CARTESIAN_POINT('',(-13.6568833537035,62.625,37.7587259823738));
#6374=CARTESIAN_POINT('',(-10.9155069459752,60.2812499999999,40.3367151275493));
#6375=CARTESIAN_POINT('',(-9.39263237798828,57.9375,43.7779395741187));
#6376=CARTESIAN_POINT('',(-9.32806262828464,55.59375,47.5405189272903));
#6377=CARTESIAN_POINT('',(-10.7319653223721,53.25,51.031969896017));
#6378=CARTESIAN_POINT('',(-13.3832716639739,50.90625,53.7025030496161));
#6379=CARTESIAN_POINT('',(-16.8644875461494,48.5625,55.1315966865691));
#6380=CARTESIAN_POINT('',(-20.6274352298754,46.21875,55.0942152603108));
#6381=CARTESIAN_POINT('',(-24.0795734240801,43.8749999999999,53.5962451238916));
#6382=CARTESIAN_POINT('',(-26.6773031753677,41.53125,50.8735676217326));
#6383=CARTESIAN_POINT('',(-28.0115669389468,39.1874999999999,47.354915486228));
#6384=CARTESIAN_POINT('',(-27.8722617743693,36.84375,43.5943614429241));
#6385=CARTESIAN_POINT('',(-26.281323692712,34.5,40.1840698627475));
#6386=CARTESIAN_POINT('',(-23.4892734516776,32.15625,37.6610502248874));
#6387=CARTESIAN_POINT('',(-19.9357677230062,29.8124999999999,36.4225956727172));
#6388=CARTESIAN_POINT('',(-16.1803675341896,27.46875,36.6637223268308));
#6389=CARTESIAN_POINT('',(-12.8144256924954,25.125,38.346460618967));
#6390=CARTESIAN_POINT('',(-10.3679680426033,22.78125,41.205834258206));
#6391=CARTESIAN_POINT('',(-9.22623171674652,20.4375,44.7915853376463));
#6392=CARTESIAN_POINT('',(-9.56900287552253,18.09375,48.539075240795));
#6393=CARTESIAN_POINT('',(-11.3423062628201,15.75,51.8581967718765));
#6394=CARTESIAN_POINT('',(-14.2669045448016,13.40625,54.226296755095));
#6395=CARTESIAN_POINT('',(-17.8822690648061,11.0625,55.2704768300738));
#6396=CARTESIAN_POINT('',(-21.6190980571869,8.71874999999996,54.8263127576941));
#6397=CARTESIAN_POINT('',(-24.8889630712271,6.37499999999999,52.9637458645479));
#6398=CARTESIAN_POINT('',(-27.1769672229148,4.03124999999999,49.9760695696076));
#6399=CARTESIAN_POINT('',(-28.122824627893,1.68749999999997,46.333745255253));
#6400=CARTESIAN_POINT('',(-27.5775936544883,-0.656250000000018,42.6103199737242));
#6401=CARTESIAN_POINT('',(-25.6271303634452,-3.00000000000003,39.3921115292967));
#6402=CARTESIAN_POINT('',(-22.5785689840447,-5.34375,37.1858825843511));
#6403=CARTESIAN_POINT('',(-18.9119583098094,-7.68750000000003,36.3390421005084));
#6404=CARTESIAN_POINT('',(-15.2046697010083,-10.03125,36.984939780131));
#6405=CARTESIAN_POINT('',(-12.0404799632918,-12.375,39.0218678459247));
#6406=CARTESIAN_POINT('',(-9.91764557800648,-14.71875,42.1290766921629));
#6407=CARTESIAN_POINT('',(-9.17044358887294,-17.0625,45.8172824658317));
#6408=CARTESIAN_POINT('',(-9.91653389141576,-19.40625,49.5057132842069));
#6409=CARTESIAN_POINT('',(-12.0384316444197,-21.75,52.6135618273776));
#6410=CARTESIAN_POINT('',(-15.2020072931405,-24.09375,54.6514435109675));
#6411=CARTESIAN_POINT('',(-18.9091010551802,-26.4375,55.29845856561));
#6412=CARTESIAN_POINT('',(-22.5759668068861,-28.78125,54.4527232639603));
#6413=CARTESIAN_POINT('',(-25.6251930216235,-31.1250000000001,52.2474132783014));
#6414=CARTESIAN_POINT('',(-27.57662621603,-33.46875,49.0297928641976));
#6415=CARTESIAN_POINT('',(-28.1229794327406,-35.8125,45.3065320884689));
#6416=CARTESIAN_POINT('',(-27.1782198943637,-38.15625,41.6639228511042));
#6417=CARTESIAN_POINT('',(-24.8911163544597,-40.5000000000001,38.6755570704057));
#6418=CARTESIAN_POINT('',(-21.6218128804613,-42.84375,36.8120047002293));
#6419=CARTESIAN_POINT('',(-17.8851179321741,-45.1875,36.366714339975));
#6420=CARTESIAN_POINT('',(-14.2694388527509,-47.5312500000001,37.4098046697688));
#6421=CARTESIAN_POINT('',(-11.3441269406667,-49.875,39.7770230497476));
#6422=CARTESIAN_POINT('',(-9.56982322600381,-52.21875,43.0956099432343));
#6423=CARTESIAN_POINT('',(-9.22592256146956,-54.5625,46.8429963623832));
#6424=CARTESIAN_POINT('',(-10.3665780634217,-56.90625,50.4290914067675));
#6425=CARTESIAN_POINT('',(-12.8121737657068,-59.2500000000001,53.289202296655));
#6426=CARTESIAN_POINT('',(-16.1776082646729,-61.59375,54.9729550322603));
#6427=CARTESIAN_POINT('',(-19.9329356055404,-63.9375,55.215213580968));
#6428=CARTESIAN_POINT('',(-23.4868144522127,-66.28125,53.9778301381074));
#6429=CARTESIAN_POINT('',(-26.2796250233064,-68.625,51.4556521595588));
#6430=CARTESIAN_POINT('',(-27.8715909199436,-70.96875,48.0458402548589));
#6431=CARTESIAN_POINT('',(-28.0120295371504,-73.3125000000001,44.2853283699839));
#6432=CARTESIAN_POINT('',(-26.6788263821008,-75.6562499999999,40.7662742372865));
#6433=CARTESIAN_POINT('',(-24.0819173840585,-78.0000000000001,38.0428138837328));
#6434=CARTESIAN_POINT('',(-20.6302308460013,-80.34375,36.5438033152302));
#6435=CARTESIAN_POINT('',(-16.8672946002401,-82.6875,36.505287710252));
#6436=CARTESIAN_POINT('',(-13.385648136742,-85.03125,37.9333320179334));
#6437=CARTESIAN_POINT('',(-10.7335369970172,-87.375,40.6030659267784));
#6438=CARTESIAN_POINT('',(-9.32858201741071,-89.71875,44.0940935901991));
#6439=CARTESIAN_POINT('',(-9.39201769478096,-92.0625,47.8566922342646));
#6440=CARTESIAN_POINT('',(-10.9138549829528,-94.40625,51.2983755302438));
#6441=CARTESIAN_POINT('',(-13.6544542410569,-96.7500000000001,53.8771908295558));
#6442=CARTESIAN_POINT('',(-17.1822606458019,-99.09375,55.1870589954918));
#6443=CARTESIAN_POINT('',(-20.9417599733875,-101.4375,55.0217185970101));
#6444=CARTESIAN_POINT('',(-24.3409539361462,-103.78125,53.4072053437238));
#6445=CARTESIAN_POINT('',(-26.8445805669733,-106.125,50.5977523124558));
#6446=CARTESIAN_POINT('',(-28.0584004873606,-108.46875,47.0357565457036));
#6447=CARTESIAN_POINT('',(-27.7912767261867,-110.8125,43.2821159745106));
#6448=CARTESIAN_POINT('',(-26.0852725465167,-113.15625,39.9279063238723));
#6449=CARTESIAN_POINT('',(-23.2090278562538,-115.5,37.5013060017702));
#6450=CARTESIAN_POINT('',(-19.6154572015021,-117.84375,36.3844252602343));
#6451=CARTESIAN_POINT('',(-15.8704305263526,-120.1875,36.7531363175585));
#6452=CARTESIAN_POINT('',(-12.5636671485877,-122.53125,38.5493792313991));
#6453=CARTESIAN_POINT('',(-10.2158742389969,-124.875,41.4903044417514));
#6454=CARTESIAN_POINT('',(-9.1967524563968,-127.21875,45.1128123356849));
#6455=CARTESIAN_POINT('',(-9.66678018175234,-129.5625,48.8464762943645));
#6456=CARTESIAN_POINT('',(-11.5519433933318,-131.90625,52.1033662759767));
#6457=CARTESIAN_POINT('',(-14.5553905463869,-134.25,54.3706284672415));
#6458=CARTESIAN_POINT('',(-18.2041766549356,-136.59375,55.2912434366756));
#6459=CARTESIAN_POINT('',(-21.9237379246603,-138.9375,54.7202433964457));
#6460=CARTESIAN_POINT('',(-25.1283620983214,-141.28125,52.7475459807322));
#6461=CARTESIAN_POINT('',(-27.3134364471277,-143.625,49.6837724316602));
#6462=CARTESIAN_POINT('',(-28.1348426561386,-145.96875,46.0114197156596));
#6463=CARTESIAN_POINT('',(-27.4633872788581,-148.3125,42.3085664989294));
#6464=CARTESIAN_POINT('',(-25.4042383506841,-150.65625,39.1590259165276));
#6465=CARTESIAN_POINT('',(-23.3239129999499,-152.21875,37.7570123253113));
#6466=CARTESIAN_POINT('',(-22.1874482472389,-153.,37.2873247734007));
#6467=CARTESIAN_POINT('',(-25.693659563408,147.,39.8428910516712));
#6468=CARTESIAN_POINT('',(-24.898620317414,146.21875,38.9047659901595));
#6469=CARTESIAN_POINT('',(-22.9270794527383,144.65625,37.3535038709918));
#6470=CARTESIAN_POINT('',(-19.2983883095377,142.3125,36.3573588478871));
#6471=CARTESIAN_POINT('',(-15.5677542267246,139.96875,36.8516693603949));
#6472=CARTESIAN_POINT('',(-12.3231562417303,137.625,38.7578347803913));
#6473=CARTESIAN_POINT('',(-10.0753715438034,135.28125,41.7759007576715));
#6474=CARTESIAN_POINT('',(-9.17839053868811,132.9375,45.4305657559607));
#6475=CARTESIAN_POINT('',(-9.77344830159251,130.59375,49.1463541447011));
#6476=CARTESIAN_POINT('',(-11.7668453925492,128.25,52.3381467482099));
#6477=CARTESIAN_POINT('',(-14.8446861851874,125.90625,54.5033415895091));
#6478=CARTESIAN_POINT('',(-18.5223115299205,123.5625,55.3009909550128));
#6479=CARTESIAN_POINT('',(-22.220615563654,121.21875,54.6054912116363));
#6480=CARTESIAN_POINT('',(-25.3572362716828,118.875,52.5263608205013));
#6481=CARTESIAN_POINT('',(-27.4382583901642,116.53125,49.3909948798808));
#6482=CARTESIAN_POINT('',(-28.1359889420229,114.1875,45.6931110635541));
#6483=CARTESIAN_POINT('',(-27.3405581661619,111.84375,42.0150052300862));
#6484=CARTESIAN_POINT('',(-25.1772204160227,109.5,38.9358588515705));
#6485=CARTESIAN_POINT('',(-21.9866306916638,107.15625,36.9405368594334));
#6486=CARTESIAN_POINT('',(-18.2712026096099,104.8125,36.343237262436));
#6487=CARTESIAN_POINT('',(-14.6159946765585,102.46875,37.2380152279939));
#6488=CARTESIAN_POINT('',(-11.5965826936712,100.125,39.4839724669203));
#6489=CARTESIAN_POINT('',(-9.6884253770914,97.78125,42.7274441095699));
#6490=CARTESIAN_POINT('',(-9.19199514763574,95.4375,46.4576893654174));
#6491=CARTESIAN_POINT('',(-10.1854635436335,93.09375,50.0873165071005));
#6492=CARTESIAN_POINT('',(-12.5123917582018,90.75,53.0447778721458));
#6493=CARTESIAN_POINT('',(-15.806364639077,88.40625,54.8643699422396));
#6494=CARTESIAN_POINT('',(-19.5486891010395,86.0624999999999,55.2595664286692));
#6495=CARTESIAN_POINT('',(-23.1500713364998,83.7187500000001,54.1681367994213));
#6496=CARTESIAN_POINT('',(-26.043411332701,81.375,51.761945554347));
#6497=CARTESIAN_POINT('',(-27.7731025915045,79.0312499999999,48.4198891827836));
#6498=CARTESIAN_POINT('',(-28.0667752641133,76.6875,44.6682323484166));
#6499=CARTESIAN_POINT('',(-26.8781855015009,74.34375,41.0977384025175));
#6500=CARTESIAN_POINT('',(-24.3944973494338,71.9999999999999,38.2706434616336));
#6501=CARTESIAN_POINT('',(-21.0068105275846,69.65625,36.6321225925086));
#6502=CARTESIAN_POINT('',(-17.248575004404,67.3125,36.4401892869164));
#6503=CARTESIAN_POINT('',(-13.7115900596678,64.96875,37.7250667683123));
#6504=CARTESIAN_POINT('',(-10.9528152372783,62.625,40.2844288218007));
#6505=CARTESIAN_POINT('',(-9.40666741794438,60.28125,43.7152595611787));
#6506=CARTESIAN_POINT('',(-9.31661435675114,57.9375,47.4773152608803));
#6507=CARTESIAN_POINT('',(-10.6968364679983,55.59375,50.9781950881688));
#6508=CARTESIAN_POINT('',(-13.3299938733499,53.25,53.666624875262));
#6509=CARTESIAN_POINT('',(-16.8014503302372,50.90625,55.1192647857097));
#6510=CARTESIAN_POINT('',(-20.5645648901927,48.5625,55.1073715043378));
#6511=CARTESIAN_POINT('',(-24.0267699845907,46.21875,53.6328178343032));
#6512=CARTESIAN_POINT('',(-26.6428814522316,43.875,50.9277977917955));
#6513=CARTESIAN_POINT('',(-28.0009472286924,41.53125,47.4182636363422));
#6514=CARTESIAN_POINT('',(-27.887116334321,39.1875,43.6568523095956));
#6515=CARTESIAN_POINT('',(-26.3193134151087,36.84375,40.2358631766111));
#6516=CARTESIAN_POINT('',(-23.544416196705,34.5,37.6939902315594));
#6517=CARTESIAN_POINT('',(-19.9993803103293,32.15625,36.4314953975913));
#6518=CARTESIAN_POINT('',(-16.2424330600956,29.8125,36.6471803540727));
#6519=CARTESIAN_POINT('',(-12.8651708648898,27.46875,38.3070817687121));
#6520=CARTESIAN_POINT('',(-10.399402155132,25.125,41.1498194125104));
#6521=CARTESIAN_POINT('',(-9.2334049239193,22.78125,44.7277550042022));
#6522=CARTESIAN_POINT('',(-9.55078563162261,20.4375,48.4774806112122));
#6523=CARTESIAN_POINT('',(-11.3015671884414,18.09375,51.8085369874678));
#6524=CARTESIAN_POINT('',(-14.2100587128497,15.75,54.196391609076));
#6525=CARTESIAN_POINT('',(-17.8182678361518,13.40625,55.265035405674));
#6526=CARTESIAN_POINT('',(-21.5580195338516,11.0625,54.8461919014367));
#6527=CARTESIAN_POINT('',(-24.8404251246555,8.71875000000002,53.0058152609225));
#6528=CARTESIAN_POINT('',(-27.1486129935232,6.37499999999999,50.0337046634683));
#6529=CARTESIAN_POINT('',(-28.1191189802248,4.03125,46.3978704027704));
#6530=CARTESIAN_POINT('',(-27.5991201069544,1.6875,42.670837559705));
#6531=CARTESIAN_POINT('',(-25.670499203244,-0.656249999999996,39.4394920115997));
#6532=CARTESIAN_POINT('',(-22.636951036155,-3.,37.2126650853567));
#6533=CARTESIAN_POINT('',(-18.9761603088875,-5.34375000000001,36.3410092515321));
#6534=CARTESIAN_POINT('',(-15.2645819302515,-7.6875,36.9617818191707));
#6535=CARTESIAN_POINT('',(-12.0866682044624,-10.03125,38.9772313950544));
#6536=CARTESIAN_POINT('',(-9.94283669250267,-12.375,42.0699905337229));
#6537=CARTESIAN_POINT('',(-9.17067079938002,-14.71875,45.753050738904));
#6538=CARTESIAN_POINT('',(-9.89176141970411,-17.0625,49.4464503867582));
#6539=CARTESIAN_POINT('',(-11.9925603452455,-19.40625,52.5685997291074));
#6540=CARTESIAN_POINT('',(-15.142260397099,-21.75,54.6278622730407));
#6541=CARTESIAN_POINT('',(-18.8448867459334,-24.09375,55.2999714623899));
#6542=CARTESIAN_POINT('',(-22.5173967396846,-26.4375,54.4790920636442));
#6543=CARTESIAN_POINT('',(-25.5814900680447,-28.78125,52.2944857566429));
#6544=CARTESIAN_POINT('',(-27.5546721630964,-31.125,49.0901566441366));
#6545=CARTESIAN_POINT('',(-28.1262313263545,-33.46875,45.370681847289));
#6546=CARTESIAN_POINT('',(-27.206165667549,-35.8125,41.7217570981366));
#6547=CARTESIAN_POINT('',(-24.9393554611783,-38.15625,38.7179688017047));
#6548=CARTESIAN_POINT('',(-21.6827492378068,-40.5,36.8323154540849));
#6549=CARTESIAN_POINT('',(-17.9491560552005,-42.84375,36.3617258363889));
#6550=CARTESIAN_POINT('',(-14.3264948297783,-45.1875,37.3803024350371));
#6551=CARTESIAN_POINT('',(-11.3852163198423,-47.53125,39.7276527217385));
#6552=CARTESIAN_POINT('',(-9.5884757728642,-49.8750000000001,43.0341457352401));
#6553=CARTESIAN_POINT('',(-9.21920110942978,-52.21875,46.7791168785781));
#6554=CARTESIAN_POINT('',(-10.3355410215278,-54.5625,50.3728555783371));
#6555=CARTESIAN_POINT('',(-12.7617084538001,-56.9062500000001,53.2494654288509));
#6556=CARTESIAN_POINT('',(-16.1156613202258,-59.25,54.9559743832027));
#6557=CARTESIAN_POINT('',(-19.8692616479436,-61.59375,55.2236630479741));
#6558=CARTESIAN_POINT('',(-23.4314400489903,-63.9375000000001,54.0103792062434));
#6559=CARTESIAN_POINT('',(-26.24126983339,-66.28125,51.5071754142619));
#6560=CARTESIAN_POINT('',(-27.856294632338,-68.6250000000001,48.1082244672385));
#6561=CARTESIAN_POINT('',(-28.0222008172873,-70.96875,44.3487500652397));
#6562=CARTESIAN_POINT('',(-26.7128635857451,-73.3125,40.8207465709688));
#6563=CARTESIAN_POINT('',(-24.1344607639361,-75.6562500000001,38.0797592433849));
#6564=CARTESIAN_POINT('',(-20.6930065368423,-78.0000000000001,36.5574040140413));
#6565=CARTESIAN_POINT('',(-16.9304174821804,-80.34375,36.4934020826158));
#6566=CARTESIAN_POINT('',(-13.439178418664,-82.6875000000001,37.8978316617929));
#6567=CARTESIAN_POINT('',(-10.7690454088308,-85.03125,40.5495409881122));
#6568=CARTESIAN_POINT('',(-9.34047714463218,-87.3750000000001,44.0309724977091));
#6569=CARTESIAN_POINT('',(-9.3784264435932,-89.71875,47.7939144972884));
#6570=CARTESIAN_POINT('',(-10.8769175312698,-92.0625,51.2458265908449));
#6571=CARTESIAN_POINT('',(-13.5999870304431,-94.4062500000001,53.8431454284472));
#6572=CARTESIAN_POINT('',(-17.1188404819975,-96.75,55.17687817078));
#6573=CARTESIAN_POINT('',(-20.8793734596898,-99.0937500000001,55.037005495889));
#6574=CARTESIAN_POINT('',(-24.2894249097365,-101.4375,53.4455527791798));
#6575=CARTESIAN_POINT('',(-26.8120231655986,-103.78125,50.6531218165572));
#6576=CARTESIAN_POINT('',(-28.0499414377958,-106.125,47.0994292309714));
#6577=CARTESIAN_POINT('',(-27.8082480523056,-108.46875,43.3440654737703));
#6578=CARTESIAN_POINT('',(-26.1250018190605,-110.8125,39.9783776154333));
#6579=CARTESIAN_POINT('',(-23.2652590131063,-113.15625,37.5323515065622));
#6580=CARTESIAN_POINT('',(-19.6793356730379,-115.5,36.3911563257783));
#6581=CARTESIAN_POINT('',(-15.9318975407662,-117.84375,36.7344930210241));
#6582=CARTESIAN_POINT('',(-12.6130436598545,-120.1875,38.5082972826415));
#6583=CARTESIAN_POINT('',(-10.2453850599096,-122.53125,41.4332529055796));
#6584=CARTESIAN_POINT('',(-9.20175059799019,-124.875,45.0487749631951));
#6585=CARTESIAN_POINT('',(-9.64647859652965,-127.21875,48.7855368845243));
#6586=CARTESIAN_POINT('',(-11.5095389307038,-129.5625,52.0551207739776));
#6587=CARTESIAN_POINT('',(-14.4975604743242,-131.90625,54.3426740392546));
#6588=CARTESIAN_POINT('',(-18.1400275034359,-134.25,55.2879817071426));
#6589=CARTESIAN_POINT('',(-21.8633704040252,-136.59375,54.7421890427408));
#6590=CARTESIAN_POINT('',(-25.0812846757697,-138.9375,52.7912393189187));
#6591=CARTESIAN_POINT('',(-27.2870527411433,-141.28125,49.7423479744864));
#6592=CARTESIAN_POINT('',(-28.1333428312725,-143.625,46.0755985484752));
#6593=CARTESIAN_POINT('',(-27.4868746734411,-145.96875,42.3684484905696));
#6594=CARTESIAN_POINT('',(-25.4495102148545,-148.3125,39.2044130401968));
#6595=CARTESIAN_POINT('',(-22.3418276652754,-150.65625,37.0826191388865));
#6596=CARTESIAN_POINT('',(-19.8833302794585,-152.21875,36.5834335233142));
#6597=CARTESIAN_POINT('',(-18.653632110504,-153.,36.5844050397581));
#6598=CARTESIAN_POINT('',(-22.8709218571771,147.,37.6036714371594));
#6599=CARTESIAN_POINT('',(-21.7773964517331,146.21875,37.0412052414147));
#6600=CARTESIAN_POINT('',(-19.3622878870885,144.65625,36.3625019450978));
#6601=CARTESIAN_POINT('',(-15.6286062135054,142.3125,36.8308239285111));
#6602=CARTESIAN_POINT('',(-12.371114184686,139.96875,38.7151591494314));
#6603=CARTESIAN_POINT('',(-10.1029544407023,137.625,41.7178802600893));
#6604=CARTESIAN_POINT('',(-9.18123601208541,135.28125,45.3663996076875));
#6605=CARTESIAN_POINT('',(-9.75111336609785,132.9375,49.0861295675962));
#6606=CARTESIAN_POINT('',(-11.7228457084527,130.59375,52.2913516599327));
#6607=CARTESIAN_POINT('',(-14.7859506298634,128.25,54.4773434775016));
#6608=CARTESIAN_POINT('',(-18.4580889361177,125.90625,55.2998839964768));
#6609=CARTESIAN_POINT('',(-22.1610189173762,123.5625,54.629449629511));
#6610=CARTESIAN_POINT('',(-25.3116500901421,121.21875,52.5716119701798));
#6611=CARTESIAN_POINT('',(-27.4138610091269,118.875,49.4504131778121));
#6612=CARTESIAN_POINT('',(-28.1366221512178,116.53125,45.7573400712117));
#6613=CARTESIAN_POINT('',(-27.3661222559687,114.1875,42.0739309772515));
#6614=CARTESIAN_POINT('',(-25.2236898776676,111.84375,38.9802024588154));
#6615=CARTESIAN_POINT('',(-22.04668810352,109.5,36.9633156576867));
#6616=CARTESIAN_POINT('',(-18.3353908919195,107.15625,36.3408643353681));
#6617=CARTESIAN_POINT('',(-14.6742062724629,104.8125,37.210864234071));
#6618=CARTESIAN_POINT('',(-11.6396511791083,102.46875,39.4363188004203));
#6619=CARTESIAN_POINT('',(-9.70956887303687,100.125,42.6667916656955));
#6620=CARTESIAN_POINT('',(-9.18788424442518,97.7812500000001,46.3935889220216));
#6621=CARTESIAN_POINT('',(-10.1567455741825,95.4375000000001,50.0298617892842));
#6622=CARTESIAN_POINT('',(-12.4635888642264,93.0937500000001,53.0030161204061));
#6623=CARTESIAN_POINT('',(-15.7451616815518,90.7500000000002,54.8448772677461));
#6624=CARTESIAN_POINT('',(-19.4847235457274,88.4062500000001,55.2654122906547));
#6625=CARTESIAN_POINT('',(-23.0934156680364,86.0625000000002,54.1984006656598));
#6626=CARTESIAN_POINT('',(-26.0029869674224,83.7187500000001,51.8118618548966));
#6627=CARTESIAN_POINT('',(-27.755275045917,81.3750000000001,48.4815977315192));
#6628=CARTESIAN_POINT('',(-28.0743517940618,79.0312500000002,44.732016065482));
#6629=CARTESIAN_POINT('',(-26.9099730511114,76.6875000000001,41.1535534368586));
#6630=CARTESIAN_POINT('',(-24.4454904184259,74.3437500000001,38.3097007693175));
#6631=CARTESIAN_POINT('',(-21.068979373991,72.0000000000002,36.6482719239261));
#6632=CARTESIAN_POINT('',(-17.3121300665277,69.65625,36.4308876501122));
#6633=CARTESIAN_POINT('',(-13.7665234921351,67.3125000000001,37.6917788671155));
#6634=CARTESIAN_POINT('',(-10.990476819642,64.9687500000002,40.232396412837));
#6635=CARTESIAN_POINT('',(-9.42112668172269,62.6250000000001,43.6526760484955));
#6636=CARTESIAN_POINT('',(-9.30559444041209,60.2812500000001,47.4140355025639));
#6637=CARTESIAN_POINT('',(-10.662072648246,57.9375000000001,50.9241835782381));
#6638=CARTESIAN_POINT('',(-13.2769603157513,55.5937500000001,53.6303866614932));
#6639=CARTESIAN_POINT('',(-16.7384980870335,53.2500000000002,55.1065062025449));
#6640=CARTESIAN_POINT('',(-20.5016068824765,50.9062500000002,55.1201016116888));
#6641=CARTESIAN_POINT('',(-23.9737200411771,48.5625000000001,53.6690320562682));
#6642=CARTESIAN_POINT('',(-26.6080932055923,46.2187500000001,50.9817935718577));
#6643=CARTESIAN_POINT('',(-27.9898986908306,43.8750000000001,47.4815384036655));
#6644=CARTESIAN_POINT('',(-27.9015472888953,41.5312500000002,43.7194423560793));
#6645=CARTESIAN_POINT('',(-26.3569514583619,39.1875000000001,40.2879126153093));
#6646=CARTESIAN_POINT('',(-23.5993345667961,36.8437500000001,37.7273029767976));
#6647=CARTESIAN_POINT('',(-20.062931158642,34.5000000000001,36.4408257806192));
#6648=CARTESIAN_POINT('',(-16.3046092047954,32.1562500000001,36.6310591444704));
#6649=CARTESIAN_POINT('',(-12.9161815950357,29.8125000000001,38.2680475301682));
#6650=CARTESIAN_POINT('',(-10.4312149477029,27.4687500000001,41.0940187619984));
#6651=CARTESIAN_POINT('',(-9.24101030369304,25.1250000000001,44.6639747206715));
#6652=CARTESIAN_POINT('',(-9.53298599982068,22.7812500000001,48.4157640050479));
#6653=CARTESIAN_POINT('',(-11.2611654053995,20.4375000000001,51.7586024073075));
#6654=CARTESIAN_POINT('',(-14.1534167391098,18.0937500000001,54.1661021194863));
#6655=CARTESIAN_POINT('',(-17.754304931579,15.7500000000001,55.2591606114373));
#6656=CARTESIAN_POINT('',(-21.4968077656761,13.4062500000001,54.865656890663));
#6657=CARTESIAN_POINT('',(-24.7916033460299,11.0625000000001,53.047554933904));
#6658=CARTESIAN_POINT('',(-27.1198690391377,8.71875000000009,50.091146385718));
#6659=CARTESIAN_POINT('',(-28.114979083573,6.37500000000013,46.4619689801683));
#6660=CARTESIAN_POINT('',(-27.6202361664718,4.0312500000001,42.7314995609843));
#6661=CARTESIAN_POINT('',(-25.7135461296067,1.68750000000011,39.487165153928));
#6662=CARTESIAN_POINT('',(-22.6951503451887,-0.656249999999912,37.239842406725));
#6663=CARTESIAN_POINT('',(-19.0403475113103,-2.99999999999987,36.3434112119505));
#6664=CARTESIAN_POINT('',(-15.3246496392517,-5.34374999999989,36.9390301883669));
#6665=CARTESIAN_POINT('',(-12.1331577188205,-7.68749999999989,38.9329088113812));
#6666=CARTESIAN_POINT('',(-9.9684274329353,-10.0312499999999,42.0110763556938));
#6667=CARTESIAN_POINT('',(-9.17133306054709,-12.3749999999999,45.688822024306));
#6668=CARTESIAN_POINT('',(-9.86739091711367,-14.7187499999999,49.387021059215));
#6669=CARTESIAN_POINT('',(-11.9469946366539,-17.0624999999999,52.5233279656201));
#6670=CARTESIAN_POINT('',(-15.0826745925699,-19.4062499999999,54.6038768969251));
#6671=CARTESIAN_POINT('',(-18.7806636624803,-21.7499999999999,55.3010493865682));
#6672=CARTESIAN_POINT('',(-22.4586494142096,-24.0937499999999,54.5050635502834));
#6673=CARTESIAN_POINT('',(-25.5374692845097,-26.4374999999999,52.3412611453183));
#6674=CARTESIAN_POINT('',(-27.5323097563564,-28.7812499999999,49.1503703397009));
#6675=CARTESIAN_POINT('',(-28.1290486446912,-31.1249999999999,45.4348521604105));
#6676=CARTESIAN_POINT('',(-27.2337190753914,-33.4687499999999,41.7797793015162));
#6677=CARTESIAN_POINT('',(-24.987306197207,-35.8124999999999,38.7607062944133));
#6678=CARTESIAN_POINT('',(-21.7435466280767,-38.1562499999999,36.853038477637));
#6679=CARTESIAN_POINT('',(-18.0132264975371,-40.4999999999999,36.3571711917811));
#6680=CARTESIAN_POINT('',(-14.3837493232681,-42.8437499999999,37.3511873299542));
#6681=CARTESIAN_POINT('',(-11.4266391527758,-45.1874999999999,39.6785618337806));
#6682=CARTESIAN_POINT('',(-9.60754420270875,-47.5312499999999,42.9728092750225));
#6683=CARTESIAN_POINT('',(-9.21291248162049,-49.8749999999998,46.7151933341754));
#6684=CARTESIAN_POINT('',(-10.3048855894392,-52.2187499999999,50.3164108190393));
#6685=CARTESIAN_POINT('',(-12.7115134461991,-54.5624999999999,53.2093876596926));
#6686=CARTESIAN_POINT('',(-16.0538308104908,-56.9062499999999,54.9385745431281));
#6687=CARTESIAN_POINT('',(-19.8055319208021,-59.2499999999999,55.2316810431866));
#6688=CARTESIAN_POINT('',(-23.3758464538482,-61.5937499999999,54.0425524645163));
#6689=CARTESIAN_POINT('',(-26.2025665447424,-63.9374999999999,51.5584376988054));
#6690=CARTESIAN_POINT('',(-27.8405761533651,-66.28125,48.1705036434332));
#6691=CARTESIAN_POINT('',(-28.0319422947639,-68.6249999999998,44.4122391980523));
#6692=CARTESIAN_POINT('',(-26.7465310553099,-70.9687499999999,40.8754481967385));
#6693=CARTESIAN_POINT('',(-24.1867526993494,-73.3124999999999,38.1170596436434));
#6694=CARTESIAN_POINT('',(-20.7556886671218,-75.6562499999998,36.5714295946854));
#6695=CARTESIAN_POINT('',(-16.9936194201912,-77.9999999999999,36.481944273035));
#6696=CARTESIAN_POINT('',(-13.4929479245422,-80.3437499999999,37.8626946925671));
#6697=CARTESIAN_POINT('',(-10.8049155425301,-82.6874999999999,40.4962577836558));
#6698=CARTESIAN_POINT('',(-9.35279953229282,-85.0312499999999,43.9679334214859));
#6699=CARTESIAN_POINT('',(-9.36526071184108,-87.3749999999999,47.7310461437536));
#6700=CARTESIAN_POINT('',(-10.8403368526141,-89.7187499999999,51.1930286712098));
#6701=CARTESIAN_POINT('',(-13.5457516663538,-92.0624999999999,53.8087318896741));
#6702=CARTESIAN_POINT('',(-17.055490729966,-94.4062499999999,55.1662680206286));
#6703=CARTESIAN_POINT('',(-20.8168848354574,-96.7499999999999,55.0518694862795));
#6704=CARTESIAN_POINT('',(-24.2376373295596,-99.0937499999999,53.4835503173647));
#6705=CARTESIAN_POINT('',(-26.7790914809911,-101.4375,50.7082695319922));
#6706=CARTESIAN_POINT('',(-28.0410513129119,-103.78125,47.1630431606429));
#6707=CARTESIAN_POINT('',(-27.8247993912942,-106.125,43.4061285025912));
#6708=CARTESIAN_POINT('',(-26.1643883269112,-108.46875,40.0291168445177));
#6709=CARTESIAN_POINT('',(-23.3212786019415,-110.8125,37.5637771654323));
#6710=CARTESIAN_POINT('',(-19.7431670882766,-113.15625,36.3983199001219));
#6711=CARTESIAN_POINT('',(-15.9934894204521,-115.5,36.7162664819707));
#6712=CARTESIAN_POINT('',(-12.6626972956874,-117.84375,38.4675507145018));
#6713=CARTESIAN_POINT('',(-10.2752816268971,-120.1875,41.3764025611571));
#6714=CARTESIAN_POINT('',(-9.20718236373518,-122.53125,44.9847729143889));
#6715=CARTESIAN_POINT('',(-9.62659023574442,-124.875,48.7244613607848));
#6716=CARTESIAN_POINT('',(-11.4674622091152,-127.21875,52.0065891808184));
#6717=CARTESIAN_POINT('',(-14.4399211049139,-129.5625,54.314328492728));
#6718=CARTESIAN_POINT('',(-18.0759017870416,-131.90625,55.2842857937533));
#6719=CARTESIAN_POINT('',(-21.8028561060735,-134.25,54.7637244150638));
#6720=CARTESIAN_POINT('',(-25.0339105942763,-136.59375,52.8346161023585));
#6721=CARTESIAN_POINT('',(-27.2602795906331,-138.9375,49.8007311049929));
#6722=CARTESIAN_POINT('',(-28.131383355103,-141.28125,46.1398119007627));
#6723=CARTESIAN_POINT('',(-27.5100491919719,-143.625,42.4283159587561));
#6724=CARTESIAN_POINT('',(-25.4941255840795,-145.96875,39.2507485498629));
#6725=CARTESIAN_POINT('',(-22.4010223142519,-148.3125,37.1072265811138));
#6726=CARTESIAN_POINT('',(-18.7179226402286,-150.65625,36.3362032482601));
#6727=CARTESIAN_POINT('',(-16.2555371599854,-152.21875,36.8158420931737));
#6728=CARTESIAN_POINT('',(-15.1198159737691,-153.,37.2873247734003));
#6729=CARTESIAN_POINT('',(-15.6401181812796,-152.923501369095,46.1494933906699));
#6730=CARTESIAN_POINT('',(-15.6185254095166,-152.923535769276,45.9528782505342));
#6731=CARTESIAN_POINT('',(-15.6176741141729,-152.923776048747,45.7505603284877));
#6732=CARTESIAN_POINT('',(-15.6357937212146,-152.923856921191,45.5537538227052));
#6733=CARTESIAN_POINT('',(-15.6448535247354,-152.923897357413,45.455350569814));
#6734=CARTESIAN_POINT('',(-15.6584320446859,-152.923906871289,45.3580010429396));
#6735=CARTESIAN_POINT('',(-15.6766914978827,-152.923910128173,45.2609336482204));
#6736=CARTESIAN_POINT('',(-15.6949509510795,-152.923913385057,45.1638662535012));
#6737=CARTESIAN_POINT('',(-15.7297575408673,-152.923915253133,45.0264726915523));
#6738=CARTESIAN_POINT('',(-15.7457448560214,-152.92392283422,44.9715292078684));
#6739=CARTESIAN_POINT('',(-15.7617321711756,-152.923930415307,44.9165857241846));
#6740=CARTESIAN_POINT('',(-15.7844671315884,-152.923902610544,44.84234257715));
#6741=CARTESIAN_POINT('',(-15.8191687275092,-152.923880564525,44.7495682312059));
#6742=CARTESIAN_POINT('',(-15.85387032343,-152.923858518506,44.6567938852619));
#6743=CARTESIAN_POINT('',(-15.9214367903778,-152.923857182531,44.5061073557046));
#6744=CARTESIAN_POINT('',(-15.9658915368586,-152.923786034815,44.4199618388983));
#6745=CARTESIAN_POINT('',(-16.0103462833394,-152.923714887099,44.3338163220918));
#6746=CARTESIAN_POINT('',(-16.0594673313204,-152.923640101362,44.2487449958045));
#6747=CARTESIAN_POINT('',(-16.113422145306,-152.923584808927,44.1652668104355));
#6748=CARTESIAN_POINT('',(-16.1403995522987,-152.923557162709,44.123527717751));
#6749=CARTESIAN_POINT('',(-16.1684657891799,-152.923534435408,44.0823709897974));
#6750=CARTESIAN_POINT('',(-16.1977016755869,-152.923519532233,44.0417567299808));
#6751=CARTESIAN_POINT('',(-16.2269375619938,-152.923504629059,44.0011424701642));
#6752=CARTESIAN_POINT('',(-16.2302926098047,-152.923494196152,43.9948339115772));
#6753=CARTESIAN_POINT('',(-16.2890279895039,-152.92350142191,43.9215215901225));
#6754=CARTESIAN_POINT('',(-16.5239695083006,-152.923530324945,43.6282723043036));
#6755=CARTESIAN_POINT('',(-16.7622168598011,-152.923840759005,43.4442259665529));
#6756=CARTESIAN_POINT('',(-16.9237191656676,-152.923837077823,43.3319972289322));
#6757=CARTESIAN_POINT('',(-17.0044703186008,-152.923835237233,43.2758828601219));
#6758=CARTESIAN_POINT('',(-17.0688337605505,-152.923829903968,43.2365151111245));
#6759=CARTESIAN_POINT('',(-17.1146738289544,-152.923830166529,43.2094330229355));
#6760=CARTESIAN_POINT('',(-17.1605138973583,-152.923830429091,43.1823509347466));
#6761=CARTESIAN_POINT('',(-17.1516644321827,-152.923826243584,43.1874269791199));
#6762=CARTESIAN_POINT('',(-17.1953142313118,-152.92383540483,43.1634545909136));
#6763=CARTESIAN_POINT('',(-17.2389640304409,-152.923844566077,43.1394822027073));
#6764=CARTESIAN_POINT('',(-17.3036480319764,-152.923816787663,43.1046306480465));
#6765=CARTESIAN_POINT('',(-17.3932586613492,-152.923793437233,43.063324824397));
#6766=CARTESIAN_POINT('',(-17.482869290722,-152.923770086803,43.0220190007475));
#6767=CARTESIAN_POINT('',(-17.6472965690808,-152.923776213874,42.958885194295));
#6768=CARTESIAN_POINT('',(-17.7405118495233,-152.92371122084,42.9291229574134));
#6769=CARTESIAN_POINT('',(-17.9269424104081,-152.923581234773,42.86959848365));
#6770=CARTESIAN_POINT('',(-18.1321420912689,-152.923451872263,42.8261337103617));
#6771=CARTESIAN_POINT('',(-18.3212504282182,-152.923501057185,42.8053736033537));
#6772=CARTESIAN_POINT('',(-18.5103587651675,-152.923550242107,42.7846134963457));
#6773=CARTESIAN_POINT('',(-18.7138364396972,-152.923790161423,42.7826172540977));
#6774=CARTESIAN_POINT('',(-18.9114957121385,-152.923869890272,42.8003357355472));
#6775=CARTESIAN_POINT('',(-19.0103253483592,-152.923909754696,42.8091949762719));
#6776=CARTESIAN_POINT('',(-19.1081681999442,-152.923915543541,42.8226026166509));
#6777=CARTESIAN_POINT('',(-19.2058115396148,-152.923912322918,42.8407395084154));
#6778=CARTESIAN_POINT('',(-19.3034548792853,-152.923909102295,42.8588764001799));
#6779=CARTESIAN_POINT('',(-19.445643887493,-152.923896643908,42.8946842108303));
#6780=CARTESIAN_POINT('',(-19.4986854168943,-152.923897381103,42.9100294995321));
#6781=CARTESIAN_POINT('',(-19.5517269462957,-152.923898118298,42.9253747882339));
#6782=CARTESIAN_POINT('',(-19.6254926599945,-152.923864311628,42.9477342137703));
#6783=CARTESIAN_POINT('',(-19.7188403617346,-152.923837824188,42.9824659015444));
#6784=CARTESIAN_POINT('',(-19.8121880634747,-152.923811336748,43.0171975893185));
#6785=CARTESIAN_POINT('',(-19.9630475070071,-152.923810679994,43.084582589643));
#6786=CARTESIAN_POINT('',(-20.0505103603826,-152.923739376618,43.1296407578862));
#6787=CARTESIAN_POINT('',(-20.137973213758,-152.923668073241,43.1746989261293));
#6788=CARTESIAN_POINT('',(-20.2229396528632,-152.923596527765,43.2238253071218));
#6789=CARTESIAN_POINT('',(-20.3059649381824,-152.923549095285,43.2774913780378));
#6790=CARTESIAN_POINT('',(-20.347477580842,-152.923525379046,43.3043244134958));
#6791=CARTESIAN_POINT('',(-20.3884974681128,-152.923507579554,43.3322969401036));
#6792=CARTESIAN_POINT('',(-20.4290601709628,-152.923498569345,43.3615047217254));
#6793=CARTESIAN_POINT('',(-20.4696228738129,-152.923489559137,43.3907125033473));
#6794=CARTESIAN_POINT('',(-20.5441628606279,-152.923499516462,43.4487673877794));
#6795=CARTESIAN_POINT('',(-20.549396615178,-152.923501067615,43.4529642753555));
#6796=CARTESIAN_POINT('',(-20.5598641242783,-152.92350416992,43.4613580505076));
#6797=CARTESIAN_POINT('',(-20.6042994455286,-152.923496041511,43.4957482839435));
#6798=CARTESIAN_POINT('',(-20.6780106734596,-152.923517713524,43.5618666695519));
#6799=CARTESIAN_POINT('',(-20.7148662874251,-152.92352854953,43.5949258623561));
#6800=CARTESIAN_POINT('',(-20.7589388368923,-152.923547372604,43.6360339616725));
#6801=CARTESIAN_POINT('',(-20.8090756410214,-152.923598963999,43.6871898333592));
#6802=CARTESIAN_POINT('',(-20.8592124451505,-152.923650555394,43.7383457050459));
#6803=CARTESIAN_POINT('',(-20.9469751096752,-152.923715602863,43.8372966430447));
#6804=CARTESIAN_POINT('',(-20.9735679928727,-152.923723128787,43.8691150804422));
#6805=CARTESIAN_POINT('',(-21.0001608760702,-152.92373065471,43.9009335178397));
#6806=CARTESIAN_POINT('',(-21.0286600889224,-152.923738376946,43.9363471811274));
#6807=CARTESIAN_POINT('',(-21.0586675394469,-152.92374606479,43.9756965435972));
#6808=CARTESIAN_POINT('',(-21.0886749899714,-152.923753752635,44.015045906067));
#6809=CARTESIAN_POINT('',(-21.0992077705232,-152.923755199822,44.0276005225316));
#6810=CARTESIAN_POINT('',(-21.1527643417481,-152.923770878939,44.1060213952704));
#6811=CARTESIAN_POINT('',(-21.2598774841979,-152.923802237174,44.262863140748));
#6812=CARTESIAN_POINT('',(-21.2849190129443,-152.92381475994,44.3166350244656));
#6813=CARTESIAN_POINT('',(-21.3082826132296,-152.923822562476,44.359114303886));
#6814=CARTESIAN_POINT('',(-21.331646213515,-152.923830365012,44.4015935833063));
#6815=CARTESIAN_POINT('',(-21.3665060577849,-152.92380229956,44.4660732586913));
#6816=CARTESIAN_POINT('',(-21.4080145291344,-152.923780154996,44.5559387956684));
#6817=CARTESIAN_POINT('',(-21.449523000484,-152.923758010433,44.6458043326456));
#6818=CARTESIAN_POINT('',(-21.5149235965853,-152.923766027714,44.8168942006037));
#6819=CARTESIAN_POINT('',(-21.5429837349926,-152.923708833333,44.9047842770011));
#6820=CARTESIAN_POINT('',(-21.5991040118072,-152.923594444572,45.080564429796));
#6821=CARTESIAN_POINT('',(-21.6460049337801,-152.923467867974,45.2954383032548));
#6822=CARTESIAN_POINT('',(-21.6671460404568,-152.923501369097,45.4879298512611));
#6823=CARTESIAN_POINT('',(-21.6882871471335,-152.923534870219,45.6804213992675));
#6824=CARTESIAN_POINT('',(-21.6897658975464,-152.923764669105,45.8850388000941));
#6825=CARTESIAN_POINT('',(-21.6717398453924,-152.923829491037,46.0827249786914));
#6826=CARTESIAN_POINT('',(-21.6627268193154,-152.923861902003,46.18156806799));
#6827=CARTESIAN_POINT('',(-21.6491788803817,-152.923861208623,46.279229749493));
#6828=CARTESIAN_POINT('',(-21.6309649802626,-152.923852441238,46.3765029105541));
#6829=CARTESIAN_POINT('',(-21.6127510801434,-152.923843673853,46.4737760716151));
#6830=CARTESIAN_POINT('',(-21.5788837022881,-152.923824947968,46.6085025986407));
#6831=CARTESIAN_POINT('',(-21.5616927395293,-152.923823311653,46.6676974873));
#6832=CARTESIAN_POINT('',(-21.5445017767705,-152.923821675337,46.7268923759594));
#6833=CARTESIAN_POINT('',(-21.5206121811315,-152.923793622248,46.8038246349833));
#6834=CARTESIAN_POINT('',(-21.4854162064429,-152.923780462758,46.8968570775601));
#6835=CARTESIAN_POINT('',(-21.4502202317543,-152.923767303267,46.989889520137));
#6836=CARTESIAN_POINT('',(-21.3835188307031,-152.923781209028,47.1369116244881));
#6837=CARTESIAN_POINT('',(-21.3412248060871,-152.92372457203,47.218636209841));
#6838=CARTESIAN_POINT('',(-21.2989307814712,-152.923667935032,47.3003607951939));
#6839=CARTESIAN_POINT('',(-21.2516095220509,-152.92360809828,47.3827560317647));
#6840=CARTESIAN_POINT('',(-21.1981222879514,-152.923563675612,47.4658305702527));
#6841=CARTESIAN_POINT('',(-21.1446350538518,-152.923519252945,47.5489051087407));
#6842=CARTESIAN_POINT('',(-21.1204275416855,-152.923482867438,47.5885225465189));
#6843=CARTESIAN_POINT('',(-21.0174323979283,-152.923501672114,47.7169029195349));
#6844=CARTESIAN_POINT('',(-20.811442110414,-152.923539281466,47.9736636655671));
#6845=CARTESIAN_POINT('',(-20.6039809937303,-152.923854540504,48.145108175938));
#6846=CARTESIAN_POINT('',(-20.4451381097072,-152.923872354408,48.2612115102338));
#6847=CARTESIAN_POINT('',(-20.2862952256842,-152.923890168313,48.3773148445295));
#6848=CARTESIAN_POINT('',(-20.2024746198257,-152.923874417787,48.4239062445879));
#6849=CARTESIAN_POINT('',(-20.1095252372865,-152.923898108898,48.474821613663));
#6850=CARTESIAN_POINT('',(-20.0630505460169,-152.923909954454,48.5002792982005));
#6851=CARTESIAN_POINT('',(-19.9964632342354,-152.923884332774,48.5358590440544));
#6852=CARTESIAN_POINT('',(-19.9064459011067,-152.923863023406,48.5770416220185));
#6853=CARTESIAN_POINT('',(-19.816428567978,-152.923841714038,48.6182241999826));
#6854=CARTESIAN_POINT('',(-19.6555573316142,-152.923842180153,48.6795583710303));
#6855=CARTESIAN_POINT('',(-19.5637664232988,-152.923773945927,48.7087956231699));
#6856=CARTESIAN_POINT('',(-19.3801846066679,-152.923637477474,48.7672701274492));
#6857=CARTESIAN_POINT('',(-19.1779347703637,-152.92348468781,48.8109598096332));
#6858=CARTESIAN_POINT('',(-18.9828143487979,-152.923501682531,48.8324005606284));
#6859=CARTESIAN_POINT('',(-18.787693927232,-152.923518677252,48.8538413116236));
#6860=CARTESIAN_POINT('',(-18.5850953326761,-152.923743367699,48.8550193761274));
#6861=CARTESIAN_POINT('',(-18.3861739831982,-152.923808713385,48.8366511247353));
#6862=CARTESIAN_POINT('',(-18.2867133084593,-152.923841386228,48.8274669990393));
#6863=CARTESIAN_POINT('',(-18.1883520235766,-152.923843083646,48.8136156012752));
#6864=CARTESIAN_POINT('',(-18.0918645595559,-152.923839894938,48.7953806596741));
#6865=CARTESIAN_POINT('',(-17.9953770955351,-152.923836706231,48.777145718073));
#6866=CARTESIAN_POINT('',(-17.8575587050575,-152.923831389442,48.742066281112));
#6867=CARTESIAN_POINT('',(-17.8060273686452,-152.923835646074,48.7270869147417));
#6868=CARTESIAN_POINT('',(-17.7544960322329,-152.923839902705,48.7121075483715));
#6869=CARTESIAN_POINT('',(-17.6823038620703,-152.923810426421,48.6902208648439));
#6870=CARTESIAN_POINT('',(-17.5897335636525,-152.923788442764,48.65580131919));
#6871=CARTESIAN_POINT('',(-17.4971632652347,-152.923766459107,48.6213817735362));
#6872=CARTESIAN_POINT('',(-17.3418185045279,-152.923773920807,48.5519408075772));
#6873=CARTESIAN_POINT('',(-17.2548977048727,-152.923708821633,48.5070455448002));
#6874=CARTESIAN_POINT('',(-17.0810561055622,-152.923578623284,48.4172550192462));
#6875=CARTESIAN_POINT('',(-16.9055759990173,-152.923450176677,48.30306749582));
#6876=CARTESIAN_POINT('',(-16.7568663572158,-152.923501316226,48.1836561399744));
#6877=CARTESIAN_POINT('',(-16.6081567154143,-152.923552455775,48.0642447841288));
#6878=CARTESIAN_POINT('',(-16.4627838611775,-152.923796405392,47.9214150796668));
#6879=CARTESIAN_POINT('',(-16.3357387325212,-152.92387943141,47.7691090508619));
#6880=CARTESIAN_POINT('',(-16.272216168193,-152.923920944419,47.6929560364595));
#6881=CARTESIAN_POINT('',(-16.212614772169,-152.923928915991,47.614298510615));
#6882=CARTESIAN_POINT('',(-16.1565054391171,-152.923928337842,47.532456065455));
#6883=CARTESIAN_POINT('',(-16.1003961060652,-152.923927759692,47.450613620295));
#6884=CARTESIAN_POINT('',(-16.0255339619476,-152.923920072945,47.3251617517181));
#6885=CARTESIAN_POINT('',(-15.9988212625145,-152.923922646234,47.2766234136869));
#6886=CARTESIAN_POINT('',(-15.9721085630814,-152.923925219523,47.2280850756556));
#6887=CARTESIAN_POINT('',(-15.9356900557228,-152.923892307535,47.1598657372795));
#6888=CARTESIAN_POINT('',(-15.8942973976458,-152.923865951848,47.0692709317198));
#6889=CARTESIAN_POINT('',(-15.8529047395688,-152.92383959616,46.9786761261601));
#6890=CARTESIAN_POINT('',(-15.7940191469339,-152.92383624701,46.8244791987837));
#6891=CARTESIAN_POINT('',(-15.7641021931597,-152.923763048165,46.7308571408746));
#6892=CARTESIAN_POINT('',(-15.7341852393854,-152.92368984932,46.6372350829654));
#6893=CARTESIAN_POINT('',(-15.7088846893711,-152.923615474424,46.5424765696139));
#6894=CARTESIAN_POINT('',(-15.6881508363772,-152.923564157181,46.4458541082802));
#6895=CARTESIAN_POINT('',(-15.6777839098802,-152.923538498559,46.3975428776134));
#6896=CARTESIAN_POINT('',(-15.6685671151782,-152.923518495459,46.348767612253));
#6897=CARTESIAN_POINT('',(-15.6605441252307,-152.923507019199,46.2994346952491));
#6898=CARTESIAN_POINT('',(-15.6525211352832,-152.923495542938,46.2501017782452));
#6899=CARTESIAN_POINT('',(-15.6506002815868,-152.923484669704,46.2449392020482));
#6900=CARTESIAN_POINT('',(-15.6401181812796,-152.923501369095,46.1494933906699));
#6901=CARTESIAN_POINT('',(-15.6401181812797,-152.923501369095,46.14949339067));
#6902=CARTESIAN_POINT('',(-15.702032972027,-152.932489710417,46.143368921401));
#6903=CARTESIAN_POINT('',(-9.705514697043,-152.088415740203,46.8105051492299));
#6904=CARTESIAN_POINT('',(-9.70884844458848,-145.996145901756,46.810134256712));
#6905=CARTESIAN_POINT('',(-15.6802654167752,-152.932459860382,45.9496413764498));
#6906=CARTESIAN_POINT('',(-9.63816937155388,-152.087872151458,46.2280725796524));
#6907=CARTESIAN_POINT('',(-9.6440567542485,-145.993236801521,46.2277431304085));
#6908=CARTESIAN_POINT('',(-15.6788595425488,-152.932584872877,45.7507506977656));
#6909=CARTESIAN_POINT('',(-9.64159615940197,-152.09014745538,45.604914447541));
#6910=CARTESIAN_POINT('',(-9.63687352387992,-146.005421391801,45.604815286941));
#6911=CARTESIAN_POINT('',(-15.7136080297094,-152.932599955837,45.3648202866511));
#6912=CARTESIAN_POINT('',(-9.74803505007941,-152.090421745311,44.4333625986094));
#6913=CARTESIAN_POINT('',(-9.74210332238164,-146.006891708556,44.4324515430062));
#6914=CARTESIAN_POINT('',(-15.7490276435306,-152.932519054077,45.174206527312));
#6915=CARTESIAN_POINT('',(-9.84820624637513,-152.088949944423,43.8677139056527));
#6916=CARTESIAN_POINT('',(-9.84906789346115,-145.999005803859,43.867846323286));
#6917=CARTESIAN_POINT('',(-15.8563988919111,-152.932460097789,44.8023569062284));
#6918=CARTESIAN_POINT('',(-10.1675076743215,-152.087876475334,42.7484488496713));
#6919=CARTESIAN_POINT('',(-10.1730540836817,-145.993259938128,42.7503907476303));
#6920=CARTESIAN_POINT('',(-15.9307769683616,-152.932584636196,44.6186232959846));
#6921=CARTESIAN_POINT('',(-10.4077728055584,-152.090143150911,42.1757789001856));
#6922=CARTESIAN_POINT('',(-10.4034649036,-146.005398320116,42.1738903260994));
#6923=CARTESIAN_POINT('',(-16.1110795904865,-152.932600145596,44.274231349042));
#6924=CARTESIAN_POINT('',(-10.9560436845364,-152.090425195885,41.1306465555398));
#6925=CARTESIAN_POINT('',(-10.9508981331769,-146.006910206825,41.1275268035285));
#6926=CARTESIAN_POINT('',(-16.2171993876789,-152.932518982429,44.1112020879591));
#6927=CARTESIAN_POINT('',(-11.2663877117301,-152.088948640232,40.6449626372243));
#6928=CARTESIAN_POINT('',(-11.2671376847557,-145.998998820702,40.6454187038114));
#6929=CARTESIAN_POINT('',(-16.457614812308,-152.932460223765,43.8100665247618));
#6930=CARTESIAN_POINT('',(-11.9864532761484,-152.087878769801,39.7370719262346));
#6931=CARTESIAN_POINT('',(-11.9908274315742,-145.993272214985,39.7409800877885));
#6932=CARTESIAN_POINT('',(-16.5966491120932,-152.932584782716,43.6684766266597));
#6933=CARTESIAN_POINT('',(-12.4276062216907,-152.090145815664,39.2990137846512));
#6934=CARTESIAN_POINT('',(-12.4243394830479,-146.00541260303,39.2956120885785));
#6935=CARTESIAN_POINT('',(-16.8971738701089,-152.932600043273,43.4175933398567));
#6936=CARTESIAN_POINT('',(-13.3405814392637,-152.090423335237,38.5380991062312));
#6937=CARTESIAN_POINT('',(-13.337029701963,-146.006900232012,38.5332521935538));
#6938=CARTESIAN_POINT('',(-17.056226276928,-152.932518961329,43.3087254919666));
#6939=CARTESIAN_POINT('',(-13.8090032314487,-152.08894825617,38.2116013224446));
#6940=CARTESIAN_POINT('',(-13.8095224376949,-145.998996764261,38.2123112540415));
#6941=CARTESIAN_POINT('',(-17.3933098499867,-152.932460247153,43.1226639267236));
#6942=CARTESIAN_POINT('',(-14.8208781075011,-152.087879195781,37.6488258368052));
#6943=CARTESIAN_POINT('',(-14.8234230631706,-145.993274494258,37.6541085114907));
#6944=CARTESIAN_POINT('',(-17.5782826178692,-152.932585629657,43.0441352374701));
#6945=CARTESIAN_POINT('',(-15.403315712449,-152.090161218763,37.4101477488867));
#6946=CARTESIAN_POINT('',(-15.4015785546049,-146.005495163118,37.4056859610242));
#6947=CARTESIAN_POINT('',(-17.9521066333293,-152.932599373177,42.9276225555586));
#6948=CARTESIAN_POINT('',(-16.5382254020407,-152.090411150198,37.0573288320095));
#6949=CARTESIAN_POINT('',(-16.5368182966849,-146.006834909205,37.0515453736567));
#6950=CARTESIAN_POINT('',(-18.1387768689595,-152.93251874556,42.8883823185577));
#6951=CARTESIAN_POINT('',(-17.0901458100627,-152.088944328763,36.9363761618415));
#6952=CARTESIAN_POINT('',(-17.0903568423095,-145.998975734122,36.9372488586141));
#6953=CARTESIAN_POINT('',(-18.5222497723076,-152.93246020334,42.8454977163206));
#6954=CARTESIAN_POINT('',(-18.242955400336,-152.08787839767,36.8037252593694));
#6955=CARTESIAN_POINT('',(-18.2432826790339,-145.993270224581,36.8095836405602));
#6956=CARTESIAN_POINT('',(-18.725165398073,-152.932586360291,42.8439882182117));
#6957=CARTESIAN_POINT('',(-18.878488200134,-152.090174506554,36.8069385382664));
#6958=CARTESIAN_POINT('',(-18.8785990224434,-146.005566386086,36.8020900258999));
#6959=CARTESIAN_POINT('',(-19.1125671773059,-152.932598774776,42.8794202717668));
#6960=CARTESIAN_POINT('',(-20.0540809160177,-152.09040026873,36.9152449043799));
#6961=CARTESIAN_POINT('',(-20.0549889305851,-146.006776574968,36.9094138483361));
#6962=CARTESIAN_POINT('',(-19.2998660579988,-152.932518440777,42.9144731212525));
#6963=CARTESIAN_POINT('',(-20.6097831050139,-152.088938781172,37.0143326472577));
#6964=CARTESIAN_POINT('',(-20.6096383633205,-145.99894602848,37.0152449786697));
#6965=CARTESIAN_POINT('',(-19.6720193735054,-152.932460118175,43.0221998921165));
#6966=CARTESIAN_POINT('',(-21.7300622418102,-152.087876846324,37.3347742646391));
#6967=CARTESIAN_POINT('',(-21.7281163821025,-145.993261924889,37.3403175003521));
#6968=CARTESIAN_POINT('',(-19.8592972969058,-152.932586591637,43.0983874592543));
#6969=CARTESIAN_POINT('',(-22.3136900030752,-152.090178713933,37.5807774152387));
#6970=CARTESIAN_POINT('',(-22.3156582093646,-146.005588937853,37.5763236369856));
#6971=CARTESIAN_POINT('',(-20.2023248997061,-152.932598581546,43.2787644832132));
#6972=CARTESIAN_POINT('',(-23.3542839415256,-152.090396755006,38.1288153673646));
#6973=CARTESIAN_POINT('',(-23.3573458678687,-146.006757738459,38.12378979309));
#6974=CARTESIAN_POINT('',(-20.3622453093961,-152.932518163837,43.3828608368169));
#6975=CARTESIAN_POINT('',(-23.8306496277846,-152.088933740332,38.4331105232511));
#6976=CARTESIAN_POINT('',(-23.8301534041022,-145.998919036069,38.4339174834056));
#6977=CARTESIAN_POINT('',(-20.6667455220702,-152.932459966252,43.6265663827791));
#6978=CARTESIAN_POINT('',(-24.7488035144742,-152.087874079128,39.1632319306213));
#6979=CARTESIAN_POINT('',(-24.7448718701924,-145.99324711984,39.1676148000469));
#6980=CARTESIAN_POINT('',(-20.8082650887946,-152.932586416438,43.7665637694988));
#6981=CARTESIAN_POINT('',(-25.1867490342696,-152.090175527691,39.6076063809619));
#6982=CARTESIAN_POINT('',(-25.1902603546417,-146.005571859435,39.6042543493892));
#6983=CARTESIAN_POINT('',(-21.0560444053921,-152.932598723982,44.0642465397284));
#6984=CARTESIAN_POINT('',(-25.9380933505876,-152.09039934509,40.5114862051357));
#6985=CARTESIAN_POINT('',(-25.9428542264014,-146.00677162347,40.5080065701396));
#6986=CARTESIAN_POINT('',(-21.1654808491073,-152.932517673153,44.2240840210539));
#6987=CARTESIAN_POINT('',(-26.2663511833486,-152.088924808741,40.9822819581508));
#6988=CARTESIAN_POINT('',(-26.2655478360212,-145.998871211566,40.9828583960016));
#6989=CARTESIAN_POINT('',(-21.3520994420689,-152.932460200202,44.5633830334481));
#6990=CARTESIAN_POINT('',(-26.8308605508883,-152.08787834004,42.0010895412977));
#6991=CARTESIAN_POINT('',(-26.8255689789242,-145.993269919458,42.0036256625635));
#6992=CARTESIAN_POINT('',(-21.4291355955396,-152.93258613507,44.7460619278475));
#6993=CARTESIAN_POINT('',(-27.064999607298,-152.09017041056,42.5766636180865));
#6994=CARTESIAN_POINT('',(-27.069503229676,-146.005544431392,42.5749164439091));
#6995=CARTESIAN_POINT('',(-21.5445641454752,-152.932598955949,45.116958921195));
#6996=CARTESIAN_POINT('',(-27.4145441615591,-152.090403563223,43.7025456676672));
#6997=CARTESIAN_POINT('',(-27.4202931948425,-146.006794236277,43.7011473141432));
#6998=CARTESIAN_POINT('',(-21.5846082510945,-152.932517478851,45.3071033130721));
#6999=CARTESIAN_POINT('',(-27.5379782312591,-152.088921272021,44.2648516299251));
#7000=CARTESIAN_POINT('',(-27.5369991168647,-145.998852273807,44.2650794306465));
#7001=CARTESIAN_POINT('',(-21.627155837209,-152.932460172706,45.6926942647195));
#7002=CARTESIAN_POINT('',(-27.6695661666126,-152.087877839156,45.4242983682017));
#7003=CARTESIAN_POINT('',(-27.6637043656028,-145.993267240044,45.4246143316947));
#7004=CARTESIAN_POINT('',(-21.6281899570696,-152.93258790791,45.8951704905402));
#7005=CARTESIAN_POINT('',(-27.6647844167917,-152.09020265222,46.058735598865));
#7006=CARTESIAN_POINT('',(-27.6697636732729,-146.00571724978,46.0588610450814));
#7007=CARTESIAN_POINT('',(-21.5922562403274,-152.932597483643,46.2817526912726));
#7008=CARTESIAN_POINT('',(-27.555175989703,-152.090376790288,47.2314029504385));
#7009=CARTESIAN_POINT('',(-27.5608973079196,-146.006650711347,47.2323045176174));
#7010=CARTESIAN_POINT('',(-21.5570162334158,-152.932517159265,46.4688030754132));
#7011=CARTESIAN_POINT('',(-27.4555523309008,-152.088915454823,47.7863736589397));
#7012=CARTESIAN_POINT('',(-27.4545342573156,-145.99882112549,47.7862026813067));
#7013=CARTESIAN_POINT('',(-21.4488402409457,-152.932460247901,46.8406779552852));
#7014=CARTESIAN_POINT('',(-27.1336084583287,-152.087879208592,48.9060145983695));
#7015=CARTESIAN_POINT('',(-27.1280784630959,-145.993274568175,48.9040640810234));
#7016=CARTESIAN_POINT('',(-21.3726278362238,-152.932587568465,47.0272877739667));
#7017=CARTESIAN_POINT('',(-26.8874129298108,-152.090196478982,49.4877028684688));
#7018=CARTESIAN_POINT('',(-26.8919393446825,-146.005684160373,49.4897113169665));
#7019=CARTESIAN_POINT('',(-21.1922443303952,-152.932597768504,47.3695526692106));
#7020=CARTESIAN_POINT('',(-26.3395889137925,-152.090381970316,50.5257809318715));
#7021=CARTESIAN_POINT('',(-26.3445522702383,-146.006678480323,50.5288125289482));
#7022=CARTESIAN_POINT('',(-21.0878137481985,-152.93251729277,47.5296687080648));
#7023=CARTESIAN_POINT('',(-26.0343034609511,-152.088917884958,51.0027540788492));
#7024=CARTESIAN_POINT('',(-26.0334370808991,-145.998834137352,51.0022137150792));
#7025=CARTESIAN_POINT('',(-20.8443708697719,-152.932460108868,47.8333206990585));
#7026=CARTESIAN_POINT('',(-25.3048283611788,-152.087876676338,51.9184331941648));
#7027=CARTESIAN_POINT('',(-25.3004578552481,-145.993261018893,51.9145058617205));
#7028=CARTESIAN_POINT('',(-20.7047766888789,-152.932586808341,47.974271738145));
#7029=CARTESIAN_POINT('',(-24.8616325745256,-152.090182655042,52.3546600619089));
#7030=CARTESIAN_POINT('',(-24.865005267792,-146.005610062512,52.3581975157731));
#7031=CARTESIAN_POINT('',(-20.4073709900694,-152.932598401538,48.2216357748313));
#7032=CARTESIAN_POINT('',(-23.9587096062051,-152.090393481661,53.1047061572353));
#7033=CARTESIAN_POINT('',(-23.9621711957986,-146.006740190557,53.1094463563698));
#7034=CARTESIAN_POINT('',(-20.2474329754737,-152.932517451205,48.3310482187466));
#7035=CARTESIAN_POINT('',(-23.4875941679349,-152.088920768774,53.4329036473387));
#7036=CARTESIAN_POINT('',(-23.4870082718863,-145.998849579509,53.4320839924348));
#7037=CARTESIAN_POINT('',(-19.9090099562429,-152.932460290647,48.5171186267765));
#7038=CARTESIAN_POINT('',(-22.4713884642275,-152.087879987289,53.9957596894867));
#7039=CARTESIAN_POINT('',(-22.4688559047823,-145.993278733771,53.9904749734658));
#7040=CARTESIAN_POINT('',(-19.726636205369,-152.932585977659,48.5940741600754));
#7041=CARTESIAN_POINT('',(-21.8967815083255,-152.090167547783,54.2296537127538));
#7042=CARTESIAN_POINT('',(-21.8985247415013,-146.005529086793,54.2341445497118));
#7043=CARTESIAN_POINT('',(-19.355911845085,-152.932599082546,48.7095102041154));
#7044=CARTESIAN_POINT('',(-20.7713732085849,-152.090405865298,54.5792178973265));
#7045=CARTESIAN_POINT('',(-20.7727753742727,-146.006806577429,54.5849770297545));
#7046=CARTESIAN_POINT('',(-19.1659305797125,-152.93251800462,48.7494565790004));
#7047=CARTESIAN_POINT('',(-20.2094944080307,-152.088930842105,54.7023370624206));
#7048=CARTESIAN_POINT('',(-20.2092742540838,-145.998903518317,54.7014020689061));
#7049=CARTESIAN_POINT('',(-18.7836234435872,-152.932460345244,48.7919499918589));
#7050=CARTESIAN_POINT('',(-19.0600673759531,-152.087880981955,54.8337688858827));
#7051=CARTESIAN_POINT('',(-19.0597444161215,-145.993284054118,54.8279223432139));
#7052=CARTESIAN_POINT('',(-18.5854026468102,-152.932585552356,48.7935947800086));
#7053=CARTESIAN_POINT('',(-18.4389135913686,-152.090159812932,54.8310307327618));
#7054=CARTESIAN_POINT('',(-18.4388114591522,-146.005487627885,54.8358110879766));
#7055=CARTESIAN_POINT('',(-18.1957959614574,-152.932599433742,48.7582442767373));
#7056=CARTESIAN_POINT('',(-17.2564120258893,-152.090412251509,54.7228593287324));
#7057=CARTESIAN_POINT('',(-17.2554989247317,-146.006840813191,54.7287462329793));
#7058=CARTESIAN_POINT('',(-18.0070099648421,-152.932518563131,48.722765939857));
#7059=CARTESIAN_POINT('',(-16.6962864364056,-152.088941008149,54.6225207667302));
#7060=CARTESIAN_POINT('',(-16.696429528595,-145.998957953693,54.621618808892));
#7061=CARTESIAN_POINT('',(-17.6376593657827,-152.932460314376,48.6159936845523));
#7062=CARTESIAN_POINT('',(-15.5844977579533,-152.087880419982,54.3049627652876));
#7063=CARTESIAN_POINT('',(-15.5864336970262,-145.993281045592,54.2994338742968));
#7064=CARTESIAN_POINT('',(-17.4513510727296,-152.932585778369,48.5406559435101));
#7065=CARTESIAN_POINT('',(-15.0039222358956,-152.09016392338,54.0616614358578));
#7066=CARTESIAN_POINT('',(-15.001989030343,-146.005509659962,54.066055554695));
#7067=CARTESIAN_POINT('',(-17.1054527801368,-152.932599250801,48.3590863081187));
#7068=CARTESIAN_POINT('',(-13.9544610553799,-152.090408924871,53.5098170887914));
#7069=CARTESIAN_POINT('',(-13.951371824661,-146.006822979396,53.5148926223479));
#7070=CARTESIAN_POINT('',(-16.9459678820053,-152.932518917886,48.255038017038));
#7071=CARTESIAN_POINT('',(-13.4794201769501,-152.08894746543,53.2056433096693));
#7072=CARTESIAN_POINT('',(-13.4798794859039,-145.998992530024,53.20488890036));
#7073=CARTESIAN_POINT('',(-16.6448204794234,-152.932460225665,48.0145787563524));
#7074=CARTESIAN_POINT('',(-12.571487023327,-152.087878804371,52.4854350652059));
#7075=CARTESIAN_POINT('',(-12.5753954483832,-145.993272400137,52.4810613629271));
#7076=CARTESIAN_POINT('',(-16.5004332703599,-152.932585834474,47.8724198332811));
#7077=CARTESIAN_POINT('',(-12.1248937761244,-152.090164943744,52.0346410556807));
#7078=CARTESIAN_POINT('',(-12.1214213178737,-146.005515129137,52.0379624852244));
#7079=CARTESIAN_POINT('',(-16.251879593801,-152.932599197657,47.5741305987446));
#7080=CARTESIAN_POINT('',(-11.3711440577908,-152.090407958487,51.1287503671586));
#7081=CARTESIAN_POINT('',(-11.3663526573894,-146.006817798711,51.1322563195565));
#7082=CARTESIAN_POINT('',(-16.1442782315464,-152.932519209531,47.4172209132832));
#7083=CARTESIAN_POINT('',(-11.0484319319111,-152.088952773952,50.6666423054153));
#7084=CARTESIAN_POINT('',(-11.0491235686787,-145.999020955076,50.6661335359944));
#7085=CARTESIAN_POINT('',(-15.957250645212,-152.932460093215,47.0784710869775));
#7086=CARTESIAN_POINT('',(-10.4827379625477,-152.087876392102,49.6497850003818));
#7087=CARTESIAN_POINT('',(-10.4880327979068,-145.993259492366,49.6472349870949));
#7088=CARTESIAN_POINT('',(-15.878702878013,-152.93258538789,46.8927331116161));
#7089=CARTESIAN_POINT('',(-10.2439968568759,-152.09015682183,49.0650470581987));
#7090=CARTESIAN_POINT('',(-10.2395537402548,-146.005471595649,49.0667749685835));
#7091=CARTESIAN_POINT('',(-15.7634445417319,-152.932599548882,46.5233244425211));
#7092=CARTESIAN_POINT('',(-9.89498230822201,-152.090414345227,47.9434415480153));
#7093=CARTESIAN_POINT('',(-9.88918622773896,-146.006852037356,47.9448585543532));
#7094=CARTESIAN_POINT('',(-15.7237993611593,-152.932519558853,46.3370860880877));
#7095=CARTESIAN_POINT('',(-9.77283566850605,-152.08895913237,47.3927270942707));
#7096=CARTESIAN_POINT('',(-9.77364013492845,-145.99905500199,47.3925253830155));
#7097=CARTESIAN_POINT('',(-15.702032972027,-152.932489710417,46.143368921401));
#7098=CARTESIAN_POINT('',(-9.705514697043,-152.088415740203,46.8105051492299));
#7099=CARTESIAN_POINT('',(-9.70884844458848,-145.996145901756,46.810134256712));
#7100=CARTESIAN_POINT('',(-12.1471018587674,145.998858587883,39.6009987893507));
#7101=CARTESIAN_POINT('',(-12.1462760931497,147.,39.6002089094377));
#7102=CARTESIAN_POINT('',(-12.8697357493161,147.,40.2922288215461));
#7103=CARTESIAN_POINT('',(-12.9693467709068,145.998421172663,38.741398492927));
#7104=CARTESIAN_POINT('',(-12.9684888310906,147.000000000044,38.7400078215563));
#7105=CARTESIAN_POINT('',(-13.600419666993,147.,39.5283485505996));
#7106=CARTESIAN_POINT('',(-13.9435701872842,145.999285670146,38.0589953998767));
#7107=CARTESIAN_POINT('',(-13.9433759829496,146.999999999986,38.0582999548887));
#7108=CARTESIAN_POINT('',(-14.466736567041,147.,38.9212971002205));
#7109=CARTESIAN_POINT('',(-16.103745631603,145.998430021318,37.1080716515981));
#7110=CARTESIAN_POINT('',(-16.1034810431954,147.000000000015,37.1064701642668));
#7111=CARTESIAN_POINT('',(-16.3863737248824,147.,38.0762589703851));
#7112=CARTESIAN_POINT('',(-17.2761860846808,145.99928751299,36.8472582197018));
#7113=CARTESIAN_POINT('',(-17.276273134675,146.999999999986,36.846543218763));
#7114=CARTESIAN_POINT('',(-17.4290337371953,147.,37.8441223494443));
#7115=CARTESIAN_POINT('',(-20.7984463659544,145.997999785533,36.7693651663798));
#7116=CARTESIAN_POINT('',(-20.799710588049,147.000000000029,36.7673328658105));
#7117=CARTESIAN_POINT('',(-20.5590795767013,147.,37.7749016161325));
#7118=CARTESIAN_POINT('',(-23.1691389461893,145.999763851475,37.6863352296868));
#7119=CARTESIAN_POINT('',(-23.1698531021452,146.999999999971,37.6866912748371));
#7120=CARTESIAN_POINT('',(-22.6674752086669,147.,38.5900328607916));
#7121=CARTESIAN_POINT('',(-25.7153005734018,145.998409675195,40.1182726943691));
#7122=CARTESIAN_POINT('',(-25.7167002998899,147.000000000014,40.1174070780764));
#7123=CARTESIAN_POINT('',(-24.9300833212304,147.,40.7511354996577));
#7124=CARTESIAN_POINT('',(-26.4079317983386,145.999323529125,41.1000354824967));
#7125=CARTESIAN_POINT('',(-26.4086004922659,147.,41.0998742574853));
#7126=CARTESIAN_POINT('',(-25.5462421886098,147.,41.6241814220794));
#7127=CARTESIAN_POINT('',(-27.3605930525822,145.998400659957,43.2568124592271));
#7128=CARTESIAN_POINT('',(-27.3622287702779,147.,43.2565512544994));
#7129=CARTESIAN_POINT('',(-26.3928065206224,147.,43.5407580167392));
#7130=CARTESIAN_POINT('',(-27.6233503412986,145.999324160676,44.4183461809168));
#7131=CARTESIAN_POINT('',(-27.6240292240933,146.999999999985,44.4184546933327));
#7132=CARTESIAN_POINT('',(-26.626679818834,147.,44.5737643465966));
#7133=CARTESIAN_POINT('',(-27.7058213639407,145.997936956679,47.9816340548143));
#7134=CARTESIAN_POINT('',(-27.7079201294828,147.000000000029,47.9829880504149));
#7135=CARTESIAN_POINT('',(-26.6999675715068,147.,47.7402143440057));
#7136=CARTESIAN_POINT('',(-26.7972619306803,145.99975191478,50.3235608369295));
#7137=CARTESIAN_POINT('',(-26.7969191908727,147.000000000029,50.3242780063643));
#7138=CARTESIAN_POINT('',(-25.8923190995003,147.,49.8230755887562));
#7139=CARTESIAN_POINT('',(-23.5280964199357,145.997967973235,53.7440236096743));
#7140=CARTESIAN_POINT('',(-23.5286300935019,146.999999999971,53.7464116154084));
#7141=CARTESIAN_POINT('',(-22.9872109359571,147.,52.8626350270748));
#7142=CARTESIAN_POINT('',(-21.2332681581622,145.999724183673,54.7637033382658));
#7143=CARTESIAN_POINT('',(-21.2325466988898,147.,54.7639948355811));
#7144=CARTESIAN_POINT('',(-20.9465548236601,147.,53.7697853104088));
#7145=CARTESIAN_POINT('',(-17.6681496891736,145.998425057219,54.842357915556));
#7146=CARTESIAN_POINT('',(-17.6677755123781,147.,54.8439438881119));
#7147=CARTESIAN_POINT('',(-17.7784204123761,147.,53.8396828453));
#7148=CARTESIAN_POINT('',(-16.4947560211616,145.999278291523,54.6355292273769));
#7149=CARTESIAN_POINT('',(-16.4944025130083,146.999999999971,54.6361665685205));
#7150=CARTESIAN_POINT('',(-16.7348370595816,147.,53.6559289361211));
#7151=CARTESIAN_POINT('',(-14.2957523004736,145.998435850396,53.7801925078036));
#7152=CARTESIAN_POINT('',(-14.2948124328818,147.000000000029,53.7815077725821));
#7153=CARTESIAN_POINT('',(-14.7806866909423,147.,52.8958326592694));
#7154=CARTESIAN_POINT('',(-13.2813893691358,145.999277346402,53.1346741217663));
#7155=CARTESIAN_POINT('',(-13.280818990365,146.999999999957,53.1351290975052));
#7156=CARTESIAN_POINT('',(-13.8784782791098,147.,52.3219112478904));
#7157=CARTESIAN_POINT('',(-10.7365386901856,145.99801683303,50.6983002340288));
#7158=CARTESIAN_POINT('',(-10.7342345711228,147.000000000087,50.6988447921688));
#7159=CARTESIAN_POINT('',(-11.6169908149952,147.,50.156823711851));
#7160=CARTESIAN_POINT('',(-9.70876933596641,145.999730805159,48.3725173591241));
#7161=CARTESIAN_POINT('',(-9.70848428980108,146.999999999971,48.3717976887417));
#7162=CARTESIAN_POINT('',(-10.7026727747723,147.,48.0886698703124));
#7163=CARTESIAN_POINT('',(-9.63001026292655,145.998423219031,44.8501479285292));
#7164=CARTESIAN_POINT('',(-9.6284224142152,147.000000000015,44.8497776302801));
#7165=CARTESIAN_POINT('',(-10.6326827271833,147.,44.9585399123645));
#7166=CARTESIAN_POINT('',(-9.83507600274439,145.999301133194,43.6667494974117));
#7167=CARTESIAN_POINT('',(-9.83446420499031,146.999999999956,43.6663932090814));
#7168=CARTESIAN_POINT('',(-10.8148746690429,147.,43.9060483771893));
#7169=CARTESIAN_POINT('',(-10.6890191511817,145.998417925804,41.4664535741185));
#7170=CARTESIAN_POINT('',(-10.6876907200692,147.000000000044,41.4654971366315));
#7171=CARTESIAN_POINT('',(-11.5737229821573,147.,41.9507742317822));
#7172=CARTESIAN_POINT('',(-11.3248569466281,145.999296003104,40.4605990857744));
#7173=CARTESIAN_POINT('',(-11.3244233357816,146.999999999956,40.4600333847151));
#7174=CARTESIAN_POINT('',(-12.1390518316393,147.,41.0561090924925));
#7175=CARTESIAN_POINT('',(-12.1471018587674,145.998858587883,39.6009987893507));
#7176=CARTESIAN_POINT('',(-12.1462760931497,147.,39.6002089094377));
#7177=CARTESIAN_POINT('',(-12.8697357493161,147.,40.2922288215461));
#7178=CARTESIAN_POINT('',(-16.4536321105035,147.,43.7791038122018));
#7179=CARTESIAN_POINT('',(-16.4536321105035,132.,43.7791038122018));
#7180=CARTESIAN_POINT('',(-16.4536321105035,146.8,43.7791038122018));
#7181=CARTESIAN_POINT('',(-16.4536321105035,146.8,43.7791038122018));
#7182=CARTESIAN_POINT('',(-16.4756759222586,146.8,43.7553265027937));
#7183=CARTESIAN_POINT('',(-16.4981082045944,146.8,43.731903533235));
#7184=CARTESIAN_POINT('',(-16.5209112738697,146.8,43.7088533681378));
#7185=CARTESIAN_POINT('',(-16.7570546069083,146.8,43.470151167683));
#7186=CARTESIAN_POINT('',(-17.0376667873768,146.8,43.2689276093957));
#7187=CARTESIAN_POINT('',(-17.3395101986042,146.8,43.1218461036271));
#7188=CARTESIAN_POINT('',(-17.6413536098316,146.8,42.9747645978585));
#7189=CARTESIAN_POINT('',(-17.9727534657809,146.8,42.8777684550801));
#7190=CARTESIAN_POINT('',(-18.3062664002926,146.8,42.8388899680482));
#7191=CARTESIAN_POINT('',(-18.6397793348044,146.8,42.8000114810162));
#7192=CARTESIAN_POINT('',(-18.9846040463958,146.8,42.8181783330556));
#7193=CARTESIAN_POINT('',(-19.3121854507746,146.8,42.8918861192503));
#7194=CARTESIAN_POINT('',(-19.6397668551534,146.8,42.965593905445));
#7195=CARTESIAN_POINT('',(-19.9591400519123,146.8,43.0968755775441));
#7196=CARTESIAN_POINT('',(-20.2438576077682,146.8,43.2748596432015));
#7197=CARTESIAN_POINT('',(-20.5285751636242,146.8,43.4528437088589));
#7198=CARTESIAN_POINT('',(-20.7864899403042,146.8,43.6824391883598));
#7199=CARTESIAN_POINT('',(-20.9962439030134,146.8,43.9446331802214));
#7200=CARTESIAN_POINT('',(-21.2059978657226,146.8,44.206827172083));
#7201=CARTESIAN_POINT('',(-21.3733762877326,146.8,44.5088513103279));
#7202=CARTESIAN_POINT('',(-21.4845184891427,146.8,44.8256948447518));
#7203=CARTESIAN_POINT('',(-21.5956606905528,146.8,45.1425383791758));
#7204=CARTESIAN_POINT('',(-21.6536321105035,146.8,45.4829402456601));
#7205=CARTESIAN_POINT('',(-21.6536321105035,146.8,45.8187116176389));
#7206=CARTESIAN_POINT('',(-21.6536321105035,146.8,46.0288655471588));
#7207=CARTESIAN_POINT('',(-21.6313052819111,146.8,46.2401699885033));
#7208=CARTESIAN_POINT('',(-21.5873850993645,146.8,46.4456832281199));
#7209=CARTESIAN_POINT('',(-21.5172120600835,146.8,46.7740399834922));
#7210=CARTESIAN_POINT('',(-21.3893800157537,146.8,47.0948095030535));
#7211=CARTESIAN_POINT('',(-21.2144747935458,146.8,47.3814287234225));
#7212=CARTESIAN_POINT('',(-21.0395695713379,146.8,47.6680479437915));
#7213=CARTESIAN_POINT('',(-20.8127670692706,146.8,47.9284221769504));
#7214=CARTESIAN_POINT('',(-20.5528489011508,146.8,48.140989719444));
#7215=CARTESIAN_POINT('',(-20.2929307330309,146.8,48.3535572619376));
#7216=CARTESIAN_POINT('',(-19.9927280348649,146.8,48.5241809890418));
#7217=CARTESIAN_POINT('',(-19.677100722612,146.8,48.6387314757301));
#7218=CARTESIAN_POINT('',(-19.361473410359,146.8,48.7532819624184));
#7219=CARTESIAN_POINT('',(-19.021716093047,146.8,48.8149186525475));
#7220=CARTESIAN_POINT('',(-18.6859642218447,146.8,48.8185373850088));
#7221=CARTESIAN_POINT('',(-18.3502123506423,146.8,48.8221561174701));
#7222=CARTESIAN_POINT('',(-18.009205474394,146.8,48.767856701373));
#7223=CARTESIAN_POINT('',(-17.6911825207873,146.8,48.6601356949732));
#7224=CARTESIAN_POINT('',(-17.3731595671805,146.8,48.5524146885734));
#7225=CARTESIAN_POINT('',(-17.0693490704968,146.8,48.3883010135128));
#7226=CARTESIAN_POINT('',(-16.8049097100593,146.8,48.1813849945778));
#7227=CARTESIAN_POINT('',(-16.6796224592154,146.8,48.083351407123));
#7228=CARTESIAN_POINT('',(-16.5617879213054,146.8,47.9749804709157));
#7229=CARTESIAN_POINT('',(-16.4536321105035,146.8,47.858319423076));
#7230=CARTESIAN_POINT('',(-16.4536321105035,146.8,47.858319423076));
#7231=CARTESIAN_POINT('',(-16.4536321105035,147.,47.858319423076));
#7232=CARTESIAN_POINT('',(-16.4536321105035,132.,47.858319423076));
#7233=CARTESIAN_POINT('',(-18.6536321105035,132.,45.8187116176389));
#7234=CARTESIAN_POINT('',(-18.6536321105035,147.,45.8187116176389));
#7235=CARTESIAN_POINT('',(-16.4536321105035,146.8,47.858319423076));
#7236=CARTESIAN_POINT('',(-16.4536321105035,146.8,47.7249860897427));
#7237=CARTESIAN_POINT('',(-16.4536321105035,146.8,47.5916527564094));
#7238=CARTESIAN_POINT('',(-16.4536321105035,146.8,47.458319423076));
#7239=CARTESIAN_POINT('',(-16.4536321105035,146.8,46.9249860897427));
#7240=CARTESIAN_POINT('',(-16.4536321105035,146.8,46.3916527564094));
#7241=CARTESIAN_POINT('',(-16.4536321105035,146.8,45.858319423076));
#7242=CARTESIAN_POINT('',(-16.4536321105035,146.8,45.1652475527846));
#7243=CARTESIAN_POINT('',(-16.4536321105035,146.8,44.4721756824932));
#7244=CARTESIAN_POINT('',(-16.4536321105035,146.8,43.7791038122018));
#7245=CARTESIAN_POINT('',(-16.4536321105035,132.,43.7791038122018));
#7246=CARTESIAN_POINT('',(-16.4536321105035,147.,43.7791038122018));
#7247=CARTESIAN_POINT('',(-18.6536321105035,132.,45.8187116176389));
#7248=CARTESIAN_POINT('',(-18.6536321105035,-141.,45.8187116176389));
#7249=CARTESIAN_POINT('',(-18.6536321105035,-141.,48.3187116176389));
#7250=CARTESIAN_POINT('',(-18.6536321105035,-139.497848452431,45.8187116176389));
#7251=CARTESIAN_POINT('',(-18.6536321105035,-141.,45.8187116176389));
#7252=CARTESIAN_POINT('',(-16.0971552185538,-152.495115171006,45.44083048884));
#7253=CARTESIAN_POINT('',(-16.2399466774498,-152.495115171006,46.7420159427882));
#7254=CARTESIAN_POINT('',(-16.578727655603,-152.495115171006,47.3592114552271));
#7255=CARTESIAN_POINT('',(-17.599773522552,-152.495115171006,48.1783197044143));
#7256=CARTESIAN_POINT('',(-18.2757509817046,-152.495115171006,48.3751885095886));
#7257=CARTESIAN_POINT('',(-19.5769364356529,-152.495115171006,48.2323970506926));
#7258=CARTESIAN_POINT('',(-20.1941319480917,-152.495115171006,47.8936160725394));
#7259=CARTESIAN_POINT('',(-21.0132401972789,-152.495115171006,46.8725702055903));
#7260=CARTESIAN_POINT('',(-21.2101090024532,-152.495115171006,46.1965927464378));
#7261=CARTESIAN_POINT('',(-21.0673175435572,-152.495115171006,44.8954072924895));
#7262=CARTESIAN_POINT('',(-20.728536565404,-152.495115171006,44.2782117800507));
#7263=CARTESIAN_POINT('',(-19.707490698455,-152.495115171006,43.4591035308635));
#7264=CARTESIAN_POINT('',(-19.0315132393024,-152.495115171006,43.2622347256892));
#7265=CARTESIAN_POINT('',(-17.7303277853541,-152.495115171006,43.4050261845852));
#7266=CARTESIAN_POINT('',(-17.1131322729153,-152.495115171006,43.7438071627384));
#7267=CARTESIAN_POINT('',(-16.2940240237281,-152.495115171006,44.7648530296874));
#7268=CARTESIAN_POINT('',(-16.0971552185538,-152.495115171006,45.44083048884));
#7269=CARTESIAN_POINT('',(-16.2399466774498,-152.495115171006,46.7420159427882));
#7270=CARTESIAN_POINT('',(-16.1685509480018,-152.495115171006,46.0914232158141));
#7271=CARTESIAN_POINT('',(-18.6536321105035,-153.,45.8187116176389));
#7272=CARTESIAN_POINT('',(-16.0970227506565,-152.495131253524,45.4396244113605));
#7273=CARTESIAN_POINT('',(-16.240079145347,-152.495099088488,46.7432220202677));
#7274=CARTESIAN_POINT('',(-16.5787759895663,-152.495131090515,47.3587734352467));
#7275=CARTESIAN_POINT('',(-17.6000755139665,-152.495099152301,48.1790387382198));
#7276=CARTESIAN_POINT('',(-18.274046444457,-152.495131448077,48.3754185815737));
#7277=CARTESIAN_POINT('',(-19.5760022243801,-152.49509948202,48.2324558448128));
#7278=CARTESIAN_POINT('',(-20.1923998393011,-152.495131655027,47.8956660353901));
#7279=CARTESIAN_POINT('',(-21.0133657954073,-152.495099255524,46.872521759443));
#7280=CARTESIAN_POINT('',(-21.2106068121517,-152.495131113661,46.2011297623117));
#7281=CARTESIAN_POINT('',(-21.0668197350632,-152.495099228354,44.8908702875922));
#7282=CARTESIAN_POINT('',(-20.7286698965962,-152.495130968152,44.2782318353258));
#7283=CARTESIAN_POINT('',(-19.7053551982512,-152.495098808207,43.4574781303971));
#7284=CARTESIAN_POINT('',(-19.0305883125511,-152.495130770068,43.2623799573352));
#7285=CARTESIAN_POINT('',(-17.7286133394885,-152.495098986723,43.4051713056985));
#7286=CARTESIAN_POINT('',(-17.1132707447702,-152.49513116262,43.7430402318367));
#7287=CARTESIAN_POINT('',(-16.2941660630728,-152.495099278487,44.7652703260939));
#7288=CARTESIAN_POINT('',(-16.0970227506565,-152.495131253524,45.4396244113605));
#7289=CARTESIAN_POINT('',(-16.240079145347,-152.495099088488,46.7432220202677));
#7290=CARTESIAN_POINT('',(-15.5533343680875,-152.923518512337,45.3591092912733));
#7291=CARTESIAN_POINT('',(-15.7269019944721,-152.923484225853,46.9398774900667));
#7292=CARTESIAN_POINT('',(-16.1376084935048,-152.923518338576,47.6863547302968));
#7293=CARTESIAN_POINT('',(-17.3761242209269,-152.923484293876,48.680957549652));
#7294=CARTESIAN_POINT('',(-18.1934254515274,-152.923518719721,48.9191280427767));
#7295=CARTESIAN_POINT('',(-19.7722032460684,-152.923484645341,48.7456730784802));
#7296=CARTESIAN_POINT('',(-20.5197061071207,-152.923518940321,48.3372790325207));
#7297=CARTESIAN_POINT('',(-21.515158688736,-152.923484403906,47.0965268065496));
#7298=CARTESIAN_POINT('',(-21.7543731954044,-152.923518363249,46.2823532718338));
#7299=CARTESIAN_POINT('',(-21.5799188855091,-152.923484374944,44.6935064306882));
#7300=CARTESIAN_POINT('',(-21.169875598003,-152.923518208143,43.9505618747688));
#7301=CARTESIAN_POINT('',(-19.9289176323531,-152.923483927086,42.9553666759422));
#7302=CARTESIAN_POINT('',(-19.1106508037359,-152.923517996994,42.7187503303679));
#7303=CARTESIAN_POINT('',(-17.5318500527007,-152.923484117377,42.8919968763394));
#7304=CARTESIAN_POINT('',(-16.7856256988645,-152.923518415437,43.3016997198673));
#7305=CARTESIAN_POINT('',(-15.7924302801435,-152.923484428384,44.5413434603775));
#7306=CARTESIAN_POINT('',(-15.5533343680875,-152.923518512337,45.3591092912733));
#7307=CARTESIAN_POINT('',(-15.7269019944721,-152.923484225853,46.9398774900667));
#7308=CARTESIAN_POINT('',(-16.4536321105035,146.8,43.7791038122018));
#7309=CARTESIAN_POINT('',(-16.4536321105035,146.821256390993,43.7791038122018));
#7310=CARTESIAN_POINT('',(-16.4501334667868,146.842805587428,43.777730343159));
#7311=CARTESIAN_POINT('',(-16.443505209214,146.862834754603,43.7751355749939));
#7312=CARTESIAN_POINT('',(-16.4368841089336,146.882842293983,43.7725436086985));
#7313=CARTESIAN_POINT('',(-16.4269812981708,146.901873084372,43.7686715954821));
#7314=CARTESIAN_POINT('',(-16.4147187560086,146.918537304845,43.7638974247741));
#7315=CARTESIAN_POINT('',(-16.4020910131443,146.935697815968,43.7589810706208));
#7316=CARTESIAN_POINT('',(-16.386654240302,146.950798569425,43.7529895621967));
#7317=CARTESIAN_POINT('',(-16.3696646148349,146.962900147141,43.7464307503159));
#7318=CARTESIAN_POINT('',(-16.3515620652699,146.975794452012,43.7394422962508));
#7319=CARTESIAN_POINT('',(-16.3312417980678,146.985621523612,43.731635028205));
#7320=CARTESIAN_POINT('',(-16.3102597953757,146.991815810886,43.7236231459494));
#7321=CARTESIAN_POINT('',(-16.2929450202629,146.996927462654,43.7170115778583));
#7322=CARTESIAN_POINT('',(-16.2748661347471,146.999681040032,43.7101405842092));
#7323=CARTESIAN_POINT('',(-16.2568851454528,146.999973542659,43.703340457752));
#7324=CARTESIAN_POINT('',(-16.2558009340168,146.999991179881,43.702930426093));
#7325=CARTESIAN_POINT('',(-16.2547164868644,147.,43.7025205436387));
#7326=CARTESIAN_POINT('',(-16.2536321105035,147.,43.7021105687872));
#7327=CARTESIAN_POINT('',(-16.2536321105035,147.,47.9353126664906));
#7328=CARTESIAN_POINT('',(-16.2547164868644,147.,47.9349026916392));
#7329=CARTESIAN_POINT('',(-16.2558009340174,146.999991179881,47.9344928091861));
#7330=CARTESIAN_POINT('',(-16.2568851454529,146.999973542659,47.9340827775258));
#7331=CARTESIAN_POINT('',(-16.2748661347385,146.999681040032,47.9272826510462));
#7332=CARTESIAN_POINT('',(-16.2929450202634,146.996927462654,47.9204116574212));
#7333=CARTESIAN_POINT('',(-16.3102597953755,146.991815810887,47.9138000893285));
#7334=CARTESIAN_POINT('',(-16.3312417980667,146.985621523612,47.9057882070709));
#7335=CARTESIAN_POINT('',(-16.3515620652698,146.975794452012,47.8979809390276));
#7336=CARTESIAN_POINT('',(-16.3696646148346,146.962900147141,47.890992484962));
#7337=CARTESIAN_POINT('',(-16.3866542403015,146.950798569425,47.8844336730807));
#7338=CARTESIAN_POINT('',(-16.4020910131442,146.935697815968,47.8784421646573));
#7339=CARTESIAN_POINT('',(-16.4147187560085,146.918537304845,47.8735258105038));
#7340=CARTESIAN_POINT('',(-16.4269812981706,146.901873084372,47.8687516397958));
#7341=CARTESIAN_POINT('',(-16.4368841089335,146.882842293983,47.8648796265793));
#7342=CARTESIAN_POINT('',(-16.443505209214,146.862834754604,47.862287660284));
#7343=CARTESIAN_POINT('',(-16.4501334667868,146.842805587428,47.8596928921189));
#7344=CARTESIAN_POINT('',(-16.4536321105035,146.821256390993,47.858319423076));
#7345=CARTESIAN_POINT('',(-16.4536321105035,146.8,47.858319423076));
#7346=CARTESIAN_POINT('',(-16.4536321105035,146.8,43.676711356201));
#7347=CARTESIAN_POINT('',(-16.4536321105035,147.,43.676711356201));
#7348=CARTESIAN_POINT('',(-16.2536321105035,147.,43.676711356201));
#7349=CARTESIAN_POINT('',(-16.4536321105035,146.800000000079,45.104711530493));
#7350=CARTESIAN_POINT('',(-16.4536321105134,147.000000000079,45.1047115304929));
#7351=CARTESIAN_POINT('',(-16.253632110506,147.,45.104711530493));
#7352=CARTESIAN_POINT('',(-16.4536321105035,146.799999999881,46.5327117047848));
#7353=CARTESIAN_POINT('',(-16.4536321104936,146.999999999881,46.5327117047849));
#7354=CARTESIAN_POINT('',(-16.2536321104861,147.,46.5327117047848));
#7355=CARTESIAN_POINT('',(-16.4536321105035,146.8,47.9607118790768));
#7356=CARTESIAN_POINT('',(-16.4536321105035,147.,47.9607118790768));
#7357=CARTESIAN_POINT('',(-16.2536321105035,147.,47.9607118790768));
#7358=CARTESIAN_POINT('',(-16.3472443859651,146.8,47.7371942639244));
#7359=CARTESIAN_POINT('',(-16.347244385965,147.,47.7371942639243));
#7360=CARTESIAN_POINT('',(-16.1934852043291,147.,47.8650931070101));
#7361=CARTESIAN_POINT('',(-17.1431825759287,146.800000000037,48.6940661305414));
#7362=CARTESIAN_POINT('',(-17.1431825753621,147.000000000037,48.6940661215616));
#7363=CARTESIAN_POINT('',(-17.0424859396965,147.,48.8857564218157));
#7364=CARTESIAN_POINT('',(-18.5105984611027,146.8,49.0597981446));
#7365=CARTESIAN_POINT('',(-18.5105984645562,147.,49.0597981541611));
#7366=CARTESIAN_POINT('',(-18.5010628881561,147.,49.2758705899302));
#7367=CARTESIAN_POINT('',(-20.2529869774981,146.8,48.4308638211768));
#7368=CARTESIAN_POINT('',(-20.2529869757714,147.,48.4308638163963));
#7369=CARTESIAN_POINT('',(-20.3596106334577,147.,48.605007296313));
#7370=CARTESIAN_POINT('',(-20.7554455826996,146.800000000018,48.0451759071078));
#7371=CARTESIAN_POINT('',(-20.7554455852542,147.000000000009,48.0451759089066));
#7372=CARTESIAN_POINT('',(-20.8955664835651,147.,48.1936068616505));
#7373=CARTESIAN_POINT('',(-21.4597410915457,146.799999999982,47.0436669191499));
#7374=CARTESIAN_POINT('',(-21.4597410889911,146.999999999991,47.0436669173511));
#7375=CARTESIAN_POINT('',(-21.6468150208961,147.,47.1253306040059));
#7376=CARTESIAN_POINT('',(-21.6538985517055,146.8,46.435027511365));
#7377=CARTESIAN_POINT('',(-21.6538985465821,147.,46.4350275113672));
#7378=CARTESIAN_POINT('',(-21.8539163089872,147.,46.4761152376154));
#7379=CARTESIAN_POINT('',(-21.6533651097954,146.8,45.1998045712893));
#7380=CARTESIAN_POINT('',(-21.6533651149188,147.,45.1998045712871));
#7381=CARTESIAN_POINT('',(-21.8533473152133,147.,45.1585441015306));
#7382=CARTESIAN_POINT('',(-21.4610239726767,146.800000000009,44.5966298553773));
#7383=CARTESIAN_POINT('',(-21.4610239752794,147.000000000009,44.5966298535539));
#7384=CARTESIAN_POINT('',(-21.6481834329297,147.,44.5151577359488));
#7385=CARTESIAN_POINT('',(-20.7575543478294,146.799999999991,43.5942017568529));
#7386=CARTESIAN_POINT('',(-20.7575543452267,146.999999999991,43.5942017586763));
#7387=CARTESIAN_POINT('',(-20.8978158275429,147.,43.4459011014115));
#7388=CARTESIAN_POINT('',(-20.2469566020327,146.8,43.2047584285357));
#7389=CARTESIAN_POINT('',(-20.2469566024673,147.,43.2047584273339));
#7390=CARTESIAN_POINT('',(-20.3531782352653,147.,43.0304948813128));
#7391=CARTESIAN_POINT('',(-19.1006927559117,146.8,42.7902514495903));
#7392=CARTESIAN_POINT('',(-19.1006927554771,147.,42.7902514507922));
#7393=CARTESIAN_POINT('',(-19.1304967984749,147.,42.5883541063365));
#7394=CARTESIAN_POINT('',(-18.4553909420252,146.8,42.7639463528977));
#7395=CARTESIAN_POINT('',(-18.4553909421772,147.,42.7639463534618));
#7396=CARTESIAN_POINT('',(-18.4421748642894,147.,42.5602953358506));
#7397=CARTESIAN_POINT('',(-17.2799207845236,146.8,43.0830567460544));
#7398=CARTESIAN_POINT('',(-17.2799207843716,147.,43.0830567454903));
#7399=CARTESIAN_POINT('',(-17.1883400292955,147.,42.9006797540131));
#7400=CARTESIAN_POINT('',(-16.738840946012,146.800000000018,43.429335986172));
#7401=CARTESIAN_POINT('',(-16.738840942045,147.000000000018,43.4293359831706));
#7402=CARTESIAN_POINT('',(-16.611188197488,147.,43.2700442742118));
#7403=CARTESIAN_POINT('',(-16.3470079488143,146.8,43.9005132502348));
#7404=CARTESIAN_POINT('',(-16.3470079488143,147.,43.9005132502348));
#7405=CARTESIAN_POINT('',(-16.1932330047017,147.,43.7726333590746));
#7406=MECHANICAL_DESIGN_GEOMETRIC_PRESENTATION_REPRESENTATION('',(#24),
#7407);
#7407=(
GEOMETRIC_REPRESENTATION_CONTEXT(3)
GLOBAL_UNCERTAINTY_ASSIGNED_CONTEXT((#7408))
GLOBAL_UNIT_ASSIGNED_CONTEXT((#7414,#7410,#7409))
REPRESENTATION_CONTEXT('\X2\87BA6746\X0\','TOP_LEVEL_ASSEMBLY_PART')
);
#7408=UNCERTAINTY_MEASURE_WITH_UNIT(LENGTH_MEASURE(0.0508),#7414,
'DISTANCE_ACCURACY_VALUE','Maximum Tolerance applied to model');
#7409=(
NAMED_UNIT(*)
SI_UNIT($,.STERADIAN.)
SOLID_ANGLE_UNIT()
);
#7410=(
CONVERSION_BASED_UNIT('DEGREE',#7412)
NAMED_UNIT(#7411)
PLANE_ANGLE_UNIT()
);
#7411=DIMENSIONAL_EXPONENTS(0.,0.,0.,0.,0.,0.,0.);
#7412=PLANE_ANGLE_MEASURE_WITH_UNIT(PLANE_ANGLE_MEASURE(0.0174532925),#7413);
#7413=(
NAMED_UNIT(*)
PLANE_ANGLE_UNIT()
SI_UNIT($,.RADIAN.)
);
#7414=(
LENGTH_UNIT()
NAMED_UNIT(*)
SI_UNIT(.MILLI.,.METRE.)
);
ENDSEC;
END-ISO-10303-21;
