ISO-10303-21;
HEADER;
/* Generated by software containing ST-Developer
 * from STEP Tools, Inc. (www.steptools.com) 
 */
/* OPTION: using custom schema-name function */

FILE_DESCRIPTION(
/* description */ (''),
/* implementation_level */ '2;1');

FILE_NAME(
/* name */ '\X2\901A9053\X0\.stp',
/* time_stamp */ '2026-05-02T16:29:01+08:00',
/* author */ (''),
/* organization */ (''),
/* preprocessor_version */ 'ST-DEVELOPER v16.7',
/* originating_system */ 'SIEMENS PLM Software NX 12.0',
/* authorisation */ '');

FILE_SCHEMA (('AUTOMOTIVE_DESIGN { 1 0 10303 214 3 1 1 1 }'));
ENDSEC;

DATA;
#10=SHAPE_REPRESENTATION_RELATIONSHIP('None',
'relationship between \X2\901A9053\X0\-None and \X2\901A9053\X0\-None',
#22,#11);
#11=ADVANCED_BREP_SHAPE_REPRESENTATION('\X2\901A9053\X0\-None',(#77,#78),
#2382);
#12=SHAPE_DEFINITION_REPRESENTATION(#13,#22);
#13=PRODUCT_DEFINITION_SHAPE('','',#14);
#14=PRODUCT_DEFINITION(' ','',#16,#15);
#15=PRODUCT_DEFINITION_CONTEXT('part definition',#21,'design');
#16=PRODUCT_DEFINITION_FORMATION_WITH_SPECIFIED_SOURCE(' ',' ',#18,
 .NOT_KNOWN.);
#17=PRODUCT_RELATED_PRODUCT_CATEGORY('part','',(#18));
#18=PRODUCT('\X2\901A9053\X0\','\X2\901A9053\X0\',' ',(#19));
#19=PRODUCT_CONTEXT(' ',#21,'mechanical');
#20=APPLICATION_PROTOCOL_DEFINITION('international standard',
'automotive_design',2010,#21);
#21=APPLICATION_CONTEXT(
'core data for automotive mechanical design processes');
#22=SHAPE_REPRESENTATION('\X2\901A9053\X0\-None',(#1457),#2382);
#23=COLOUR_RGB('\X2\6A598272\X0\',1.,0.6,0.);
#24=FACE_BOUND('',#300,.T.);
#25=FACE_BOUND('',#301,.T.);
#26=FACE_BOUND('',#313,.T.);
#27=FACE_BOUND('',#314,.T.);
#28=FACE_BOUND('',#315,.T.);
#29=FACE_BOUND('',#317,.T.);
#30=FACE_BOUND('',#318,.T.);
#31=FACE_BOUND('',#319,.T.);
#32=FACE_BOUND('',#320,.T.);
#33=FACE_BOUND('',#321,.T.);
#34=FACE_BOUND('',#329,.T.);
#35=FACE_BOUND('',#330,.T.);
#36=FACE_BOUND('',#331,.T.);
#37=FACE_BOUND('',#332,.T.);
#38=FACE_BOUND('',#333,.T.);
#39=FACE_BOUND('',#334,.T.);
#40=FACE_BOUND('',#335,.T.);
#41=FACE_BOUND('',#336,.T.);
#42=FACE_BOUND('',#337,.T.);
#43=FACE_BOUND('',#338,.T.);
#44=FACE_BOUND('',#339,.T.);
#45=FACE_BOUND('',#341,.T.);
#46=FACE_BOUND('',#342,.T.);
#47=FACE_BOUND('',#343,.T.);
#48=FACE_BOUND('',#345,.T.);
#49=FACE_BOUND('',#346,.T.);
#50=FACE_BOUND('',#350,.T.);
#51=FACE_BOUND('',#351,.T.);
#52=FACE_BOUND('',#352,.T.);
#53=FACE_BOUND('',#353,.T.);
#54=FACE_BOUND('',#360,.T.);
#55=FACE_BOUND('',#361,.T.);
#56=FACE_BOUND('',#367,.T.);
#57=FACE_BOUND('',#368,.T.);
#58=FACE_BOUND('',#369,.T.);
#59=FACE_BOUND('',#370,.T.);
#60=INVISIBILITY((#62));
#61=PRESENTATION_LAYER_ASSIGNMENT('1','Layer 1',(#77,#78));
#62=STYLED_ITEM('',(#64),#77);
#63=STYLED_ITEM('',(#65),#78);
#64=PRESENTATION_STYLE_ASSIGNMENT((#66));
#65=PRESENTATION_STYLE_ASSIGNMENT((#67));
#66=SURFACE_STYLE_USAGE(.BOTH.,#68);
#67=SURFACE_STYLE_USAGE(.BOTH.,#69);
#68=SURFACE_SIDE_STYLE('',(#70));
#69=SURFACE_SIDE_STYLE('',(#71));
#70=SURFACE_STYLE_FILL_AREA(#72);
#71=SURFACE_STYLE_FILL_AREA(#73);
#72=FILL_AREA_STYLE('',(#74));
#73=FILL_AREA_STYLE('',(#75));
#74=FILL_AREA_STYLE_COLOUR('',#76);
#75=FILL_AREA_STYLE_COLOUR('',#23);
#76=DRAUGHTING_PRE_DEFINED_COLOUR('yellow');
#77=MANIFOLD_SOLID_BREP('',#79);
#78=MANIFOLD_SOLID_BREP('',#80);
#79=CLOSED_SHELL('',(#106,#107,#108,#109,#110,#111,#112,#113,#114,#115,
#116,#117,#118,#119,#120,#121));
#80=CLOSED_SHELL('',(#122,#123,#124,#125,#126,#127,#128,#129,#130,#131,
#132,#133,#134,#135,#136,#137,#138,#139,#140,#141,#142,#143,#144,#145,#146,
#147,#148,#149,#150,#151,#152,#153,#154,#155,#156,#157,#158,#159,#160,#161,
#162,#163,#164,#165,#166,#167,#168,#169,#170,#171,#172,#173,#174,#175,#176));
#81=CYLINDRICAL_SURFACE('',#1467,39.809837127029);
#82=CYLINDRICAL_SURFACE('',#1470,5.);
#83=CYLINDRICAL_SURFACE('',#1473,9.99999999999999);
#84=CYLINDRICAL_SURFACE('',#1479,58.);
#85=CYLINDRICAL_SURFACE('',#1481,0.500000000000005);
#86=CYLINDRICAL_SURFACE('',#1483,87.809837127029);
#87=CYLINDRICAL_SURFACE('',#1490,5.);
#88=CYLINDRICAL_SURFACE('',#1494,13.);
#89=CYLINDRICAL_SURFACE('',#1499,2.);
#90=CYLINDRICAL_SURFACE('',#1503,42.809837127029);
#91=CYLINDRICAL_SURFACE('',#1508,84.809837127029);
#92=CYLINDRICAL_SURFACE('',#1511,3.50000000000001);
#93=CYLINDRICAL_SURFACE('',#1514,55.);
#94=CYLINDRICAL_SURFACE('',#1523,9.99999999999999);
#95=CYLINDRICAL_SURFACE('',#1531,39.809837127029);
#96=CYLINDRICAL_SURFACE('',#1536,87.809837127029);
#97=CYLINDRICAL_SURFACE('',#1539,0.500000000000005);
#98=CYLINDRICAL_SURFACE('',#1542,58.);
#99=CYLINDRICAL_SURFACE('',#1561,4.25);
#100=CYLINDRICAL_SURFACE('',#1562,4.25);
#101=CYLINDRICAL_SURFACE('',#1564,10.);
#102=CYLINDRICAL_SURFACE('',#1566,10.);
#103=CYLINDRICAL_SURFACE('',#1574,4.35000000000015);
#104=CYLINDRICAL_SURFACE('',#1577,1.8);
#105=CYLINDRICAL_SURFACE('',#1578,1.8);
#106=ADVANCED_FACE('',(#223),#177,.F.);
#107=ADVANCED_FACE('',(#224),#178,.T.);
#108=ADVANCED_FACE('',(#225),#81,.F.);
#109=ADVANCED_FACE('',(#226),#179,.T.);
#110=ADVANCED_FACE('',(#227),#82,.T.);
#111=ADVANCED_FACE('',(#228),#180,.T.);
#112=ADVANCED_FACE('',(#229),#83,.F.);
#113=ADVANCED_FACE('',(#230),#181,.T.);
#114=ADVANCED_FACE('',(#231),#182,.T.);
#115=ADVANCED_FACE('',(#232),#183,.F.);
#116=ADVANCED_FACE('',(#233),#184,.T.);
#117=ADVANCED_FACE('',(#234),#84,.T.);
#118=ADVANCED_FACE('',(#235),#85,.F.);
#119=ADVANCED_FACE('',(#236),#86,.T.);
#120=ADVANCED_FACE('',(#237),#185,.T.);
#121=ADVANCED_FACE('',(#238),#186,.F.);
#122=ADVANCED_FACE('',(#239),#187,.F.);
#123=ADVANCED_FACE('',(#240),#188,.T.);
#124=ADVANCED_FACE('',(#241),#87,.T.);
#125=ADVANCED_FACE('',(#242),#189,.F.);
#126=ADVANCED_FACE('',(#243),#88,.T.);
#127=ADVANCED_FACE('',(#24,#25),#190,.F.);
#128=ADVANCED_FACE('',(#244),#89,.F.);
#129=ADVANCED_FACE('',(#245),#191,.F.);
#130=ADVANCED_FACE('',(#246),#90,.T.);
#131=ADVANCED_FACE('',(#247),#192,.F.);
#132=ADVANCED_FACE('',(#248),#193,.F.);
#133=ADVANCED_FACE('',(#249),#91,.F.);
#134=ADVANCED_FACE('',(#250),#92,.T.);
#135=ADVANCED_FACE('',(#251),#93,.F.);
#136=ADVANCED_FACE('',(#252),#194,.F.);
#137=ADVANCED_FACE('',(#253),#195,.T.);
#138=ADVANCED_FACE('',(#254),#196,.T.);
#139=ADVANCED_FACE('',(#26,#27,#28),#197,.F.);
#140=ADVANCED_FACE('',(#255),#94,.F.);
#141=ADVANCED_FACE('',(#29,#30),#198,.T.);
#142=ADVANCED_FACE('',(#31,#32,#33),#199,.T.);
#143=ADVANCED_FACE('',(#256),#95,.F.);
#144=ADVANCED_FACE('',(#257),#200,.T.);
#145=ADVANCED_FACE('',(#258),#201,.T.);
#146=ADVANCED_FACE('',(#259),#96,.T.);
#147=ADVANCED_FACE('',(#260),#97,.F.);
#148=ADVANCED_FACE('',(#261),#98,.T.);
#149=ADVANCED_FACE('',(#262),#202,.T.);
#150=ADVANCED_FACE('',(#34,#35),#203,.T.);
#151=ADVANCED_FACE('',(#36,#37,#38,#39),#204,.F.);
#152=ADVANCED_FACE('',(#40,#41,#42),#205,.F.);
#153=ADVANCED_FACE('',(#43,#44),#206,.F.);
#154=ADVANCED_FACE('',(#263),#207,.F.);
#155=ADVANCED_FACE('',(#45,#46,#47),#208,.F.);
#156=ADVANCED_FACE('',(#264),#209,.F.);
#157=ADVANCED_FACE('',(#48,#49),#210,.F.);
#158=ADVANCED_FACE('',(#265),#211,.F.);
#159=ADVANCED_FACE('',(#266),#212,.F.);
#160=ADVANCED_FACE('',(#267),#213,.F.);
#161=ADVANCED_FACE('',(#50,#51),#99,.F.);
#162=ADVANCED_FACE('',(#52,#53),#100,.F.);
#163=ADVANCED_FACE('',(#268),#214,.F.);
#164=ADVANCED_FACE('',(#269),#101,.F.);
#165=ADVANCED_FACE('',(#270),#215,.F.);
#166=ADVANCED_FACE('',(#271),#102,.F.);
#167=ADVANCED_FACE('',(#272),#216,.T.);
#168=ADVANCED_FACE('',(#273),#217,.T.);
#169=ADVANCED_FACE('',(#54,#55),#218,.F.);
#170=ADVANCED_FACE('',(#274),#219,.F.);
#171=ADVANCED_FACE('',(#275),#220,.F.);
#172=ADVANCED_FACE('',(#276),#103,.F.);
#173=ADVANCED_FACE('',(#277),#221,.F.);
#174=ADVANCED_FACE('',(#278),#222,.F.);
#175=ADVANCED_FACE('',(#56,#57),#104,.F.);
#176=ADVANCED_FACE('',(#58,#59),#105,.F.);
#177=PLANE('',#1464);
#178=PLANE('',#1465);
#179=PLANE('',#1468);
#180=PLANE('',#1471);
#181=PLANE('',#1474);
#182=PLANE('',#1475);
#183=PLANE('',#1476);
#184=PLANE('',#1477);
#185=PLANE('',#1484);
#186=PLANE('',#1485);
#187=PLANE('',#1486);
#188=PLANE('',#1487);
#189=PLANE('',#1491);
#190=PLANE('',#1496);
#191=PLANE('',#1500);
#192=PLANE('',#1504);
#193=PLANE('',#1505);
#194=PLANE('',#1515);
#195=PLANE('',#1516);
#196=PLANE('',#1517);
#197=PLANE('',#1520);
#198=PLANE('',#1525);
#199=PLANE('',#1528);
#200=PLANE('',#1532);
#201=PLANE('',#1533);
#202=PLANE('',#1543);
#203=PLANE('',#1544);
#204=PLANE('',#1545);
#205=PLANE('',#1546);
#206=PLANE('',#1549);
#207=PLANE('',#1550);
#208=PLANE('',#1553);
#209=PLANE('',#1554);
#210=PLANE('',#1556);
#211=PLANE('',#1557);
#212=PLANE('',#1558);
#213=PLANE('',#1559);
#214=PLANE('',#1563);
#215=PLANE('',#1565);
#216=PLANE('',#1568);
#217=PLANE('',#1569);
#218=PLANE('',#1570);
#219=PLANE('',#1571);
#220=PLANE('',#1573);
#221=PLANE('',#1575);
#222=PLANE('',#1576);
#223=FACE_OUTER_BOUND('',#279,.T.);
#224=FACE_OUTER_BOUND('',#280,.T.);
#225=FACE_OUTER_BOUND('',#281,.T.);
#226=FACE_OUTER_BOUND('',#282,.T.);
#227=FACE_OUTER_BOUND('',#283,.T.);
#228=FACE_OUTER_BOUND('',#284,.T.);
#229=FACE_OUTER_BOUND('',#285,.T.);
#230=FACE_OUTER_BOUND('',#286,.T.);
#231=FACE_OUTER_BOUND('',#287,.T.);
#232=FACE_OUTER_BOUND('',#288,.T.);
#233=FACE_OUTER_BOUND('',#289,.T.);
#234=FACE_OUTER_BOUND('',#290,.T.);
#235=FACE_OUTER_BOUND('',#291,.T.);
#236=FACE_OUTER_BOUND('',#292,.T.);
#237=FACE_OUTER_BOUND('',#293,.T.);
#238=FACE_OUTER_BOUND('',#294,.T.);
#239=FACE_OUTER_BOUND('',#295,.T.);
#240=FACE_OUTER_BOUND('',#296,.T.);
#241=FACE_OUTER_BOUND('',#297,.T.);
#242=FACE_OUTER_BOUND('',#298,.T.);
#243=FACE_OUTER_BOUND('',#299,.T.);
#244=FACE_OUTER_BOUND('',#302,.T.);
#245=FACE_OUTER_BOUND('',#303,.T.);
#246=FACE_OUTER_BOUND('',#304,.T.);
#247=FACE_OUTER_BOUND('',#305,.T.);
#248=FACE_OUTER_BOUND('',#306,.T.);
#249=FACE_OUTER_BOUND('',#307,.T.);
#250=FACE_OUTER_BOUND('',#308,.T.);
#251=FACE_OUTER_BOUND('',#309,.T.);
#252=FACE_OUTER_BOUND('',#310,.T.);
#253=FACE_OUTER_BOUND('',#311,.T.);
#254=FACE_OUTER_BOUND('',#312,.T.);
#255=FACE_OUTER_BOUND('',#316,.T.);
#256=FACE_OUTER_BOUND('',#322,.T.);
#257=FACE_OUTER_BOUND('',#323,.T.);
#258=FACE_OUTER_BOUND('',#324,.T.);
#259=FACE_OUTER_BOUND('',#325,.T.);
#260=FACE_OUTER_BOUND('',#326,.T.);
#261=FACE_OUTER_BOUND('',#327,.T.);
#262=FACE_OUTER_BOUND('',#328,.T.);
#263=FACE_OUTER_BOUND('',#340,.T.);
#264=FACE_OUTER_BOUND('',#344,.T.);
#265=FACE_OUTER_BOUND('',#347,.T.);
#266=FACE_OUTER_BOUND('',#348,.T.);
#267=FACE_OUTER_BOUND('',#349,.T.);
#268=FACE_OUTER_BOUND('',#354,.T.);
#269=FACE_OUTER_BOUND('',#355,.T.);
#270=FACE_OUTER_BOUND('',#356,.T.);
#271=FACE_OUTER_BOUND('',#357,.T.);
#272=FACE_OUTER_BOUND('',#358,.T.);
#273=FACE_OUTER_BOUND('',#359,.T.);
#274=FACE_OUTER_BOUND('',#362,.T.);
#275=FACE_OUTER_BOUND('',#363,.T.);
#276=FACE_OUTER_BOUND('',#364,.T.);
#277=FACE_OUTER_BOUND('',#365,.T.);
#278=FACE_OUTER_BOUND('',#366,.T.);
#279=EDGE_LOOP('',(#671,#672,#673,#674,#675,#676,#677,#678,#679,#680,#681,
#682,#683,#684));
#280=EDGE_LOOP('',(#685,#686,#687,#688));
#281=EDGE_LOOP('',(#689,#690,#691,#692));
#282=EDGE_LOOP('',(#693,#694,#695,#696));
#283=EDGE_LOOP('',(#697,#698,#699,#700));
#284=EDGE_LOOP('',(#701,#702,#703,#704));
#285=EDGE_LOOP('',(#705,#706,#707,#708));
#286=EDGE_LOOP('',(#709,#710,#711,#712));
#287=EDGE_LOOP('',(#713,#714,#715,#716));
#288=EDGE_LOOP('',(#717,#718,#719,#720));
#289=EDGE_LOOP('',(#721,#722,#723,#724));
#290=EDGE_LOOP('',(#725,#726,#727,#728));
#291=EDGE_LOOP('',(#729,#730,#731,#732));
#292=EDGE_LOOP('',(#733,#734,#735,#736));
#293=EDGE_LOOP('',(#737,#738,#739,#740));
#294=EDGE_LOOP('',(#741,#742,#743,#744,#745,#746,#747,#748,#749,#750,#751,
#752,#753,#754));
#295=EDGE_LOOP('',(#755,#756,#757,#758));
#296=EDGE_LOOP('',(#759,#760,#761,#762));
#297=EDGE_LOOP('',(#763,#764,#765,#766));
#298=EDGE_LOOP('',(#767,#768,#769,#770));
#299=EDGE_LOOP('',(#771,#772,#773,#774));
#300=EDGE_LOOP('',(#775));
#301=EDGE_LOOP('',(#776,#777,#778,#779));
#302=EDGE_LOOP('',(#780,#781,#782,#783));
#303=EDGE_LOOP('',(#784,#785,#786,#787));
#304=EDGE_LOOP('',(#788,#789,#790,#791));
#305=EDGE_LOOP('',(#792,#793,#794,#795));
#306=EDGE_LOOP('',(#796,#797,#798,#799));
#307=EDGE_LOOP('',(#800,#801,#802,#803));
#308=EDGE_LOOP('',(#804,#805,#806,#807));
#309=EDGE_LOOP('',(#808,#809,#810,#811));
#310=EDGE_LOOP('',(#812,#813,#814,#815));
#311=EDGE_LOOP('',(#816,#817,#818,#819,#820,#821,#822,#823,#824,#825,#826,
#827,#828,#829));
#312=EDGE_LOOP('',(#830,#831,#832,#833,#834,#835,#836,#837,#838,#839,#840,
#841,#842,#843));
#313=EDGE_LOOP('',(#844,#845,#846,#847));
#314=EDGE_LOOP('',(#848,#849,#850,#851));
#315=EDGE_LOOP('',(#852,#853,#854,#855));
#316=EDGE_LOOP('',(#856,#857,#858,#859));
#317=EDGE_LOOP('',(#860));
#318=EDGE_LOOP('',(#861,#862,#863,#864));
#319=EDGE_LOOP('',(#865));
#320=EDGE_LOOP('',(#866));
#321=EDGE_LOOP('',(#867,#868,#869,#870));
#322=EDGE_LOOP('',(#871,#872,#873,#874));
#323=EDGE_LOOP('',(#875,#876,#877,#878));
#324=EDGE_LOOP('',(#879,#880,#881,#882));
#325=EDGE_LOOP('',(#883,#884,#885,#886));
#326=EDGE_LOOP('',(#887,#888,#889,#890));
#327=EDGE_LOOP('',(#891,#892,#893,#894));
#328=EDGE_LOOP('',(#895,#896,#897,#898));
#329=EDGE_LOOP('',(#899,#900,#901,#902));
#330=EDGE_LOOP('',(#903,#904,#905,#906));
#331=EDGE_LOOP('',(#907,#908,#909,#910,#911,#912,#913,#914));
#332=EDGE_LOOP('',(#915,#916,#917,#918,#919));
#333=EDGE_LOOP('',(#920,#921,#922,#923,#924,#925,#926,#927,#928,#929,#930));
#334=EDGE_LOOP('',(#931,#932,#933,#934));
#335=EDGE_LOOP('',(#935,#936,#937,#938,#939));
#336=EDGE_LOOP('',(#940,#941,#942,#943,#944,#945,#946,#947,#948,#949,#950,
#951,#952,#953,#954,#955));
#337=EDGE_LOOP('',(#956,#957,#958,#959,#960,#961,#962,#963,#964,#965,#966));
#338=EDGE_LOOP('',(#967,#968,#969,#970));
#339=EDGE_LOOP('',(#971,#972,#973,#974));
#340=EDGE_LOOP('',(#975,#976,#977,#978));
#341=EDGE_LOOP('',(#979));
#342=EDGE_LOOP('',(#980));
#343=EDGE_LOOP('',(#981,#982,#983,#984));
#344=EDGE_LOOP('',(#985,#986,#987,#988));
#345=EDGE_LOOP('',(#989));
#346=EDGE_LOOP('',(#990,#991,#992,#993));
#347=EDGE_LOOP('',(#994,#995,#996,#997));
#348=EDGE_LOOP('',(#998,#999,#1000,#1001));
#349=EDGE_LOOP('',(#1002,#1003,#1004,#1005));
#350=EDGE_LOOP('',(#1006));
#351=EDGE_LOOP('',(#1007));
#352=EDGE_LOOP('',(#1008));
#353=EDGE_LOOP('',(#1009));
#354=EDGE_LOOP('',(#1010,#1011,#1012,#1013));
#355=EDGE_LOOP('',(#1014,#1015,#1016,#1017));
#356=EDGE_LOOP('',(#1018,#1019,#1020,#1021));
#357=EDGE_LOOP('',(#1022,#1023,#1024,#1025));
#358=EDGE_LOOP('',(#1026,#1027,#1028,#1029,#1030,#1031,#1032,#1033));
#359=EDGE_LOOP('',(#1034,#1035,#1036,#1037));
#360=EDGE_LOOP('',(#1038));
#361=EDGE_LOOP('',(#1039,#1040,#1041,#1042));
#362=EDGE_LOOP('',(#1043,#1044,#1045,#1046));
#363=EDGE_LOOP('',(#1047,#1048,#1049,#1050,#1051,#1052,#1053,#1054));
#364=EDGE_LOOP('',(#1055,#1056,#1057,#1058));
#365=EDGE_LOOP('',(#1059,#1060,#1061,#1062));
#366=EDGE_LOOP('',(#1063,#1064,#1065,#1066));
#367=EDGE_LOOP('',(#1067));
#368=EDGE_LOOP('',(#1068));
#369=EDGE_LOOP('',(#1069));
#370=EDGE_LOOP('',(#1070));
#371=LINE('',#1977,#521);
#372=LINE('',#1979,#522);
#373=LINE('',#1981,#523);
#374=LINE('',#1989,#524);
#375=LINE('',#1991,#525);
#376=LINE('',#1993,#526);
#377=LINE('',#1997,#527);
#378=LINE('',#2001,#528);
#379=LINE('',#2003,#529);
#380=LINE('',#2005,#530);
#381=LINE('',#2007,#531);
#382=LINE('',#2009,#532);
#383=LINE('',#2013,#533);
#384=LINE('',#2015,#534);
#385=LINE('',#2017,#535);
#386=LINE('',#2021,#536);
#387=LINE('',#2023,#537);
#388=LINE('',#2025,#538);
#389=LINE('',#2029,#539);
#390=LINE('',#2031,#540);
#391=LINE('',#2033,#541);
#392=LINE('',#2035,#542);
#393=LINE('',#2037,#543);
#394=LINE('',#2039,#544);
#395=LINE('',#2041,#545);
#396=LINE('',#2043,#546);
#397=LINE('',#2045,#547);
#398=LINE('',#2049,#548);
#399=LINE('',#2053,#549);
#400=LINE('',#2057,#550);
#401=LINE('',#2060,#551);
#402=LINE('',#2063,#552);
#403=LINE('',#2065,#553);
#404=LINE('',#2067,#554);
#405=LINE('',#2069,#555);
#406=LINE('',#2072,#556);
#407=LINE('',#2074,#557);
#408=LINE('',#2076,#558);
#409=LINE('',#2081,#559);
#410=LINE('',#2085,#560);
#411=LINE('',#2087,#561);
#412=LINE('',#2090,#562);
#413=LINE('',#2092,#563);
#414=LINE('',#2094,#564);
#415=LINE('',#2098,#565);
#416=LINE('',#2104,#566);
#417=LINE('',#2106,#567);
#418=LINE('',#2108,#568);
#419=LINE('',#2112,#569);
#420=LINE('',#2116,#570);
#421=LINE('',#2118,#571);
#422=LINE('',#2120,#572);
#423=LINE('',#2124,#573);
#424=LINE('',#2128,#574);
#425=LINE('',#2130,#575);
#426=LINE('',#2132,#576);
#427=LINE('',#2134,#577);
#428=LINE('',#2137,#578);
#429=LINE('',#2139,#579);
#430=LINE('',#2141,#580);
#431=LINE('',#2145,#581);
#432=LINE('',#2151,#582);
#433=LINE('',#2157,#583);
#434=LINE('',#2161,#584);
#435=LINE('',#2163,#585);
#436=LINE('',#2165,#586);
#437=LINE('',#2167,#587);
#438=LINE('',#2168,#588);
#439=LINE('',#2170,#589);
#440=LINE('',#2171,#590);
#441=LINE('',#2176,#591);
#442=LINE('',#2180,#592);
#443=LINE('',#2181,#593);
#444=LINE('',#2184,#594);
#445=LINE('',#2186,#595);
#446=LINE('',#2188,#596);
#447=LINE('',#2194,#597);
#448=LINE('',#2198,#598);
#449=LINE('',#2199,#599);
#450=LINE('',#2205,#600);
#451=LINE('',#2208,#601);
#452=LINE('',#2210,#602);
#453=LINE('',#2212,#603);
#454=LINE('',#2218,#604);
#455=LINE('',#2220,#605);
#456=LINE('',#2223,#606);
#457=LINE('',#2224,#607);
#458=LINE('',#2226,#608);
#459=LINE('',#2228,#609);
#460=LINE('',#2230,#610);
#461=LINE('',#2236,#611);
#462=LINE('',#2242,#612);
#463=LINE('',#2248,#613);
#464=LINE('',#2250,#614);
#465=LINE('',#2252,#615);
#466=LINE('',#2254,#616);
#467=LINE('',#2256,#617);
#468=LINE('',#2259,#618);
#469=LINE('',#2260,#619);
#470=LINE('',#2262,#620);
#471=LINE('',#2265,#621);
#472=LINE('',#2266,#622);
#473=LINE('',#2268,#623);
#474=LINE('',#2269,#624);
#475=LINE('',#2271,#625);
#476=LINE('',#2272,#626);
#477=LINE('',#2274,#627);
#478=LINE('',#2276,#628);
#479=LINE('',#2278,#629);
#480=LINE('',#2279,#630);
#481=LINE('',#2281,#631);
#482=LINE('',#2283,#632);
#483=LINE('',#2285,#633);
#484=LINE('',#2287,#634);
#485=LINE('',#2288,#635);
#486=LINE('',#2291,#636);
#487=LINE('',#2293,#637);
#488=LINE('',#2295,#638);
#489=LINE('',#2297,#639);
#490=LINE('',#2298,#640);
#491=LINE('',#2300,#641);
#492=LINE('',#2302,#642);
#493=LINE('',#2304,#643);
#494=LINE('',#2305,#644);
#495=LINE('',#2307,#645);
#496=LINE('',#2308,#646);
#497=LINE('',#2310,#647);
#498=LINE('',#2312,#648);
#499=LINE('',#2314,#649);
#500=LINE('',#2319,#650);
#501=LINE('',#2323,#651);
#502=LINE('',#2324,#652);
#503=LINE('',#2331,#653);
#504=LINE('',#2333,#654);
#505=LINE('',#2337,#655);
#506=LINE('',#2339,#656);
#507=LINE('',#2341,#657);
#508=LINE('',#2348,#658);
#509=LINE('',#2349,#659);
#510=LINE('',#2351,#660);
#511=LINE('',#2353,#661);
#512=LINE('',#2356,#662);
#513=LINE('',#2358,#663);
#514=LINE('',#2359,#664);
#515=LINE('',#2364,#665);
#516=LINE('',#2366,#666);
#517=LINE('',#2368,#667);
#518=LINE('',#2372,#668);
#519=LINE('',#2374,#669);
#520=LINE('',#2375,#670);
#521=VECTOR('',#1583,1.);
#522=VECTOR('',#1584,1.);
#523=VECTOR('',#1585,1.);
#524=VECTOR('',#1592,1.);
#525=VECTOR('',#1593,1.);
#526=VECTOR('',#1594,1.);
#527=VECTOR('',#1597,1.);
#528=VECTOR('',#1600,1.);
#529=VECTOR('',#1603,1.);
#530=VECTOR('',#1604,1.);
#531=VECTOR('',#1605,1.);
#532=VECTOR('',#1608,1.);
#533=VECTOR('',#1613,1.);
#534=VECTOR('',#1614,1.);
#535=VECTOR('',#1617,1.);
#536=VECTOR('',#1622,1.);
#537=VECTOR('',#1623,1.);
#538=VECTOR('',#1626,1.);
#539=VECTOR('',#1631,1.);
#540=VECTOR('',#1632,1.);
#541=VECTOR('',#1635,1.);
#542=VECTOR('',#1636,1.);
#543=VECTOR('',#1639,1.);
#544=VECTOR('',#1640,1.);
#545=VECTOR('',#1643,1.);
#546=VECTOR('',#1644,1.);
#547=VECTOR('',#1647,1.);
#548=VECTOR('',#1652,1.);
#549=VECTOR('',#1657,1.);
#550=VECTOR('',#1662,1.);
#551=VECTOR('',#1667,1.);
#552=VECTOR('',#1668,1.);
#553=VECTOR('',#1669,1.);
#554=VECTOR('',#1670,1.);
#555=VECTOR('',#1673,1.);
#556=VECTOR('',#1674,1.);
#557=VECTOR('',#1675,1.);
#558=VECTOR('',#1676,1.);
#559=VECTOR('',#1681,1.);
#560=VECTOR('',#1684,1.);
#561=VECTOR('',#1687,1.);
#562=VECTOR('',#1688,1.);
#563=VECTOR('',#1689,1.);
#564=VECTOR('',#1690,1.);
#565=VECTOR('',#1695,1.);
#566=VECTOR('',#1702,1.);
#567=VECTOR('',#1703,1.);
#568=VECTOR('',#1704,1.);
#569=VECTOR('',#1709,1.);
#570=VECTOR('',#1714,1.);
#571=VECTOR('',#1715,1.);
#572=VECTOR('',#1716,1.);
#573=VECTOR('',#1721,1.);
#574=VECTOR('',#1726,1.);
#575=VECTOR('',#1727,1.);
#576=VECTOR('',#1728,1.);
#577=VECTOR('',#1731,1.);
#578=VECTOR('',#1732,1.);
#579=VECTOR('',#1733,1.);
#580=VECTOR('',#1734,1.);
#581=VECTOR('',#1739,1.);
#582=VECTOR('',#1746,1.);
#583=VECTOR('',#1753,1.);
#584=VECTOR('',#1758,1.);
#585=VECTOR('',#1759,1.);
#586=VECTOR('',#1760,1.);
#587=VECTOR('',#1763,1.);
#588=VECTOR('',#1764,1.);
#589=VECTOR('',#1767,1.);
#590=VECTOR('',#1768,1.);
#591=VECTOR('',#1773,1.);
#592=VECTOR('',#1776,1.);
#593=VECTOR('',#1777,1.);
#594=VECTOR('',#1778,1.);
#595=VECTOR('',#1779,1.);
#596=VECTOR('',#1780,1.);
#597=VECTOR('',#1787,1.);
#598=VECTOR('',#1792,1.);
#599=VECTOR('',#1793,1.);
#600=VECTOR('',#1800,1.);
#601=VECTOR('',#1801,1.);
#602=VECTOR('',#1802,1.);
#603=VECTOR('',#1803,1.);
#604=VECTOR('',#1810,1.);
#605=VECTOR('',#1813,1.);
#606=VECTOR('',#1814,1.);
#607=VECTOR('',#1815,1.);
#608=VECTOR('',#1818,1.);
#609=VECTOR('',#1819,1.);
#610=VECTOR('',#1820,1.);
#611=VECTOR('',#1827,1.);
#612=VECTOR('',#1834,1.);
#613=VECTOR('',#1841,1.);
#614=VECTOR('',#1844,1.);
#615=VECTOR('',#1845,1.);
#616=VECTOR('',#1846,1.);
#617=VECTOR('',#1849,1.);
#618=VECTOR('',#1850,1.);
#619=VECTOR('',#1851,1.);
#620=VECTOR('',#1854,1.);
#621=VECTOR('',#1855,1.);
#622=VECTOR('',#1856,1.);
#623=VECTOR('',#1857,1.);
#624=VECTOR('',#1858,1.);
#625=VECTOR('',#1859,1.);
#626=VECTOR('',#1860,1.);
#627=VECTOR('',#1861,1.);
#628=VECTOR('',#1862,1.);
#629=VECTOR('',#1863,1.);
#630=VECTOR('',#1864,1.);
#631=VECTOR('',#1865,1.);
#632=VECTOR('',#1866,1.);
#633=VECTOR('',#1869,1.);
#634=VECTOR('',#1870,1.);
#635=VECTOR('',#1871,1.);
#636=VECTOR('',#1872,1.);
#637=VECTOR('',#1873,1.);
#638=VECTOR('',#1874,1.);
#639=VECTOR('',#1875,1.);
#640=VECTOR('',#1876,1.);
#641=VECTOR('',#1877,1.);
#642=VECTOR('',#1878,1.);
#643=VECTOR('',#1879,1.);
#644=VECTOR('',#1880,1.);
#645=VECTOR('',#1881,1.);
#646=VECTOR('',#1882,1.);
#647=VECTOR('',#1883,1.);
#648=VECTOR('',#1884,1.);
#649=VECTOR('',#1885,1.);
#650=VECTOR('',#1890,1.);
#651=VECTOR('',#1893,1.);
#652=VECTOR('',#1894,1.);
#653=VECTOR('',#1903,1.);
#654=VECTOR('',#1906,1.);
#655=VECTOR('',#1911,1.);
#656=VECTOR('',#1914,1.);
#657=VECTOR('',#1917,1.);
#658=VECTOR('',#1928,1.);
#659=VECTOR('',#1929,1.);
#660=VECTOR('',#1932,1.);
#661=VECTOR('',#1935,1.);
#662=VECTOR('',#1940,1.);
#663=VECTOR('',#1941,1.);
#664=VECTOR('',#1942,1.);
#665=VECTOR('',#1949,1.);
#666=VECTOR('',#1952,1.);
#667=VECTOR('',#1955,1.);
#668=VECTOR('',#1958,1.);
#669=VECTOR('',#1961,1.);
#670=VECTOR('',#1962,1.);
#671=ORIENTED_EDGE('',*,*,#1207,.T.);
#672=ORIENTED_EDGE('',*,*,#1208,.T.);
#673=ORIENTED_EDGE('',*,*,#1209,.T.);
#674=ORIENTED_EDGE('',*,*,#1210,.T.);
#675=ORIENTED_EDGE('',*,*,#1211,.T.);
#676=ORIENTED_EDGE('',*,*,#1212,.T.);
#677=ORIENTED_EDGE('',*,*,#1213,.T.);
#678=ORIENTED_EDGE('',*,*,#1214,.T.);
#679=ORIENTED_EDGE('',*,*,#1215,.T.);
#680=ORIENTED_EDGE('',*,*,#1216,.T.);
#681=ORIENTED_EDGE('',*,*,#1217,.T.);
#682=ORIENTED_EDGE('',*,*,#1218,.T.);
#683=ORIENTED_EDGE('',*,*,#1219,.T.);
#684=ORIENTED_EDGE('',*,*,#1220,.T.);
#685=ORIENTED_EDGE('',*,*,#1208,.F.);
#686=ORIENTED_EDGE('',*,*,#1221,.T.);
#687=ORIENTED_EDGE('',*,*,#1222,.F.);
#688=ORIENTED_EDGE('',*,*,#1223,.T.);
#689=ORIENTED_EDGE('',*,*,#1207,.F.);
#690=ORIENTED_EDGE('',*,*,#1224,.T.);
#691=ORIENTED_EDGE('',*,*,#1225,.F.);
#692=ORIENTED_EDGE('',*,*,#1221,.F.);
#693=ORIENTED_EDGE('',*,*,#1220,.F.);
#694=ORIENTED_EDGE('',*,*,#1226,.T.);
#695=ORIENTED_EDGE('',*,*,#1227,.F.);
#696=ORIENTED_EDGE('',*,*,#1224,.F.);
#697=ORIENTED_EDGE('',*,*,#1219,.F.);
#698=ORIENTED_EDGE('',*,*,#1228,.T.);
#699=ORIENTED_EDGE('',*,*,#1229,.F.);
#700=ORIENTED_EDGE('',*,*,#1226,.F.);
#701=ORIENTED_EDGE('',*,*,#1218,.F.);
#702=ORIENTED_EDGE('',*,*,#1230,.T.);
#703=ORIENTED_EDGE('',*,*,#1231,.F.);
#704=ORIENTED_EDGE('',*,*,#1228,.F.);
#705=ORIENTED_EDGE('',*,*,#1217,.F.);
#706=ORIENTED_EDGE('',*,*,#1232,.T.);
#707=ORIENTED_EDGE('',*,*,#1233,.F.);
#708=ORIENTED_EDGE('',*,*,#1230,.F.);
#709=ORIENTED_EDGE('',*,*,#1216,.F.);
#710=ORIENTED_EDGE('',*,*,#1234,.F.);
#711=ORIENTED_EDGE('',*,*,#1235,.F.);
#712=ORIENTED_EDGE('',*,*,#1232,.F.);
#713=ORIENTED_EDGE('',*,*,#1234,.T.);
#714=ORIENTED_EDGE('',*,*,#1215,.F.);
#715=ORIENTED_EDGE('',*,*,#1236,.F.);
#716=ORIENTED_EDGE('',*,*,#1237,.F.);
#717=ORIENTED_EDGE('',*,*,#1238,.F.);
#718=ORIENTED_EDGE('',*,*,#1209,.F.);
#719=ORIENTED_EDGE('',*,*,#1223,.F.);
#720=ORIENTED_EDGE('',*,*,#1239,.F.);
#721=ORIENTED_EDGE('',*,*,#1214,.F.);
#722=ORIENTED_EDGE('',*,*,#1240,.T.);
#723=ORIENTED_EDGE('',*,*,#1241,.F.);
#724=ORIENTED_EDGE('',*,*,#1236,.T.);
#725=ORIENTED_EDGE('',*,*,#1213,.F.);
#726=ORIENTED_EDGE('',*,*,#1242,.T.);
#727=ORIENTED_EDGE('',*,*,#1243,.F.);
#728=ORIENTED_EDGE('',*,*,#1240,.F.);
#729=ORIENTED_EDGE('',*,*,#1212,.F.);
#730=ORIENTED_EDGE('',*,*,#1244,.T.);
#731=ORIENTED_EDGE('',*,*,#1245,.F.);
#732=ORIENTED_EDGE('',*,*,#1242,.F.);
#733=ORIENTED_EDGE('',*,*,#1211,.F.);
#734=ORIENTED_EDGE('',*,*,#1246,.T.);
#735=ORIENTED_EDGE('',*,*,#1247,.F.);
#736=ORIENTED_EDGE('',*,*,#1244,.F.);
#737=ORIENTED_EDGE('',*,*,#1210,.F.);
#738=ORIENTED_EDGE('',*,*,#1238,.T.);
#739=ORIENTED_EDGE('',*,*,#1248,.F.);
#740=ORIENTED_EDGE('',*,*,#1246,.F.);
#741=ORIENTED_EDGE('',*,*,#1235,.T.);
#742=ORIENTED_EDGE('',*,*,#1237,.T.);
#743=ORIENTED_EDGE('',*,*,#1241,.T.);
#744=ORIENTED_EDGE('',*,*,#1243,.T.);
#745=ORIENTED_EDGE('',*,*,#1245,.T.);
#746=ORIENTED_EDGE('',*,*,#1247,.T.);
#747=ORIENTED_EDGE('',*,*,#1248,.T.);
#748=ORIENTED_EDGE('',*,*,#1239,.T.);
#749=ORIENTED_EDGE('',*,*,#1222,.T.);
#750=ORIENTED_EDGE('',*,*,#1225,.T.);
#751=ORIENTED_EDGE('',*,*,#1227,.T.);
#752=ORIENTED_EDGE('',*,*,#1229,.T.);
#753=ORIENTED_EDGE('',*,*,#1231,.T.);
#754=ORIENTED_EDGE('',*,*,#1233,.T.);
#755=ORIENTED_EDGE('',*,*,#1249,.F.);
#756=ORIENTED_EDGE('',*,*,#1250,.F.);
#757=ORIENTED_EDGE('',*,*,#1251,.T.);
#758=ORIENTED_EDGE('',*,*,#1252,.T.);
#759=ORIENTED_EDGE('',*,*,#1253,.F.);
#760=ORIENTED_EDGE('',*,*,#1254,.T.);
#761=ORIENTED_EDGE('',*,*,#1255,.F.);
#762=ORIENTED_EDGE('',*,*,#1256,.F.);
#763=ORIENTED_EDGE('',*,*,#1257,.F.);
#764=ORIENTED_EDGE('',*,*,#1258,.T.);
#765=ORIENTED_EDGE('',*,*,#1259,.F.);
#766=ORIENTED_EDGE('',*,*,#1260,.T.);
#767=ORIENTED_EDGE('',*,*,#1261,.T.);
#768=ORIENTED_EDGE('',*,*,#1262,.T.);
#769=ORIENTED_EDGE('',*,*,#1263,.T.);
#770=ORIENTED_EDGE('',*,*,#1264,.T.);
#771=ORIENTED_EDGE('',*,*,#1265,.T.);
#772=ORIENTED_EDGE('',*,*,#1266,.T.);
#773=ORIENTED_EDGE('',*,*,#1267,.T.);
#774=ORIENTED_EDGE('',*,*,#1264,.F.);
#775=ORIENTED_EDGE('',*,*,#1268,.F.);
#776=ORIENTED_EDGE('',*,*,#1269,.T.);
#777=ORIENTED_EDGE('',*,*,#1270,.T.);
#778=ORIENTED_EDGE('',*,*,#1271,.T.);
#779=ORIENTED_EDGE('',*,*,#1266,.F.);
#780=ORIENTED_EDGE('',*,*,#1272,.T.);
#781=ORIENTED_EDGE('',*,*,#1273,.T.);
#782=ORIENTED_EDGE('',*,*,#1274,.T.);
#783=ORIENTED_EDGE('',*,*,#1270,.F.);
#784=ORIENTED_EDGE('',*,*,#1275,.T.);
#785=ORIENTED_EDGE('',*,*,#1276,.T.);
#786=ORIENTED_EDGE('',*,*,#1277,.T.);
#787=ORIENTED_EDGE('',*,*,#1273,.F.);
#788=ORIENTED_EDGE('',*,*,#1278,.T.);
#789=ORIENTED_EDGE('',*,*,#1279,.T.);
#790=ORIENTED_EDGE('',*,*,#1280,.T.);
#791=ORIENTED_EDGE('',*,*,#1276,.F.);
#792=ORIENTED_EDGE('',*,*,#1281,.T.);
#793=ORIENTED_EDGE('',*,*,#1282,.T.);
#794=ORIENTED_EDGE('',*,*,#1283,.T.);
#795=ORIENTED_EDGE('',*,*,#1279,.F.);
#796=ORIENTED_EDGE('',*,*,#1284,.T.);
#797=ORIENTED_EDGE('',*,*,#1285,.T.);
#798=ORIENTED_EDGE('',*,*,#1286,.T.);
#799=ORIENTED_EDGE('',*,*,#1287,.T.);
#800=ORIENTED_EDGE('',*,*,#1288,.T.);
#801=ORIENTED_EDGE('',*,*,#1289,.T.);
#802=ORIENTED_EDGE('',*,*,#1290,.T.);
#803=ORIENTED_EDGE('',*,*,#1285,.F.);
#804=ORIENTED_EDGE('',*,*,#1291,.T.);
#805=ORIENTED_EDGE('',*,*,#1292,.T.);
#806=ORIENTED_EDGE('',*,*,#1293,.T.);
#807=ORIENTED_EDGE('',*,*,#1289,.F.);
#808=ORIENTED_EDGE('',*,*,#1294,.T.);
#809=ORIENTED_EDGE('',*,*,#1295,.T.);
#810=ORIENTED_EDGE('',*,*,#1296,.T.);
#811=ORIENTED_EDGE('',*,*,#1292,.F.);
#812=ORIENTED_EDGE('',*,*,#1297,.T.);
#813=ORIENTED_EDGE('',*,*,#1298,.T.);
#814=ORIENTED_EDGE('',*,*,#1299,.T.);
#815=ORIENTED_EDGE('',*,*,#1295,.F.);
#816=ORIENTED_EDGE('',*,*,#1300,.T.);
#817=ORIENTED_EDGE('',*,*,#1297,.F.);
#818=ORIENTED_EDGE('',*,*,#1294,.F.);
#819=ORIENTED_EDGE('',*,*,#1291,.F.);
#820=ORIENTED_EDGE('',*,*,#1288,.F.);
#821=ORIENTED_EDGE('',*,*,#1284,.F.);
#822=ORIENTED_EDGE('',*,*,#1301,.T.);
#823=ORIENTED_EDGE('',*,*,#1281,.F.);
#824=ORIENTED_EDGE('',*,*,#1278,.F.);
#825=ORIENTED_EDGE('',*,*,#1275,.F.);
#826=ORIENTED_EDGE('',*,*,#1272,.F.);
#827=ORIENTED_EDGE('',*,*,#1269,.F.);
#828=ORIENTED_EDGE('',*,*,#1265,.F.);
#829=ORIENTED_EDGE('',*,*,#1263,.F.);
#830=ORIENTED_EDGE('',*,*,#1302,.T.);
#831=ORIENTED_EDGE('',*,*,#1261,.F.);
#832=ORIENTED_EDGE('',*,*,#1267,.F.);
#833=ORIENTED_EDGE('',*,*,#1271,.F.);
#834=ORIENTED_EDGE('',*,*,#1274,.F.);
#835=ORIENTED_EDGE('',*,*,#1277,.F.);
#836=ORIENTED_EDGE('',*,*,#1280,.F.);
#837=ORIENTED_EDGE('',*,*,#1283,.F.);
#838=ORIENTED_EDGE('',*,*,#1303,.T.);
#839=ORIENTED_EDGE('',*,*,#1286,.F.);
#840=ORIENTED_EDGE('',*,*,#1290,.F.);
#841=ORIENTED_EDGE('',*,*,#1293,.F.);
#842=ORIENTED_EDGE('',*,*,#1296,.F.);
#843=ORIENTED_EDGE('',*,*,#1299,.F.);
#844=ORIENTED_EDGE('',*,*,#1304,.F.);
#845=ORIENTED_EDGE('',*,*,#1305,.F.);
#846=ORIENTED_EDGE('',*,*,#1306,.F.);
#847=ORIENTED_EDGE('',*,*,#1307,.F.);
#848=ORIENTED_EDGE('',*,*,#1308,.F.);
#849=ORIENTED_EDGE('',*,*,#1309,.F.);
#850=ORIENTED_EDGE('',*,*,#1310,.T.);
#851=ORIENTED_EDGE('',*,*,#1311,.F.);
#852=ORIENTED_EDGE('',*,*,#1301,.F.);
#853=ORIENTED_EDGE('',*,*,#1287,.F.);
#854=ORIENTED_EDGE('',*,*,#1303,.F.);
#855=ORIENTED_EDGE('',*,*,#1282,.F.);
#856=ORIENTED_EDGE('',*,*,#1312,.F.);
#857=ORIENTED_EDGE('',*,*,#1256,.T.);
#858=ORIENTED_EDGE('',*,*,#1313,.F.);
#859=ORIENTED_EDGE('',*,*,#1314,.F.);
#860=ORIENTED_EDGE('',*,*,#1315,.T.);
#861=ORIENTED_EDGE('',*,*,#1316,.F.);
#862=ORIENTED_EDGE('',*,*,#1314,.T.);
#863=ORIENTED_EDGE('',*,*,#1317,.F.);
#864=ORIENTED_EDGE('',*,*,#1260,.F.);
#865=ORIENTED_EDGE('',*,*,#1318,.F.);
#866=ORIENTED_EDGE('',*,*,#1319,.F.);
#867=ORIENTED_EDGE('',*,*,#1320,.T.);
#868=ORIENTED_EDGE('',*,*,#1321,.F.);
#869=ORIENTED_EDGE('',*,*,#1322,.F.);
#870=ORIENTED_EDGE('',*,*,#1323,.F.);
#871=ORIENTED_EDGE('',*,*,#1324,.F.);
#872=ORIENTED_EDGE('',*,*,#1322,.T.);
#873=ORIENTED_EDGE('',*,*,#1325,.F.);
#874=ORIENTED_EDGE('',*,*,#1326,.F.);
#875=ORIENTED_EDGE('',*,*,#1327,.F.);
#876=ORIENTED_EDGE('',*,*,#1328,.F.);
#877=ORIENTED_EDGE('',*,*,#1326,.T.);
#878=ORIENTED_EDGE('',*,*,#1329,.F.);
#879=ORIENTED_EDGE('',*,*,#1330,.F.);
#880=ORIENTED_EDGE('',*,*,#1308,.T.);
#881=ORIENTED_EDGE('',*,*,#1331,.F.);
#882=ORIENTED_EDGE('',*,*,#1332,.F.);
#883=ORIENTED_EDGE('',*,*,#1333,.F.);
#884=ORIENTED_EDGE('',*,*,#1332,.T.);
#885=ORIENTED_EDGE('',*,*,#1334,.F.);
#886=ORIENTED_EDGE('',*,*,#1335,.F.);
#887=ORIENTED_EDGE('',*,*,#1336,.F.);
#888=ORIENTED_EDGE('',*,*,#1335,.T.);
#889=ORIENTED_EDGE('',*,*,#1337,.F.);
#890=ORIENTED_EDGE('',*,*,#1338,.F.);
#891=ORIENTED_EDGE('',*,*,#1339,.F.);
#892=ORIENTED_EDGE('',*,*,#1338,.T.);
#893=ORIENTED_EDGE('',*,*,#1340,.F.);
#894=ORIENTED_EDGE('',*,*,#1341,.F.);
#895=ORIENTED_EDGE('',*,*,#1342,.F.);
#896=ORIENTED_EDGE('',*,*,#1341,.T.);
#897=ORIENTED_EDGE('',*,*,#1343,.F.);
#898=ORIENTED_EDGE('',*,*,#1344,.T.);
#899=ORIENTED_EDGE('',*,*,#1298,.F.);
#900=ORIENTED_EDGE('',*,*,#1300,.F.);
#901=ORIENTED_EDGE('',*,*,#1262,.F.);
#902=ORIENTED_EDGE('',*,*,#1302,.F.);
#903=ORIENTED_EDGE('',*,*,#1345,.T.);
#904=ORIENTED_EDGE('',*,*,#1346,.F.);
#905=ORIENTED_EDGE('',*,*,#1344,.F.);
#906=ORIENTED_EDGE('',*,*,#1347,.F.);
#907=ORIENTED_EDGE('',*,*,#1348,.F.);
#908=ORIENTED_EDGE('',*,*,#1349,.T.);
#909=ORIENTED_EDGE('',*,*,#1253,.T.);
#910=ORIENTED_EDGE('',*,*,#1312,.T.);
#911=ORIENTED_EDGE('',*,*,#1316,.T.);
#912=ORIENTED_EDGE('',*,*,#1259,.T.);
#913=ORIENTED_EDGE('',*,*,#1350,.T.);
#914=ORIENTED_EDGE('',*,*,#1351,.F.);
#915=ORIENTED_EDGE('',*,*,#1323,.T.);
#916=ORIENTED_EDGE('',*,*,#1324,.T.);
#917=ORIENTED_EDGE('',*,*,#1328,.T.);
#918=ORIENTED_EDGE('',*,*,#1352,.T.);
#919=ORIENTED_EDGE('',*,*,#1353,.T.);
#920=ORIENTED_EDGE('',*,*,#1346,.T.);
#921=ORIENTED_EDGE('',*,*,#1354,.T.);
#922=ORIENTED_EDGE('',*,*,#1355,.T.);
#923=ORIENTED_EDGE('',*,*,#1356,.T.);
#924=ORIENTED_EDGE('',*,*,#1357,.T.);
#925=ORIENTED_EDGE('',*,*,#1309,.T.);
#926=ORIENTED_EDGE('',*,*,#1330,.T.);
#927=ORIENTED_EDGE('',*,*,#1333,.T.);
#928=ORIENTED_EDGE('',*,*,#1336,.T.);
#929=ORIENTED_EDGE('',*,*,#1339,.T.);
#930=ORIENTED_EDGE('',*,*,#1342,.T.);
#931=ORIENTED_EDGE('',*,*,#1358,.T.);
#932=ORIENTED_EDGE('',*,*,#1250,.T.);
#933=ORIENTED_EDGE('',*,*,#1359,.T.);
#934=ORIENTED_EDGE('',*,*,#1360,.T.);
#935=ORIENTED_EDGE('',*,*,#1321,.T.);
#936=ORIENTED_EDGE('',*,*,#1361,.F.);
#937=ORIENTED_EDGE('',*,*,#1362,.F.);
#938=ORIENTED_EDGE('',*,*,#1329,.T.);
#939=ORIENTED_EDGE('',*,*,#1325,.T.);
#940=ORIENTED_EDGE('',*,*,#1363,.T.);
#941=ORIENTED_EDGE('',*,*,#1364,.T.);
#942=ORIENTED_EDGE('',*,*,#1365,.F.);
#943=ORIENTED_EDGE('',*,*,#1366,.F.);
#944=ORIENTED_EDGE('',*,*,#1367,.F.);
#945=ORIENTED_EDGE('',*,*,#1252,.F.);
#946=ORIENTED_EDGE('',*,*,#1368,.F.);
#947=ORIENTED_EDGE('',*,*,#1369,.T.);
#948=ORIENTED_EDGE('',*,*,#1370,.T.);
#949=ORIENTED_EDGE('',*,*,#1371,.F.);
#950=ORIENTED_EDGE('',*,*,#1257,.T.);
#951=ORIENTED_EDGE('',*,*,#1317,.T.);
#952=ORIENTED_EDGE('',*,*,#1313,.T.);
#953=ORIENTED_EDGE('',*,*,#1255,.T.);
#954=ORIENTED_EDGE('',*,*,#1372,.F.);
#955=ORIENTED_EDGE('',*,*,#1373,.T.);
#956=ORIENTED_EDGE('',*,*,#1374,.F.);
#957=ORIENTED_EDGE('',*,*,#1347,.T.);
#958=ORIENTED_EDGE('',*,*,#1343,.T.);
#959=ORIENTED_EDGE('',*,*,#1340,.T.);
#960=ORIENTED_EDGE('',*,*,#1337,.T.);
#961=ORIENTED_EDGE('',*,*,#1334,.T.);
#962=ORIENTED_EDGE('',*,*,#1331,.T.);
#963=ORIENTED_EDGE('',*,*,#1311,.T.);
#964=ORIENTED_EDGE('',*,*,#1375,.F.);
#965=ORIENTED_EDGE('',*,*,#1376,.F.);
#966=ORIENTED_EDGE('',*,*,#1377,.F.);
#967=ORIENTED_EDGE('',*,*,#1378,.T.);
#968=ORIENTED_EDGE('',*,*,#1379,.T.);
#969=ORIENTED_EDGE('',*,*,#1380,.T.);
#970=ORIENTED_EDGE('',*,*,#1381,.T.);
#971=ORIENTED_EDGE('',*,*,#1362,.T.);
#972=ORIENTED_EDGE('',*,*,#1382,.F.);
#973=ORIENTED_EDGE('',*,*,#1352,.F.);
#974=ORIENTED_EDGE('',*,*,#1327,.T.);
#975=ORIENTED_EDGE('',*,*,#1361,.T.);
#976=ORIENTED_EDGE('',*,*,#1320,.F.);
#977=ORIENTED_EDGE('',*,*,#1353,.F.);
#978=ORIENTED_EDGE('',*,*,#1382,.T.);
#979=ORIENTED_EDGE('',*,*,#1383,.T.);
#980=ORIENTED_EDGE('',*,*,#1384,.T.);
#981=ORIENTED_EDGE('',*,*,#1371,.T.);
#982=ORIENTED_EDGE('',*,*,#1385,.T.);
#983=ORIENTED_EDGE('',*,*,#1350,.F.);
#984=ORIENTED_EDGE('',*,*,#1258,.F.);
#985=ORIENTED_EDGE('',*,*,#1349,.F.);
#986=ORIENTED_EDGE('',*,*,#1386,.T.);
#987=ORIENTED_EDGE('',*,*,#1372,.T.);
#988=ORIENTED_EDGE('',*,*,#1254,.F.);
#989=ORIENTED_EDGE('',*,*,#1387,.F.);
#990=ORIENTED_EDGE('',*,*,#1374,.T.);
#991=ORIENTED_EDGE('',*,*,#1388,.F.);
#992=ORIENTED_EDGE('',*,*,#1354,.F.);
#993=ORIENTED_EDGE('',*,*,#1345,.F.);
#994=ORIENTED_EDGE('',*,*,#1377,.T.);
#995=ORIENTED_EDGE('',*,*,#1389,.F.);
#996=ORIENTED_EDGE('',*,*,#1355,.F.);
#997=ORIENTED_EDGE('',*,*,#1388,.T.);
#998=ORIENTED_EDGE('',*,*,#1376,.T.);
#999=ORIENTED_EDGE('',*,*,#1390,.F.);
#1000=ORIENTED_EDGE('',*,*,#1356,.F.);
#1001=ORIENTED_EDGE('',*,*,#1389,.T.);
#1002=ORIENTED_EDGE('',*,*,#1375,.T.);
#1003=ORIENTED_EDGE('',*,*,#1310,.F.);
#1004=ORIENTED_EDGE('',*,*,#1357,.F.);
#1005=ORIENTED_EDGE('',*,*,#1390,.T.);
#1006=ORIENTED_EDGE('',*,*,#1387,.T.);
#1007=ORIENTED_EDGE('',*,*,#1391,.T.);
#1008=ORIENTED_EDGE('',*,*,#1315,.F.);
#1009=ORIENTED_EDGE('',*,*,#1268,.T.);
#1010=ORIENTED_EDGE('',*,*,#1392,.F.);
#1011=ORIENTED_EDGE('',*,*,#1305,.T.);
#1012=ORIENTED_EDGE('',*,*,#1393,.T.);
#1013=ORIENTED_EDGE('',*,*,#1379,.F.);
#1014=ORIENTED_EDGE('',*,*,#1393,.F.);
#1015=ORIENTED_EDGE('',*,*,#1304,.T.);
#1016=ORIENTED_EDGE('',*,*,#1394,.T.);
#1017=ORIENTED_EDGE('',*,*,#1380,.F.);
#1018=ORIENTED_EDGE('',*,*,#1394,.F.);
#1019=ORIENTED_EDGE('',*,*,#1307,.T.);
#1020=ORIENTED_EDGE('',*,*,#1395,.T.);
#1021=ORIENTED_EDGE('',*,*,#1381,.F.);
#1022=ORIENTED_EDGE('',*,*,#1395,.F.);
#1023=ORIENTED_EDGE('',*,*,#1306,.T.);
#1024=ORIENTED_EDGE('',*,*,#1392,.T.);
#1025=ORIENTED_EDGE('',*,*,#1378,.F.);
#1026=ORIENTED_EDGE('',*,*,#1396,.F.);
#1027=ORIENTED_EDGE('',*,*,#1363,.F.);
#1028=ORIENTED_EDGE('',*,*,#1397,.F.);
#1029=ORIENTED_EDGE('',*,*,#1351,.T.);
#1030=ORIENTED_EDGE('',*,*,#1385,.F.);
#1031=ORIENTED_EDGE('',*,*,#1370,.F.);
#1032=ORIENTED_EDGE('',*,*,#1398,.F.);
#1033=ORIENTED_EDGE('',*,*,#1399,.F.);
#1034=ORIENTED_EDGE('',*,*,#1386,.F.);
#1035=ORIENTED_EDGE('',*,*,#1348,.T.);
#1036=ORIENTED_EDGE('',*,*,#1397,.T.);
#1037=ORIENTED_EDGE('',*,*,#1373,.F.);
#1038=ORIENTED_EDGE('',*,*,#1391,.F.);
#1039=ORIENTED_EDGE('',*,*,#1367,.T.);
#1040=ORIENTED_EDGE('',*,*,#1400,.F.);
#1041=ORIENTED_EDGE('',*,*,#1359,.F.);
#1042=ORIENTED_EDGE('',*,*,#1249,.T.);
#1043=ORIENTED_EDGE('',*,*,#1366,.T.);
#1044=ORIENTED_EDGE('',*,*,#1401,.F.);
#1045=ORIENTED_EDGE('',*,*,#1360,.F.);
#1046=ORIENTED_EDGE('',*,*,#1400,.T.);
#1047=ORIENTED_EDGE('',*,*,#1365,.T.);
#1048=ORIENTED_EDGE('',*,*,#1402,.T.);
#1049=ORIENTED_EDGE('',*,*,#1403,.T.);
#1050=ORIENTED_EDGE('',*,*,#1404,.T.);
#1051=ORIENTED_EDGE('',*,*,#1368,.T.);
#1052=ORIENTED_EDGE('',*,*,#1251,.F.);
#1053=ORIENTED_EDGE('',*,*,#1358,.F.);
#1054=ORIENTED_EDGE('',*,*,#1401,.T.);
#1055=ORIENTED_EDGE('',*,*,#1399,.T.);
#1056=ORIENTED_EDGE('',*,*,#1405,.T.);
#1057=ORIENTED_EDGE('',*,*,#1403,.F.);
#1058=ORIENTED_EDGE('',*,*,#1406,.F.);
#1059=ORIENTED_EDGE('',*,*,#1396,.T.);
#1060=ORIENTED_EDGE('',*,*,#1406,.T.);
#1061=ORIENTED_EDGE('',*,*,#1402,.F.);
#1062=ORIENTED_EDGE('',*,*,#1364,.F.);
#1063=ORIENTED_EDGE('',*,*,#1398,.T.);
#1064=ORIENTED_EDGE('',*,*,#1369,.F.);
#1065=ORIENTED_EDGE('',*,*,#1404,.F.);
#1066=ORIENTED_EDGE('',*,*,#1405,.F.);
#1067=ORIENTED_EDGE('',*,*,#1319,.T.);
#1068=ORIENTED_EDGE('',*,*,#1384,.F.);
#1069=ORIENTED_EDGE('',*,*,#1318,.T.);
#1070=ORIENTED_EDGE('',*,*,#1383,.F.);
#1071=VERTEX_POINT('',#1975);
#1072=VERTEX_POINT('',#1976);
#1073=VERTEX_POINT('',#1978);
#1074=VERTEX_POINT('',#1980);
#1075=VERTEX_POINT('',#1982);
#1076=VERTEX_POINT('',#1984);
#1077=VERTEX_POINT('',#1986);
#1078=VERTEX_POINT('',#1988);
#1079=VERTEX_POINT('',#1990);
#1080=VERTEX_POINT('',#1992);
#1081=VERTEX_POINT('',#1994);
#1082=VERTEX_POINT('',#1996);
#1083=VERTEX_POINT('',#1998);
#1084=VERTEX_POINT('',#2000);
#1085=VERTEX_POINT('',#2004);
#1086=VERTEX_POINT('',#2006);
#1087=VERTEX_POINT('',#2010);
#1088=VERTEX_POINT('',#2014);
#1089=VERTEX_POINT('',#2018);
#1090=VERTEX_POINT('',#2022);
#1091=VERTEX_POINT('',#2026);
#1092=VERTEX_POINT('',#2030);
#1093=VERTEX_POINT('',#2034);
#1094=VERTEX_POINT('',#2038);
#1095=VERTEX_POINT('',#2042);
#1096=VERTEX_POINT('',#2046);
#1097=VERTEX_POINT('',#2050);
#1098=VERTEX_POINT('',#2054);
#1099=VERTEX_POINT('',#2061);
#1100=VERTEX_POINT('',#2062);
#1101=VERTEX_POINT('',#2064);
#1102=VERTEX_POINT('',#2066);
#1103=VERTEX_POINT('',#2070);
#1104=VERTEX_POINT('',#2071);
#1105=VERTEX_POINT('',#2073);
#1106=VERTEX_POINT('',#2075);
#1107=VERTEX_POINT('',#2079);
#1108=VERTEX_POINT('',#2080);
#1109=VERTEX_POINT('',#2082);
#1110=VERTEX_POINT('',#2084);
#1111=VERTEX_POINT('',#2088);
#1112=VERTEX_POINT('',#2089);
#1113=VERTEX_POINT('',#2091);
#1114=VERTEX_POINT('',#2093);
#1115=VERTEX_POINT('',#2097);
#1116=VERTEX_POINT('',#2099);
#1117=VERTEX_POINT('',#2103);
#1118=VERTEX_POINT('',#2105);
#1119=VERTEX_POINT('',#2107);
#1120=VERTEX_POINT('',#2111);
#1121=VERTEX_POINT('',#2113);
#1122=VERTEX_POINT('',#2117);
#1123=VERTEX_POINT('',#2119);
#1124=VERTEX_POINT('',#2123);
#1125=VERTEX_POINT('',#2125);
#1126=VERTEX_POINT('',#2129);
#1127=VERTEX_POINT('',#2131);
#1128=VERTEX_POINT('',#2135);
#1129=VERTEX_POINT('',#2136);
#1130=VERTEX_POINT('',#2138);
#1131=VERTEX_POINT('',#2140);
#1132=VERTEX_POINT('',#2144);
#1133=VERTEX_POINT('',#2146);
#1134=VERTEX_POINT('',#2150);
#1135=VERTEX_POINT('',#2152);
#1136=VERTEX_POINT('',#2156);
#1137=VERTEX_POINT('',#2158);
#1138=VERTEX_POINT('',#2162);
#1139=VERTEX_POINT('',#2164);
#1140=VERTEX_POINT('',#2174);
#1141=VERTEX_POINT('',#2175);
#1142=VERTEX_POINT('',#2177);
#1143=VERTEX_POINT('',#2179);
#1144=VERTEX_POINT('',#2182);
#1145=VERTEX_POINT('',#2183);
#1146=VERTEX_POINT('',#2185);
#1147=VERTEX_POINT('',#2187);
#1148=VERTEX_POINT('',#2191);
#1149=VERTEX_POINT('',#2193);
#1150=VERTEX_POINT('',#2197);
#1151=VERTEX_POINT('',#2202);
#1152=VERTEX_POINT('',#2204);
#1153=VERTEX_POINT('',#2206);
#1154=VERTEX_POINT('',#2207);
#1155=VERTEX_POINT('',#2209);
#1156=VERTEX_POINT('',#2211);
#1157=VERTEX_POINT('',#2215);
#1158=VERTEX_POINT('',#2217);
#1159=VERTEX_POINT('',#2221);
#1160=VERTEX_POINT('',#2222);
#1161=VERTEX_POINT('',#2227);
#1162=VERTEX_POINT('',#2229);
#1163=VERTEX_POINT('',#2233);
#1164=VERTEX_POINT('',#2235);
#1165=VERTEX_POINT('',#2239);
#1166=VERTEX_POINT('',#2241);
#1167=VERTEX_POINT('',#2245);
#1168=VERTEX_POINT('',#2247);
#1169=VERTEX_POINT('',#2251);
#1170=VERTEX_POINT('',#2253);
#1171=VERTEX_POINT('',#2257);
#1172=VERTEX_POINT('',#2258);
#1173=VERTEX_POINT('',#2263);
#1174=VERTEX_POINT('',#2264);
#1175=VERTEX_POINT('',#2267);
#1176=VERTEX_POINT('',#2270);
#1177=VERTEX_POINT('',#2273);
#1178=VERTEX_POINT('',#2275);
#1179=VERTEX_POINT('',#2277);
#1180=VERTEX_POINT('',#2280);
#1181=VERTEX_POINT('',#2282);
#1182=VERTEX_POINT('',#2286);
#1183=VERTEX_POINT('',#2289);
#1184=VERTEX_POINT('',#2290);
#1185=VERTEX_POINT('',#2292);
#1186=VERTEX_POINT('',#2294);
#1187=VERTEX_POINT('',#2296);
#1188=VERTEX_POINT('',#2299);
#1189=VERTEX_POINT('',#2301);
#1190=VERTEX_POINT('',#2303);
#1191=VERTEX_POINT('',#2306);
#1192=VERTEX_POINT('',#2309);
#1193=VERTEX_POINT('',#2311);
#1194=VERTEX_POINT('',#2313);
#1195=VERTEX_POINT('',#2317);
#1196=VERTEX_POINT('',#2318);
#1197=VERTEX_POINT('',#2320);
#1198=VERTEX_POINT('',#2322);
#1199=VERTEX_POINT('',#2328);
#1200=VERTEX_POINT('',#2330);
#1201=VERTEX_POINT('',#2336);
#1202=VERTEX_POINT('',#2345);
#1203=VERTEX_POINT('',#2357);
#1204=VERTEX_POINT('',#2360);
#1205=VERTEX_POINT('',#2369);
#1206=VERTEX_POINT('',#2371);
#1207=EDGE_CURVE('',#1071,#1072,#1407,.T.);
#1208=EDGE_CURVE('',#1072,#1073,#371,.T.);
#1209=EDGE_CURVE('',#1073,#1074,#372,.T.);
#1210=EDGE_CURVE('',#1074,#1075,#373,.T.);
#1211=EDGE_CURVE('',#1075,#1076,#1408,.T.);
#1212=EDGE_CURVE('',#1076,#1077,#1409,.T.);
#1213=EDGE_CURVE('',#1077,#1078,#1410,.T.);
#1214=EDGE_CURVE('',#1078,#1079,#374,.T.);
#1215=EDGE_CURVE('',#1079,#1080,#375,.T.);
#1216=EDGE_CURVE('',#1080,#1081,#376,.T.);
#1217=EDGE_CURVE('',#1081,#1082,#1411,.T.);
#1218=EDGE_CURVE('',#1082,#1083,#377,.T.);
#1219=EDGE_CURVE('',#1083,#1084,#1412,.T.);
#1220=EDGE_CURVE('',#1084,#1071,#378,.T.);
#1221=EDGE_CURVE('',#1072,#1085,#379,.T.);
#1222=EDGE_CURVE('',#1086,#1085,#380,.T.);
#1223=EDGE_CURVE('',#1086,#1073,#381,.T.);
#1224=EDGE_CURVE('',#1071,#1087,#382,.T.);
#1225=EDGE_CURVE('',#1085,#1087,#1413,.T.);
#1226=EDGE_CURVE('',#1084,#1088,#383,.T.);
#1227=EDGE_CURVE('',#1087,#1088,#384,.T.);
#1228=EDGE_CURVE('',#1083,#1089,#385,.T.);
#1229=EDGE_CURVE('',#1088,#1089,#1414,.T.);
#1230=EDGE_CURVE('',#1082,#1090,#386,.T.);
#1231=EDGE_CURVE('',#1089,#1090,#387,.T.);
#1232=EDGE_CURVE('',#1081,#1091,#388,.T.);
#1233=EDGE_CURVE('',#1090,#1091,#1415,.T.);
#1234=EDGE_CURVE('',#1092,#1080,#389,.T.);
#1235=EDGE_CURVE('',#1091,#1092,#390,.T.);
#1236=EDGE_CURVE('',#1093,#1079,#391,.T.);
#1237=EDGE_CURVE('',#1092,#1093,#392,.T.);
#1238=EDGE_CURVE('',#1074,#1094,#393,.T.);
#1239=EDGE_CURVE('',#1094,#1086,#394,.T.);
#1240=EDGE_CURVE('',#1078,#1095,#395,.T.);
#1241=EDGE_CURVE('',#1093,#1095,#396,.T.);
#1242=EDGE_CURVE('',#1077,#1096,#397,.T.);
#1243=EDGE_CURVE('',#1095,#1096,#1416,.T.);
#1244=EDGE_CURVE('',#1076,#1097,#398,.T.);
#1245=EDGE_CURVE('',#1096,#1097,#1417,.T.);
#1246=EDGE_CURVE('',#1075,#1098,#399,.T.);
#1247=EDGE_CURVE('',#1097,#1098,#1418,.T.);
#1248=EDGE_CURVE('',#1098,#1094,#400,.T.);
#1249=EDGE_CURVE('',#1099,#1100,#401,.T.);
#1250=EDGE_CURVE('',#1101,#1099,#402,.T.);
#1251=EDGE_CURVE('',#1101,#1102,#403,.T.);
#1252=EDGE_CURVE('',#1102,#1100,#404,.T.);
#1253=EDGE_CURVE('',#1103,#1104,#405,.T.);
#1254=EDGE_CURVE('',#1103,#1105,#406,.T.);
#1255=EDGE_CURVE('',#1106,#1105,#407,.T.);
#1256=EDGE_CURVE('',#1104,#1106,#408,.T.);
#1257=EDGE_CURVE('',#1107,#1108,#1419,.T.);
#1258=EDGE_CURVE('',#1107,#1109,#409,.T.);
#1259=EDGE_CURVE('',#1110,#1109,#1420,.T.);
#1260=EDGE_CURVE('',#1110,#1108,#410,.T.);
#1261=EDGE_CURVE('',#1111,#1112,#411,.T.);
#1262=EDGE_CURVE('',#1112,#1113,#412,.T.);
#1263=EDGE_CURVE('',#1113,#1114,#413,.T.);
#1264=EDGE_CURVE('',#1114,#1111,#414,.T.);
#1265=EDGE_CURVE('',#1114,#1115,#1421,.T.);
#1266=EDGE_CURVE('',#1115,#1116,#415,.T.);
#1267=EDGE_CURVE('',#1116,#1111,#1422,.T.);
#1268=EDGE_CURVE('',#1117,#1117,#1423,.T.);
#1269=EDGE_CURVE('',#1115,#1118,#416,.T.);
#1270=EDGE_CURVE('',#1118,#1119,#417,.T.);
#1271=EDGE_CURVE('',#1119,#1116,#418,.T.);
#1272=EDGE_CURVE('',#1118,#1120,#1424,.T.);
#1273=EDGE_CURVE('',#1120,#1121,#419,.T.);
#1274=EDGE_CURVE('',#1121,#1119,#1425,.T.);
#1275=EDGE_CURVE('',#1120,#1122,#420,.T.);
#1276=EDGE_CURVE('',#1122,#1123,#421,.T.);
#1277=EDGE_CURVE('',#1123,#1121,#422,.T.);
#1278=EDGE_CURVE('',#1122,#1124,#1426,.T.);
#1279=EDGE_CURVE('',#1124,#1125,#423,.T.);
#1280=EDGE_CURVE('',#1125,#1123,#1427,.T.);
#1281=EDGE_CURVE('',#1124,#1126,#424,.T.);
#1282=EDGE_CURVE('',#1126,#1127,#425,.T.);
#1283=EDGE_CURVE('',#1127,#1125,#426,.T.);
#1284=EDGE_CURVE('',#1128,#1129,#427,.T.);
#1285=EDGE_CURVE('',#1129,#1130,#428,.T.);
#1286=EDGE_CURVE('',#1130,#1131,#429,.T.);
#1287=EDGE_CURVE('',#1131,#1128,#430,.T.);
#1288=EDGE_CURVE('',#1129,#1132,#1428,.T.);
#1289=EDGE_CURVE('',#1132,#1133,#431,.T.);
#1290=EDGE_CURVE('',#1133,#1130,#1429,.T.);
#1291=EDGE_CURVE('',#1132,#1134,#1430,.T.);
#1292=EDGE_CURVE('',#1134,#1135,#432,.T.);
#1293=EDGE_CURVE('',#1135,#1133,#1431,.T.);
#1294=EDGE_CURVE('',#1134,#1136,#1432,.T.);
#1295=EDGE_CURVE('',#1136,#1137,#433,.T.);
#1296=EDGE_CURVE('',#1137,#1135,#1433,.T.);
#1297=EDGE_CURVE('',#1136,#1138,#434,.T.);
#1298=EDGE_CURVE('',#1138,#1139,#435,.T.);
#1299=EDGE_CURVE('',#1139,#1137,#436,.T.);
#1300=EDGE_CURVE('',#1113,#1138,#437,.T.);
#1301=EDGE_CURVE('',#1128,#1126,#438,.T.);
#1302=EDGE_CURVE('',#1139,#1112,#439,.T.);
#1303=EDGE_CURVE('',#1127,#1131,#440,.T.);
#1304=EDGE_CURVE('',#1140,#1141,#1434,.T.);
#1305=EDGE_CURVE('',#1142,#1140,#441,.T.);
#1306=EDGE_CURVE('',#1143,#1142,#1435,.T.);
#1307=EDGE_CURVE('',#1141,#1143,#442,.T.);
#1308=EDGE_CURVE('',#1144,#1145,#443,.T.);
#1309=EDGE_CURVE('',#1146,#1144,#444,.T.);
#1310=EDGE_CURVE('',#1146,#1147,#445,.T.);
#1311=EDGE_CURVE('',#1145,#1147,#446,.T.);
#1312=EDGE_CURVE('',#1104,#1148,#1436,.T.);
#1313=EDGE_CURVE('',#1149,#1106,#1437,.T.);
#1314=EDGE_CURVE('',#1148,#1149,#447,.T.);
#1315=EDGE_CURVE('',#1150,#1150,#1438,.T.);
#1316=EDGE_CURVE('',#1148,#1110,#448,.T.);
#1317=EDGE_CURVE('',#1108,#1149,#449,.T.);
#1318=EDGE_CURVE('',#1151,#1151,#1439,.T.);
#1319=EDGE_CURVE('',#1152,#1152,#1440,.T.);
#1320=EDGE_CURVE('',#1153,#1154,#450,.T.);
#1321=EDGE_CURVE('',#1155,#1154,#451,.T.);
#1322=EDGE_CURVE('',#1156,#1155,#452,.T.);
#1323=EDGE_CURVE('',#1153,#1156,#453,.T.);
#1324=EDGE_CURVE('',#1156,#1157,#1441,.T.);
#1325=EDGE_CURVE('',#1158,#1155,#1442,.T.);
#1326=EDGE_CURVE('',#1157,#1158,#454,.T.);
#1327=EDGE_CURVE('',#1159,#1160,#455,.T.);
#1328=EDGE_CURVE('',#1157,#1159,#456,.T.);
#1329=EDGE_CURVE('',#1160,#1158,#457,.T.);
#1330=EDGE_CURVE('',#1144,#1161,#458,.T.);
#1331=EDGE_CURVE('',#1162,#1145,#459,.T.);
#1332=EDGE_CURVE('',#1161,#1162,#460,.T.);
#1333=EDGE_CURVE('',#1161,#1163,#1443,.T.);
#1334=EDGE_CURVE('',#1164,#1162,#1444,.T.);
#1335=EDGE_CURVE('',#1163,#1164,#461,.T.);
#1336=EDGE_CURVE('',#1163,#1165,#1445,.T.);
#1337=EDGE_CURVE('',#1166,#1164,#1446,.T.);
#1338=EDGE_CURVE('',#1165,#1166,#462,.T.);
#1339=EDGE_CURVE('',#1165,#1167,#1447,.T.);
#1340=EDGE_CURVE('',#1168,#1166,#1448,.T.);
#1341=EDGE_CURVE('',#1167,#1168,#463,.T.);
#1342=EDGE_CURVE('',#1167,#1169,#464,.T.);
#1343=EDGE_CURVE('',#1170,#1168,#465,.T.);
#1344=EDGE_CURVE('',#1170,#1169,#466,.T.);
#1345=EDGE_CURVE('',#1171,#1172,#467,.T.);
#1346=EDGE_CURVE('',#1169,#1172,#468,.T.);
#1347=EDGE_CURVE('',#1171,#1170,#469,.T.);
#1348=EDGE_CURVE('',#1173,#1174,#470,.T.);
#1349=EDGE_CURVE('',#1173,#1103,#471,.T.);
#1350=EDGE_CURVE('',#1109,#1175,#472,.T.);
#1351=EDGE_CURVE('',#1174,#1175,#473,.T.);
#1352=EDGE_CURVE('',#1159,#1176,#474,.T.);
#1353=EDGE_CURVE('',#1176,#1153,#475,.T.);
#1354=EDGE_CURVE('',#1172,#1177,#476,.T.);
#1355=EDGE_CURVE('',#1177,#1178,#477,.T.);
#1356=EDGE_CURVE('',#1178,#1179,#478,.T.);
#1357=EDGE_CURVE('',#1179,#1146,#479,.T.);
#1358=EDGE_CURVE('',#1180,#1101,#480,.T.);
#1359=EDGE_CURVE('',#1099,#1181,#481,.T.);
#1360=EDGE_CURVE('',#1181,#1180,#482,.T.);
#1361=EDGE_CURVE('',#1182,#1154,#483,.T.);
#1362=EDGE_CURVE('',#1160,#1182,#484,.T.);
#1363=EDGE_CURVE('',#1183,#1184,#485,.T.);
#1364=EDGE_CURVE('',#1184,#1185,#486,.T.);
#1365=EDGE_CURVE('',#1186,#1185,#487,.T.);
#1366=EDGE_CURVE('',#1187,#1186,#488,.T.);
#1367=EDGE_CURVE('',#1100,#1187,#489,.T.);
#1368=EDGE_CURVE('',#1188,#1102,#490,.T.);
#1369=EDGE_CURVE('',#1188,#1189,#491,.T.);
#1370=EDGE_CURVE('',#1189,#1190,#492,.T.);
#1371=EDGE_CURVE('',#1107,#1190,#493,.T.);
#1372=EDGE_CURVE('',#1191,#1105,#494,.T.);
#1373=EDGE_CURVE('',#1191,#1183,#495,.T.);
#1374=EDGE_CURVE('',#1171,#1192,#496,.T.);
#1375=EDGE_CURVE('',#1193,#1147,#497,.T.);
#1376=EDGE_CURVE('',#1194,#1193,#498,.T.);
#1377=EDGE_CURVE('',#1192,#1194,#499,.T.);
#1378=EDGE_CURVE('',#1195,#1196,#1449,.T.);
#1379=EDGE_CURVE('',#1196,#1197,#500,.T.);
#1380=EDGE_CURVE('',#1197,#1198,#1450,.T.);
#1381=EDGE_CURVE('',#1198,#1195,#501,.T.);
#1382=EDGE_CURVE('',#1176,#1182,#502,.T.);
#1383=EDGE_CURVE('',#1199,#1199,#1451,.T.);
#1384=EDGE_CURVE('',#1200,#1200,#1452,.T.);
#1385=EDGE_CURVE('',#1190,#1175,#503,.T.);
#1386=EDGE_CURVE('',#1173,#1191,#504,.T.);
#1387=EDGE_CURVE('',#1201,#1201,#1453,.T.);
#1388=EDGE_CURVE('',#1177,#1192,#505,.T.);
#1389=EDGE_CURVE('',#1178,#1194,#506,.T.);
#1390=EDGE_CURVE('',#1179,#1193,#507,.T.);
#1391=EDGE_CURVE('',#1202,#1202,#1454,.T.);
#1392=EDGE_CURVE('',#1142,#1196,#508,.T.);
#1393=EDGE_CURVE('',#1140,#1197,#509,.T.);
#1394=EDGE_CURVE('',#1141,#1198,#510,.T.);
#1395=EDGE_CURVE('',#1143,#1195,#511,.T.);
#1396=EDGE_CURVE('',#1184,#1203,#512,.T.);
#1397=EDGE_CURVE('',#1174,#1183,#513,.T.);
#1398=EDGE_CURVE('',#1204,#1189,#514,.T.);
#1399=EDGE_CURVE('',#1203,#1204,#1455,.T.);
#1400=EDGE_CURVE('',#1181,#1187,#515,.T.);
#1401=EDGE_CURVE('',#1180,#1186,#516,.T.);
#1402=EDGE_CURVE('',#1185,#1205,#517,.T.);
#1403=EDGE_CURVE('',#1205,#1206,#1456,.T.);
#1404=EDGE_CURVE('',#1206,#1188,#518,.T.);
#1405=EDGE_CURVE('',#1204,#1206,#519,.T.);
#1406=EDGE_CURVE('',#1203,#1205,#520,.T.);
#1407=CIRCLE('',#1458,39.809837127029);
#1408=CIRCLE('',#1459,87.809837127029);
#1409=CIRCLE('',#1460,0.500000000000005);
#1410=CIRCLE('',#1461,58.);
#1411=CIRCLE('',#1462,9.99999999999999);
#1412=CIRCLE('',#1463,5.);
#1413=CIRCLE('',#1466,39.809837127029);
#1414=CIRCLE('',#1469,5.);
#1415=CIRCLE('',#1472,9.99999999999999);
#1416=CIRCLE('',#1478,58.);
#1417=CIRCLE('',#1480,0.500000000000005);
#1418=CIRCLE('',#1482,87.809837127029);
#1419=CIRCLE('',#1488,5.);
#1420=CIRCLE('',#1489,5.);
#1421=CIRCLE('',#1492,13.);
#1422=CIRCLE('',#1493,13.);
#1423=CIRCLE('',#1495,4.25);
#1424=CIRCLE('',#1497,2.);
#1425=CIRCLE('',#1498,2.);
#1426=CIRCLE('',#1501,42.809837127029);
#1427=CIRCLE('',#1502,42.809837127029);
#1428=CIRCLE('',#1506,84.809837127029);
#1429=CIRCLE('',#1507,84.809837127029);
#1430=CIRCLE('',#1509,3.50000000000001);
#1431=CIRCLE('',#1510,3.50000000000001);
#1432=CIRCLE('',#1512,55.);
#1433=CIRCLE('',#1513,55.);
#1434=CIRCLE('',#1518,10.);
#1435=CIRCLE('',#1519,10.);
#1436=CIRCLE('',#1521,9.99999999999999);
#1437=CIRCLE('',#1522,9.99999999999999);
#1438=CIRCLE('',#1524,4.25);
#1439=CIRCLE('',#1526,1.8);
#1440=CIRCLE('',#1527,1.8);
#1441=CIRCLE('',#1529,39.809837127029);
#1442=CIRCLE('',#1530,39.809837127029);
#1443=CIRCLE('',#1534,87.809837127029);
#1444=CIRCLE('',#1535,87.809837127029);
#1445=CIRCLE('',#1537,0.500000000000005);
#1446=CIRCLE('',#1538,0.500000000000005);
#1447=CIRCLE('',#1540,58.);
#1448=CIRCLE('',#1541,58.);
#1449=CIRCLE('',#1547,10.);
#1450=CIRCLE('',#1548,10.);
#1451=CIRCLE('',#1551,1.8);
#1452=CIRCLE('',#1552,1.8);
#1453=CIRCLE('',#1555,4.25);
#1454=CIRCLE('',#1560,4.25);
#1455=CIRCLE('',#1567,4.35000000000015);
#1456=CIRCLE('',#1572,4.35000000000015);
#1457=AXIS2_PLACEMENT_3D('',#1973,#1579,#1580);
#1458=AXIS2_PLACEMENT_3D('',#1974,#1581,#1582);
#1459=AXIS2_PLACEMENT_3D('',#1983,#1586,#1587);
#1460=AXIS2_PLACEMENT_3D('',#1985,#1588,#1589);
#1461=AXIS2_PLACEMENT_3D('',#1987,#1590,#1591);
#1462=AXIS2_PLACEMENT_3D('',#1995,#1595,#1596);
#1463=AXIS2_PLACEMENT_3D('',#1999,#1598,#1599);
#1464=AXIS2_PLACEMENT_3D('',#2002,#1601,#1602);
#1465=AXIS2_PLACEMENT_3D('',#2008,#1606,#1607);
#1466=AXIS2_PLACEMENT_3D('',#2011,#1609,#1610);
#1467=AXIS2_PLACEMENT_3D('',#2012,#1611,#1612);
#1468=AXIS2_PLACEMENT_3D('',#2016,#1615,#1616);
#1469=AXIS2_PLACEMENT_3D('',#2019,#1618,#1619);
#1470=AXIS2_PLACEMENT_3D('',#2020,#1620,#1621);
#1471=AXIS2_PLACEMENT_3D('',#2024,#1624,#1625);
#1472=AXIS2_PLACEMENT_3D('',#2027,#1627,#1628);
#1473=AXIS2_PLACEMENT_3D('',#2028,#1629,#1630);
#1474=AXIS2_PLACEMENT_3D('',#2032,#1633,#1634);
#1475=AXIS2_PLACEMENT_3D('',#2036,#1637,#1638);
#1476=AXIS2_PLACEMENT_3D('',#2040,#1641,#1642);
#1477=AXIS2_PLACEMENT_3D('',#2044,#1645,#1646);
#1478=AXIS2_PLACEMENT_3D('',#2047,#1648,#1649);
#1479=AXIS2_PLACEMENT_3D('',#2048,#1650,#1651);
#1480=AXIS2_PLACEMENT_3D('',#2051,#1653,#1654);
#1481=AXIS2_PLACEMENT_3D('',#2052,#1655,#1656);
#1482=AXIS2_PLACEMENT_3D('',#2055,#1658,#1659);
#1483=AXIS2_PLACEMENT_3D('',#2056,#1660,#1661);
#1484=AXIS2_PLACEMENT_3D('',#2058,#1663,#1664);
#1485=AXIS2_PLACEMENT_3D('',#2059,#1665,#1666);
#1486=AXIS2_PLACEMENT_3D('',#2068,#1671,#1672);
#1487=AXIS2_PLACEMENT_3D('',#2077,#1677,#1678);
#1488=AXIS2_PLACEMENT_3D('',#2078,#1679,#1680);
#1489=AXIS2_PLACEMENT_3D('',#2083,#1682,#1683);
#1490=AXIS2_PLACEMENT_3D('',#2086,#1685,#1686);
#1491=AXIS2_PLACEMENT_3D('',#2095,#1691,#1692);
#1492=AXIS2_PLACEMENT_3D('',#2096,#1693,#1694);
#1493=AXIS2_PLACEMENT_3D('',#2100,#1696,#1697);
#1494=AXIS2_PLACEMENT_3D('',#2101,#1698,#1699);
#1495=AXIS2_PLACEMENT_3D('',#2102,#1700,#1701);
#1496=AXIS2_PLACEMENT_3D('',#2109,#1705,#1706);
#1497=AXIS2_PLACEMENT_3D('',#2110,#1707,#1708);
#1498=AXIS2_PLACEMENT_3D('',#2114,#1710,#1711);
#1499=AXIS2_PLACEMENT_3D('',#2115,#1712,#1713);
#1500=AXIS2_PLACEMENT_3D('',#2121,#1717,#1718);
#1501=AXIS2_PLACEMENT_3D('',#2122,#1719,#1720);
#1502=AXIS2_PLACEMENT_3D('',#2126,#1722,#1723);
#1503=AXIS2_PLACEMENT_3D('',#2127,#1724,#1725);
#1504=AXIS2_PLACEMENT_3D('',#2133,#1729,#1730);
#1505=AXIS2_PLACEMENT_3D('',#2142,#1735,#1736);
#1506=AXIS2_PLACEMENT_3D('',#2143,#1737,#1738);
#1507=AXIS2_PLACEMENT_3D('',#2147,#1740,#1741);
#1508=AXIS2_PLACEMENT_3D('',#2148,#1742,#1743);
#1509=AXIS2_PLACEMENT_3D('',#2149,#1744,#1745);
#1510=AXIS2_PLACEMENT_3D('',#2153,#1747,#1748);
#1511=AXIS2_PLACEMENT_3D('',#2154,#1749,#1750);
#1512=AXIS2_PLACEMENT_3D('',#2155,#1751,#1752);
#1513=AXIS2_PLACEMENT_3D('',#2159,#1754,#1755);
#1514=AXIS2_PLACEMENT_3D('',#2160,#1756,#1757);
#1515=AXIS2_PLACEMENT_3D('',#2166,#1761,#1762);
#1516=AXIS2_PLACEMENT_3D('',#2169,#1765,#1766);
#1517=AXIS2_PLACEMENT_3D('',#2172,#1769,#1770);
#1518=AXIS2_PLACEMENT_3D('',#2173,#1771,#1772);
#1519=AXIS2_PLACEMENT_3D('',#2178,#1774,#1775);
#1520=AXIS2_PLACEMENT_3D('',#2189,#1781,#1782);
#1521=AXIS2_PLACEMENT_3D('',#2190,#1783,#1784);
#1522=AXIS2_PLACEMENT_3D('',#2192,#1785,#1786);
#1523=AXIS2_PLACEMENT_3D('',#2195,#1788,#1789);
#1524=AXIS2_PLACEMENT_3D('',#2196,#1790,#1791);
#1525=AXIS2_PLACEMENT_3D('',#2200,#1794,#1795);
#1526=AXIS2_PLACEMENT_3D('',#2201,#1796,#1797);
#1527=AXIS2_PLACEMENT_3D('',#2203,#1798,#1799);
#1528=AXIS2_PLACEMENT_3D('',#2213,#1804,#1805);
#1529=AXIS2_PLACEMENT_3D('',#2214,#1806,#1807);
#1530=AXIS2_PLACEMENT_3D('',#2216,#1808,#1809);
#1531=AXIS2_PLACEMENT_3D('',#2219,#1811,#1812);
#1532=AXIS2_PLACEMENT_3D('',#2225,#1816,#1817);
#1533=AXIS2_PLACEMENT_3D('',#2231,#1821,#1822);
#1534=AXIS2_PLACEMENT_3D('',#2232,#1823,#1824);
#1535=AXIS2_PLACEMENT_3D('',#2234,#1825,#1826);
#1536=AXIS2_PLACEMENT_3D('',#2237,#1828,#1829);
#1537=AXIS2_PLACEMENT_3D('',#2238,#1830,#1831);
#1538=AXIS2_PLACEMENT_3D('',#2240,#1832,#1833);
#1539=AXIS2_PLACEMENT_3D('',#2243,#1835,#1836);
#1540=AXIS2_PLACEMENT_3D('',#2244,#1837,#1838);
#1541=AXIS2_PLACEMENT_3D('',#2246,#1839,#1840);
#1542=AXIS2_PLACEMENT_3D('',#2249,#1842,#1843);
#1543=AXIS2_PLACEMENT_3D('',#2255,#1847,#1848);
#1544=AXIS2_PLACEMENT_3D('',#2261,#1852,#1853);
#1545=AXIS2_PLACEMENT_3D('',#2284,#1867,#1868);
#1546=AXIS2_PLACEMENT_3D('',#2315,#1886,#1887);
#1547=AXIS2_PLACEMENT_3D('',#2316,#1888,#1889);
#1548=AXIS2_PLACEMENT_3D('',#2321,#1891,#1892);
#1549=AXIS2_PLACEMENT_3D('',#2325,#1895,#1896);
#1550=AXIS2_PLACEMENT_3D('',#2326,#1897,#1898);
#1551=AXIS2_PLACEMENT_3D('',#2327,#1899,#1900);
#1552=AXIS2_PLACEMENT_3D('',#2329,#1901,#1902);
#1553=AXIS2_PLACEMENT_3D('',#2332,#1904,#1905);
#1554=AXIS2_PLACEMENT_3D('',#2334,#1907,#1908);
#1555=AXIS2_PLACEMENT_3D('',#2335,#1909,#1910);
#1556=AXIS2_PLACEMENT_3D('',#2338,#1912,#1913);
#1557=AXIS2_PLACEMENT_3D('',#2340,#1915,#1916);
#1558=AXIS2_PLACEMENT_3D('',#2342,#1918,#1919);
#1559=AXIS2_PLACEMENT_3D('',#2343,#1920,#1921);
#1560=AXIS2_PLACEMENT_3D('',#2344,#1922,#1923);
#1561=AXIS2_PLACEMENT_3D('',#2346,#1924,#1925);
#1562=AXIS2_PLACEMENT_3D('',#2347,#1926,#1927);
#1563=AXIS2_PLACEMENT_3D('',#2350,#1930,#1931);
#1564=AXIS2_PLACEMENT_3D('',#2352,#1933,#1934);
#1565=AXIS2_PLACEMENT_3D('',#2354,#1936,#1937);
#1566=AXIS2_PLACEMENT_3D('',#2355,#1938,#1939);
#1567=AXIS2_PLACEMENT_3D('',#2361,#1943,#1944);
#1568=AXIS2_PLACEMENT_3D('',#2362,#1945,#1946);
#1569=AXIS2_PLACEMENT_3D('',#2363,#1947,#1948);
#1570=AXIS2_PLACEMENT_3D('',#2365,#1950,#1951);
#1571=AXIS2_PLACEMENT_3D('',#2367,#1953,#1954);
#1572=AXIS2_PLACEMENT_3D('',#2370,#1956,#1957);
#1573=AXIS2_PLACEMENT_3D('',#2373,#1959,#1960);
#1574=AXIS2_PLACEMENT_3D('',#2376,#1963,#1964);
#1575=AXIS2_PLACEMENT_3D('',#2377,#1965,#1966);
#1576=AXIS2_PLACEMENT_3D('',#2378,#1967,#1968);
#1577=AXIS2_PLACEMENT_3D('',#2379,#1969,#1970);
#1578=AXIS2_PLACEMENT_3D('',#2380,#1971,#1972);
#1579=DIRECTION('',(0.,0.,1.));
#1580=DIRECTION('',(1.,0.,0.));
#1581=DIRECTION('',(1.,0.,0.));
#1582=DIRECTION('',(0.,1.,0.));
#1583=DIRECTION('',(0.,-1.16989634481832E-15,-1.));
#1584=DIRECTION('',(0.,-1.,0.));
#1585=DIRECTION('',(0.,1.15166815057859E-15,1.));
#1586=DIRECTION('',(-1.,0.,0.));
#1587=DIRECTION('',(0.,1.,0.));
#1588=DIRECTION('',(1.,0.,0.));
#1589=DIRECTION('',(0.,0.999999999999991,0.));
#1590=DIRECTION('',(-1.,0.,0.));
#1591=DIRECTION('',(0.,1.,0.));
#1592=DIRECTION('',(0.,0.987097055124364,0.160123089418137));
#1593=DIRECTION('',(0.,0.160123089418138,-0.987097055124364));
#1594=DIRECTION('',(0.,-0.987097055124364,-0.160123089418137));
#1595=DIRECTION('',(1.,0.,0.));
#1596=DIRECTION('',(0.,1.,0.));
#1597=DIRECTION('',(0.,-0.746385932225845,-0.665513365887835));
#1598=DIRECTION('',(-1.,0.,0.));
#1599=DIRECTION('',(0.,1.,0.));
#1600=DIRECTION('',(0.,-0.665513365887835,0.746385932225845));
#1601=DIRECTION('',(1.,0.,0.));
#1602=DIRECTION('',(0.,0.,-1.));
#1603=DIRECTION('',(1.,0.,0.));
#1604=DIRECTION('',(0.,1.16989634481832E-15,1.));
#1605=DIRECTION('',(-1.,0.,0.));
#1606=DIRECTION('',(0.,1.,-1.16989634481832E-15));
#1607=DIRECTION('',(0.,1.16989634481832E-15,1.));
#1608=DIRECTION('',(1.,0.,0.));
#1609=DIRECTION('',(-1.,0.,0.));
#1610=DIRECTION('',(0.,1.,0.));
#1611=DIRECTION('',(-1.,0.,0.));
#1612=DIRECTION('',(0.,0.,1.));
#1613=DIRECTION('',(1.,0.,0.));
#1614=DIRECTION('',(0.,0.665513365887835,-0.746385932225845));
#1615=DIRECTION('',(0.,-0.746385932225845,-0.665513365887835));
#1616=DIRECTION('',(0.,0.665513365887835,-0.746385932225845));
#1617=DIRECTION('',(1.,0.,0.));
#1618=DIRECTION('',(1.,0.,0.));
#1619=DIRECTION('',(0.,0.,1.));
#1620=DIRECTION('',(-1.,0.,0.));
#1621=DIRECTION('',(0.,0.,1.));
#1622=DIRECTION('',(1.,0.,0.));
#1623=DIRECTION('',(0.,0.746385932225845,0.665513365887835));
#1624=DIRECTION('',(0.,0.665513365887835,-0.746385932225845));
#1625=DIRECTION('',(0.,0.746385932225845,0.665513365887835));
#1626=DIRECTION('',(1.,0.,0.));
#1627=DIRECTION('',(-1.,0.,0.));
#1628=DIRECTION('',(0.,0.,1.));
#1629=DIRECTION('',(-1.,0.,0.));
#1630=DIRECTION('',(0.,0.,1.));
#1631=DIRECTION('',(-1.,0.,0.));
#1632=DIRECTION('',(0.,0.987097055124364,0.160123089418135));
#1633=DIRECTION('',(0.,0.160123089418137,-0.987097055124364));
#1634=DIRECTION('',(0.,0.987097055124364,0.160123089418137));
#1635=DIRECTION('',(-1.,0.,0.));
#1636=DIRECTION('',(0.,-0.160123089418138,0.987097055124364));
#1637=DIRECTION('',(0.,0.987097055124364,0.160123089418138));
#1638=DIRECTION('',(0.,-0.160123089418138,0.987097055124364));
#1639=DIRECTION('',(1.,0.,0.));
#1640=DIRECTION('',(0.,1.,-1.15166815057859E-15));
#1641=DIRECTION('',(0.,0.,1.));
#1642=DIRECTION('',(1.,0.,0.));
#1643=DIRECTION('',(1.,0.,0.));
#1644=DIRECTION('',(0.,-0.987097055124364,-0.160123089418137));
#1645=DIRECTION('',(0.,-0.160123089418137,0.987097055124364));
#1646=DIRECTION('',(0.,-0.987097055124364,-0.160123089418137));
#1647=DIRECTION('',(1.,0.,0.));
#1648=DIRECTION('',(1.,0.,0.));
#1649=DIRECTION('',(0.,0.,1.));
#1650=DIRECTION('',(-1.,0.,0.));
#1651=DIRECTION('',(0.,0.,1.));
#1652=DIRECTION('',(1.,0.,0.));
#1653=DIRECTION('',(-1.,0.,0.));
#1654=DIRECTION('',(0.,0.,0.999999999999991));
#1655=DIRECTION('',(-1.,0.,0.));
#1656=DIRECTION('',(0.,0.,0.999999999999991));
#1657=DIRECTION('',(1.,0.,0.));
#1658=DIRECTION('',(1.,0.,0.));
#1659=DIRECTION('',(0.,1.,0.));
#1660=DIRECTION('',(-1.,0.,0.));
#1661=DIRECTION('',(0.,0.,1.));
#1662=DIRECTION('',(0.,0.,-1.));
#1663=DIRECTION('',(0.,-1.,1.15166815057859E-15));
#1664=DIRECTION('',(0.,-1.1518563880486E-15,-1.));
#1665=DIRECTION('',(-1.,0.,0.));
#1666=DIRECTION('',(0.,0.,1.));
#1667=DIRECTION('',(1.,0.,0.));
#1668=DIRECTION('',(0.,0.665513365887835,-0.746385932225845));
#1669=DIRECTION('',(1.,0.,0.));
#1670=DIRECTION('',(0.,0.665513365887835,-0.746385932225845));
#1671=DIRECTION('',(0.,-0.746385932225845,-0.665513365887835));
#1672=DIRECTION('',(0.,0.665513365887835,-0.746385932225845));
#1673=DIRECTION('',(0.,-0.987097055124364,-0.160123089418137));
#1674=DIRECTION('',(1.,0.,0.));
#1675=DIRECTION('',(0.,0.987097055124364,0.160123089418135));
#1676=DIRECTION('',(1.,0.,0.));
#1677=DIRECTION('',(0.,0.160123089418137,-0.987097055124364));
#1678=DIRECTION('',(0.,0.987097055124364,0.160123089418137));
#1679=DIRECTION('',(1.,0.,0.));
#1680=DIRECTION('',(0.,0.,1.));
#1681=DIRECTION('',(-1.,0.,0.));
#1682=DIRECTION('',(-1.,0.,0.));
#1683=DIRECTION('',(0.,1.,0.));
#1684=DIRECTION('',(1.,0.,0.));
#1685=DIRECTION('',(-1.,0.,0.));
#1686=DIRECTION('',(0.,0.,1.));
#1687=DIRECTION('',(0.,0.987097055124364,0.160123089418137));
#1688=DIRECTION('',(-1.,0.,0.));
#1689=DIRECTION('',(0.,-0.987097055124364,-0.160123089418137));
#1690=DIRECTION('',(1.,0.,0.));
#1691=DIRECTION('',(0.,0.160123089418137,-0.987097055124364));
#1692=DIRECTION('',(0.,0.987097055124364,0.160123089418137));
#1693=DIRECTION('',(1.,0.,0.));
#1694=DIRECTION('',(0.,0.,-1.));
#1695=DIRECTION('',(1.,0.,0.));
#1696=DIRECTION('',(-1.,0.,0.));
#1697=DIRECTION('',(0.,0.,1.));
#1698=DIRECTION('',(-1.,0.,0.));
#1699=DIRECTION('',(0.,0.,1.));
#1700=DIRECTION('',(0.,-0.665513365887835,0.746385932225845));
#1701=DIRECTION('',(0.,0.746385932225845,0.665513365887836));
#1702=DIRECTION('',(0.,-0.746385932225845,-0.665513365887835));
#1703=DIRECTION('',(1.,0.,0.));
#1704=DIRECTION('',(0.,0.746385932225845,0.665513365887835));
#1705=DIRECTION('',(0.,0.665513365887835,-0.746385932225845));
#1706=DIRECTION('',(0.,0.746385932225845,0.665513365887835));
#1707=DIRECTION('',(-1.,0.,0.));
#1708=DIRECTION('',(0.,0.,-1.));
#1709=DIRECTION('',(1.,0.,0.));
#1710=DIRECTION('',(1.,0.,0.));
#1711=DIRECTION('',(0.,0.,1.));
#1712=DIRECTION('',(-1.,0.,0.));
#1713=DIRECTION('',(0.,0.,1.));
#1714=DIRECTION('',(0.,-0.665513365887835,0.746385932225845));
#1715=DIRECTION('',(1.,0.,0.));
#1716=DIRECTION('',(0.,0.665513365887835,-0.746385932225845));
#1717=DIRECTION('',(0.,-0.746385932225845,-0.665513365887835));
#1718=DIRECTION('',(0.,0.665513365887835,-0.746385932225845));
#1719=DIRECTION('',(1.,0.,0.));
#1720=DIRECTION('',(0.,0.,-1.));
#1721=DIRECTION('',(1.,0.,0.));
#1722=DIRECTION('',(-1.,0.,0.));
#1723=DIRECTION('',(0.,0.,1.));
#1724=DIRECTION('',(-1.,0.,0.));
#1725=DIRECTION('',(0.,0.,1.));
#1726=DIRECTION('',(0.,-1.16989634481832E-15,-1.));
#1727=DIRECTION('',(1.,-5.05961013826569E-16,0.));
#1728=DIRECTION('',(0.,1.16989634481832E-15,1.));
#1729=DIRECTION('',(0.,1.,-1.16989634481832E-15));
#1730=DIRECTION('',(0.,1.17007098454636E-15,1.));
#1731=DIRECTION('',(0.,1.15166815057859E-15,1.));
#1732=DIRECTION('',(1.,0.,0.));
#1733=DIRECTION('',(0.,-1.15166815057859E-15,-1.));
#1734=DIRECTION('',(-1.,-4.95635278850516E-16,0.));
#1735=DIRECTION('',(0.,-1.,1.15166815057859E-15));
#1736=DIRECTION('',(0.,-1.1518563880486E-15,-1.));
#1737=DIRECTION('',(-1.,0.,0.));
#1738=DIRECTION('',(0.,0.,-1.));
#1739=DIRECTION('',(1.,0.,0.));
#1740=DIRECTION('',(1.,0.,0.));
#1741=DIRECTION('',(0.,0.,1.));
#1742=DIRECTION('',(-1.,0.,0.));
#1743=DIRECTION('',(0.,0.,1.));
#1744=DIRECTION('',(1.,0.,0.));
#1745=DIRECTION('',(0.,0.,-0.999999999999999));
#1746=DIRECTION('',(1.,0.,0.));
#1747=DIRECTION('',(-1.,0.,0.));
#1748=DIRECTION('',(0.,0.,0.999999999999999));
#1749=DIRECTION('',(-1.,0.,0.));
#1750=DIRECTION('',(0.,0.,0.999999999999999));
#1751=DIRECTION('',(-1.,0.,0.));
#1752=DIRECTION('',(0.,0.,-1.));
#1753=DIRECTION('',(1.,0.,0.));
#1754=DIRECTION('',(1.,0.,0.));
#1755=DIRECTION('',(0.,0.,1.));
#1756=DIRECTION('',(-1.,0.,0.));
#1757=DIRECTION('',(0.,0.,1.));
#1758=DIRECTION('',(0.,0.987097055124364,0.160123089418137));
#1759=DIRECTION('',(1.,0.,0.));
#1760=DIRECTION('',(0.,-0.987097055124364,-0.160123089418137));
#1761=DIRECTION('',(0.,-0.160123089418137,0.987097055124364));
#1762=DIRECTION('',(0.,-0.987097055124364,-0.160123089418137));
#1763=DIRECTION('',(1.72563323017096E-31,-0.160123089418138,0.987097055124364));
#1764=DIRECTION('',(1.75537494592891E-16,1.,0.));
#1765=DIRECTION('',(1.,0.,0.));
#1766=DIRECTION('',(0.,0.,-1.));
#1767=DIRECTION('',(1.23259516440783E-32,0.160123089418138,-0.987097055124364));
#1768=DIRECTION('',(-1.65211759616839E-16,-1.,0.));
#1769=DIRECTION('',(-1.,0.,0.));
#1770=DIRECTION('',(0.,0.,1.));
#1771=DIRECTION('',(0.,0.,-1.));
#1772=DIRECTION('',(0.,1.,0.));
#1773=DIRECTION('',(0.,-1.,0.));
#1774=DIRECTION('',(0.,0.,-1.));
#1775=DIRECTION('',(0.,1.,0.));
#1776=DIRECTION('',(-6.75629143275177E-16,1.,0.));
#1777=DIRECTION('',(1.,0.,0.));
#1778=DIRECTION('',(0.,-1.,0.));
#1779=DIRECTION('',(1.,0.,0.));
#1780=DIRECTION('',(0.,1.,-1.15166815057859E-15));
#1781=DIRECTION('',(0.,0.,1.));
#1782=DIRECTION('',(1.,0.,0.));
#1783=DIRECTION('',(1.,0.,0.));
#1784=DIRECTION('',(0.,1.,0.));
#1785=DIRECTION('',(-1.,0.,0.));
#1786=DIRECTION('',(0.,0.,1.));
#1787=DIRECTION('',(1.,0.,0.));
#1788=DIRECTION('',(-1.,0.,0.));
#1789=DIRECTION('',(0.,0.,1.));
#1790=DIRECTION('',(0.,-0.665513365887835,0.746385932225845));
#1791=DIRECTION('',(0.,0.746385932225845,0.665513365887836));
#1792=DIRECTION('',(0.,-0.746385932225845,-0.665513365887835));
#1793=DIRECTION('',(0.,0.746385932225845,0.665513365887835));
#1794=DIRECTION('',(0.,0.665513365887835,-0.746385932225845));
#1795=DIRECTION('',(0.,0.746385932225845,0.665513365887835));
#1796=DIRECTION('',(0.,-0.746385932225845,-0.665513365887835));
#1797=DIRECTION('',(0.,0.665513365887834,-0.746385932225848));
#1798=DIRECTION('',(0.,-0.746385932225845,-0.665513365887835));
#1799=DIRECTION('',(0.,0.665513365887834,-0.746385932225844));
#1800=DIRECTION('',(1.,0.,0.));
#1801=DIRECTION('',(0.,0.665513365887835,-0.746385932225845));
#1802=DIRECTION('',(1.,0.,0.));
#1803=DIRECTION('',(0.,-0.665513365887835,0.746385932225845));
#1804=DIRECTION('',(0.,-0.746385932225845,-0.665513365887835));
#1805=DIRECTION('',(0.,0.665513365887835,-0.746385932225845));
#1806=DIRECTION('',(1.,0.,0.));
#1807=DIRECTION('',(0.,1.,0.));
#1808=DIRECTION('',(-1.,0.,0.));
#1809=DIRECTION('',(0.,1.,0.));
#1810=DIRECTION('',(1.,0.,0.));
#1811=DIRECTION('',(-1.,0.,0.));
#1812=DIRECTION('',(0.,0.,1.));
#1813=DIRECTION('',(1.,0.,0.));
#1814=DIRECTION('',(0.,-1.16989634481832E-15,-1.));
#1815=DIRECTION('',(0.,1.16989634481832E-15,1.));
#1816=DIRECTION('',(0.,1.,-1.16989634481832E-15));
#1817=DIRECTION('',(0.,1.16989634481832E-15,1.));
#1818=DIRECTION('',(0.,1.15166815057859E-15,1.));
#1819=DIRECTION('',(0.,0.,-1.));
#1820=DIRECTION('',(1.,0.,0.));
#1821=DIRECTION('',(0.,-1.,1.15166815057859E-15));
#1822=DIRECTION('',(0.,-1.1518563880486E-15,-1.));
#1823=DIRECTION('',(-1.,0.,0.));
#1824=DIRECTION('',(0.,1.,0.));
#1825=DIRECTION('',(1.,0.,0.));
#1826=DIRECTION('',(0.,1.,0.));
#1827=DIRECTION('',(1.,0.,0.));
#1828=DIRECTION('',(-1.,0.,0.));
#1829=DIRECTION('',(0.,0.,1.));
#1830=DIRECTION('',(1.,0.,0.));
#1831=DIRECTION('',(0.,0.999999999999991,0.));
#1832=DIRECTION('',(-1.,0.,0.));
#1833=DIRECTION('',(0.,0.,0.999999999999991));
#1834=DIRECTION('',(1.,0.,0.));
#1835=DIRECTION('',(-1.,0.,0.));
#1836=DIRECTION('',(0.,0.,0.999999999999991));
#1837=DIRECTION('',(-1.,0.,0.));
#1838=DIRECTION('',(0.,1.,0.));
#1839=DIRECTION('',(1.,0.,0.));
#1840=DIRECTION('',(0.,0.,1.));
#1841=DIRECTION('',(1.,0.,0.));
#1842=DIRECTION('',(-1.,0.,0.));
#1843=DIRECTION('',(0.,0.,1.));
#1844=DIRECTION('',(0.,0.987097055124364,0.160123089418137));
#1845=DIRECTION('',(0.,-0.987097055124364,-0.160123089418137));
#1846=DIRECTION('',(-1.,0.,0.));
#1847=DIRECTION('',(0.,-0.160123089418137,0.987097055124364));
#1848=DIRECTION('',(0.,-0.987097055124364,-0.160123089418137));
#1849=DIRECTION('',(-1.,0.,0.));
#1850=DIRECTION('',(0.,0.160123089418138,-0.987097055124364));
#1851=DIRECTION('',(0.,-0.160123089418138,0.987097055124364));
#1852=DIRECTION('',(0.,0.987097055124364,0.160123089418138));
#1853=DIRECTION('',(0.,-0.160123089418138,0.987097055124364));
#1854=DIRECTION('',(0.,-0.665513365887833,0.746385932225848));
#1855=DIRECTION('',(0.,0.746385932225848,0.665513365887833));
#1856=DIRECTION('',(0.,0.665513365887835,-0.746385932225845));
#1857=DIRECTION('',(0.,-0.746385932225845,-0.665513365887835));
#1858=DIRECTION('',(0.,1.,-1.8229709085565E-15));
#1859=DIRECTION('',(0.,0.,1.));
#1860=DIRECTION('',(0.,-0.746385932225845,-0.665513365887836));
#1861=DIRECTION('',(0.,-1.34803220046011E-14,-1.));
#1862=DIRECTION('',(0.,1.,7.45823689145839E-15));
#1863=DIRECTION('',(0.,-1.85037170770859E-14,-1.));
#1864=DIRECTION('',(0.,-0.746385932225845,-0.665513365887835));
#1865=DIRECTION('',(0.,0.746385932225847,0.665513365887833));
#1866=DIRECTION('',(0.,-0.665513365887833,0.746385932225848));
#1867=DIRECTION('',(1.,0.,0.));
#1868=DIRECTION('',(0.,0.,-1.));
#1869=DIRECTION('',(0.,0.,1.));
#1870=DIRECTION('',(0.,1.,-1.8229709085565E-15));
#1871=DIRECTION('',(0.,-0.746385932225845,-0.665513365887835));
#1872=DIRECTION('',(0.,0.665513365887835,-0.746385932225845));
#1873=DIRECTION('',(0.,-0.746385932225845,-0.665513365887835));
#1874=DIRECTION('',(0.,-0.665513365887833,0.746385932225848));
#1875=DIRECTION('',(0.,0.746385932225847,0.665513365887833));
#1876=DIRECTION('',(0.,-0.746385932225845,-0.665513365887835));
#1877=DIRECTION('',(0.,-0.665513365887835,0.746385932225845));
#1878=DIRECTION('',(0.,-0.746385932225845,-0.665513365887835));
#1879=DIRECTION('',(0.,0.665513365887835,-0.746385932225845));
#1880=DIRECTION('',(0.,0.746385932225848,0.665513365887833));
#1881=DIRECTION('',(0.,-0.665513365887833,0.746385932225848));
#1882=DIRECTION('',(0.,-0.746385932225845,-0.665513365887836));
#1883=DIRECTION('',(0.,-1.85037170770859E-14,-1.));
#1884=DIRECTION('',(0.,1.,7.45823689145839E-15));
#1885=DIRECTION('',(0.,-1.34803220046011E-14,-1.));
#1886=DIRECTION('',(-1.,0.,0.));
#1887=DIRECTION('',(0.,0.,1.));
#1888=DIRECTION('',(0.,-1.8229709085565E-15,-1.));
#1889=DIRECTION('',(0.,1.,-1.82145964977565E-15));
#1890=DIRECTION('',(0.,-1.,1.8229709085565E-15));
#1891=DIRECTION('',(0.,-1.8229709085565E-15,-1.));
#1892=DIRECTION('',(0.,1.,-1.82145964977565E-15));
#1893=DIRECTION('',(-6.75629143275177E-16,1.,-1.8229709085565E-15));
#1894=DIRECTION('',(1.,0.,0.));
#1895=DIRECTION('',(0.,-1.8229709085565E-15,-1.));
#1896=DIRECTION('',(0.,1.,-1.82276069238263E-15));
#1897=DIRECTION('',(0.,1.,0.));
#1898=DIRECTION('',(0.,0.,1.));
#1899=DIRECTION('',(0.,-0.746385932225845,-0.665513365887835));
#1900=DIRECTION('',(0.,0.665513365887834,-0.746385932225848));
#1901=DIRECTION('',(0.,-0.746385932225845,-0.665513365887835));
#1902=DIRECTION('',(0.,0.665513365887834,-0.746385932225844));
#1903=DIRECTION('',(-1.,0.,0.));
#1904=DIRECTION('',(0.,-0.746385932225845,-0.665513365887835));
#1905=DIRECTION('',(0.,0.665513365887835,-0.746385932225845));
#1906=DIRECTION('',(1.,0.,0.));
#1907=DIRECTION('',(0.,0.665513365887833,-0.746385932225847));
#1908=DIRECTION('',(0.,0.746385932225848,0.665513365887833));
#1909=DIRECTION('',(0.,0.665513365887836,-0.746385932225845));
#1910=DIRECTION('',(0.,-0.746385932225842,-0.665513365887836));
#1911=DIRECTION('',(1.,0.,0.));
#1912=DIRECTION('',(0.,-0.665513365887836,0.746385932225845));
#1913=DIRECTION('',(0.,-0.746385932225845,-0.665513365887836));
#1914=DIRECTION('',(1.,0.,0.));
#1915=DIRECTION('',(0.,-1.,1.34803220046011E-14));
#1916=DIRECTION('',(0.,-1.34892097491957E-14,-1.));
#1917=DIRECTION('',(1.,0.,0.));
#1918=DIRECTION('',(0.,7.45823689145839E-15,-1.));
#1919=DIRECTION('',(0.,1.,7.45844358496228E-15));
#1920=DIRECTION('',(0.,-1.,1.85037170770859E-14));
#1921=DIRECTION('',(0.,-1.85129689356245E-14,-1.));
#1922=DIRECTION('',(0.,-0.665513365887833,0.746385932225847));
#1923=DIRECTION('',(0.,0.746385932225849,0.665513365887833));
#1924=DIRECTION('',(0.,-0.665513365887835,0.746385932225845));
#1925=DIRECTION('',(0.,-0.746385932225842,-0.665513365887836));
#1926=DIRECTION('',(0.,-0.665513365887835,0.746385932225845));
#1927=DIRECTION('',(0.,-0.746385932225842,-0.665513365887836));
#1928=DIRECTION('',(0.,0.,1.));
#1929=DIRECTION('',(0.,0.,1.));
#1930=DIRECTION('',(1.,0.,0.));
#1931=DIRECTION('',(0.,0.,-1.));
#1932=DIRECTION('',(0.,0.,1.));
#1933=DIRECTION('',(0.,0.,-1.));
#1934=DIRECTION('',(-1.,0.,0.));
#1935=DIRECTION('',(0.,0.,1.));
#1936=DIRECTION('',(-1.,-6.75629143275177E-16,0.));
#1937=DIRECTION('',(6.74807432154978E-16,-1.,0.));
#1938=DIRECTION('',(0.,0.,-1.));
#1939=DIRECTION('',(-1.,0.,0.));
#1940=DIRECTION('',(-1.,0.,0.));
#1941=DIRECTION('',(1.,0.,0.));
#1942=DIRECTION('',(1.,-1.7650339157204E-16,-1.57378858770055E-16));
#1943=DIRECTION('',(0.,-0.665513365887835,0.746385932225845));
#1944=DIRECTION('',(0.,-0.746385932225846,-0.665513365887835));
#1945=DIRECTION('',(0.,-0.665513365887835,0.746385932225845));
#1946=DIRECTION('',(0.,-0.746385932225845,-0.665513365887835));
#1947=DIRECTION('',(0.,0.746385932225848,0.665513365887833));
#1948=DIRECTION('',(0.,-0.665513365887833,0.746385932225848));
#1949=DIRECTION('',(1.,0.,0.));
#1950=DIRECTION('',(0.,0.665513365887833,-0.746385932225847));
#1951=DIRECTION('',(0.,0.746385932225847,0.665513365887833));
#1952=DIRECTION('',(1.,0.,0.));
#1953=DIRECTION('',(0.,0.746385932225848,0.665513365887833));
#1954=DIRECTION('',(0.,-0.665513365887833,0.746385932225848));
#1955=DIRECTION('',(-1.,0.,0.));
#1956=DIRECTION('',(0.,-0.665513365887835,0.746385932225845));
#1957=DIRECTION('',(0.,-0.746385932225846,-0.665513365887835));
#1958=DIRECTION('',(1.,-1.7650339157204E-16,-1.57378858770055E-16));
#1959=DIRECTION('',(0.,-0.665513365887835,0.746385932225845));
#1960=DIRECTION('',(0.,-0.746385932225845,-0.665513365887835));
#1961=DIRECTION('',(0.,0.665513365887835,-0.746385932225845));
#1962=DIRECTION('',(0.,0.665513365887835,-0.746385932225845));
#1963=DIRECTION('',(0.,-0.665513365887835,0.746385932225845));
#1964=DIRECTION('',(0.,-0.746385932225846,-0.665513365887836));
#1965=DIRECTION('',(0.,0.746385932225845,0.665513365887835));
#1966=DIRECTION('',(0.,-0.665513365887835,0.746385932225845));
#1967=DIRECTION('',(-2.36477382479166E-16,-0.746385932225845,-0.665513365887835));
#1968=DIRECTION('',(0.,0.665513365887835,-0.746385932225845));
#1969=DIRECTION('',(0.,-0.746385932225845,-0.665513365887835));
#1970=DIRECTION('',(0.,0.665513365887834,-0.746385932225844));
#1971=DIRECTION('',(0.,-0.746385932225845,-0.665513365887835));
#1972=DIRECTION('',(0.,0.665513365887834,-0.746385932225848));
#1973=CARTESIAN_POINT('',(0.,0.,0.));
#1974=CARTESIAN_POINT('',(0.,39.8098371270291,90.3762151504469));
#1975=CARTESIAN_POINT('',(0.,69.5233395228457,116.870193852302));
#1976=CARTESIAN_POINT('',(0.,1.17961196366423E-13,90.3762151504469));
#1977=CARTESIAN_POINT('',(0.,1.05730803763022E-13,90.376215150447));
#1978=CARTESIAN_POINT('',(0.,2.77555756156289E-14,-1.93510104231988E-14));
#1979=CARTESIAN_POINT('',(0.,0.,0.));
#1980=CARTESIAN_POINT('',(0.,-48.,1.4210854715202E-14));
#1981=CARTESIAN_POINT('',(0.,-48.,5.6843418860808E-14));
#1982=CARTESIAN_POINT('',(0.,-47.9999999999999,90.376215150447));
#1983=CARTESIAN_POINT('',(0.,39.8098371270291,90.3762151504469));
#1984=CARTESIAN_POINT('',(0.,101.393137129352,152.970661047022));
#1985=CARTESIAN_POINT('',(0.,101.743800005046,153.327081511656));
#1986=CARTESIAN_POINT('',(0.,102.013529785479,152.906075756889));
#1987=CARTESIAN_POINT('',(0.,133.302184315742,104.069408203852));
#1988=CARTESIAN_POINT('',(0.,124.01504512949,161.321037401065));
#1989=CARTESIAN_POINT('',(0.,124.01504512949,161.321037401065));
#1990=CARTESIAN_POINT('',(0.,286.969507012443,187.754883734323));
#1991=CARTESIAN_POINT('',(0.,286.969507012443,187.754883734323));
#1992=CARTESIAN_POINT('',(0.,294.655415304513,140.374225088353));
#1993=CARTESIAN_POINT('',(0.,294.655415304513,140.374225088353));
#1994=CARTESIAN_POINT('',(0.,131.70095342156,113.940378755095));
#1995=CARTESIAN_POINT('',(0.,133.302184315742,104.069408203852));
#1996=CARTESIAN_POINT('',(0.,126.647050656863,111.53326752611));
#1997=CARTESIAN_POINT('',(0.,126.647050656863,111.53326752611));
#1998=CARTESIAN_POINT('',(0.,101.206830551264,88.8495515282561));
#1999=CARTESIAN_POINT('',(0.,97.8792637218248,92.5814811893853));
#2000=CARTESIAN_POINT('',(0.,94.1473340606956,89.2539143599462));
#2001=CARTESIAN_POINT('',(0.,94.1473340606956,89.2539143599462));
#2002=CARTESIAN_POINT('',(0.,352.,260.));
#2003=CARTESIAN_POINT('',(48.,1.17961196366423E-13,90.3762151504469));
#2004=CARTESIAN_POINT('',(48.,1.17961196366423E-13,90.3762151504469));
#2005=CARTESIAN_POINT('',(48.,1.05730803763022E-13,90.376215150447));
#2006=CARTESIAN_POINT('',(48.,2.77555756156289E-14,-2.76400356138863E-14));
#2007=CARTESIAN_POINT('',(48.,0.,0.));
#2008=CARTESIAN_POINT('',(48.,1.05730803763022E-13,90.376215150447));
#2009=CARTESIAN_POINT('',(48.,69.5233395228457,116.870193852302));
#2010=CARTESIAN_POINT('',(48.,69.5233395228457,116.870193852302));
#2011=CARTESIAN_POINT('',(48.,39.8098371270291,90.3762151504469));
#2012=CARTESIAN_POINT('',(48.,39.8098371270291,90.3762151504469));
#2013=CARTESIAN_POINT('',(48.,94.1473340606956,89.2539143599462));
#2014=CARTESIAN_POINT('',(48.,94.1473340606956,89.2539143599462));
#2015=CARTESIAN_POINT('',(48.,94.1473340606956,89.2539143599462));
#2016=CARTESIAN_POINT('',(48.,94.1473340606956,89.2539143599462));
#2017=CARTESIAN_POINT('',(48.,101.206830551264,88.8495515282561));
#2018=CARTESIAN_POINT('',(48.,101.206830551264,88.8495515282561));
#2019=CARTESIAN_POINT('',(48.,97.8792637218248,92.5814811893853));
#2020=CARTESIAN_POINT('',(48.,97.8792637218248,92.5814811893853));
#2021=CARTESIAN_POINT('',(48.,126.647050656863,111.53326752611));
#2022=CARTESIAN_POINT('',(48.,126.647050656863,111.53326752611));
#2023=CARTESIAN_POINT('',(48.,103.100435336812,90.5379800477133));
#2024=CARTESIAN_POINT('',(48.,126.647050656863,111.53326752611));
#2025=CARTESIAN_POINT('',(48.,131.70095342156,113.940378755095));
#2026=CARTESIAN_POINT('',(48.,131.70095342156,113.940378755095));
#2027=CARTESIAN_POINT('',(48.,133.302184315742,104.069408203852));
#2028=CARTESIAN_POINT('',(48.,133.302184315742,104.069408203852));
#2029=CARTESIAN_POINT('',(0.,294.655415304513,140.374225088353));
#2030=CARTESIAN_POINT('',(48.,294.655415304513,140.374225088353));
#2031=CARTESIAN_POINT('',(48.,-20.3068247581876,89.2822613679848));
#2032=CARTESIAN_POINT('',(48.,294.655415304513,140.374225088353));
#2033=CARTESIAN_POINT('',(48.,286.969507012443,187.754883734323));
#2034=CARTESIAN_POINT('',(48.,286.969507012443,187.754883734323));
#2035=CARTESIAN_POINT('',(48.,286.969507012443,187.754883734323));
#2036=CARTESIAN_POINT('',(0.,286.969507012443,187.754883734323));
#2037=CARTESIAN_POINT('',(48.,-48.,5.6843418860808E-14));
#2038=CARTESIAN_POINT('',(48.,-48.,1.4210854715202E-14));
#2039=CARTESIAN_POINT('',(48.,-48.,0.));
#2040=CARTESIAN_POINT('',(48.,0.,0.));
#2041=CARTESIAN_POINT('',(48.,124.01504512949,161.321037401065));
#2042=CARTESIAN_POINT('',(48.,124.01504512949,161.321037401065));
#2043=CARTESIAN_POINT('',(48.,124.01504512949,161.321037401065));
#2044=CARTESIAN_POINT('',(48.,124.01504512949,161.321037401065));
#2045=CARTESIAN_POINT('',(48.,102.013529785479,152.906075756889));
#2046=CARTESIAN_POINT('',(48.,102.013529785479,152.906075756889));
#2047=CARTESIAN_POINT('',(48.,133.302184315742,104.069408203852));
#2048=CARTESIAN_POINT('',(48.,133.302184315742,104.069408203852));
#2049=CARTESIAN_POINT('',(48.,101.393137129352,152.970661047022));
#2050=CARTESIAN_POINT('',(48.,101.393137129352,152.970661047022));
#2051=CARTESIAN_POINT('',(48.,101.743800005046,153.327081511656));
#2052=CARTESIAN_POINT('',(48.,101.743800005046,153.327081511656));
#2053=CARTESIAN_POINT('',(48.,-47.9999999999999,90.3762151504471));
#2054=CARTESIAN_POINT('',(48.,-47.9999999999999,90.376215150447));
#2055=CARTESIAN_POINT('',(48.,39.8098371270291,90.3762151504469));
#2056=CARTESIAN_POINT('',(48.,39.8098371270291,90.3762151504469));
#2057=CARTESIAN_POINT('',(48.,-48.,260.));
#2058=CARTESIAN_POINT('',(48.,-48.,5.6843418860808E-14));
#2059=CARTESIAN_POINT('',(48.,-48.,260.));
#2060=CARTESIAN_POINT('',(0.,156.443467323642,23.8954110915689));
#2061=CARTESIAN_POINT('',(0.,156.443467323642,23.8954110915689));
#2062=CARTESIAN_POINT('',(48.,156.443467323642,23.8954110915689));
#2063=CARTESIAN_POINT('',(0.,86.0242270642582,102.871932047714));
#2064=CARTESIAN_POINT('',(0.,139.36705918583,43.0469284919842));
#2065=CARTESIAN_POINT('',(0.,139.36705918583,43.0469284919842));
#2066=CARTESIAN_POINT('',(48.,139.36705918583,43.0469284919842));
#2067=CARTESIAN_POINT('',(48.,86.0242270642582,102.871932047714));
#2068=CARTESIAN_POINT('',(0.,86.0242270642582,102.871932047714));
#2069=CARTESIAN_POINT('',(0.,294.655415304513,140.374225088353));
#2070=CARTESIAN_POINT('',(0.,289.145141034109,139.480369580287));
#2071=CARTESIAN_POINT('',(0.,131.70095342156,113.940378755095));
#2072=CARTESIAN_POINT('',(48.,289.145141034109,139.480369580287));
#2073=CARTESIAN_POINT('',(48.,289.145141034109,139.480369580287));
#2074=CARTESIAN_POINT('',(48.,-20.3068247581876,89.2822613679848));
#2075=CARTESIAN_POINT('',(48.,131.70095342156,113.940378755095));
#2076=CARTESIAN_POINT('',(48.,131.70095342156,113.940378755095));
#2077=CARTESIAN_POINT('',(48.,294.655415304513,140.374225088353));
#2078=CARTESIAN_POINT('',(48.,97.8792637218248,92.5814811893853));
#2079=CARTESIAN_POINT('',(48.,99.4362572325592,87.8300844255346));
#2080=CARTESIAN_POINT('',(48.,101.206830551264,88.8495515282561));
#2081=CARTESIAN_POINT('',(48.,99.4362572325592,87.8300844255346));
#2082=CARTESIAN_POINT('',(0.,99.4362572325592,87.8300844255346));
#2083=CARTESIAN_POINT('',(0.,97.8792637218248,92.5814811893853));
#2084=CARTESIAN_POINT('',(0.,101.206830551264,88.8495515282561));
#2085=CARTESIAN_POINT('',(48.,101.206830551264,88.8495515282561));
#2086=CARTESIAN_POINT('',(48.,97.8792637218248,92.5814811893853));
#2087=CARTESIAN_POINT('',(45.,294.175046036259,143.335516253726));
#2088=CARTESIAN_POINT('',(45.,131.220584153306,116.901669920469));
#2089=CARTESIAN_POINT('',(45.,294.175046036259,143.335516253726));
#2090=CARTESIAN_POINT('',(0.,294.175046036259,143.335516253726));
#2091=CARTESIAN_POINT('',(3.,294.175046036259,143.335516253726));
#2092=CARTESIAN_POINT('',(3.,294.175046036259,143.335516253726));
#2093=CARTESIAN_POINT('',(3.,131.220584153306,116.901669920469));
#2094=CARTESIAN_POINT('',(48.,131.220584153306,116.901669920469));
#2095=CARTESIAN_POINT('',(48.,294.175046036259,143.335516253726));
#2096=CARTESIAN_POINT('',(3.,133.302184315742,104.069408203852));
#2097=CARTESIAN_POINT('',(3.,124.6505105592,113.772425322788));
#2098=CARTESIAN_POINT('',(48.,124.6505105592,113.772425322788));
#2099=CARTESIAN_POINT('',(45.,124.6505105592,113.772425322788));
#2100=CARTESIAN_POINT('',(45.,133.302184315742,104.069408203852));
#2101=CARTESIAN_POINT('',(48.,133.302184315742,104.069408203852));
#2102=CARTESIAN_POINT('',(24.,108.913307572536,99.7403830814755));
#2103=CARTESIAN_POINT('',(24.,112.085447784496,102.568814886499));
#2104=CARTESIAN_POINT('',(3.,124.6505105592,113.772425322788));
#2105=CARTESIAN_POINT('',(3.,99.2102904536005,91.0887093249336));
#2106=CARTESIAN_POINT('',(48.,99.2102904536005,91.0887093249336));
#2107=CARTESIAN_POINT('',(45.,99.2102904536005,91.0887093249336));
#2108=CARTESIAN_POINT('',(45.,124.6505105592,113.772425322788));
#2109=CARTESIAN_POINT('',(48.,124.6505105592,113.772425322788));
#2110=CARTESIAN_POINT('',(3.,97.8792637218248,92.5814811893853));
#2111=CARTESIAN_POINT('',(3.,96.3864918573731,91.2504544576097));
#2112=CARTESIAN_POINT('',(48.,96.3864918573731,91.2504544576097));
#2113=CARTESIAN_POINT('',(45.,96.3864918573731,91.2504544576097));
#2114=CARTESIAN_POINT('',(45.,97.8792637218248,92.5814811893853));
#2115=CARTESIAN_POINT('',(48.,97.8792637218248,92.5814811893853));
#2116=CARTESIAN_POINT('',(3.,96.3864918573731,91.2504544576097));
#2117=CARTESIAN_POINT('',(3.,71.7624973195232,118.866733949966));
#2118=CARTESIAN_POINT('',(48.,71.7624973195232,118.866733949966));
#2119=CARTESIAN_POINT('',(45.,71.7624973195232,118.866733949966));
#2120=CARTESIAN_POINT('',(45.,96.3864918573731,91.2504544576097));
#2121=CARTESIAN_POINT('',(48.,96.3864918573731,91.2504544576097));
#2122=CARTESIAN_POINT('',(3.,39.8098371270291,90.3762151504469));
#2123=CARTESIAN_POINT('',(3.,-2.99999999999988,90.3762151504469));
#2124=CARTESIAN_POINT('',(48.,-2.99999999999988,90.3762151504469));
#2125=CARTESIAN_POINT('',(45.,-2.99999999999988,90.3762151504469));
#2126=CARTESIAN_POINT('',(45.,39.8098371270291,90.3762151504469));
#2127=CARTESIAN_POINT('',(48.,39.8098371270291,90.3762151504469));
#2128=CARTESIAN_POINT('',(3.,-2.99999999999989,90.376215150447));
#2129=CARTESIAN_POINT('',(3.00000000000001,-3.,0.));
#2130=CARTESIAN_POINT('',(3.00000000000001,-3.,0.));
#2131=CARTESIAN_POINT('',(45.,-3.00000000000002,0.));
#2132=CARTESIAN_POINT('',(45.,-2.99999999999989,90.376215150447));
#2133=CARTESIAN_POINT('',(48.,-2.99999999999989,90.376215150447));
#2134=CARTESIAN_POINT('',(3.,-45.,5.33884144090722E-14));
#2135=CARTESIAN_POINT('',(3.00000000000001,-45.,0.));
#2136=CARTESIAN_POINT('',(3.,-44.9999999999999,90.376215150447));
#2137=CARTESIAN_POINT('',(48.,-44.9999999999999,90.376215150447));
#2138=CARTESIAN_POINT('',(45.,-44.9999999999999,90.376215150447));
#2139=CARTESIAN_POINT('',(45.,-45.,5.33884144090722E-14));
#2140=CARTESIAN_POINT('',(45.,-45.,0.));
#2141=CARTESIAN_POINT('',(45.,-45.,0.));
#2142=CARTESIAN_POINT('',(48.,-45.,5.33884144090722E-14));
#2143=CARTESIAN_POINT('',(3.,39.8098371270291,90.3762151504469));
#2144=CARTESIAN_POINT('',(3.,99.2891598751895,150.832138259216));
#2145=CARTESIAN_POINT('',(48.,99.2891598751895,150.832138259216));
#2146=CARTESIAN_POINT('',(45.,99.2891598751895,150.832138259216));
#2147=CARTESIAN_POINT('',(45.,39.8098371270291,90.3762151504469));
#2148=CARTESIAN_POINT('',(48.,39.8098371270291,90.3762151504469));
#2149=CARTESIAN_POINT('',(3.,101.743800005046,153.327081511656));
#2150=CARTESIAN_POINT('',(3.,103.631908468079,150.380041228284));
#2151=CARTESIAN_POINT('',(48.,103.631908468079,150.380041228284));
#2152=CARTESIAN_POINT('',(45.,103.631908468079,150.380041228284));
#2153=CARTESIAN_POINT('',(45.,101.743800005046,153.327081511656));
#2154=CARTESIAN_POINT('',(48.,101.743800005046,153.327081511656));
#2155=CARTESIAN_POINT('',(3.,133.302184315742,104.069408203852));
#2156=CARTESIAN_POINT('',(3.,124.495414397744,158.359746235692));
#2157=CARTESIAN_POINT('',(48.,124.495414397744,158.359746235692));
#2158=CARTESIAN_POINT('',(45.,124.495414397744,158.359746235692));
#2159=CARTESIAN_POINT('',(45.,133.302184315742,104.069408203852));
#2160=CARTESIAN_POINT('',(48.,133.302184315742,104.069408203852));
#2161=CARTESIAN_POINT('',(3.,124.495414397744,158.359746235692));
#2162=CARTESIAN_POINT('',(3.,287.449876280697,184.793592568949));
#2163=CARTESIAN_POINT('',(0.,287.449876280697,184.793592568949));
#2164=CARTESIAN_POINT('',(45.,287.449876280697,184.793592568949));
#2165=CARTESIAN_POINT('',(45.,124.495414397744,158.359746235692));
#2166=CARTESIAN_POINT('',(48.,124.495414397744,158.359746235692));
#2167=CARTESIAN_POINT('',(3.,309.287759249147,50.1714712581603));
#2168=CARTESIAN_POINT('',(3.00000000000001,-45.,0.));
#2169=CARTESIAN_POINT('',(3.,352.,260.));
#2170=CARTESIAN_POINT('',(45.,309.287759249147,50.1714712581603));
#2171=CARTESIAN_POINT('',(45.,-3.00000000000002,0.));
#2172=CARTESIAN_POINT('',(45.,-48.,260.));
#2173=CARTESIAN_POINT('',(24.,38.8131754271306,0.));
#2174=CARTESIAN_POINT('',(34.,38.8131754271306,0.));
#2175=CARTESIAN_POINT('',(14.,38.8131754271614,0.));
#2176=CARTESIAN_POINT('',(34.,133.813175427131,0.));
#2177=CARTESIAN_POINT('',(34.,133.813175427131,0.));
#2178=CARTESIAN_POINT('',(24.,133.813175427131,0.));
#2179=CARTESIAN_POINT('',(14.,133.813175427131,0.));
#2180=CARTESIAN_POINT('',(14.,38.8131754271306,0.));
#2181=CARTESIAN_POINT('',(48.,-48.,5.6843418860808E-14));
#2182=CARTESIAN_POINT('',(0.,-48.,1.4210854715202E-14));
#2183=CARTESIAN_POINT('',(48.,-48.,1.4210854715202E-14));
#2184=CARTESIAN_POINT('',(0.,0.,0.));
#2185=CARTESIAN_POINT('',(0.,220.,-4.25007251614318E-14));
#2186=CARTESIAN_POINT('',(0.,220.,-4.25007251614318E-14));
#2187=CARTESIAN_POINT('',(48.,220.,-4.25007251614318E-14));
#2188=CARTESIAN_POINT('',(48.,-48.,0.));
#2189=CARTESIAN_POINT('',(48.,0.,0.));
#2190=CARTESIAN_POINT('',(0.,133.302184315742,104.069408203852));
#2191=CARTESIAN_POINT('',(0.,126.647050656863,111.53326752611));
#2192=CARTESIAN_POINT('',(48.,133.302184315742,104.069408203852));
#2193=CARTESIAN_POINT('',(48.,126.647050656863,111.53326752611));
#2194=CARTESIAN_POINT('',(48.,126.647050656863,111.53326752611));
#2195=CARTESIAN_POINT('',(48.,133.302184315742,104.069408203852));
#2196=CARTESIAN_POINT('',(24.,110.9098476702,97.5012252847979));
#2197=CARTESIAN_POINT('',(24.,114.08198788216,100.329657089821));
#2198=CARTESIAN_POINT('',(0.,126.647050656863,111.53326752611));
#2199=CARTESIAN_POINT('',(48.,103.100435336812,90.5379800477133));
#2200=CARTESIAN_POINT('',(48.,126.647050656863,111.53326752611));
#2201=CARTESIAN_POINT('',(31.,105.183259826535,76.876913141161));
#2202=CARTESIAN_POINT('',(31.,106.381183885134,75.5334184631544));
#2203=CARTESIAN_POINT('',(17.,119.824553876068,60.456422632192));
#2204=CARTESIAN_POINT('',(17.,121.022477934666,59.1129279541855));
#2205=CARTESIAN_POINT('',(0.,156.060992923617,19.8165651546966));
#2206=CARTESIAN_POINT('',(0.,156.060992923617,19.8165651546966));
#2207=CARTESIAN_POINT('',(48.,156.060992923617,19.8165651546966));
#2208=CARTESIAN_POINT('',(48.,94.1473340606956,89.2539143599462));
#2209=CARTESIAN_POINT('',(48.,69.5233395228457,116.870193852302));
#2210=CARTESIAN_POINT('',(48.,69.5233395228457,116.870193852302));
#2211=CARTESIAN_POINT('',(0.,69.5233395228457,116.870193852302));
#2212=CARTESIAN_POINT('',(0.,94.1473340606956,89.2539143599462));
#2213=CARTESIAN_POINT('',(48.,94.1473340606956,89.2539143599462));
#2214=CARTESIAN_POINT('',(0.,39.8098371270291,90.3762151504469));
#2215=CARTESIAN_POINT('',(0.,1.17961196366423E-13,90.3762151504469));
#2216=CARTESIAN_POINT('',(48.,39.8098371270291,90.3762151504469));
#2217=CARTESIAN_POINT('',(48.,1.17961196366423E-13,90.3762151504469));
#2218=CARTESIAN_POINT('',(48.,1.17961196366423E-13,90.3762151504469));
#2219=CARTESIAN_POINT('',(48.,39.8098371270291,90.3762151504469));
#2220=CARTESIAN_POINT('',(0.,-3.81541002283983E-14,2.99999999999977));
#2221=CARTESIAN_POINT('',(0.,3.5096890344545E-15,2.99999999999961));
#2222=CARTESIAN_POINT('',(48.,-3.81541002283983E-14,2.99999999999977));
#2223=CARTESIAN_POINT('',(0.,1.05730803763022E-13,90.376215150447));
#2224=CARTESIAN_POINT('',(48.,1.05730803763022E-13,90.376215150447));
#2225=CARTESIAN_POINT('',(48.,1.05730803763022E-13,90.376215150447));
#2226=CARTESIAN_POINT('',(0.,-48.,5.6843418860808E-14));
#2227=CARTESIAN_POINT('',(0.,-47.9999999999999,90.376215150447));
#2228=CARTESIAN_POINT('',(48.,-48.,260.));
#2229=CARTESIAN_POINT('',(48.,-47.9999999999999,90.376215150447));
#2230=CARTESIAN_POINT('',(48.,-47.9999999999999,90.3762151504471));
#2231=CARTESIAN_POINT('',(48.,-48.,5.6843418860808E-14));
#2232=CARTESIAN_POINT('',(0.,39.8098371270291,90.3762151504469));
#2233=CARTESIAN_POINT('',(0.,101.393137129352,152.970661047022));
#2234=CARTESIAN_POINT('',(48.,39.8098371270291,90.3762151504469));
#2235=CARTESIAN_POINT('',(48.,101.393137129352,152.970661047022));
#2236=CARTESIAN_POINT('',(48.,101.393137129352,152.970661047022));
#2237=CARTESIAN_POINT('',(48.,39.8098371270291,90.3762151504469));
#2238=CARTESIAN_POINT('',(0.,101.743800005046,153.327081511656));
#2239=CARTESIAN_POINT('',(0.,102.013529785479,152.906075756889));
#2240=CARTESIAN_POINT('',(48.,101.743800005046,153.327081511656));
#2241=CARTESIAN_POINT('',(48.,102.013529785479,152.906075756889));
#2242=CARTESIAN_POINT('',(48.,102.013529785479,152.906075756889));
#2243=CARTESIAN_POINT('',(48.,101.743800005046,153.327081511656));
#2244=CARTESIAN_POINT('',(0.,133.302184315742,104.069408203852));
#2245=CARTESIAN_POINT('',(0.,124.01504512949,161.321037401065));
#2246=CARTESIAN_POINT('',(48.,133.302184315742,104.069408203852));
#2247=CARTESIAN_POINT('',(48.,124.01504512949,161.321037401065));
#2248=CARTESIAN_POINT('',(48.,124.01504512949,161.321037401065));
#2249=CARTESIAN_POINT('',(48.,133.302184315742,104.069408203852));
#2250=CARTESIAN_POINT('',(0.,124.01504512949,161.321037401065));
#2251=CARTESIAN_POINT('',(0.,286.969507012443,187.754883734323));
#2252=CARTESIAN_POINT('',(48.,124.01504512949,161.321037401065));
#2253=CARTESIAN_POINT('',(48.,286.969507012443,187.754883734323));
#2254=CARTESIAN_POINT('',(48.,286.969507012443,187.754883734323));
#2255=CARTESIAN_POINT('',(48.,124.01504512949,161.321037401065));
#2256=CARTESIAN_POINT('',(0.,294.655415304513,140.374225088353));
#2257=CARTESIAN_POINT('',(48.,294.655415304513,140.374225088353));
#2258=CARTESIAN_POINT('',(0.,294.655415304513,140.374225088353));
#2259=CARTESIAN_POINT('',(0.,286.969507012443,187.754883734323));
#2260=CARTESIAN_POINT('',(48.,286.969507012443,187.754883734323));
#2261=CARTESIAN_POINT('',(0.,286.969507012443,187.754883734323));
#2262=CARTESIAN_POINT('',(0.,183.334429000944,47.8726776036168));
#2263=CARTESIAN_POINT('',(0.,184.694572299934,46.3472509537356));
#2264=CARTESIAN_POINT('',(0.,164.261480765469,69.2633528007098));
#2265=CARTESIAN_POINT('',(0.,157.803610622631,22.3699844416874));
#2266=CARTESIAN_POINT('',(0.,86.0242270642582,102.871932047714));
#2267=CARTESIAN_POINT('',(0.,137.370519088166,45.2860862886614));
#2268=CARTESIAN_POINT('',(0.,162.022322968791,67.2668127030463));
#2269=CARTESIAN_POINT('',(0.,-3.81541002283983E-14,2.99999999999977));
#2270=CARTESIAN_POINT('',(0.,156.060992923617,2.99999999999949));
#2271=CARTESIAN_POINT('',(0.,156.060992923617,2.99999999999956));
#2272=CARTESIAN_POINT('',(0.,294.655415304513,140.374225088353));
#2273=CARTESIAN_POINT('',(0.,159.060992923617,19.4717582301994));
#2274=CARTESIAN_POINT('',(0.,159.060992923617,19.4717582301993));
#2275=CARTESIAN_POINT('',(0.,159.060992923617,2.99999999999957));
#2276=CARTESIAN_POINT('',(0.,159.060992923617,2.99999999999952));
#2277=CARTESIAN_POINT('',(0.,220.,2.99999999999997));
#2278=CARTESIAN_POINT('',(0.,220.,2.99999999999997));
#2279=CARTESIAN_POINT('',(0.,164.018863066455,65.0276549063687));
#2280=CARTESIAN_POINT('',(0.,164.018863066455,65.0276549063687));
#2281=CARTESIAN_POINT('',(0.,156.443467323642,23.8954110915689));
#2282=CARTESIAN_POINT('',(0.,181.095271204267,45.8761375059533));
#2283=CARTESIAN_POINT('',(0.,181.095271204267,45.8761375059533));
#2284=CARTESIAN_POINT('',(0.,352.,260.));
#2285=CARTESIAN_POINT('',(48.,156.060992923617,2.99999999999956));
#2286=CARTESIAN_POINT('',(48.,156.060992923617,2.99999999999949));
#2287=CARTESIAN_POINT('',(48.,-3.81541002283983E-14,2.99999999999977));
#2288=CARTESIAN_POINT('',(48.,162.022322968791,67.2668127030463));
#2289=CARTESIAN_POINT('',(48.,164.261480765469,69.2633528007098));
#2290=CARTESIAN_POINT('',(48.,151.813086876736,58.1637699185908));
#2291=CARTESIAN_POINT('',(48.,-36.9438088614302,269.858228378697));
#2292=CARTESIAN_POINT('',(48.,153.809626974399,55.9246121219132));
#2293=CARTESIAN_POINT('',(48.,164.018863066455,65.0276549063687));
#2294=CARTESIAN_POINT('',(48.,164.018863066455,65.0276549063687));
#2295=CARTESIAN_POINT('',(48.,181.095271204267,45.8761375059533));
#2296=CARTESIAN_POINT('',(48.,181.095271204267,45.8761375059533));
#2297=CARTESIAN_POINT('',(48.,156.443467323642,23.8954110915689));
#2298=CARTESIAN_POINT('',(48.,164.018863066455,65.0276549063687));
#2299=CARTESIAN_POINT('',(48.,147.316069364034,50.1346458386891));
#2300=CARTESIAN_POINT('',(48.,-43.4373664717951,264.068262095473));
#2301=CARTESIAN_POINT('',(48.,145.319529266371,52.3738036353666));
#2302=CARTESIAN_POINT('',(48.,162.022322968791,67.2668127030463));
#2303=CARTESIAN_POINT('',(48.,137.370519088166,45.2860862886614));
#2304=CARTESIAN_POINT('',(48.,86.0242270642582,102.871932047714));
#2305=CARTESIAN_POINT('',(48.,157.803610622631,22.3699844416874));
#2306=CARTESIAN_POINT('',(48.,184.694572299934,46.3472509537356));
#2307=CARTESIAN_POINT('',(48.,183.334429000944,47.8726776036168));
#2308=CARTESIAN_POINT('',(48.,294.655415304513,140.374225088353));
#2309=CARTESIAN_POINT('',(48.,159.060992923617,19.4717582301994));
#2310=CARTESIAN_POINT('',(48.,220.,2.99999999999997));
#2311=CARTESIAN_POINT('',(48.,220.,2.99999999999997));
#2312=CARTESIAN_POINT('',(48.,159.060992923617,2.99999999999952));
#2313=CARTESIAN_POINT('',(48.,159.060992923617,2.99999999999957));
#2314=CARTESIAN_POINT('',(48.,159.060992923617,19.4717582301993));
#2315=CARTESIAN_POINT('',(48.,-48.,260.));
#2316=CARTESIAN_POINT('',(24.,133.813175427131,2.99999999999953));
#2317=CARTESIAN_POINT('',(14.,133.813175427131,2.99999999999951));
#2318=CARTESIAN_POINT('',(34.,133.813175427131,2.99999999999953));
#2319=CARTESIAN_POINT('',(34.,-3.81541002283983E-14,2.99999999999977));
#2320=CARTESIAN_POINT('',(34.,38.8131754271306,2.99999999999968));
#2321=CARTESIAN_POINT('',(24.,38.8131754271306,2.9999999999997));
#2322=CARTESIAN_POINT('',(14.,38.8131754271614,2.99999999999962));
#2323=CARTESIAN_POINT('',(14.0000000000001,-2.86952922225457E-14,2.99999999999977));
#2324=CARTESIAN_POINT('',(0.,156.060992923617,2.99999999999949));
#2325=CARTESIAN_POINT('',(0.,-3.81541002283983E-14,2.99999999999977));
#2326=CARTESIAN_POINT('',(0.,156.060992923617,2.99999999999956));
#2327=CARTESIAN_POINT('',(31.,107.422417623213,78.8734532388245));
#2328=CARTESIAN_POINT('',(31.,108.620341681811,77.529958560818));
#2329=CARTESIAN_POINT('',(17.,122.063711672746,62.4529627298559));
#2330=CARTESIAN_POINT('',(17.,123.261635731344,61.1094680518494));
#2331=CARTESIAN_POINT('',(0.,137.370519088166,45.2860862886614));
#2332=CARTESIAN_POINT('',(0.,86.0242270642582,102.871932047714));
#2333=CARTESIAN_POINT('',(0.,184.694572299934,46.3472509537356));
#2334=CARTESIAN_POINT('',(0.,157.803610622631,22.3699844416874));
#2335=CARTESIAN_POINT('',(24.,170.995939703682,30.1135271333274));
#2336=CARTESIAN_POINT('',(24.,167.823799491722,27.2850953283041));
#2337=CARTESIAN_POINT('',(0.,159.060992923617,19.4717582301994));
#2338=CARTESIAN_POINT('',(0.,294.655415304513,140.374225088353));
#2339=CARTESIAN_POINT('',(0.,159.060992923617,2.99999999999957));
#2340=CARTESIAN_POINT('',(0.,159.060992923617,19.4717582301993));
#2341=CARTESIAN_POINT('',(0.,220.,2.99999999999997));
#2342=CARTESIAN_POINT('',(0.,159.060992923617,2.99999999999952));
#2343=CARTESIAN_POINT('',(0.,220.,2.99999999999997));
#2344=CARTESIAN_POINT('',(24.,167.639256307029,33.878111579886));
#2345=CARTESIAN_POINT('',(24.,170.811396518989,36.7065433849093));
#2346=CARTESIAN_POINT('',(24.,182.119777820198,17.6379305366325));
#2347=CARTESIAN_POINT('',(24.,182.119777820198,17.6379305366325));
#2348=CARTESIAN_POINT('',(34.,133.813175427131,10.));
#2349=CARTESIAN_POINT('',(34.,38.8131754271306,10.));
#2350=CARTESIAN_POINT('',(34.,133.813175427131,10.));
#2351=CARTESIAN_POINT('',(14.,38.8131754271614,10.));
#2352=CARTESIAN_POINT('',(24.,38.8131754271306,10.));
#2353=CARTESIAN_POINT('',(14.,133.813175427131,10.));
#2354=CARTESIAN_POINT('',(14.,38.8131754271306,10.));
#2355=CARTESIAN_POINT('',(24.,133.813175427131,10.));
#2356=CARTESIAN_POINT('',(0.,151.813086876736,58.1637699185908));
#2357=CARTESIAN_POINT('',(24.,151.813086876736,58.1637699185908));
#2358=CARTESIAN_POINT('',(0.,164.261480765469,69.2633528007098));
#2359=CARTESIAN_POINT('',(-5.29194450792882E-15,145.319529266371,52.3738036353666));
#2360=CARTESIAN_POINT('',(24.,145.319529266371,52.3738036353666));
#2361=CARTESIAN_POINT('',(24.,148.566308071553,55.2687867769788));
#2362=CARTESIAN_POINT('',(0.,162.022322968791,67.2668127030463));
#2363=CARTESIAN_POINT('',(0.,183.334429000944,47.8726776036168));
#2364=CARTESIAN_POINT('',(0.,181.095271204267,45.8761375059533));
#2365=CARTESIAN_POINT('',(0.,156.443467323642,23.8954110915689));
#2366=CARTESIAN_POINT('',(0.,164.018863066455,65.0276549063687));
#2367=CARTESIAN_POINT('',(0.,181.095271204267,45.8761375059533));
#2368=CARTESIAN_POINT('',(0.,153.809626974399,55.9246121219132));
#2369=CARTESIAN_POINT('',(24.,153.809626974399,55.9246121219132));
#2370=CARTESIAN_POINT('',(24.,150.562848169217,53.0296289803013));
#2371=CARTESIAN_POINT('',(24.,147.316069364034,50.1346458386891));
#2372=CARTESIAN_POINT('',(-5.29194450792882E-15,147.316069364034,50.1346458386891));
#2373=CARTESIAN_POINT('',(0.,164.018863066455,65.0276549063687));
#2374=CARTESIAN_POINT('',(24.,153.773380214855,42.892648568458));
#2375=CARTESIAN_POINT('',(24.,160.26693782522,48.6826148516822));
#2376=CARTESIAN_POINT('',(24.,157.020159020038,45.7876317100702));
#2377=CARTESIAN_POINT('',(53.0853535184773,160.26693782522,48.6826148516822));
#2378=CARTESIAN_POINT('',(24.,153.773380214855,42.892648568458));
#2379=CARTESIAN_POINT('',(17.,122.063711672746,62.4529627298559));
#2380=CARTESIAN_POINT('',(31.,107.422417623213,78.8734532388245));
#2381=MECHANICAL_DESIGN_GEOMETRIC_PRESENTATION_REPRESENTATION('',(#62,#63),
#2382);
#2382=(
GEOMETRIC_REPRESENTATION_CONTEXT(3)
GLOBAL_UNCERTAINTY_ASSIGNED_CONTEXT((#2383))
GLOBAL_UNIT_ASSIGNED_CONTEXT((#2389,#2385,#2384))
REPRESENTATION_CONTEXT('\X2\901A9053\X0\','TOP_LEVEL_ASSEMBLY_PART')
);
#2383=UNCERTAINTY_MEASURE_WITH_UNIT(LENGTH_MEASURE(2.E-5),#2389,
'DISTANCE_ACCURACY_VALUE','Maximum Tolerance applied to model');
#2384=(
NAMED_UNIT(*)
SI_UNIT($,.STERADIAN.)
SOLID_ANGLE_UNIT()
);
#2385=(
CONVERSION_BASED_UNIT('DEGREE',#2387)
NAMED_UNIT(#2386)
PLANE_ANGLE_UNIT()
);
#2386=DIMENSIONAL_EXPONENTS(0.,0.,0.,0.,0.,0.,0.);
#2387=PLANE_ANGLE_MEASURE_WITH_UNIT(PLANE_ANGLE_MEASURE(0.0174532925),#2388);
#2388=(
NAMED_UNIT(*)
PLANE_ANGLE_UNIT()
SI_UNIT($,.RADIAN.)
);
#2389=(
LENGTH_UNIT()
NAMED_UNIT(*)
SI_UNIT(.MILLI.,.METRE.)
);
ENDSEC;
END-ISO-10303-21;
